mac_address,symbol,windows_address
10100004,__dt__17CBaseQueueHandlerFv,4098e0
10100692,ProcessMsg__11CTranslatorFP10tagMESSAGE,472a60
101007b0,__dt__10cstrstreamFv,
10100844,EnterCritical__9CCriticalFv,459990
1010086a,LeaveCritical__9CCriticalFv,4599a0
10100890,__dt__11CTranslatorFv,4599d0
101008e2,__dt__12CPVFontTableFv,473770
10100944,__dt__12CResBaseLISTFv,45e700
10100998,__dt__12CResVRAMBaseFv,
101009ec,__dt__10CPrimitiveFv,432350
10100a30,__dt__7CBitmapFv,4396e0
10100a7a,__dt__5CZRLEFv,467b40
10100a7a,__dt__5CZRLEFv,467ba0
10100ac2,__dt__5CLineFv,469930
10100b0a,__dt__5CTextFv,469b80
10100b0a,__dt__5CTextFv,469bf0
10100b76,__dt__15CHotAreaHandlerFv,439a40
10100bc0,__dt__11CZBuffClearFv,
10100c0e,__dt__15CCopyToBackBuffFv,4396b0
10100c60,__dt__10CSolidRectFv,432a90
10100cae,__dt__11CPushActiveFv,4397a0
10100cfc,__dt__10CPopActiveFv,4395c0
10100d4a,DisplayRelAssert__FPvPvUi,4734f0
10100de0,__dt__10CMRAMBlockFv,45a900
10100e22,SetType__7CResINTFv,45e910
10100e4c,OnLoad__7CResINTFv,45e920
10100e7a,__dt__7CResINTFv,45e930
10100ec8,SetType__8CResBaseFv,45e640
10100ef0,SetType__11CResPALETTEFv,45ea30
10100f26,SetHeader__11CResPALETTEFv,45ea40
10100f5c,__dt__11CResPALETTEFv,45ea50
10100fae,SetType__10CResSTRINGFv,45ea70
10100fdc,__dt__10CResSTRINGFv,45eac0
1010102e,SetType__10CResEFFECTFv,45eba0
1010105c,__dt__10CResEFFECTFv,45ebb0
101010ae,SetType__7CResBINFv,45ec60
101010d8,__dt__7CResBINFv,45ec70
10101126,SetHeader__8CResBaseFv,45e630
10101148,GetfVramLoaded__8CResBaseFv,45e5b0
10101176,GetfVramSwappable__8CResBaseFv,45e5c0
101011a8,GetfAnyVramLoaded__8CResBaseFv,45e5d0
101011da,ForceLoadVram__8CResBaseFv,45e5e0
10101202,UnLoadVramData__8CResBaseFUc,45e5f0
1010122a,GetData__8CResBaseFv,45e600
10101252,OnLoad__8CResBaseFv,45e610
10101270,OnUnLoad__8CResBaseFv,45e620
10101290,GetSizeUsed__8CResBaseFv,45e650
101012bc,HasZBuff__10CPVSurfaceFv,466940
101012e2,Resize__10CPVSurfaceFRC7CVSSize,466920
1010130c,HasBackBuff__10CPVSurfaceFv,466930
10101334,SetWorldWidth__10CPVSurfaceFi,466950
1010135c,GetWorldWidth__10CPVSurfaceFv,466960
10101386,HasZBuff__15CPVZBuffSurfaceFv,466990
101013b6,Update__9CTimeStatFUl,407ee0
101013e4,Draw__11CPushActiveFP4CGDI,439760
10101418,Render__11CPushActiveFP4CGDI,439770
1010146c,Draw__10CPopActiveFP4CGDI,4397d0
1010149e,Render__10CPopActiveFP4CGDI,4397e0
101014e8,Draw__5CZRLEFP4CGDI,467ae0
10101544,Render__5CZRLEFP4CGDI,467b10
10101598,Draw__7CBitmapFP4CGDI,4398a0
101015f6,Render__7CBitmapFP4CGDI,4398b0
1010164c,Draw__10CBigBitmapFP4CGDI,4398d0
101016b8,Render__10CBigBitmapFP4CGDI,4398e0
1010171a,Blit__8CSurfaceFP10CBigBitmapP10CResBITMAP,46dbc0
10101768,__dt__10CBigBitmapFv,439620
10101768,__dt__10CBigBitmapFv,439720
101017c0,Draw__5CAnimFP4CGDI,443a20
10101830,Render__5CAnimFP4CGDI,443a60
10101896,__dt__5CAnimFv,4439e0
10101896,__dt__5CAnimFv,4452e0
101018e8,Draw__5CLineFP4CGDI,439800
10101914,Render__5CLineFP4CGDI,439810
1010194e,Draw__10CSolidRectFP4CGDI,432b10
10101980,Render__10CSolidRectFP4CGDI,432b20
101019c0,Draw__12CDrawingMarkFP4CGDI,432380
101019f4,Render__12CDrawingMarkFP4CGDI,432390
10101a3c,__dt__12CDrawingMarkFv,432320
10101a8c,Draw__9CClipRectFP4CGDI,432ad0
10101abc,Render__9CClipRectFP4CGDI,432ae0
10101afa,__dt__9CClipRectFv,432ac0
10101afa,__dt__9CClipRectFv,467bb0
10101b46,__dt__9CCopyTextFv,46a220
10101bcc,Set__9CCopyTextFiiP8CResFONTPCcUlP6CRemap,46a080
10101c52,Set__9CCopyTextFRC8CVSPointP8CResFONT7CStringUlP6CRemap,46a1b0
10101ce8,Set__9CCopyTextFiiP8CResFONT7CStringUlP6CRemap,46a140
10101d74,Set__9CCopyTextFRC8CVSPointP8CResFONTPCcUlP6CRemap,46a0e0
10101e00,Draw__5CTextFP4CGDI,469b40
10101e34,Draw__13CScreenScrollFP4CGDI,439860
10101e6a,Render__13CScreenScrollFP4CGDI,439870
10101eae,__dt__13CScreenScrollFv,439650
10101efe,Draw__15CCopyToBackBuffFP4CGDI,439900
10101f36,Render__15CCopyToBackBuffFP4CGDI,439910
10101f7c,Draw__21CCopyColourToBackBuffFP4CGDI,439930
10101fba,Render__21CCopyColourToBackBuffFP4CGDI,439940
10102006,__dt__21CCopyColourToBackBuffFv,439680
1010205e,Draw__11CZBuffClearFP4CGDI,
10102092,Render__11CZBuffClearFP4CGDI,
101020d4,Draw__12CZBuffScrollFP4CGDI,
10102108,Render__12CZBuffScrollFP4CGDI,
1010214a,__dt__12CZBuffScrollFv,
1010219a,OnButtonDown__15CHotAreaHandlerFRC8CVSPoint12BUTTON_FLAGS,439960
101021e0,OnButtonUp__15CHotAreaHandlerFRC8CVSPoint12BUTTON_FLAGS,439970
10102224,OnExternalButtonUp__15CHotAreaHandlerFRC8CVSPoint12BUTTON_FLAGS,439980
1010228a,OnEnter__15CHotAreaHandlerFv,4399a0
101022b2,OnExit__15CHotAreaHandlerFv,4399b0
101022f2,OnInside__15CHotAreaHandlerFRC8CVSPoint,4399d0
10102326,InArea__15CHotAreaHandlerFRC8CVSPoint,4399e0
101023b4,__dt__14CPVMusicDeviceFv,47f560
1010241c,Initialise__14CPVMusicDeviceFUlUl,47f510
1010244a,SetVolume__14CPVMusicDeviceFUc,47f520
1010247c,GetVolume__14CPVMusicDeviceFv,47f530
101024aa,Process__14CPVMusicDeviceFv,47f540
101024d0,GetInfo__14CPVMusicDeviceFv,47f550
101024f8,SetWnd__16CBaseSoundDeviceFP4CWnd,47d260
10102526,__ct__8CMacWaveFP6VSWAVEUcPc,
10102790,__dt__8CMacWaveFv,
101027e2,__ct__12CMacSoundDevFUcUcUli,
10102a26,__dt__12CMacSoundDevFv,
10102ac6,GetDeviceInfo__12CMacSoundDevFv,
10102af8,Initialise__12CMacSoundDevFUcUcUl,
10102bf8,Reinitialise__12CMacSoundDevFUcUcUl,
10102c2a,Detect__12CMacSoundDevFv,
10102c56,ShutDown__12CMacSoundDevFv,
10102cf2,HasActiveVoices__12CMacSoundDevFv,
10102d28,StopAllMusic__12CMacSoundDevFv,
10102d54,StopAllEffects__12CMacSoundDevFv,
10102d8e,IsMusicCapable__12CMacSoundDevFv,
10102dbc,IsEffectCapable__12CMacSoundDevFv,
10102df2,AllocatePatch__12CMacSoundDevFP7VSPATCHPUlUcUc,
10102e2e,AllocateDrumPatch__12CMacSoundDevFP7VSPATCHPUlUcUc,
10102e8a,AllocateEffect__12CMacSoundDevFP7VSPATCHPUl,
10102f5e,FreePatch__12CMacSoundDevFUl,
10102f88,FreeDrumPatch__12CMacSoundDevFUl,
10102fc6,FreeAllPatches__12CMacSoundDevFv,
10102ff4,FreeEffect__12CMacSoundDevFUl,
10103070,FreeAllEffects__12CMacSoundDevFv,
101030e4,GetMasterVolume__12CMacSoundDevFv,
1010314e,SetMasterVolume__12CMacSoundDevFUc,
101031a6,GetMusicVolume__12CMacSoundDevFv,
101031e0,SetMusicVolume__12CMacSoundDevFUc,
10103220,GetEffectVolume__12CMacSoundDevFv,
1010325c,GetNumEffectsChannels__12CMacSoundDevFv,
10103298,GetNumMusicChannels__12CMacSoundDevFv,
101032cc,SetEffectVolume__12CMacSoundDevFUc,
1010330c,MusicPlayNote__12CMacSoundDevFUcUcUc,
1010333c,MusicSetNoteVolume__12CMacSoundDevFUcUcUc,
10103372,MusicStopNote__12CMacSoundDevFUcUcUc,
101033a2,MusicSetChannelVolume__12CMacSoundDevFUcUc,
101033dc,MusicSetChannelPatch__12CMacSoundDevFUcUl,
10103412,MusicSetPitchWheel__12CMacSoundDevFUcUs,
10103446,MusicMiscControlMessage__12CMacSoundDevFUcUcUc,
10103480,EffectPlay__12CMacSoundDevFUlUcUc,
101034d4,EffectPlay__12CMacSoundDevFUlUsUc,
1010370c,EffectStop__12CMacSoundDevFUcUc,
101037a0,MachineSoundDetect__FPP16CBaseSoundDeviceUcUcUcPUcPP14CPVMusicDevicei,473390
101038e8,InitSound__FUcUciP4CWndUc,45b770
10103a48,EndSound__Fv,45b7c0
10103aa6,_QT_Init__Fv,
10103be8,_QT_Quit__Fv,
10103c04,Initialise__8CAnimWndFv,46dd60
10103c50,__ct__8CAnimWndFv,46ddc0
10103cd2,__dt__8CAnimWndFv,46de70
10103d60,Create__8CAnimWndFRC7CVSRectP6CPVWndPc,
10103df8,_OnCreate__8CAnimWndFv,46ded0
10103e4c,Pansy__8CAnimWndFv,
10103f50,_OnMove__8CAnimWndFv,
10103fd8,KillPansy__8CAnimWndFv,
101040d4,_OnDestroy__8CAnimWndFv,46df40
1010412e,Refresh__8CAnimWndFv,46e120
1010414e,SetAnim__8CAnimWndFUl,46e130
10104516,SetMovieWindow__8CAnimWndFv,46dfe0
101045ba,FreeMovieWindow__8CAnimWndFv,
1010460e,Process__8CAnimWndFv,
1010467e,OnStop__8CAnimWndFv,46e400
1010469c,Play__8CAnimWndFv,46e300
101046d8,Stop__8CAnimWndFv,46e390
10104716,Resume__8CAnimWndFv,46e3c0
10104752,_OnSize__8CAnimWndFv,
10104782,OnSkip__8CAnimWndFi,447960
101047a0,OnFrame__8CAnimWndFi,447970
101047c0,OnStart__8CAnimWndFv,447980
101047e0,GetStyle__10CPVAnimWndFv,46e3f0
1010480a,IsFocusWindow__4CWndFv,4324d0
10104846,OnCreate__4CWndFv,4644f0
10104862,OnDestroy__4CWndFv,464500
10104880,OnSize__4CWndFv,464510
1010489a,OnMove__4CWndFv,43a4d0
101048b4,OnMinimise__4CWndFv,4324f0
101048d2,OnMaximise__4CWndFv,432500
101048f0,OnRestore__4CWndFv,43a4e0
1010490e,OnZoom__4CWndFi,43a4f0
10104928,OnZoomBox__4CWndFUc,43a500
10104946,Refresh__4CWndFP7CVSRect,4655f0
1010496a,GetMenu__6CPVWndFRiPPP11tagMenuList,43a4c0
1010499c,OnDriverChange__6CPVWndFv,466340
101049c0,GetSizeStatus__6CPVWndFv,4323b0
101049ec,SetSizeStatus__6CPVWndF13wndSizeStatus,4323c0
10104a28,AddChild__6CPVWndFP6CPVWnd,4323d0
10104aaa,RemoveChild__6CPVWndFP6CPVWnd,432430
10104b34,FindElement__38CList_6CPVWnd_21CListElement_6CPVWnd__FP6CPVWnd,
10104ba0,OnVisibilityChange__6CPVWndFv,465a70
10104bc8,SetDontUpdateRect__6CPVWndFRC7CVSRect,465a80
10104bfa,Resize__6CPVWndF7CVSSize,466360
10104c1e,CSurface__BlitZRLENoClipASM__FPUcPPUcss,
10104cd8,BlitZRLENoClip__8CSurfaceFRC7CVSRectP8CResZRLEUc,477130
10104d5a,CSurface__BlitZRLENoClipZBuffASM__FPUcPPUcPPUsssUs,
10104e4c,BlitZRLENoClipZBuff__8CSurfaceFRC7CVSRectP8CResZRLEUs,477200
10104ee6,CSurface__BlitZRLENoClipQZBuffASM__FPUcPPUcPPUsssUs,
10104fa6,BlitZRLENoClipQZBuff__8CSurfaceFRC7CVSRectP8CResZRLEUs,477440
10105040,CSurface__BlitZRLEClipASM__FPUcPPUcssss,
1010514a,CSurface__GetZRLEEndLine__FPUcs,
1010519e,BlitZRLEClip__8CSurfaceFRC7CVSRectRC7CVSRectP8CResZRLEUc,4766f0
10105250,CSurface__BlitZRLEClipZBuffASM__FPUcPPUcPPUsssssUs,
1010539e,BlitZRLEClipZBuff__8CSurfaceFRC7CVSRectRC7CVSRectP8CResZRLEUs,476910
10105468,CSurface__BlitZRLEClipQZBuffASM__FPUcPPUcPPUsssssUs,
10105606,BlitZRLEClipQZBuff__8CSurfaceFRC7CVSRectRC7CVSRectP8CResZRLEUs,476bf0
101056d0,FastMemCpy__Fv,
101057e2,InitFastMemCpy__Fv,
10105820,FastMemSet__Fv,
101058f0,InitFastMemSet__Fv,
1010592e,CSurface__2DMemSet__FPPUcUcsss,
101059a2,CSurface__2DMemCpy__FPPUcPPUcssss,
10105a16,CSurface__2DMemCpyScreen__FPUcPPUcssss,
10105a8e,CSurface__2DMemCpyScreen2__FPUcPPUcssss,
10105b48,Blit__8CSurfaceFP15CCopyToBackBuff,474dd0
10105be0,Blit__8CSurfaceFP21CCopyColourToBackBuff,474e60
10105c6c,CopyBackBuffToScreen__8CSurfaceFRC7CVSRect,474ee0
10105d8e,GetWorldWidth__20CPVScrollableSurfaceFv,46db30
10105dce,GetCurrDB__8CSurfaceFv,46dc80
10105df8,Flush__8CSurfaceFv,46dc50
10105e2a,KillSystemCursor__7CCursorFv,474be0
10105fa6,RestoreSystemCursor__7CCursorFv,474c00
10105fdc,InWindow__7CCursorFP5CGWnd,
10106028,__dt__7CCursorFv,46dad0
10106028,__dt__7CCursorFv,474bb0
10106076,RefreshPos__11CBaseCursorFv,46ba20
1010609c,__dt__17CBroadcastMessageFv,462810
101060f4,__dt__15CMessReqConnectFv,462830
10106156,__dt__11CBasePacketFv,4629e0
1010619c,__dt__11CBaseSocketFv,462900
101061ee,__dt__9CRWSocketFv,
10106290,__dt__17CTCPIPWriteSocketFv,471e80
1010633a,__dt__16CTCPIPReadSocketFv,471de0
101063e4,__dt__14CTCPIPRWSocketFv,471cd0
101065e2,__dt__17CFileCommonSocketFv,47b910
1010669c,__dt__15CFileReadSocketFv,47bda0
101067cc,__dt__10COpenCountFv,47b970
1010681e,__dt__13CFileRWSocketFv,47be50
10106a58,__dt__19CFileOpenManagementFv,47b9d0
10106d86,VSFNET_Init__Fv,46f3b0
10106dc8,VSFNET_Quit__Fv,46f480
10106e3e,Setup__14CFileBroadcastFPCcPCc,46f4f0
10106fca,__ct__12CFileNetworkFv,46f6b0
1010700c,Initialise__12CFileNetworkFv,46f6f0
1010707a,UnInitialise__12CFileNetworkFv,46f730
101070ac,ResetTimer__12CFileNetworkFUl,46f740
10107122,Setup__12CFileNetworkFPCcPCc,46f7a0
10107156,BeforeDestroyConnections__12CFileNetworkFv,46f7c0
101071ac,AfterDestroyConnections__12CFileNetworkFv,46f7d0
10107202,Process__12CFileNetworkFv,46f7e0
10107296,ForceProcess__12CFileNetworkFv,46f840
101072fc,__dt__19CBaseNetworkManagerFv,
10107356,AddData__13CPulseMessageFv,462af0
1010737c,GetData__13CPulseMessageFv,462b00
101073a2,__dt__13CPulseMessageFv,462b10
10107400,AddData__11CAckMessageFv,462b40
10107448,GetData__11CAckMessageFv,462b60
10107490,__dt__11CAckMessageFv,462b80
101074e2,SetPort__12CWriteSocketFs,462970
10107514,Closed__9CRWSocketFUc,
10107544,ReceiveAcknowledgement__9CRWSocketFv,
10107580,SendAcknowledgement__9CRWSocketFv,
101075ba,Closed__16CTCPIPReadSocketFUc,471e40
101075e2,SocketError__18CTCPIPCommonSocketFv,471ad0
10107624,AddData__13CPortsMessageFv,47b870
10107660,GetData__13CPortsMessageFv,47b880
1010769c,__dt__13CPortsMessageFv,47b890
101076fc,AddData__10COpenCountFv,47b950
10107730,GetData__10COpenCountFv,47b960
10107764,FirstReceive__11CReadSocketFv,462920
1010778c,PostRead__11CReadSocketF13NetworkEventsP11CBasePacket,462930
101077ce,CheckMessage__15CNetworkMessageFPCUc,40abd0
10107800,GetHeader__15CNetworkMessageFv,40abe0
1010782c,AddHeader__15CNetworkMessageFv,40abf0
10107856,GetLastError__12CNetworkFileFv,47b8d0
1010788a,GetFilename__12CNetworkFileFv,47b8e0
101078ba,Closed__15CFileReadSocketFUc,47be10
101078e2,SocketError__17CFileCommonSocketFv,47b8f0
10107920,GetNewNetworkAddress__12CFileNetworkFv,46f860
1010797a,GetNewConnect__12CFileNetworkFv,46f930
101079d8,GetNewBroadcast__12CFileNetworkFv,46f950
10107a3a,__dt__12CFileNetworkFv,46f970
10107a8e,WaitProcess__12CBaseNetworkFv,462ac0
10107ab6,_GDI_Init__Fv,46ba80
10107ca0,_GDI_Quit__Fv,46bb70
10107d0e,__ct__10CGDIDeviceFi,46bc00
10107dc4,__dt__10CGDIDeviceFv,46bc90
10107e48,FindFreeSurface__10CGDIDeviceFv,46bce0
10107e98,AllocateSurface__10CGDIDeviceFRC7CVSRectP8CSurface,46bd10
101080fa,FreeSurface__10CGDIDeviceFP8CSurface,46bed0
101081bc,Sync__10CGDIDeviceFv,46bf60
101081dc,FindSurface__10CGDIDeviceFP8CSurface,46bf70
1010823a,Flush__10CGDIDeviceFP8CSurface,46bfd0
1010830c,__ct__8CSurfaceFRC7CVSRectP8CSurface,46c050
1010858c,SetWindowPtr__8CSurfaceFP8GrafPort,46d7e0
101085c4,Initialise__8CSurfaceFv,
10108642,NewBitmap__8CSurfaceFRC7CVSRect,46d090
10108bf2,ResetScroll__8CSurfaceFv,46c990
10108c8a,SetLinePtrs__8CSurfaceFv,46c9f0
10108e58,SetDefaultCtable__8CSurfaceFv,46d930
10108fa4,AttachPalette__8CSurfaceFP11CResPALETTE,46d040
10109048,__ct__8CSurfaceFP8GrafPort,46c5d0
10109200,__dt__8CSurfaceFv,46c710
101093f4,FindElement__42CList_8CSurface_23CListElement_8CSurface__FP8CSurface,
10109466,AddToChangeList__8CSurfaceFRC7CVSRect,46cb20
1010956c,GetChangeList__8CSurfaceFv,46cbd0
1010959a,Blit__8CSurfaceFP9CClipRect,46cbe0
101095ea,CheckVisibleWindow__8CSurfaceFv,
1010973c,CanWriteToScreen__8CSurfaceFv,
101098d0,BlitToScreen__8CSurfaceFRC7CVSRect,
10109a7c,ToScreenDirect256__8CSurfaceFv,
10109b5e,BlitToScreenQDraw__8CSurfaceFRC7CVSRect,
10109cce,ToScreenQuickDraw__8CSurfaceFv,
10109e1e,ToScreen__8CSurfaceFP8CSurface,46cda0
10109fc0,Resize__8CSurfaceFRC7CVSSize,46d420
1010a0fe,MoveRel__8CSurfaceFRC8CVSPoint,46d560
1010a166,Move__8CSurfaceFRC8CVSPoint,46d5b0
1010a45c,__mi__FRC8CVSPointRC8CVSPoint,
1010a4cc,HasScreenSizeChanged__8CSurfaceFv,
1010a50e,HasColourDepthChanged__8CSurfaceFv,
1010a550,__ct__5CGWndFv,
1010a61c,__ct__11CZBuffClearFv,
1010a668,__ct__15CCopyToBackBuffFv,439550
1010a6c2,__ct__10CSolidRectFv,439520
1010a70a,__dt__5CGWndFv,463bd0
1010a7ac,Create__5CGWndFRC7CVSRectP6CPVWndPcUl,464440
1010a808,_OnCreate__5CGWndFv,463c30
1010a9ba,__dv__FRC7CVSSizei,
1010aa18,_OnDestroy__5CGWndFv,463df0
1010aa64,_OnSize__5CGWndFv,463e70
1010ab48,_OnMove__5CGWndFv,463f30
1010ab98,OnPaint__5CGWndFRC7CVSRect,463f60
1010abbe,ProcessOtherMessages__5CGWndFR11EventRecords,463f70
1010ac9c,Render__5CGWndFv,464190
1010ad7a,Flush__5CGWndFv,464220
1010adb8,Refresh__5CGWndFP7CVSRect,4642c0
1010b30c,AttachPalette__5CGWndFUl,464490
1010b3ca,OnMove__5CGWndFv,43a4d0
1010b3e6,Move__5CGWndFRC8CVSPoint,463c20
1010b440,_SetRect__5CGWndFRC7CVSRect,
1010b4c6,Create__5CGWndFRC7CVSRectP6CPVWndPc,464470
1010b514,OnCreate__5CGWndFv,4644f0
1010b532,OnDestroy__5CGWndFv,464500
1010b550,OnSize__5CGWndFv,464510
1010b56c,OnVisibilityChange__7CPVGWndFv,432530
1010b5ba,GetStyle__7CPVGWndFv,4453a0
1010b5e0,SetDontUpdateRect__7CPVGWndFRC7CVSRect,432560
1010b648,__ct__9CMacHLMusFv,
1010b6b8,__dt__9CMacHLMusFv,
1010b748,Prepare__9CMacHLMusFUlUl,
1010bacc,Free__9CMacHLMusFUl,
1010bb6e,Play__9CMacHLMusFUl,
1010bc06,Stop__9CMacHLMusFUl,
1010bc96,Pause__9CMacHLMusFUl,
1010bd2a,Resume__9CMacHLMusFUl,
1010bdbc,HLMusicAvailible__9CMacHLMusFv,
1010bde8,Process__9CMacHLMusFv,
1010beae,convertCtoPStr__FPc,
1010bf0e,convertPtoCStr__FPUc,
1010bf52,DoOneLoop__Fv,
1010c088,WaitProcess__Fv,
1010c0ec,main,
1010c10c,_IDEV_Init__Fv,
1010c134,_IDEV_Quit__Fv,
1010c15c,_STD_Init__Fv,
1010c176,_STD_Quit__Fv,
1010c190,GetDriveInfo__Fv,
1010c2a4,GetFirstDriveInfo__Fv,
1010c2de,GetNextDriveInfo__Fv,
1010c30e,GetCDDir__FPCc,45eda0
1010c48c,__as__20CTCPIPNetworkAddressFPCc,471550
1010c4f2,__as__20CTCPIPNetworkAddressF15eBroadcastTypes,46f9b0
1010c566,__as__20CTCPIPNetworkAddressFR15CNetworkAddress,471500
1010c5ca,__gt__20CTCPIPNetworkAddressFR15CNetworkAddress,46f9f0
1010c61c,VSNET_AtExit__Fv,
1010c64e,VSNET_Init__Fv,46fbb0
1010c6d8,VSNET_Quit__Fv,46fc80
1010c74e,__ct__18CTCPIPCommonSocketFv,46fcf0
1010c7b0,__dt__18CTCPIPCommonSocketFv,46fd70
1010c7b0,__dt__18CTCPIPCommonSocketFv,471a90
1010c820,SysCloseSocket__18CTCPIPCommonSocketFv,471a60
1010c85c,ReadBuffFrom__16CTCPIPReadSocketFv,46fe10
1010c9c6,ReadBuff__16CTCPIPReadSocketFv,46fee0
1010cb2c,Process__16CTCPIPReadSocketFv,46ff90
1010cbac,__ct__17CTCPIPWriteSocketFv,470030
1010cc62,SetDestAddr__17CTCPIPWriteSocketFP15CNetworkAddress,4700f0
1010ccca,Get__20CTCPIPNetworkAddressFv,
1010ccfe,SendPacket__17CTCPIPWriteSocketFPCUci,470120
1010cdd0,DNSError__14CTCPIPRWSocketFv,
1010ce1a,CreateSocket__14CTCPIPRWSocketFv,
1010d04c,SysCloseSocket__14CTCPIPRWSocketFv,471af0
1010d08a,__ct__15CTCPIPBroadcastFv,470270
1010d556,__dt__15CTCPIPBroadcastFv,4704e0
1010d556,__dt__15CTCPIPBroadcastFv,471f60
1010d828,GetSpecificAddr__15CTCPIPBroadcastFPCc,470580
1010d8c2,GotName__15CTCPIPBroadcastFv,470650
1010d9c8,GetStr__20CTCPIPNetworkAddressFv,4715b0
1010d9fa,Start__15CTCPIPBroadcastFPCc,470730
1010daf8,GotHost__15CTCPIPBroadcastFv,470840
1010dcd0,SetPort__17CTCPIPWriteSocketFs,471c20
1010dd0a,StartListen__15CTCPIPBroadcastFv,470d30
1010dd46,StopListen__15CTCPIPBroadcastFv,470d80
1010dd7e,Process__15CTCPIPBroadcastFv,470b90
1010ddfa,Start__13CTCPIPConnectFPCcPCc,470dd0
1010def2,GotHost__13CTCPIPConnectFv,470ed0
1010e02c,InitSocket__13CTCPIPConnectFv,471090
1010e070,Listen__13CTCPIPConnectFP15CNetworkAddress,471110
1010e120,Connect__13CTCPIPConnectFv,471210
1010e182,Process__13CTCPIPConnectFv,4712e0
1010e1d0,__ct__13CTCPIPNetworkFv,4713c0
1010e20e,Initialise__13CTCPIPNetworkFv,4713f0
1010e2d2,UnInitialise__13CTCPIPNetworkFv,471460
1010e324,Process__13CTCPIPNetworkFv,471480
1010e3fa,ForceProcess__13CTCPIPNetworkFv,4714d0
1010e460,SysShutDown__13CTCPIPNetworkFv,
1010e4d0,__eq__20CTCPIPNetworkAddressFR15CNetworkAddress,471590
1010e52c,Closed__17CBaseCommonSocketFUc,4628d0
1010e556,Closed__17CTCPIPWriteSocketFUc,471ee0
1010e590,Closed__14CTCPIPRWSocketFUc,471d30
1010e5ce,ResetPort__10CBroadcastFs,4629c0
1010e602,Closed__15CTCPIPBroadcastFUc,471fc0
1010e638,ReceiveAcknowledgement__14CTCPIPRWSocketFv,471d70
1010e682,ConnectSetup__8CConnectFv,4629d0
1010e6a6,__dt__13CTCPIPConnectFv,471b10
1010e964,Closed__13CTCPIPConnectFUc,471b80
1010e998,ReceiveAcknowledgement__13CTCPIPConnectFv,471be0
1010e9d8,SendAcknowledgement__14CTCPIPRWSocketFv,471bb0
1010ea20,GetNewNetworkAddress__13CTCPIPNetworkFv,4715c0
1010ea7c,GetNewConnect__13CTCPIPNetworkFv,4715e0
1010ef5e,GetNewBroadcast__13CTCPIPNetworkFv,471810
1010efb0,WaitProcess__13CTCPIPNetworkFv,
1010efea,__dt__13CTCPIPNetworkFv,471a10
1010f03e,BeforeDestroyConnections__12CBaseNetworkFv,462aa0
1010f074,AfterDestroyConnections__12CBaseNetworkFv,462ab0
1010f0aa,NewFilename__12CNetworkFileFPCcPPc,
1010f5d0,Open__12CNetworkFileFPCcUcUc,47f5b0
1010f67e,Create__12CNetworkFileFPCcUc,47f640
1010f6c2,Delete__12CNetworkFileFv,47f660
1010f70a,Delete__12CNetworkFileFPCc,47f670
1010f77e,CheckExists__12CNetworkFileFPCc,47f680
1010f7e4,Write__12CNetworkFileFPCUci,47f6c0
1010f94c,Read__12CNetworkFileFPUci,47f780
1010fad0,Seek__12CNetworkFileFi,47f890
1010fafe,Tell__12CNetworkFileFv,47f8b0
1010fb28,Close__12CNetworkFileFv,47f8c0
1010fb8a,GetFileSize__12CNetworkFileFv,47f8f0
1010fbde,Lock__12CNetworkFileFUlUl,47f900
1010fc3c,UnLock__12CNetworkFileFUlUl,47f920
1010fc9c,__ct__6CRemapFUlPUc13ePaletteTypes,473610
1010fce4,__ct__15CPaletteManagerFi,473630
1010fd1a,_DBG_Init__Fv,472be0
1010fd34,_DBG_Quit__FUc,472c70
1010fd50,_MEM_Init__Fv,46f060
1010ff2e,_MEM_Quit__Fv,46f120
1010ff88,WriteDebugString2File__FPc,4728b0
1011006c,_RAWOUT_DebugString__FPc,472910
101100a4,_RAWOUT_ErrorString__FPc,472980
101100dc,_RAWOUT_SysString__FPc,4729f0
10110112,_TIME_Init__Fv,462e60
1011012e,_TIME_Quit__Fv,462e70
1011014a,CurrentMilliTimer__Fv,462e80
101101a6,CurrentQueueTimer__Fv,462e90
101101cc,GetWindow__4CWndFP8GrafPort,
1011023e,ProcessMouseMoves__4CWndFv,465050
10110340,ProcessMessage__4CWndFR11EventRecord,464520
10110696,HideMenu__4CWndFv,
10110762,ShowMenu__4CWndFv,
101107c2,ProcessWindowMessages__4CWndFR11EventRecords,
10110854,ProcessOtherMessages__4CWndFR11EventRecords,465640
101108ae,c2pstr__4CWndFPc,
10110900,CheckMouseDowns__4CWndFR11EventRecords,
10110cb8,GetStyle__4CWndFv,465a90
10110cd6,CheckControls__4CWndF5PointP8GrafPort,
10110d2c,__ct__4CWndFv,4651d0
10110dfe,AdjustClientRect__4CWndFR7CVSRect,
10110e74,Create__4CWndFRC7CVSRectP6CPVWndPc,465200
101111fe,__pl__FRC8CVSPointRC8CVSPoint,
1011126e,__dt__4CWndFv,465570
101112b8,MoveAbsolute__4CWndFRC8CVSPoint,464f10
10111384,Move__4CWndFRC8CVSPoint,464fa0
10111462,Destroy__4CWndFv,4655a0
10111552,ReSetMenu__4CWndFv,465660
10111570,SetMenu__4CWndFRiPP11tagMenuList,4656f0
1011162c,SelectMenu__4CWndFl,465750
10111726,_OnZoom__4CWndFi,465790
1011177e,_SetRect__4CWndFRC7CVSRect,465820
10111a0a,_SetRelTL__4CWndFRC8CVSPoint,465a00
10111a6e,Process__4CWndFv,
10111b02,Blit__8CSurfaceFP13CScreenScroll,474c20
10111c76,Blit__8CSurfaceFP11CZBuffClear,474d40
10111d0c,Blit__8CSurfaceFP12CZBuffScroll,474dc0
10111d36,Blit__8CSurfaceFP6CPoint,474fd0
10111d72,BlitPoint__8CSurfaceFRC8CVSPointi,
10111e5a,Blit__8CSurfaceFP10CSolidRect,475080
10111ee8,BlitRect__8CSurfaceF7CVSRecti,4756e0
10111fca,Blit__8CSurfaceFP5CLine,4750c0
1011202c,BlitLine__8CSurfaceFiiiii,
101121bc,LineClip__8CSurfaceFRiRiRiRi,4757a0
1011253c,ClipCode__8CSurfaceFii,
10112604,Blit__8CSurfaceFP7CCircle,475290
1011265c,BlitCircle__8CSurfaceFiiii,
10113178,ClipCircle__8CSurfaceFiii,475bc0
101132f4,Blit__8CSurfaceFP13CFilledCircle,475490
10113354,BlitFilledCircle__8CSurfaceFiiii,
1011355a,DrawClippedFilledCircle__8CSurfaceFiiii,476190
1011387e,FilledCircleClipPoints__8CSurfaceFiiiii,476470
10113a52,DrawFullFilledCircle__8CSurfaceFiiii,
10113bf4,ClipRect__8CSurfaceFR7CVSRectP7CVSRect,476580
10113e7a,BlitZRLEClipR__8CSurfaceFRC7CVSRectRC7CVSRectP8CResZRLEUc,476ee0
10113fb6,ClipZRLELineR__FPUcPUcii,
10114126,GetZRLEEndLine__FPUc,
10114162,BlitZRLENoClipZBuffRemap__8CSurfaceFRC7CVSRectP8CResZRLEUsPUc,477310
101142ac,BlitZRLENoClipQZBuffRemap__8CSurfaceFRC7CVSRectP8CResZRLEUsPUc,477540
101143ee,BlitZRLENoClipR__8CSurfaceFRC7CVSRectP8CResZRLEUc,477660
101144ee,BlitZRLEClipRemap__8CSurfaceFRC7CVSRectRC7CVSRectP8CResZRLEUcPUc,477740
10114616,ClipZRLELineRemap__FPUcPUciiPUc,
101147c6,BlitZRLEClipZBuffRemap__8CSurfaceFRC7CVSRectRC7CVSRectP8CResZRLEUsPUc,4779d0
101148ca,ClipZRLELineZBuffRemap__FPUcPUciiPUsUsPUc,
10114ab8,BlitZRLEClipQZBuffRemap__8CSurfaceFRC7CVSRectRC7CVSRectP8CResZRLEUsPUc,477c60
10114bbc,ClipZRLELineQZBuffRemap__FPUcPUciiPUsUsPUc,
10114e22,BlitZRLEClipRemapR__8CSurfaceFRC7CVSRectRC7CVSRectP8CResZRLEUcPUc,477f50
10114f72,ClipZRLELineRemapR__FPUcPUciiPUc,
10115124,BlitZRLENoClipRemap__8CSurfaceFRC7CVSRectP8CResZRLEUcPUc,4781e0
10115230,BlitZRLENoClipRemapR__8CSurfaceFRC7CVSRectP8CResZRLEUcPUc,4782d0
1011534a,Blit__8CSurfaceFP5CZRLEP8CResZRLE,4783c0
101153f4,BlitZRLE__8CSurfaceFiiP8CResZRLEUlP6CRemapUs,478bb0
10115868,Blit__8CSurfaceFP7CBitmapP10CResBITMAP,4787f0
10115936,BlitBitmap__8CSurfaceFRC8CVSPointRC7CVSRectP10CResBITMAPUl,
10115b4e,__ct__5CAnimFv,443990
10115b92,__ct__5CZRLEFv,467ac0
10115bc8,toPoint__7CVSSizeFv,
10115c12,NextSANIM__13CAnimsManagerFv,
10115c72,NextSZRLE__13CAnimsManagerFv,
10115cd8,__ct__5CLineFv,4394c0
10115d18,GetFrameNo__11CStaticAnimFv,435870
10115d46,GetFrameNo__7CFramesFv,435880
10115d70,FreeVram__13CAnimsManagerFv,4358c0
10115d96,SetAnimTime__10CTimedAnimFUl,435890
10115dc8,SetStartTime__10CTimedAnimFUl,4358a0
10115dfa,SetAnimDirection__10CTimedAnimFi,4358b0
10115e30,GetnVramEntries__12CResBaseLISTFv,45e6d0
10115e60,GetfVramLoaded__12CResBaseLISTFv,45e6a0
10115ea0,ForceLoadVram__12CResBaseLISTFUl,45e6f0
10115ece,GetfAnyVramLoaded__12CResBaseLISTFv,45e6b0
10115f0c,UnLoadVramData__12CResBaseLISTFUlUc,45e6e0
10115f3c,__dt__8CResZRLEFv,45e850
10115f94,__ct__8CResZRLEFv,45e7e0
10116002,__ct__7CResINTFv,45e8f0
10116044,__ct__10CResSTRINGFv,45eaa0
1011608a,__dt__8CResANIMFv,45e7a0
101160fa,GetnVramEntries__8CResANIMFv,45e720
10116134,DirectResources__8CResANIMFUlRPUc,45e730
10116182,DirectResources__8CResANIMFUlRPUcRPUc,45e750
101161d8,UnLoadResources__8CResANIMFUlUc,45e780
1011621e,SetType__12CResBaseLISTFv,45e680
10116254,GetSizeUsed__12CResBaseLISTFv,45e690
10116284,GetfVramSwappable__12CResBaseLISTFv,45e6c0
101162c2,SetType__10CResBITMAPFv,45eb70
101162f6,__dt__10CResBITMAPFv,45eb80
10116352,SetType__8CResZRLEFv,45e840
10116384,Set__5CTextFRC8CVSPointP8CResFONTPCcUlP6CRemap,469a80
101163ea,Set__5CTextFRC8CVSPointP8CResFONT7CStringUlP6CRemap,469b00
1011645e,__op7CVector__8CVSPointCFv,
101164c2,__mi__6CFixedCFv,
101164fc,__op8CVSPoint__7CVectorCFv,
10116558,GetBR__7CVSRectCFv,
101165ba,__dv__FRC6CFixedi,
101165f8,__ml__FRC6CFixedi,
10116636,__as__19CFileNetworkAddressFPCc,46f8b0
1011667c,__dt__14CHeaderMessageFv,47b7f0
101166d2,__as__19CFileNetworkAddressFR15CNetworkAddress,46f880
1011672a,__eq__19CFileNetworkAddressFR15CNetworkAddress,46f8e0
10116782,GetStr__19CFileNetworkAddressFv,46f920
101167b2,Closed__16CFileWriteSocketFUc,47bd30
101167ec,Closed__13CFileRWSocketFUc,47ba60
1011682a,ReceiveAcknowledgement__13CFileRWSocketFv,47bad0
10116874,Closed__14CFileBroadcastFUc,47bbf0
101168ac,Process__12CFileConnectFv,47b990
101168ec,SendAcknowledgement__13CFileRWSocketFv,47baa0
10116932,Closed__12CFileConnectFUc,47bfc0
10116968,ReceiveAcknowledgement__12CFileConnectFv,47bff0
101169aa,IsRetryOverflow__12CWritePacketFv,
10117006,SetResend__12CWritePacketFv,
10117044,__dt__18CMessFAILEDConnectFv,4628b0
101170a8,__dt__14CMessGOConnectFv,462890
10117108,__dt__14CMessOKConnectFv,462870
10117168,__dt__15CMessReqNewPortFv,462850
101171d4,__dt__16CDepressedButtonFv,
10117384,__ct__9CClipRectFv,432a30
101173ca,Destroy__9CPVButtonFv,43a540
10117424,OnPaint__9CPVButtonFRC7CVSRect,469870
1011744e,GetRelRect__6CPVWndFv,
101174dc,__ct__11CPushActiveFv,4698b0
10117512,__pl__FRC7CVSSizeRC7CVSSize,
10117580,__ml__FRC7CVSSizei,
101175de,OnReleased__16CDepressedButtonF12BUTTON_FLAGS,43a620
1011763e,OnPressed__16CDepressedButtonF12BUTTON_FLAGS,43a660
1011769c,OnEnterButton__16CDepressedButtonFv,43a6a0
101176f0,OnExitButton__16CDepressedButtonFv,43a6e0
10117742,GetStyle__9CPVButtonFv,43a570
1011776a,Move__9CPVButtonFRC8CVSPoint,43a580
101177f6,OnVisibilityChange__9CPVButtonFv,43a5e0
1011785e,GetASCII__8CResFONTCFUl,
1011792a,__dv__FRC7CVSSizeRC7CVSSize,
1011799c,__mi__FRC7CVSSizeRC7CVSSize,
10117a0a,__ct__13tagCHANGERECTFv,
10117a40,Set__5CTextFiiP8CResFONT7CStringUlP6CRemap,469ac0
10117aa4,Set__5CTextFiiP8CResFONTPCcUlP6CRemap,469a50
10117b00,OnExit__12CHotAreaListFv,46aa30
10117b3e,__ml__FRC8CVSPointi,
10117b9c,__dv__FRC8CVSPointi,
10117bfa,ScrollOld__12CPVGDIBitmapFRC7CVSRectRC8CVSPoint,
10117d58,__dt__11CTimedQueueFv,4599b0
10117db6,CheckValidPointer__12CSmallMemoryFPUc,
10117e2e,_SetRect__6CPVWndFRC7CVSRect,466300
10117ea6,ReSetMenu__6CPVWndFv,4662e0
10117ec6,SetMenu__6CPVWndFRiPP11tagMenuList,4662f0
10117ef4,_SetRelTL__6CPVWndFRC8CVSPoint,466330
10117f1e,IsFocusWindow__6CPVWndFv,466350
10117f44,Mem2Offs__7CBucketFPUc,
10117fac,__ct__6CFixedFv,45a9a0
10117fd4,__dt__15CGameObjectMessFv,417b50
1011802a,__dt__8CProcessFv,407ef0
1011806c,__dt__18CBaseObjectManagerFv,40aba0
101180c6,__dt__17CGlobalGameObjectFv,417d00
1011811e,__dt__17CBaseGlobalObjectFv,40ce50
10118182,__dt__19CGameFlaggedMessageFv,452e90
101181dc,__dt__17CGameStateMessageFv,413df0
10118234,__dt__14CPBNetworkGameFv,453120
1011828a,GetViewData__12CBallManagerFP9CViewData,
10118300,GetViewData__11CGameObjectFR9CViewData,40a6f0
1011842a,SetSndEffect__11CGameObjectF12eSoundEffect,40a870
1011846a,GetCollision__12CGroundArrayFii,
101184d4,GetZ__12CGroundArrayFii,431520
1011855a,GetData__20CTransportObjectMessFv,417d30
1011859a,__dt__20CTransportObjectMessFv,417d50
10118602,__dt__18CRequestCancelMessFv,417c10
10118668,__dt__17CRemoveObjectMessFv,417c40
101186cc,__dt__15CTheBalloonPostFv,42a7a0
10118722,__dt__11CEnemyGroupFv,420b20
10118774,GetGroupState__13CGenericGroupFv,414c60
101187a8,SetGroupState__13CGenericGroupF11eGroupState,414c70
101187ea,Action__11CGameObjectF7eAction,40c170
1011881e,Action__11CGameObjectF7eActioni,40c180
10118858,ForgetObjectLink__11CGameObjectFUs,40a7f0
10118886,Process__11CGameObjectFv,417aa0
101188ac,Activate__11CGameObjectFP11CGameObject,40a800
101188e0,IsFlying__11CGameObjectFv,40a810
10118916,Usage__11CGameObjectFv,40a820
1011893a,ActivatePosition__11CGameObjectFv,40a830
10118982,StartStanding__11CGameObjectFv,40a860
101189ac,GetSndEffect__11CGameObjectFv,40a880
101189dc,Collision__11CGameObjectFRC4CPt3,40a890
10118a60,Collision__11CGameObjectFRC6CRect3,40a8e0
10118af4,HitBullet__11CGameObjectFP7CBullet,40a930
10118b22,HitBall__11CGameObjectFv,40a940
10118b46,IsHit__11CGameObjectFv,40a950
10118b6a,GetHit__11CGameObjectFv,40a960
10118b8c,HitMine__11CGameObjectFv,40a970
10118bb0,Die__11CGameObjectFv,40a980
10118bd0,Land__11CGameObjectFv,40a990
10118bf0,FacingCursor__11CGameObjectFv,40a9a0
10118c1a,TurnToFaceCursor__11CGameObjectFv,40a9b0
10118c48,IsRequestingFire__11CGameObjectFv,40a9c0
10118c78,Bored__11CGameObjectFv,40a9d0
10118c9c,SetBored__11CGameObjectFUl,40a9e0
10118cc2,Fire__11CGameObjectFv,40a9f0
10118ce2,StartFiring__11CGameObjectFv,40aa00
10118d0a,EndFiring__11CGameObjectFv,40aa10
10118d30,RandomAction__11CGameObjectFv,40aa20
10118d58,FacingTarget__11CGameObjectFv,40aa30
10118d82,TurnToFaceTarget__11CGameObjectFv,40aa40
10118db0,PossiblyOnLift__11CGameObjectFv,40aa50
10118ddc,HasObject__11CGameObjectF11eObjectType,40aa60
10118e10,AddObject__11CGameObjectF11eObjectTypeP11CGameObject,40aa70
10118e52,ReNumberNode__11CGameObjectFii,40aa80
10118e7c,NeedsNode__11CGameObjectFi,40aa90
10118ea4,ConvertVer0ToVer1__11CGameObjectFv,40aaa0
10118ed2,Delete__11CGameObjectFv,40aab0
10118ef4,PickUpAmmo__11CGameObjectFUs,40aac0
10118f1c,ExternalControlEnd__11CGameObjectFv,40aad0
10118f4c,RequestBalloon__11CGameObjectFv,40aae0
10118f82,StartBalloon__11CGameObjectFv,40aaf0
10118fb6,OnBalloon__11CGameObjectFv,40ab00
10118fe8,QOnBalloon__11CGameObjectFv,40ab10
10119024,OnConveyor__11CGameObjectFUcP4CIceUc,40ab20
10119054,OnConveyor__11CGameObjectFv,40ab30
1011907c,Conveyor__11CGameObjectFv,40ab40
101190a2,SendRemove__11CGameObjectFv,40c1a0
101190c8,SendCancel__11CGameObjectFv,40c1b0
101190ee,UsableState__11CGameObjectFv,40c1c0
10119118,IsUsable__11CGameObjectF7eAction,40ab50
10119150,AddData__17CNetworkGameStageFv,452e40
10119190,GetData__17CNetworkGameStageFv,452e50
101191cc,__dt__17CNetworkGameStageFv,452e60
10119224,__dt__18CGameRejectMessageFv,452ec0
1011928a,__dt__18CGameAcceptMessageFv,452ef0
101192f0,Process__3CAIFv,413e20
10119314,__ct__7AICOORDFv,41c360
10119388,__mi__FRC7CVectorRC7CVector,
10119414,__mi__FRC6CFixedRC6CFixed,
1011945e,FindNext__16CCollisionHolderFv,
101194ec,Pos__9CVMovePosFii,
1011956a,Pos__6CVMoveFii,
101195da,__ml__FRC7CVectori,422380
1011965a,Delete__16CCollisionHolderFPC11CGameObject,
101196dc,__dt__5CBallFv,422350
10119728,Receive__18CBaseObjectManagerFUsP17CGlobalGameObjectP15CNetworkMessage,40ab80
1011977c,Restart__18CBaseObjectManagerFv,40ab70
101197a6,GetViewData__18CBaseObjectManagerFP9CViewData,40ab90
101197e2,DoActivate__7CBulletFv,41af00
10119804,__dt__7CBulletFv,418330
10119878,Collected__12CCollectableFv,423050
101198c6,SetSFX__12CCollectableFv,423040
101198ea,GetViewData__19CCollectableManagerFP9CViewData,422ef0
10119982,__dt__5CFlagFv,422fb0
101199cc,__dt__6CBonusFv,422fe0
10119a16,__dt__10CTimeBonusFv,423010
10119a66,DoActivate__12CCollectableFv,422fa0
10119a8e,SetCollision__12CGroundArrayFiii,40eb90
10119afe,ResetCollision__12CGroundArrayFiii,
10119b74,__dt__5CDoorFv,40ec10
10119b74,__dt__5CDoorFv,40eca0
10119bcc,Usage__11CDuplicatorFv,427a90
10119bf0,__ml__FRC6CFixedRC6CFixed,
10119c90,Abs__6CFixedCFv,
10119cdc,IsHit__6CEnemyFv,420aa0
10119d00,__ct__7CVectorFv,41a3c0
10119d2e,Rotate__6VSTrigCFR7CVectori,
10119dcc,Rotate__6VSTrigCF7CVectorR6CFixedR6CFixed,41a3e0
10119ede,__pl__FRC6CFixedRC6CFixed,42b9c0
10119f28,Cos__6VSTrigCFi,44b6f0
10119f6e,Sin__6VSTrigCFi,44b6a0
10119fd8,__ct__12CInstructionFv,
1011a01a,__ml__FRC9C3DVectori,
1011a0c2,CurrentCoord__16CInstructionListFv,
1011a122,Coord__12CInstructionFv,
1011a15e,DoActivate__17CGlobalGameObjectFv,40ce40
1011a18c,__dt__17CRequestReplyMessFv,417be0
1011a1f0,__dt__18CRequestActionMessFv,417bb0
1011a256,__dt__22CObjectChangeStateMessFv,417b80
1011a2c0,__dt__14CObjectPosMessFv,417c70
1011a322,__dt__14CObjectHitMessFv,417ca0
1011a384,__dt__15CObjectDiesMessFv,417cd0
1011a3e6,Position__11CGameObjectFv,40a830
1011a424,Next__16CInstructionListFv,
1011a500,GetViewData__14CPlayerLemmingFR9CViewData,4108b0
1011a656,AlreadyOn__4CIceFP11CGameObject,
1011a6f4,OnConveyor__14CPlayerLemmingFv,410af0
1011a726,DoActivate__6CLaserFv,429e40
1011a746,DoActivate__5CLiftFv,4266d0
1011a766,AdvanceBit__5CMazeFRUc,
1011a7a0,ChangeAddr__5CMazeFii,
1011a7f4,ChangeNextAddr__5CMazeFii,
1011a84c,__dt__5CMineFv,424c60
1011a84c,__dt__5CMineFv,424cf0
1011a8a4,NextNode__6CMoverFv,
1011a8d4,__pl__FRC6CFixedi,
1011a914,DoActivate__6CMoverFv,42fb90
1011a934,__mi__FRC6CFixedi,
1011a976,Usage__9CCatapultFv,41c3f0
1011a996,__dt__9CCatapultFv,41c400
1011a9fe,Usage__5CAmmoFv,41c430
1011aa1a,__dt__5CAmmoFv,41c440
1011aa7e,__dt__6CCrateFv,41c540
1011ab0e,Usage__6CCrateFv,41c530
1011ab2c,DoActivate__6CTowerFv,41c5a0
1011ab4c,Usage__6CTowerFv,41c5b0
1011ab6a,__dt__6CTowerFv,41c5c0
1011abce,Usage__7CSwitchFv,41dc40
1011abec,GetViewData__7CSwitchFR9CViewData,41dc50
1011ad1a,Usage__4CKeyFv,41c5f0
1011ad36,__dt__4CKeyFv,41c600
1011ad98,Usage__8CBalloonFv,41c630
1011adb8,__dt__8CBalloonFv,41c640
1011ae1e,DoActivate__9CPaintGunFv,42c9a0
1011ae42,__dt__7CDrawerFv,439400
1011ae82,ShutDown__7CDrawerFv,439370
1011aea2,OnZoom__7CDrawerFRC7CVSRect,439380
1011aec8,OnSize__7CDrawerFRC7CVSRect,439390
1011aeee,OnMove__7CDrawerFRC7CVSRect,4393a0
1011af14,OnPause__7CDrawerFUc,
1011af34,DestroyDrawer__7CDrawerFv,4393b0
1011af58,Process__7CDrawerFv,4393c0
1011af76,Initialise__7CDrawerFv,4393d0
1011af98,OnDriverChange__7CDrawerFv,4393e0
1011afbe,RefreshView__7CDrawerFv,4393f0
1011afe0,UseChangingCursor__7CDrawerFv,
1011b00a,SetOptionSelection__19CReceiveWindowStateF17eOptionSelections,439430
1011b05c,GetPauser__19CReceiveWindowStateFv,439440
1011b08c,Bored__14CPlayerLemmingFv,4109f0
1011b0c4,IsHit__14CPlayerLemmingFv,410a10
1011b0f0,GetHit__14CPlayerLemmingFv,410a20
1011b130,HitBall__14CPlayerLemmingFv,410aa0
1011b16c,PickUpAmmo__14CPlayerLemmingFUs,410ac0
1011b1b0,Conveyor__14CPlayerLemmingFv,410b00
1011b1e0,QOnBalloon__14CPlayerLemmingFv,410b10
1011b220,GetViewData__7CRocketFR9CViewData,4273f0
1011b36a,__dt__6CSheepFv,41fb70
1011b3b6,__dt__11CSheepGroupFv,41f960
1011b408,FindNextRect__16CCollisionHolderFv,
1011b484,__dt__7CSlinkyFv,40c1d0
1011b484,__dt__7CSlinkyFv,40c260
1011b4d2,__pl__FRC9C3DVectorRC9C3DVector,
1011b58c,CurrentMomentum__11CGameObjectFv,
1011b5d2,DoActivate__11CTrampolineFv,42b9b0
1011b5f8,__dt__9CTrapDoorFv,40cea0
1011b660,Usage__9CTrapDoorFv,40ce80
1011b680,DoActivate__9CTrapDoorFv,40ce90
1011b6a4,__dt__8tagPRIMSFv,4471d0
1011b79e,__dt__Q214CPreviewDrawer8tagPRIMSFv,44a9c0
1011b80a,__dt__Q215CSuccFailDrawer8tagPRIMSFv,4511a0
1011b8ac,Lock__8CResBaseFv,
1011b8f0,__dt__10CIntroAnimFv,407f40
1011b94e,__dt__13CMainOptions1Fv,407f70
1011b9ae,__dt__13CMainOptions2Fv,407fa0
1011ba0e,__dt__8CPreviewFv,44a9d0
1011ba68,__dt__9CSuccFailFv,4511c0
1011bac4,Processing__20CBaseFrontendProcessFv,407f20
1011baf4,ProcessMessages__20CBaseFrontendProcessFP10tagMESSAGE,407f30
1011bb38,__dt__13CPasswordProcFv,407fd0
1011bb98,__ct__8tagPRIMSFv,447030
1011bcf2,__ct__10CBigBitmapFv,4394f0
1011bd5e,DrawText__19CBaseFrontendDrawerFv,446f80
1011bd8c,DrawAnims__19CBaseFrontendDrawerFv,446f70
1011bdba,DrawBackGround__19CBaseFrontendDrawerFv,446f90
1011bdee,__dv__8CVSPointFRC7CVSSize,
1011be5e,toSize__8CVSPointFv,
1011bea8,ProcessMessages__19CBaseFrontendDrawerFP10tagMESSAGE,446f60
1011beea,Processing__19CBaseFrontendDrawerFv,446f50
1011bf1a,ConfirmedAction__19CBaseFrontendDrawerF12eUserActions,446fa0
1011bf5e,__dt__18CUserActionMessageFv,446f20
1011bfb8,GetReturnState__19CBaseFrontendDrawerFv,446fb0
1011bff4,QuitYet__19CBaseFrontendDrawerFv,446fc0
1011c028,OnSize__19CBaseFrontendDrawerFRC7CVSRect,446fd0
1011c084,__ct__9CUsePointFv,
1011c0c4,__ct__7CBitmapFv,439580
1011c116,__pl__FRC7CVectorRC7CVector,44b660
1011c1a2,__dt__10CGunButtonFv,44e650
1011c218,DrawAnim__13CAnimsManagerFP4CGDIRC8CVSPointUlUlP14CAnimFrameBASEP6CRemap,
1011c32c,GetStyle__20CIntroAnimAnimWindowFv,447990
1011c36e,__dt__13CEntryHandlerFv,455e10
1011c3ca,__ct__13CEntryHandlerFv,455da0
1011c40e,ConnectionsChanged__15CNetworkManagerFv,
1011c456,OnEnter__13CEntryHandlerFv,455dc0
1011c486,OnExit__13CEntryHandlerFv,455dd0
1011c4b2,Processing__19CNetworkOptionsProcFv,455ea0
1011c4e2,__ct__Q215CSuccFailDrawer8tagPRIMSFv,451110
1011c5ba,__ct__Q214CPreviewDrawer8tagPRIMSFv,44a970
1011c650,GetStyle__12CTrackWindowFv,44efe0
1011c68c,__ct__7CGroundFv,4314f0
1011c6f0,__dt__19CNetworkGameMessageFv,452f50
1011c74a,GetGameName__19CNetworkOptionsProcFv,
1011c78c,OnRestore__14CMain2DDisplayFv,4322d0
1011c7c4,OnZoomBox__14CMain2DDisplayFUc,
1011c7f6,__dt__13CToggleButtonFv,4438b0
1011c86e,Momentum__9CViewDataFv,
1011c8aa,GetRemap__3C2DF14ePrimaryRemaps,
1011c8ee,Coord__9CViewDataFv,
1011c926,__ct__7CVSRectFv,442170
1011c956,GetPos__11CBaseCursorFP6CPVWnd,
1011c9d0,OnReleased__13CToggleButtonF12BUTTON_FLAGS,443830
1011ca18,OnPressed__13CToggleButtonF12BUTTON_FLAGS,443850
1011ca64,OnEnterButton__13CToggleButtonFv,443870
1011caa6,OnExitButton__13CToggleButtonFv,443890
1011cae6,__ct__21CCopyColourToBackBuffFv,
1011cb4a,__ct__9CViewDataFv,439340
1011cb9a,__ct__6CObjSqFv,439480
1011cbba,UseChangingCursor__3C2DFv,
1011cbe0,QuitYet__3C2DFv,439450
1011cc02,GetReturnState__3C2DFv,439460
1011cc2c,GetPauser__3C2DFv,439470
1011cc50,DrawAnim__13CAnimsManagerFiiUlUlP14CAnimFrameBASEP6CRemap,
1011cd5e,__dt__17CPanelPauseButtonFv,4438f0
1011cde6,OnEnterButton__12CPanelButtonFv,443930
1011ce10,OnExitButton__12CPanelButtonFv,443940
1011ce3a,GetBL__7CVSRectCFv,
1011cede,GetTR__7CVSRectCFv,
1011cf38,SetTableEntry__10CSoundViewFR11tEffectSpec,
1020000c,GetFrameNo__10CTimedAnimFv,467170
10200082,StartAnim__11CRepeatAnimFUl,4671b0
102000d0,StartAnim__13CPlayThruAnimFUl,4671e0
10200120,GetFrameNo__13CPlayThruAnimFv,467210
1020019c,__ct__13CAnimsManagerFP4CGDIUliiiUc,467260
10200334,__dt__13CAnimsManagerFv,4673d0
1020043c,LoadAnims__13CAnimsManagerFUl,467490
102004ea,UnLoadAnims__13CAnimsManagerFUl,467500
1020055a,GetnAnims__13CAnimsManagerFUl,467540
102005b8,GetAnimSize__13CAnimsManagerFUlUl,467570
1020064e,DrawAnim__13CAnimsManagerFRC8CVSPointUlUlP14CAnimFrameBASEP6CRemap,467730
1020087c,ResetPrimitives__13CAnimsManagerFv,4678c0
10200920,__ct__10CBaseRemapFUlPUc13ePaletteTypes,46aa80
1020099e,__dt__10CBaseRemapFv,46aad0
102009fc,MapRemap__10CBaseRemapFPCUc,46aaf0
10200aae,CalculateGreyScale__10CBaseRemapFv,46ab70
10200c72,__ct__15CBasePalManagerFi,46acd0
10200cd2,__dt__15CBasePalManagerFv,46ad10
10200d5a,RegisterRemap__15CBasePalManagerFUlPUc13ePaletteTypes,46ad70
10200df0,UnRegisterRemap__15CBasePalManagerFP6CRemap,46add0
10200e84,__ct__7CStringFv,46e410
10200ec4,__ct__7CStringFPc,46e430
10200f1e,__ct__7CStringFR7CString,46e480
10200f78,__dt__7CStringFv,46e500
10200fbc,__as__7CStringFR7CString,46e510
10201024,__as__7CStringFPCc,46e570
1020108e,__apl__7CStringFR7CString,46e5d0
1020116c,__apl__7CStringFPCc,46e6e0
1020123e,__ls__FR10CVSOStreamR7CString,46e7f0
1020127a,getlength__7CStringFv,46ef00
102012ae,lower__7CStringFv,46efa0
10201326,__ct__12CMasterInputFP10CBaseQueue,472070
1020137c,__dt__12CMasterInputFv,472090
1020137c,__dt__12CMasterInputFv,472270
102013e8,StreamOut__12CMasterInputFR10CVSOStream,472210
10201420,_RES_Init__Fv,45b900
10201580,_RES_Quit__Fv,45ba50
10201618,__ls__FR10CVSOStream5RNAME,45bad0
10201652,__nw__13CMogloadArenaFUl,45baf0
102016fe,__dl__13CMogloadArenaFPv,45bb70
10201774,Open__8CRawReadFPcPc,45bbc0
102017b8,InputByte__8CRawReadFv,45bbe0
102017f2,InputDword__8CRawReadFv,45bc40
1020182c,NameCmp__8CRawReadFPcPc,45bd50
1020189e,__ct__7CMogDirFUl,45bda0
10201a68,__dt__7CMogDirFv,45bf10
10201b26,GetChunkInfo__7CMogDirFP12tagChunkInfo,45bfa0
10201be8,NewChunkInfo__7CMogDirFv,45c030
10201c48,GetNextDir__7CMogDirFv,45c060
10201dd6,FindNext__7CMogDirFR8tagCHUNK7CHUNKID,45c200
10201e9a,FindFirst__7CMogDirFR8tagCHUNK7CHUNKID,45c2a0
10201ef8,Find__7CMogDirFR8tagCHUNKUl7RECURSE,45c2d0
10201fc8,__ct__7CMogResFPcPPcUl,45c630
1020213a,__dt__7CMogResFv,45c770
10202202,SetWD__7CMogResFPc,45c810
10202332,KillLeastResource__7CMogResFUl,45c940
102023fe,GetFreeHandle__7CMogResFv,45c9d0
1020247e,AllocateMainMem__7CMogResFUl,45ca30
1020253c,Find__7CMogResFUl,45cab0
102025d4,Load__7CMogResFP8CResBase8tagCHUNK,45cb50
1020264a,Load__7CMogResFUlP8CResBase7RECURSE,45cb80
10202716,CheckAllUnloaded__7CMogResFv,45cd60
1020278a,AgeResources__7CMogResFv,45cdb0
1020280a,Load__7CMogResFRC8CVSRangeRPUcP8CResBase,45ce00
10202896,CleanUpResources__7CMogResFv,45ce50
10202932,Remove__7CMogResFP8CResBase,45ceb0
1020299e,DeallocateMem__7CMogResFPUcUc,45cf10
102029ce,DoLoad__8CResBaseFUl,45cf20
10202a4a,Direct__8CResBaseFRPUcP12CResBaseLIST,45cf70
10202adc,Direct__8CResBaseFRPUcRPUcP12CResBaseLIST,45cfb0
10202bb6,__dt__8CResBaseFv,45d040
10202bf8,Initialise__8CResBaseFv,45d050
10202c72,StreamOut__8CResBaseFR10CVSOStream,
10202f26,OnRead__8CResBaseFPUcPPUcUl,45d0a0
10202fae,LoadData__8CResBaseFv,45d100
1020308a,UnLoad__8CResBaseFv,45d180
10203108,UnLoadData__8CResBaseFUc,45d1c0
10203194,UnLoadExtData__8CResBaseFUc,45d220
102031e8,CheckError__8CResBaseFv,45d250
10203254,SetHeader__12CResBaseLISTFv,45d290
10203298,OnRead__12CResBaseLISTFPUcPPUcUl,45d2b0
1020345a,LoadData__12CResBaseLISTFv,45d430
10203586,ForceLoadVram__12CResBaseLISTFv,45d4f0
10203616,UnLoadData__12CResBaseLISTFUc,45d540
102036cc,UnLoadVramData__12CResBaseLISTFUc,45d5c0
1020374e,Load__8CResANIMFUl,45d610
10203818,AllocateResources__8CResANIMFUl,45d6a0
1020388c,UnLoadVramData__8CResANIMFUlUc,45d700
102038da,ForceLoadVram__8CResANIMFUl,45d720
10203950,__ct__8CResFONTFUl,45d7b0
102039d2,__dt__8CResFONTFv,45d810
10203a7e,Load__8CResFONTFUl,45d850
10203b04,AllocateResources__8CResFONTFUl,45d8b0
10203bb2,GetnVramEntries__8CResFONTFv,45d970
10203bf8,DirectResources__8CResFONTFUlRPUcRPUc,45d990
10203c9e,DirectResources__8CResFONTFUlRPUc,45d9f0
10203d38,UnLoadResources__8CResFONTFUlUc,45da50
10203da2,UnLoadVramData__8CResFONTFUlUc,45da90
10203df0,ForceLoadVram__8CResFONTFUl,45dab0
10203e66,OnLoad__8CResFONTFv,45daf0
10203eb6,ASCIItoZRLE__8CResFONTCFUl,45db20
10203ef2,GetSize__8CResFONTCFPCcUl,45db30
1020401a,Load__11CResPALETTEFUl,45dd90
102040ba,Load__10CResSTRINGFUl,45de00
10204158,Load__9CResMOVIEFUl,45de70
102041e0,__ct__9CResMOVIEFUl,45df20
1020425c,__dt__9CResMOVIEFv,45df70
102042e6,AllocateResources__9CResMOVIEFUl,45dfa0
10204396,DirectResources__9CResMOVIEFUlRPUcRPUc,45e060
1020443c,DirectResources__9CResMOVIEFUlRPUc,45e0c0
102044d6,UnLoadResources__9CResMOVIEFUlUc,45e120
10204542,Load__10CResBITMAPFUl,45e210
102045f4,SetHeader__10CResBITMAPFv,45e290
10204650,Load__8CResZRLEFUl,45e2b0
10204714,SetHeader__8CResZRLEFv,45e340
102047a8,Load__10CResEFFECTFUl,45e380
10204846,Load__7CResBINFUl,45e540
102048e0,__ct__17CBaseQueueHandlerFv,462ea0
1020492a,ProcessMsg__17CBaseQueueHandlerFP10tagMESSAGE,462ec0
1020497e,StreamOut__17CBaseQueueHandlerFR10CVSOStream,462ed0
102049ba,PackParam__Fss,463000
102049f4,__ct__10CBaseQueueFUi,463020
10204aac,__ct__10CBaseQueueFUiPc,4630a0
10204b66,__dt__10CBaseQueueFv,463120
10204b66,__dt__10CBaseQueueFv,463940
10204bfa,Post__10CBaseQueueFR10tagMESSAGE,4631a0
10204cd8,Send__10CBaseQueueFR10tagMESSAGE,463230
10204d68,StreamOut__10CBaseQueueFR10CVSOStream,463280
10204d9e,Attach__10CBaseQueueFP17CBaseQueueHandleri,4632a0
10204ee0,Detach__10CBaseQueueFP17CBaseQueueHandleri,4633b0
10204fbe,GetNth__10CBaseQueueFP10tagMESSAGEUi,463570
1020503c,PeekNth__10CBaseQueueFP10tagMESSAGEUi,4635b0
102050dc,PutNth__10CBaseQueueFP10tagMESSAGEUi,463610
102051fe,DeleteNth__10CBaseQueueFUi,4636e0
10205344,ProcessNMsgs__10CBaseQueueFUi,463810
10205402,Process__10CBaseQueueFP10tagMESSAGE,4638a0
102054aa,__ct__12CTextManagerFUliiUi,469c60
1020568a,__dt__12CTextManagerFv,469e20
10205762,LoadFont__12CTextManagerFUl,469eb0
102057c2,GetFont__12CTextManagerFUl,469ef0
10205814,UnLoadFont__12CTextManagerFUl,469f10
10205874,DrawString__12CTextManagerFP4CGDIR8CVSPointRC7CVSSizeUlPcUlP6CRemap,469f50
10205946,DrawString__12CTextManagerFP4CGDIR8CVSPointRC7CVSSizeUl7CStringUlP6CRemap,469fd0
10205a3a,ResetPrimitives__12CTextManagerFv,46a070
10205a70,_VSRELassert,45b8e0
10205a9a,__ct__11CBaseCursorFv,46aec0
10205b80,__dt__11CBaseCursorFv,46af30
10205b80,__dt__11CBaseCursorFv,46ba30
10205c5c,Initialise__11CBaseCursorFv,46afd0
10205de2,ProcessMsg__11CBaseCursorFP10tagMESSAGE,46b0e0
10206040,SetPos__11CBaseCursorFRC8CVSPoint,46b2c0
102060aa,SetMainID__11CBaseCursorFUl,46b310
10206134,SetActive__11CBaseCursorFUc,46b370
102061ca,SetMainID__11CBaseCursorFUli,46b3b0
10206282,InWindow__11CBaseCursorFP5CGWnd,46b460
1020646c,Draw__11CBaseCursorFP5CGWnd,46b5c0
102067b8,Process__11CBaseCursorFv,46b810
10206b96,__as__19CFileNetworkAddressF15eBroadcastTypes,4794e0
10206c0c,__gt__19CFileNetworkAddressFR15CNetworkAddress,479510
10206c6c,__ct__14CHeaderMessageFv,479540
10206cd2,AddData__14CHeaderMessageFv,479580
10206d46,GetData__14CHeaderMessageFv,4795d0
10206dc4,__ct__8CHeadersFi,479620
10206e82,__dt__8CHeadersFv,4796e0
10206e82,__dt__8CHeadersFv,47b7d0
10206eec,AddData__8CHeadersFv,479790
10206f50,GetData__8CHeadersFv,4797d0
10206fb0,__ct__13CPortsMessageFv,479810
10207028,AnyUsed__13CPortsMessageFv,479860
10207070,CreateSocket__17CFileCommonSocketFPCc,479880
10207138,SysCloseSocket__17CFileCommonSocketFv,479900
10207188,__ct__15CFileBaseSocketFv,479920
102071b6,__ct__15CFileReadSocketFv,479930
10207326,Read__15CFileReadSocketFR15CNetworkMessageUcUc,479a40
1020742e,ReadBuff__15CFileReadSocketFi,479b30
1020754c,Process__15CFileReadSocketFv,479c10
102077ea,__ct__16CFileWriteSocketFv,479e20
1020795a,__dt__16CFileWriteSocketFv,479f40
1020795a,__dt__16CFileWriteSocketFv,47bcc0
10207a8c,Write__16CFileWriteSocketFR15CNetworkMessageUcUc,479fa0
10207bba,SetDestAddr__16CFileWriteSocketFP15CNetworkAddress,47a090
10207c0a,SendPacket__16CFileWriteSocketFPCUci,47a0b0
10207d98,__ct__13CFileRWSocketFv,47a220
10208024,SendPacket__13CFileRWSocketFPCUci,47a420
10208096,IncOpenCount__19CFileOpenManagementFv,47a470
10208148,DecOpenCount__19CFileOpenManagementFv,47a4d0
102081fa,SysCloseSocket__19CFileOpenManagementFv,47a530
10208278,__ct__14CFileBroadcastFv,47a570
102088cc,__dt__14CFileBroadcastFv,47a910
102088cc,__dt__14CFileBroadcastFv,47bb60
10208d44,InitialiseFile__14CFileBroadcastFv,47aa10
10208e36,GetSpecificAddr__14CFileBroadcastFPCc,47ab10
10208e68,Start__14CFileBroadcastFPCc,47ab20
10208fb0,ReadPortInfo__14CFileBroadcastFv,47ac50
1020909c,WritePortInfo__14CFileBroadcastFv,47ace0
10209196,FindPort__14CFileBroadcastFPCUc,47ad70
10209276,ResetPort__14CFileBroadcastFs,47ae00
1020935e,StartListen__14CFileBroadcastFv,47aed0
10209392,StopListen__14CFileBroadcastFv,47aee0
102093c4,Process__14CFileBroadcastFv,47aef0
1020942a,__ct__12CFileConnectFv,47af30
10209a58,__dt__12CFileConnectFv,47b2a0
10209a58,__dt__12CFileConnectFv,47bf40
10209eb2,InitialiseFile__12CFileConnectFv,47b370
10209f16,Start__12CFileConnectFPCcPCc,47b3b0
10209fa2,InitSocket__12CFileConnectFv,47b440
1020a04c,Listen__12CFileConnectFP15CNetworkAddress,47b4d0
1020a114,Connect__12CFileConnectFv,47b540
1020a186,ConnectSetup__12CFileConnectFv,47b580
1020a488,Initialise__15CNetworkMessageFv,45ee80
1020a4ce,__dt__15CNetworkMessageFv,40ac00
1020a4ce,__dt__15CNetworkMessageFv,45eea0
1020a574,Add__15CNetworkMessageFUl,45ef10
1020a5ac,Add__15CNetworkMessageFUs,45ef40
1020a5e4,Add__15CNetworkMessageFUc,45ef60
1020a618,Add__15CNetworkMessageFPCc,45ef70
1020a670,Add__15CNetworkMessageFPCUci,45efc0
1020a6c6,GetDWORD__15CNetworkMessageFv,45eff0
1020a700,Get__15CNetworkMessageFRUl,45f010
1020a73c,ConvertDWORD__15CNetworkMessageFv,45f040
1020a772,GetWORD__15CNetworkMessageFv,45f070
1020a7ac,Get__15CNetworkMessageFRUs,45f090
1020a7e8,ConvertWORD__15CNetworkMessageFv,45f0b0
1020a81c,GetBYTE__15CNetworkMessageFv,45f0d0
1020a856,Get__15CNetworkMessageFRUc,45f0f0
1020a88e,ConvertBYTE__15CNetworkMessageFv,45f110
1020a8c2,Get__15CNetworkMessageFRPCc,45f120
1020a90e,Get__15CNetworkMessageFRPCUci,45f140
1020a94a,GetCopy__15CNetworkMessageFPc,45f160
1020a9a0,GetCopy__15CNetworkMessageFPUci,45f1b0
1020a9f8,OpenDataStream__15CNetworkMessageFv,45f1e0
1020aaa4,CloseDataStream__15CNetworkMessageFv,45f240
1020aadc,CopyDataStream__15CNetworkMessageFPUci,45f250
1020ab56,Set__15CNetworkMessageFPUc,45f280
1020abb4,Send__15CNetworkMessageFP8CConnect,45f2b0
1020ac3e,AddHeader__17CBroadcastMessageFv,45f360
1020ac7a,GetHeader__17CBroadcastMessageFv,45f370
1020ace8,__ct__15CMessReqConnectFPCc,45f3d0
1020ad6e,GetData__15CMessReqConnectFv,45f430
1020adc4,AddData__15CMessReqConnectFv,45f460
1020ae1c,__ct__15CMessReqNewPortFPCc,45f490
1020ae66,GetData__15CMessReqNewPortFv,45f4b0
1020aea8,AddData__15CMessReqNewPortFv,45f4d0
1020aeec,__ct__14CMessOKConnectFPCc,45f4f0
1020af6a,GetData__14CMessOKConnectFv,45f540
1020afae,AddData__14CMessOKConnectFv,45f560
1020aff4,__ct__14CMessGOConnectFPCc,45f580
1020b072,GetData__14CMessGOConnectFv,45f5d0
1020b0b6,AddData__14CMessGOConnectFv,45f5f0
1020b0fc,__ct__18CMessFAILEDConnectFPCc,45f610
1020b178,GetData__18CMessFAILEDConnectFv,45f660
1020b1b2,AddData__18CMessFAILEDConnectFv,45f670
1020b1ec,__ct__17CBaseCommonSocketFv,45f680
1020b25a,__dt__17CBaseCommonSocketFv,45f6c0
1020b2b2,SocketError__17CBaseCommonSocketF13NetworkErrors,45f6e0
1020b332,CloseSocket__17CBaseCommonSocketFv,45f720
1020b3a4,__ct__11CBaseSocketFv,45f750
1020b3fe,AddData__11CBaseSocketFv,45f790
1020b480,GetData__11CBaseSocketFv,45f7f0
1020b4d4,__ct__11CReadSocketFv,45f820
1020b56e,__dt__11CReadSocketFv,45f8a0
1020b5fe,DeleteNCBuffers__11CReadSocketFv,45f8d0
1020b682,DeleteCBuffers__11CReadSocketFv,45f900
1020b704,SetNCBuffers__11CReadSocketFUlUli,45f930
1020b7a8,SetCBuffers__11CReadSocketFii,45f9b0
1020b85c,ProcessPacket__11CReadSocketFv,45fa40
1020ba78,Process__11CReadSocketFv,45fbb0
1020bb26,IsChanged__11CReadSocketFR15CNetworkMessage,45fc30
1020bb80,GetLatest__11CReadSocketFR15CNetworkMessage,45fc50
1020bc08,UnUseAllNC__11CReadSocketFv,45fcc0
1020bc3c,UnUseAllC__11CReadSocketFv,45fcd0
1020bc70,__ct__12CWriteSocketFv,45fce0
1020bd2c,__dt__12CWriteSocketFv,45fd80
1020bdd8,_SetDestAddr__12CWriteSocketFP15CNetworkAddress,45fde0
1020be2a,DeleteNCBuffers__12CWriteSocketFv,45fdf0
1020be88,DeleteCBuffers__12CWriteSocketFv,45fe10
1020bf10,SetNCBuffers__12CWriteSocketFUlUli,45fe50
1020bf46,SetCBuffers__12CWriteSocketFii,45fe60
1020bfac,SendCritical__12CWriteSocketFR15CNetworkMessage,45fea0
1020c082,ResendCritical__12CWriteSocketFP12CWritePacket,45ff20
1020c112,SendNCMS__12CWriteSocketFR15CNetworkMessage,45ff70
1020c292,Send__12CWriteSocketFR15CNetworkMessage,4600d0
1020c3b0,SendAcknowledgement__12CWriteSocketFv,4601b0
1020c404,ReceiveAcknowledgement__12CWriteSocketFv,4601e0
1020c4cc,Closed__12CWriteSocketFUc,460260
1020c50a,Process__12CWriteSocketFv,460280
1020c60e,__ct__10CBroadcastFv,460350
1020c7ac,__dt__10CBroadcastFv,4604e0
1020c914,Closed__10CBroadcastFUc,4605b0
1020c956,FindPort__10CBroadcastFPCUc,4605d0
1020c9b8,SetSpecificAddr__10CBroadcastFPCc,460610
1020ca24,Initialise__10CBroadcastFPCc,460650
1020cb54,Stop__10CBroadcastFv,4607f0
1020cba0,PostRead__10CBroadcastF13NetworkEventsP11CBasePacket,460830
1020ccae,AddToMessage__10CBroadcastFR17CBroadcastMessage,4608f0
1020cd06,Process__10CBroadcastFv,460910
1020ce14,SendFailedInit__10CBroadcastF13NetworkErrors,4609f0
1020ce72,Run__10CBroadcastFv,460a20
1020ceaa,Suspend__10CBroadcastFv,460a40
1020ced4,Send__10CBroadcastFP15CNetworkAddressR17CBroadcastMessage,460a50
1020cf50,__ct__8CConnectFv,460a90
1020d0c6,__dt__8CConnectFv,460c00
1020d1c2,InitConnect__8CConnectFPCcP15CNetworkAddresss,460c60
1020d25e,CheckConnectTime__8CConnectFv,460ce0
1020d2b6,SetConnectTime__8CConnectFv,460d10
1020d2ea,Stop__8CConnectFv,460d20
1020d348,FirstReceive__8CConnectFv,460d70
1020d414,Send__8CConnectFR15CNetworkMessage,460e40
1020d4ea,Closed__8CConnectFUc,460f00
1020d556,ReceiveAcknowledgement__8CConnectFv,460f60
1020d5cc,Kill__8CConnectFv,460fb0
1020d63a,PostRead__8CConnectF13NetworkEventsP11CBasePacket,460ff0
1020d6a8,Process__8CConnectFv,461030
1020d71a,__ct__11CReadPacketFUs,461090
1020d7a0,__dt__11CReadPacketFv,4610f0
1020d808,Fill__11CReadPacketFPCUcUs,461140
1020d87c,__ct__12CWritePacketFUs,461190
1020d8d4,__dt__12CWritePacketFv,4611c0
1020d932,Fill__12CWritePacketFPCUcUsP15CNetworkMessage,4611e0
1020d9a0,__ct__15CBasePacketBuffFiUs,461210
1020da00,__dt__15CBasePacketBuffFv,461250
1020da8a,__ct__15CReadPacketBuffFiUs,461290
1020db06,FillPacket__15CReadPacketBuffFi,4612f0
1020db6a,UnUseAll__15CReadPacketBuffFv,461310
1020dbb0,__ct__16CWritePacketBuffFiUs,461340
1020dc2e,FillPacket__16CWritePacketBuffFiPCUcUsP15CNetworkMessage,4613a0
1020dc92,__ct__11CReadMSBuffFiiUs,4613d0
1020dd1a,__dt__11CReadMSBuffFv,461440
1020dd7a,FillPacket__11CReadMSBuffFv,461470
1020de9c,__ct__11CReadNCBuffFUlUs,461560
1020deea,UpdatePacket__11CReadNCBuffFv,461580
1020df94,GetPacket__11CReadNCBuffFUl,4615f0
1020dfd8,__ct__13CReadNCMSBuffFUlUliUs,461610
1020e0a4,__dt__13CReadNCMSBuffFv,4616b0
1020e140,UpdateSubPacket__13CReadNCMSBuffFv,461700
1020e212,__ct__10CReadCBuffFiUs,461780
1020e258,StorePacket__10CReadCBuffFv,4617a0
1020e2f0,NextPacketReady__10CReadCBuffFv,461810
1020e358,__ct__12CReadCMSBuffFiiUs,461840
1020e402,__dt__12CReadCMSBuffFv,4618e0
1020e49e,StoreSubPacket__12CReadCMSBuffFv,461930
1020e50a,__ct__11CWriteCBuffFiUs,461970
1020e540,StorePacket__11CWriteCBuffFUsPCUciP15CNetworkMessage,461990
1020e5cc,IsPacketAvailable__11CWriteCBuffFUs,4619d0
1020e61c,__ct__12CBaseNetworkFv,4619f0
1020e6fc,Initialise__12CBaseNetworkFPCci,461aa0
1020e886,DoInitialise__12CBaseNetworkFv,461bd0
1020ea84,__dt__12CBaseNetworkFv,461db0
1020eb50,ShutDown__12CBaseNetworkFv,461e10
1020eda0,Delete__12CBaseNetworkFP8CConnect,461fc0
1020ee72,NewConnect__12CBaseNetworkFv,462040
1020ef72,Exists__12CBaseNetworkFP8CConnect,462130
1020efec,FindConnection__12CBaseNetworkFP15CNetworkAddress,462180
1020f06e,KillUnBornConnection__12CBaseNetworkFP15CNetworkAddress,4621c0
1020f0d2,CtoSRequestConnect__12CBaseNetworkFP15CNetworkAddress,4621e0
1020f1cc,CtoSRequestNewPort__12CBaseNetworkFP15CNetworkAddress,462280
1020f2fc,StoCOKConnect__12CBaseNetworkFP15CNetworkAddress,462340
1020f47c,StoCFAILEDConnect__12CBaseNetworkFP15CNetworkAddress,462460
1020f4d2,CtoSGOConnect__12CBaseNetworkFP15CNetworkAddress,462480
1020f53c,Establish__12CBaseNetworkFP15CNetworkAddressPUc,4624a0
1020f632,SetNCBuffers__12CBaseNetworkFUlUli,462550
1020f676,SetCBuffers__12CBaseNetworkFii,462570
1020f6b0,AttachMessageQueue__12CBaseNetworkFP17CBaseQueueHandler,462590
1020f710,DetachMessageQueue__12CBaseNetworkFv,4625b0
1020f768,Process__12CBaseNetworkFv,4625e0
1020f866,SendAll__12CBaseNetworkFR15CNetworkMessage,462720
1020f8f0,ProcessMsg__12CBaseNetworkFP10tagMESSAGE,4627b0
1020f994,__ct__9CPVButtonFRC7CVSRectP7CPVGWnd,467c10
1020fa78,__ct__9CPVButtonFP7CPVGWnd,467cd0
1020fb1a,Initialise__9CPVButtonFv,467d50
1020fb9a,__dt__9CPVButtonFv,467dd0
1020fb9a,__dt__9CPVButtonFv,469880
1020fc6e,SetAutoDraw__9CPVButtonFUc,467e40
1020fc9e,CheckForceDraw__9CPVButtonFv,467e50
1020fdc2,_DrawButton__9CPVButtonFv,467ef0
1020fe1c,Draw__9CPVButtonFUc,467f30
1020fe92,OnEnter__9CPVButtonFv,467fa0
1020fee4,OnExit__9CPVButtonFv,467fd0
1020ff28,ConvertDoubleClick__9CPVButtonF12BUTTON_FLAGS,468000
1020ff92,OnButtonDown__9CPVButtonFRC8CVSPoint12BUTTON_FLAGS,468050
1021004e,OnButtonUp__9CPVButtonFRC8CVSPoint12BUTTON_FLAGS,4680c0
10210100,OnExternalButtonUp__9CPVButtonFRC8CVSPoint12BUTTON_FLAGS,468130
1021019e,_OnReleased__9CPVButtonF12BUTTON_FLAGS,468180
10210234,_OnPressed__9CPVButtonF12BUTTON_FLAGS,4681f0
102102ca,_OnEnterButton__9CPVButtonFv,468260
10210330,_OnExitButton__9CPVButtonFv,4682b0
10210394,_DrawButton__16CDepressedButtonFv,468300
10210416,OnPaint__16CDepressedButtonFRC7CVSRect,468360
10210510,__ct__14CGraphicButtonFRC8CVSPointP7CPVGWndUlUl,468530
1021068c,Initialise__14CGraphicButtonFv,4686e0
10210906,SetAnimID__14CGraphicButtonFUl,4688e0
10210966,__dt__14CGraphicButtonFv,468920
10210966,__dt__14CGraphicButtonFv,4698c0
10210a2a,OnDestroy__14CGraphicButtonFv,468980
10210a70,DrawButton__14CGraphicButtonFv,4689a0
10210b68,__ct__10CFontTableFP8CResFONT,473650
10210c14,GetZRLE__10CFontTableCFi,473700
10210c48,GetChar__10CFontTableCFP8CResZRLE,473710
10210c9e,__dt__10CFontTableFv,473730
10210c9e,__dt__10CFontTableFv,473750
10210cf8,__ct__11CChangeListFi7CVSSize7CVSSize,4669a0
10210e4c,FreeMap__11CChangeListFv,466a90
10210e98,AllocMap__11CChangeListFv,466ac0
10210eea,Resize__11CChangeListF7CVSSize,466af0
10210f9a,Reset__11CChangeListFv,466b60
10211012,__dt__11CChangeListFv,466b90
10211070,PushActive__11CChangeListFUc,466bc0
102110ce,PopActive__11CChangeListFv,466bd0
10211106,Add__11CChangeListFRC7CVSRect,466be0
1021122a,SetDrawMark__11CChangeListFv,466d10
1021128c,GetArea__11CChangeListFv,466d30
102112b8,GetNextArea__11CChangeListFUcUcUc,466d40
10211504,GetNumItems__11CChangeListFv,466ef0
10211630,GetNItem__11CChangeListFi,467000
1021167a,GetDrawMark__11CChangeListFv,467020
102116c8,vsOpen__FPcPc,462ee0
102116ee,vsClose__FP6_Filet,462f20
10211716,vsRead__FP6_FiletPvUl,462f30
1021174c,vsWrite__FP6_FiletPvUl,462f50
10211796,vsSeek__FP6_Filetli,462f80
102117d0,vsTell__FP6_Filet,462fb0
102117f6,vsGetFileSize__FP6_Filet,462fc0
1021184c,__ct__4CGDIFRC7CVSRectiP8CSurface,467060
102118e6,__dt__4CGDIFv,4670d0
1021193c,AddToList__4CGDIFP10CPrimitive,4670f0
1021197a,Render__4CGDIFv,467110
102119ee,NextPos__5CTextFv,4749c0
10211ad8,Render__5CTextFP4CGDI,474a20
10211c8a,__ct__15CHotAreaHandlerFRC7CVSRect,46a290
10211d28,__ct__15CHotAreaHandlerFv,46a300
10211d84,Initialise__15CHotAreaHandlerFv,46a330
10211dce,Reset__15CHotAreaHandlerFv,46a350
10211e2a,ProcessArea__15CHotAreaHandlerFP10tagMESSAGERC8CVSPointP15CHotAreaHandler,46a380
10212060,SetActive__15CHotAreaHandlerFUc,46a530
102120b6,SetParent__15CHotAreaHandlerFP12CHotAreaList,46a560
10212102,__ct__12CHotAreaListFRC7CVSRectRC8CVSPointRC8CVSPoint,46a580
1021221e,__dt__12CHotAreaListFv,46a650
1021221e,__dt__12CHotAreaListFv,46aa50
102122f4,UpdateHandlers__12CHotAreaListFv,46a6d0
10212332,DeleteEntry__12CHotAreaListFP15CHotAreaElement,46a6e0
102123ae,ProcessMsg__12CHotAreaListFP10tagMESSAGE,46a710
10212456,ProcessHandlers__12CHotAreaListFRC8CVSPointP10tagMESSAGE,46a770
1021272e,AddToList__12CHotAreaListFP15CHotAreaHandler,46a9a0
102127d0,RemoveFromList__12CHotAreaListFP15CHotAreaHandler,46aa00
1021284a,__ct__12CPVGDIBitmapFv,472290
102128ca,__dt__12CPVGDIBitmapFv,4722d0
1021291c,Free__12CPVGDIBitmapFv,4722e0
10212962,Initialise__12CPVGDIBitmapFv,472310
102129b4,CreateLinePtrs__12CPVGDIBitmapFv,472340
10212a46,ResetLinePtrs__12CPVGDIBitmapFv,4723a0
10212ae8,SetLinePtrs__12CPVGDIBitmapFv,472400
10212b5e,Scroll__12CPVGDIBitmapFRC7CVSRectRC8CVSPoint,472440
10212c50,SetSize__12CPVGDIBitmapFRC7CVSSizei,4725f0
10212d18,SetBitsBase__12CPVGDIBitmapFPUci,472670
10212d8a,GetRects__12CPVGDIBitmapFRC7CVSRectRP7CVSRectRP7CVSRect,4726b0
10212e96,ResetScroll__12CPVGDIBitmapFv,472760
10212ec6,Post__11CTimedQueueFR10tagMESSAGE,458e80
10212f5e,Send__11CTimedQueueFR10tagMESSAGE,458ef0
10212fae,OkFailed__FUc,458f10
10212fda,strtol__FPcPPci,458f30
10213030,_STRM_Init__Fv,458f70
10213176,_STRM_Quit__Fv,4590b0
10213258,_INP_Init__Fv,459130
1021332e,_INP_Quit__Fv,4591f0
102133dc,INIT_SubSystems__Fv,459250
102137a8,INIT_QuitSubSystems__Fv,459520
102138be,INIT_CheckOptions__FPc,4595d0
102139c8,INIT_CmdLine__FPc,4596b0
10213b1e,INIT_Main__FPc,459860
10213c3a,_VSExit__Fi,459970
10213c52,__ct__12CVSStreambufFPci,4583e0
10213c84,__dt__12CVSStreambufFv,458400
10213c84,__dt__12CVSStreambufFv,458e60
10213cca,__ct__6CVSIOsFP12CVSStreambuf,458410
10213d20,__dt__6CVSIOsFv,407e10
10213d20,__dt__6CVSIOsFv,458440
10213d5e,__ct__10CVSOStreamFP12CVSStreambuf,458450
10213dc6,__dt__10CVSOStreamFv,4584a0
10213e2a,_FormatNum__10CVSOStreamFv,4584c0
10213f2c,__ls__10CVSOStreamFPCc,4585b0
10213f6a,__ls__10CVSOStreamFc,4585d0
10213fa6,__ls__10CVSOStreamFl,4585f0
10213ff6,__ls__10CVSOStreamFi,458630
10214046,__ls__10CVSOStreamFPCv,458670
102140ba,__ls__10CVSOStreamFUl,4586e0
1021410a,__ls__10CVSOStreamF3HEX,458780
10214186,__ls__10CVSOStreamF4HEX8,4589c0
10214240,__ls__10CVSOStreamF5CHAR4,458d40
1021429c,vsLtoa__FlPci,458d80
102142e8,vsULtoa__FUlPci,458db0
102143c6,__ct__17CVSDebugStreambufFPciPFPc_Uc,45ad70
10214448,__dt__17CVSDebugStreambufFv,45adc0
10214448,__dt__17CVSDebugStreambufFv,45af60
1021449e,flush__17CVSDebugStreambufFv,45add0
10214504,sputc__17CVSDebugStreambufFc,45ae10
1021466a,sputs__17CVSDebugStreambufFPc,45af20
102146c8,SqRoot__7CVSMathFUi,45a9b0
102147c2,__ct__6CArenaFUlPcP6CArenaP6CArena,4599f0
1021484c,DeleteLists__6CArenaFv,459a40
102148f6,__dt__6CArenaFv,459aa0
1021492e,CheckAndAmalgamate__6CArenaFP7CMBlockP7CMBlock,459b10
102149fc,AddToFreeList__6CArenaFP7CMBlock,459bd0
10214a5a,AddToBlockList__6CArenaFP7CMBlockP7CMBlock,459c00
10214ad4,AddToArenaList__6CArenaFP6CArena,459c40
10214b40,RemoveFromFreeList__6CArenaFP7CMBlock,459c80
10214bac,RemoveFromBlockList__6CArenaFP7CMBlock,459cb0
10214c18,RemoveFromArenaList__6CArenaFP6CArena,459ce0
10214c90,FindSmallestBlock__6CArenaFUlPc,459d20
10214d12,Allocate__6CArenaFPPUcUlPc,459d70
10214f6a,Shrink__6CArenaFPUcUl,
102150e4,Free__6CArenaFPUc,459f70
102151ce,AllocateArena__6CArenaFPP6CArenaUlPc,45a010
102152a2,FreeArena__6CArenaFP6CArena,45a0a0
1021531e,CheckValidPointer__6CArenaFPv,45a0e0
1021539c,CheckMemoryBlock__6CArenaFP7CMBlock,45a1e0
102153dc,CheckFreeMemoryBlock__6CArenaFP7CMBlock,45a230
10215438,StreamOut__6CArenaFR10CVSOStream,45a260
1021557e,CheckIntegrity__6CArenaFv,45a330
102155a4,GetFreeSize__6CArenaFv,45a340
102155ce,GetAllocSize__6CArenaFv,45a350
1021562c,__nw__6CArenaFUlPv,45a390
1021564e,MemSet__6CArenaFPUcUcUl,45a3a0
10215686,MemCopy__6CArenaFPUcPUcUl,45a3d0
102156bc,__ct__9CRAMArenaFUlPcP6CArenaP6CArena,45a3f0
102157b6,__dt__9CRAMArenaFv,45a480
10215808,GetSizeOf__9CRAMArenaFv,45a4a0
1021582c,GetSizeOfBlock__9CRAMArenaFv,45a4b0
10215856,CreateNew__9CRAMArenaFPUcUlPcP6CArenaP6CArena,45a4c0
102158c2,CreateNewBlock__9CRAMArenaFPUcP6CArenaP7CMBlockPcUl,45a500
10215938,__ct__7CMBlockFP6CArenaP7CMBlockPcUl,45a540
1021599a,__dt__7CMBlockFv,45a570
102159c8,StreamOut__7CMBlockFR10CVSOStream,45a5b0
10215a70,SetDesc__7CMBlockFPc,45a610
10215a90,__nw__7CMBlockFUlPv,45a630
10215ab2,__ct__10CMRAMBlockFP6CArenaP7CMBlockPcUl,45a640
10215b2e,InternalNew__FUl,45a6b0
10215be0,InternalDelete__FPv,45a730
10215c5e,__nw__FUl,45a780
10215c7a,__dl__FPv,45a790
10215c96,CheckValidPointer__FPv,45a800
10215cfc,INIT_PreInit__Fv,4727b0
10215dd2,__ct__10CPVSurfaceFv,4663d0
10215e76,__dt__10CPVSurfaceFv,466430
10215ebc,__ct__18CPVBackBuffSurfaceFv,466440
10215f38,__dt__18CPVBackBuffSurfaceFv,4664b0
10215fb6,HasBackBuff__18CPVBackBuffSurfaceFv,4664e0
1021601a,FreeBackBuff__18CPVBackBuffSurfaceFv,466510
1021607c,AllocateBackBuff__18CPVBackBuffSurfaceFv,466540
102161a2,EnableBackBuff__18CPVBackBuffSurfaceFUc,466630
10216200,ResizeBackBuff__18CPVBackBuffSurfaceFv,466660
1021623a,__ct__15CPVZBuffSurfaceFv,466670
102162b2,__dt__15CPVZBuffSurfaceFv,4666e0
1021632c,FreeZBuff__15CPVZBuffSurfaceFv,466710
10216388,AllocateZBuff__15CPVZBuffSurfaceFv,466740
102164b6,EnableZBuff__15CPVZBuffSurfaceFUc,466840
1021650e,ResizeZBuff__15CPVZBuffSurfaceFv,466870
10216542,SetDontUpdateRect__10CPVSurfaceFRC7CVSRect,466880
102165a8,SetWorldWidth__20CPVScrollableSurfaceFi,4668d0
10216626,Clear__7CPVGWndFi,465aa0
102168f0,SetInnerWindow__7CPVGWndFRC7CVSRect,465c70
1021692e,_OnZoom__7CPVGWndFi,465c80
10216992,__ct__6CPVWndFv,465cc0
10216a50,__dt__6CPVWndFv,465d50
10216aee,SetInnerWindow__6CPVWndFRC7CVSRect,465db0
10216b5e,SetRect__6CPVWndFRC7CVSRect,465df0
10216b98,SetRectInnerZoom__6CPVWndFRC7CVSRectRC7CVSRecti,465e00
10216c50,InitHotAreaList__6CPVWndFv,465e60
10216d90,_OnCreate__6CPVWndFv,465f80
10216e16,_OnDestroy__6CPVWndFv,465fe0
10216edc,_OnSize__6CPVWndFv,466060
10217024,_OnMove__6CPVWndFv,466160
1021716c,_OnMove__6CPVWndF8CVSPoint,466260
102171cc,_OnZoom__6CPVWndFi,466280
10217228,SetZoom__6CPVWndFi,4662b0
102172a4,VSQSort,463960
1021740a,shortsort,463ac0
1021746c,swap,463b20
1021749c,__ct__7CBucketFiiPUcPUl,472ce0
102175bc,__dt__7CBucketFv,472dc0
10217666,Allocate__7CBucketFPPUc,472e40
1021778c,Free__7CBucketFPUc,472f00
102178a0,FindFreeOffset__7CBucketF10tagBOFFSET,472fd0
10217948,NewChild__7CBucketFv,473050
10217a0e,RemoveChild__7CBucketFv,4730e0
10217a74,RemoveThis__7CBucketFv,473120
10217aa4,CheckValidPointer__7CBucketFPUc,473140
10217b0c,__ct__12CSmallMemoryFv,473180
10217bf4,__dt__12CSmallMemoryFv,473280
10217c66,Allocate__12CSmallMemoryFiPc,4732d0
10217ce4,Free__12CSmallMemoryFPUc,473340
10217d50,__ls__FR10CVSOStreamR12CSmallMemory,
10217d84,__ct__16CBaseSoundDeviceFv,47f940
10217db8,__dt__16CBaseSoundDeviceFv,47f950
10217db8,__dt__16CBaseSoundDeviceFv,47fa90
10217e02,GetMasterVolume__16CBaseSoundDeviceFv,47f980
10217e38,SetMasterVolume__16CBaseSoundDeviceFUc,47f990
10217e6a,GetMusicVolume__16CBaseSoundDeviceFv,47f9a0
10217e9e,SetMusicVolume__16CBaseSoundDeviceFUc,47f9b0
10217ed0,GetEffectVolume__16CBaseSoundDeviceFv,47f9c0
10217f06,SetEffectVolume__16CBaseSoundDeviceFUc,47f9d0
10217f38,SetVolume__16CBaseSoundDeviceFUliUc,47f9e0
10217f6a,MusicPlayNote__16CBaseSoundDeviceFUcUcUc,47f9f0
10217f9e,MusicSetNoteVolume__16CBaseSoundDeviceFUcUcUc,47fa00
10217fd8,MusicStopNote__16CBaseSoundDeviceFUcUcUc,47fa10
1021800c,MusicSetChannelVolume__16CBaseSoundDeviceFUcUc,47fa20
10218048,MusicSetChannelPatch__16CBaseSoundDeviceFUcUl,47fa30
10218082,MusicSetPitchWheel__16CBaseSoundDeviceFUcUs,47fa40
102180ba,MusicMiscControlMessage__16CBaseSoundDeviceFUcUcUc,47fa50
102180f8,EffectPlay__16CBaseSoundDeviceFUlUsUc,47fa60
1021812c,EffectPlay__16CBaseSoundDeviceFUlUcUc,47fa70
10218160,EffectStop__16CBaseSoundDeviceFUcUc,47fa80
10218192,__ct__13CSoundManagerFUcUcUciP4CWnd,45af80
10218368,__dt__13CSoundManagerFv,45b110
1021846a,SetResId__13CSoundManagerFUl,45b190
102184d0,Background__13CSoundManagerFv,45b1d0
10218532,Foreground__13CSoundManagerFv,45b210
10218602,PrepareMusic__13CSoundManagerFUlUc,45b2c0
10218680,StreamOut__13CSoundManagerFR10CVSOStream,45b320
102186b8,PlayMusic__13CSoundManagerFUl,45b2e0
10218714,ProcessMusic__13CSoundManagerFUl,45b330
1021875e,StopMusic__13CSoundManagerFUl,45b370
102187b4,FreeMusic__13CSoundManagerFUl,45b3b0
10218810,PrepareEffect__13CSoundManagerFUl,45b3f0
102188c0,PlayEffect__13CSoundManagerFUl,45b460
10218924,PlayEffect__13CSoundManagerFUlUc,45b490
10218978,FreeEffect__13CSoundManagerFUl,45b4f0
102189c2,SetVolumes__13CSoundManagerFii,45b510
10218a5e,GetEffectVolume__13CSoundManagerFv,45b560
10218aaa,SetEffectsWnd__13CSoundManagerFP4CWnd,45b580
10218af2,SetMusicWnd__13CSoundManagerFP4CWnd,45b5a0
10218b40,UseMusicCD__13CSoundManagerFUc,45b5f0
10218b78,_STAT_Init__Fv,45aa80
10218bc6,_STAT_Quit__Fv,45aab0
10218c1a,__ct__12CStatManagerFi,45aaf0
10218c74,__dt__12CStatManagerFv,45ab30
10218d00,Register__12CStatManagerFP9CBaseStat,45ab90
10218d50,StreamOut__12CStatManagerFR10CVSOStream,45abb0
10218df8,__ct__9CBaseStatFPc,45ac10
10218e5e,__dt__9CBaseStatFv,45ac50
10218eb2,Update__9CBaseStatFUl,45ac60
10218f14,StreamOut__9CBaseStatFR10CVSOStream,45ac90
10219096,__ct__6VSTrigFv,45a940
1060000c,__ct__17CGameStateMessageFv,410b80
10600066,AddData__17CGameStateMessageFv,410bb0
106000d4,GetData__17CGameStateMessageFv,410be0
1060013a,__ct__3CAIFP5CGame,410c10
10600286,Restart__3CAIFv,410d00
10600c4a,OnLoaded__3CAIFv,
10600d02,__dt__3CAIFv,4117a0
10600d02,__dt__3CAIFv,413e30
10601170,Start__3CAIFv,411b10
106011ec,SendGameState__3CAIF11eGameStates16eGameStateStages,411b70
106012d6,RemoteGameState__3CAIFP17CGameStateMessage,411c10
1060156a,GameState__3CAIF11eGameStatus,411f20
106016d8,SetPlayerIDs__3CAIFv,412080
10601772,DecideAnimsRequired__3CAIFv,412100
106018b4,AddTime__3CAIFi,4121e0
106018da,Process__3CAIFUc,4121f0
10601b88,GetData__3CAIFP9CViewData,4124d0
10601c58,HitTrampoline__3CAIFRC7AICOORDP11CGameObject,4125c0
10601ca6,IsLemmingPlayerControlled__3CAIFP14CPlayerLemming,4125e0
10601cf6,FireBullet__3CAIFUs11eBulletType6eOwneri7AICOORD7AICOORD,412600
10601d94,ProcessMsg__3CAIFP10tagMESSAGE,412660
10601eac,PlayerCheckGroupIntersection__3CAIFP7CVSRectP7AICOORD,412780
10601f0a,EnemyCheckGroupIntersection__3CAIFP7CVSRectP7AICOORD,4127a0
10601f66,SheepCheckGroupIntersection__3CAIFP7CVSRectP7AICOORD,4127c0
10601fc2,BulletCheckGroupIntersection__3CAIFP7CVSRectP7AICOORD,4127e0
1060201a,StepOn__3CAIFRC7AICOORDP11CGameObjectUs,412890
10602280,OpenDoor__3CAIFRC7AICOORDP11CGameObjectUs,412ad0
10602334,GetNodePosition__3CAIFi,412b60
1060238e,AddData__3CAIFv,412b80
10602402,GetData__3CAIFv,412be0
10602470,LemmingsSFXChanged__3CAIFv,412c50
106024a4,QuitGame__3CAIFv,412c60
106024e8,SwitchMessage__3CAIF9swMessageiii,412c80
106025ce,GetPlayerPos__3CAIFiR7AICOORD,412dc0
1060264e,GetOrigin__3CAIFR7AICOORDRUc,412e20
1060268e,AddNewTrapDoor__3CAIFiiiUl,412eb0
1060272a,LevelName__3CAIFv,412f00
10602750,LoadLevel__3CAIFPUciUc,412f10
1060281a,FixUpLevel__3CAIFv,412fb0
10602894,DoorId__3CAIFi,413000
106028c0,LiftId__3CAIFi,413020
106028ec,GetDead__3CAIFv,413040
10602914,GetObjectRequired__3CAIF11eObjectType,413090
10602948,SetObjectRequired__3CAIF11eObjectTypeUc,4130a0
106029a6,FindMoverHeight__3CAIFiiRi,4130d0
106029e6,NLemmings__3CAIFi,4130f0
10602a0c,AddANetworkStart__3CAIFiiii,413180
10602a54,SetNetworkTrapDoors__3CAIFiiiii,4131e0
10602b0a,LoadFlagInfo__3CAIFPUci,413300
10602bc2,nDead__3CAIFv,413370
10602be6,Score__3CAIFi,413390
10602c1c,AnimSpCmp__FPCvPCv,409910
10602c5e,Initialise__12CAnimSpecialFP4CMap,409930
10602f0e,__ct__12CBalloonPostFP3CAI,429f50
10603000,Restart__12CBalloonPostFv,42a030
10603072,__dt__12CBalloonPostFv,42a070
1060312c,FindPost__12CBalloonPostF11eObjectTypeR7AICOORD,42a0b0
106031fe,Process__12CBalloonPostFv,42a170
10603386,GetViewData__12CBalloonPostFP9CViewData,42a320
10603486,LoadLevel__12CBalloonPostFPUciUc,42a4e0
106035ea,__ct__15CTheBalloonPostF11eObjectTypeUc,42a5c0
1060364a,__ct__5CBallFv,421660
106036a8,Restart__5CBallFv,421690
106036f0,Set__5CBallF7AICOORD7AICOORDi,4216c0
106037c0,StartMovement__5CBallFUc,421770
10603926,Move__5CBallFv,421870
10603a98,HitBullet__5CBallFP7CBullet,421aa0
10603ace,Delete__5CBallFv,421ab0
10603b26,SetHeightCorrect__5CBallFv,421b40
10603b92,Process__5CBallFv,421bc0
10603d56,LoadLevel__5CBallFRPUc,421da0
10603ef6,__ct__12CBallManagerFP3CAIi,421ea0
10603f34,Restart__12CBallManagerFv,421ec0
10603f8c,Initialise__12CBallManagerFi,421ef0
10604034,__dt__12CBallManagerFv,421f80
106040be,Process__12CBallManagerFv,421fc0
10604112,Delete__12CBallManagerFP5CBall,421ff0
10604190,LoadLevel__12CBallManagerFPUciUc,422060
1060420e,Add__18CBaseObjectManagerFP15CNetworkMessage,40ad30
106042fe,AddData__18CBaseObjectManagerFv,40adc0
10604328,ProcessNetwork__18CBaseObjectManagerFv,40add0
10604496,GetData__18CBaseObjectManagerFv,40aed0
10604572,__ct__7CBulletFv,41a510
1060466a,Restart__7CBulletFv,41a5a0
106046a4,Set__7CBulletFUs11eBulletType6eOwneri7AICOORD7AICOORD,41a5c0
1060479e,TriggerBullet__7CBulletFv,41a6d0
1060483a,FireBullet__7CBulletFv,41a760
1060489a,Process__7CBulletFv,41a7a0
10604b20,AddData__7CBulletFv,41aaa0
10604c4e,GetData__7CBulletFv,41ab80
10604dbe,Free__7CBulletFv,41ac70
10604e14,Receive__7CBulletFUsP15CNetworkMessage,41aca0
10604eb2,__ct__14CBulletManagerFv,417d80
10604fc2,Restart__14CBulletManagerFv,417e80
1060502c,__dt__14CBulletManagerFv,417ec0
1060502c,__dt__14CBulletManagerFv,418300
106050a0,NextFreeBullet__14CBulletManagerFv,417ee0
10605114,GetFirstBullet__14CBulletManagerFv,417f40
1060514e,GetNextBullet__14CBulletManagerFv,417f50
1060519a,RequestRemoteBullet__14CBulletManagerFP7CBullet,417f80
106051e8,RequestBullet__14CBulletManagerFUs11eBulletType6eOwneri7AICOORD7AICOORD,417fa0
106052d4,Process__14CBulletManagerFv,418040
10605340,RemoveBullet__14CBulletManagerFP7CBullet,418080
106053c2,GetViewData__14CBulletManagerFP9CViewData,4180e0
10605444,CheckGroupIntersection__14CBulletManagerFP7CVSRectP7AICOORD,418120
10605528,__ct__19CCollectableManagerFP3CAIi,4223c0
106055be,Restart__19CCollectableManagerFv,422420
10605628,Initialise__19CCollectableManagerFi,422460
106056a4,__dt__19CCollectableManagerFv,4224c0
106056a4,__dt__19CCollectableManagerFv,422f70
10605754,Process__19CCollectableManagerFv,422550
106057bc,Add__19CCollectableManagerFUsiii11eObjectType,422590
10605952,LoadLevel__19CCollectableManagerFPUciUc,422790
10605b0e,__ct__12CCollectableFiii11eObjectType,422870
10605bbc,Restart__12CCollectableFv,4228b0
10605c14,__dt__12CCollectableFv,4228f0
10605c14,__dt__12CCollectableFv,423060
10605c74,Process__12CCollectableFv,422900
10605e54,SetSFX__5CFlagFv,422b30
10605e84,Process__5CFlagFv,422b40
10605f2e,Collected__5CFlagFv,422c00
10605f8a,Collected__6CBonusFv,422c40
10605fbc,SetSFX__6CBonusFv,422c60
10605fec,SetSFX__10CTimeBonusFv,422c70
10606022,Collected__10CTimeBonusFv,422c80
10606068,__ct__9CAICursorFP3CAIii,414da0
106060dc,__dt__9CAICursorFv,414de0
106060dc,__dt__9CAICursorFv,414f00
1060613e,SetCursorXY__9CAICursorFii,414e00
10606182,CheckAndClipCursorBounds__9CAICursorFv,414e20
106061f0,GetCursorSurfaceCoordinates__9CAICursorFRiRi,414e60
1060623c,ProcessMsg__9CAICursorFP10tagMESSAGE,414e80
106062b0,__ct__5CDoorFv,40d470
106062f0,Restart__5CDoorFv,40d490
10606316,Set__5CDoorF11eObjectTypeUsiii,40d4a0
106065bc,Delete__5CDoorFv,40d760
106066c2,SetCollision__5CDoorFv,40d910
10606794,ResetCollision__5CDoorFv,40da40
10606868,Process__5CDoorFv,40db80
106069f4,Unlock__5CDoorFv,40dd00
10606a54,IsUsable__5CDoorF7eAction,40dd30
10606a96,Hits__5CDoorFRC7AICOORDP11CGameObject,40dd80
10606be8,DoActivate__5CDoorFv,40dec0
10606c72,__ct__12CDoorManagerFP3CAIi,40df30
10606cfc,Restart__12CDoorManagerFv,40df90
10606d5e,Initialise__12CDoorManagerFi,40dfc0
10606e32,__dt__12CDoorManagerFv,40e060
10606e32,__dt__12CDoorManagerFv,40ebe0
10606eaa,GetViewData__12CDoorManagerFP9CViewData,40e080
10606f2a,Add__12CDoorManagerFUs11eObjectTypeUsiii,40e0c0
10606fe4,Open__12CDoorManagerFRC7AICOORDP11CGameObject,40e500
10607066,Process__12CDoorManagerFv,40e550
10607100,Switch__12CDoorManagerF9swMessagei,40e5a0
10607194,Id__12CDoorManagerFi,40e600
106071e4,LoadLevel__12CDoorManagerFPUciUc,40e630
106072fe,__ct__11CDuplicatorFRC7AICOORD,4275b0
10607368,__dt__11CDuplicatorFv,4275e0
10607368,__dt__11CDuplicatorFv,427aa0
106073c6,Restart__11CDuplicatorFv,4275f0
10607420,Set__11CDuplicatorFRC7AICOORD,427630
106074de,Delete__11CDuplicatorFv,4276f0
10607574,Process__11CDuplicatorFv,427780
106076b8,ActivatePosition__11CDuplicatorFv,427890
10607736,Activate__11CDuplicatorFP11CGameObject,4278c0
106077b8,DoActivate__11CDuplicatorFv,427910
10607884,__ct__6CEnemyFP3CAIiiii,41fba0
106079d6,Restart__6CEnemyFv,41fcd0
10607a9e,__dt__6CEnemyFv,41fda0
10607a9e,__dt__6CEnemyFv,420ab0
10607b5e,SetEnemyType__6CEnemyF18eEnemyStateActions16eEnemyStateRules18eEnemyStateActions16eEnemyStateRules18eEnemyStateActions16eEnemyStateRules,41fe30
10607c1a,Process__6CEnemyFv,41fec0
10607cd2,ProcessAction__6CEnemyF16eEnemyStateRules18eEnemyStateActionsP18tEnemyLemmingUnion,41ff60
10607dce,ProcessRule__6CEnemyF16eEnemyStateRules,420000
10607e80,EnemyRule_RADIUS50__6CEnemyFv,420070
10607ed4,EnemyRule_RADIUS50ANDLINEOFSIGHT__6CEnemyFv,420090
10607f6a,EnemyAction_PATROL__6CEnemyFP18tEnemyLemmingUnion,4200f0
1060807e,EnemyAction_TURNANDFIRERAPID__6CEnemyFP18tEnemyLemmingUnion,4201a0
106080d4,EnemyAction_TURNANDFIRESLOW__6CEnemyFP18tEnemyLemmingUnion,4201b0
10608128,EnemyAction_TURNANDFIRERANDOM__6CEnemyFP18tEnemyLemmingUnion,4201c0
106081b0,CheckRadius__6CEnemyFi,420200
1060827a,LineOfSight__6CEnemyF7AICOORD,4202a0
10608396,TurnToFaceTarget__6CEnemyFv,420350
1060846a,IsRequestingFire__6CEnemyFv,4203d0
106084a0,RequestFire__6CEnemyFi,4203e0
10608502,Fire__6CEnemyFv,420430
106085c0,StartFiring__6CEnemyFv,4204d0
106085f2,EndFiring__6CEnemyFv,4204e0
106086d0,HitBullet__6CEnemyFP7CBullet,420600
10608732,FacingTarget__6CEnemyFv,420650
106087b4,HitMine__6CEnemyFv,4206a0
10608820,HitBall__6CEnemyFv,4206f0
10608864,GetHit__6CEnemyFv,420720
106088ac,__ct__11CEnemyGroupFP3CAIP14CObjectManagerP17CFormationManager,420ae0
10608928,ENEMY_GetLONG__FPUl,420b50
10608950,__ct__18CEnemyGroupManagerFP3CAIP14CObjectManagerP17CFormationManager,420b80
10608a38,__dt__18CEnemyGroupManagerFv,
10608a92,Restart__18CEnemyGroupManagerFv,420bb0
10608b06,LoadLevel__18CEnemyGroupManagerFP16tagLoadEnemyDataUlUc,420dd0
10608cba,LoadLevelAdditional_Waypoint__18CEnemyGroupManagerFP32tagLoadEnemyDataAdditionalActionRP22tagWaypointInformation,420f90
10608de2,__ct__17CFormationManagerFv,41a140
10608e92,Restart__17CFormationManagerFv,41a1b0
10608ec4,__dt__17CFormationManagerFv,41a1c0
10608f08,TransformFormation__17CFormationManagerFii,41a1d0
10608fa4,GetAVector__17CFormationManagerFi,41a320
10608fec,__ct__11CGameObjectF11eObjectTypeUsUs,414f30
10609206,Restart__11CGameObjectFv,4150d0
106092da,__dt__11CGameObjectFv,415160
106092da,__dt__11CGameObjectFv,417ad0
1060936a,Initialise__11CGameObjectFv,4151b0
106093e4,StartFly__11CGameObjectFR9C3DVectorP9C3DVector,415240
106094cc,Fly__11CGameObjectFv,415300
106097cc,RotateClockwise__11CGameObjectFv,415520
1060980e,RotateAnticlockwise__11CGameObjectFv,415550
10609852,StartMoving__11CGameObjectFv,415580
10609ab0,StopMoving__11CGameObjectFv,415780
10609afc,MapCheck__11CGameObjectFii,4157b0
10609bba,StartRoute__11CGameObjectFv,415830
10609c9c,SearchRoute__11CGameObjectFv,4158b0
10609ed2,Blocked__11CGameObjectFv,415a20
10609f0c,Move__11CGameObjectFv,415a30
1060a266,TurnToFaceDestination__11CGameObjectFv,415d90
1060a34a,FacingDestination__11CGameObjectFv,415e20
1060a3e0,DeleteFirstEntryFromDestinationList__11CGameObjectFv,415e80
1060a4a4,AddDestination__11CGameObjectFRC7AICOORD,415ef0
1060a51c,AlterDestination__11CGameObjectFRC7AICOORD,415f30
1060a626,GetDestination__11CGameObjectFv,416000
1060a6b0,DestinationExists__11CGameObjectFv,4160c0
1060a6f2,EmptyDestinationList__11CGameObjectFv,4160e0
1060a72e,GetBoundingBox__11CGameObjectFR7CVSRect,4160f0
1060a796,Jump__11CGameObjectFv,416130
1060a8c6,Fall__11CGameObjectFv,416220
1060aaac,OnLift__11CGameObjectFR8tCoord3d,416340
1060ab76,OffLift__11CGameObjectFR8tCoord3d,416410
1060abb8,OnLift__11CGameObjectFR8tCoord3dR8tCoord3d,416420
1060ac8e,OffLift__11CGameObjectFR8tCoord3dR8tCoord3d,4164f0
1060acde,StartSommersault__11CGameObjectFv,416510
1060ad78,IsSelectable__11CGameObjectFv,416570
1060adc0,ResetInstructions__11CGameObjectFv,416590
1060ae5c,Init__11CGameObjectFP3CAI,4165e0
1060aeb2,GetId__11CGameObjectFv,416610
1060aedc,SetId__11CGameObjectFUs,416620
1060af12,ReSetId__11CGameObjectFv,416640
1060af92,NextId__11CGameObjectFv,416670
1060b006,NextLoadingId__11CGameObjectFv,4166a0
1060b080,RegisterId__11CGameObjectFv,416740
1060b144,UpdateCollision__11CGameObjectFv,4167c0
1060b1e6,StartLand__11CGameObjectFv,416820
1060b23a,__ct__15CGameObjectMessFUl,416850
1060b292,Send__15CGameObjectMessFP17CGlobalGameObject,416880
1060b2ea,AddData__15CGameObjectMessFv,4168a0
1060b33e,GetData__15CGameObjectMessFv,4168c0
1060b366,__ct__22CObjectChangeStateMessFv,4168d0
1060b3b6,AddData__22CObjectChangeStateMessFv,4168f0
1060b43a,GetData__22CObjectChangeStateMessFv,416940
1060b54c,__ct__18CRequestActionMessFv,416a10
1060b596,AddData__18CRequestActionMessFv,416a30
1060b5e6,GetData__18CRequestActionMessFv,416a50
1060b69a,__ct__17CRequestReplyMessFv,416ac0
1060b6e2,AddData__17CRequestReplyMessFv,416ae0
1060b732,GetData__17CRequestReplyMessFv,416b00
1060b7da,__ct__18CRequestCancelMessFv,416b70
1060b820,__ct__17CRemoveObjectMessFv,416b90
1060b864,__ct__14CObjectPosMessFv,416bb0
1060b8ac,AddData__14CObjectPosMessFv,416bd0
1060b95e,GetData__14CObjectPosMessFv,416c30
1060ba1e,__ct__14CObjectHitMessFv,416c80
1060ba64,AddData__14CObjectHitMessFv,416ca0
1060bab0,GetData__14CObjectHitMessFv,416cc0
1060baf0,__ct__15CObjectDiesMessFv,416ce0
1060bb36,AddData__15CObjectDiesMessFv,416d00
1060bb66,GetData__15CObjectDiesMessFv,416d10
1060bb8e,__ct__17CGlobalGameObjectF11eObjectTypeUsUs,416d20
1060bbf2,Restart__17CGlobalGameObjectFv,416d50
1060bc46,UsableState__17CGlobalGameObjectFv,416d90
1060bc8c,Action__17CGlobalGameObjectF7eAction,416db0
1060bce8,Action__17CGlobalGameObjectF7eActioni,416de0
1060bd38,RequestAction__17CGlobalGameObjectF7eAction,416e20
1060bdb8,CancelRequest__17CGlobalGameObjectFv,416e70
1060be00,Receive__17CGlobalGameObjectFUsP15CNetworkMessage,416e90
1060bf4a,SendRemove__17CGlobalGameObjectFv,416fc0
1060bf8e,SendCancel__17CGlobalGameObjectFv,416fd0
1060bfd2,SetMessages__17CGlobalGameObjectFv,416fe0
1060c134,DeleteMessages__17CGlobalGameObjectFv,417150
1060c298,__ct__13CGenericGroupFP3CAIP14CObjectManagerP17CFormationManagerii,41dda0
1060c3aa,__dt__13CGenericGroupFv,41de40
1060c3aa,__dt__13CGenericGroupFv,41e8c0
1060c44c,Restart__13CGenericGroupFv,41de80
1060c4a0,Process__13CGenericGroupFv,41deb0
1060c50a,GetElementsInGroup__13CGenericGroupFv,41def0
1060c544,GetFirstElementInGroup__13CGenericGroupFv,41df00
1060c588,GetNextElementInGroup__13CGenericGroupFv,41df20
1060c5de,GetCurrentElementInGroup__13CGenericGroupFv,41df40
1060c634,GetNthElementInGroup__13CGenericGroupFi,41df60
1060c68c,SwapElements__13CGenericGroupFP11CGameObjectP11CGameObject,41dfc0
1060c71c,AddElementToGroup__13CGenericGroupFP11CGameObject,41e020
1060c776,RemoveElementFromGroup__13CGenericGroupFP11CGameObject,41e050
1060c814,ConfirmElementIsInGroup__13CGenericGroupFP11CGameObject,41e0c0
1060c880,ConfirmElementIsInGroup__13CGenericGroupFUs,41e100
1060c8f0,GetBoundingBox__13CGenericGroupFv,41e140
1060c974,GetBoundingBox__13CGenericGroupFR7CVSRect,41e180
1060c9dc,CalculateBoundingBox__13CGenericGroupFi,41e1c0
1060cb04,AddNewWaypoint__13CGenericGroupF7AICOORDP17CFormationManager,41e290
1060cb96,SendNewWaypoint__13CGenericGroupF7AICOORD,41e2e0
1060cd04,OverideExistingWaypoints__13CGenericGroupF7AICOORD,41e3c0
1060cd42,ClearExistingWaypoints__13CGenericGroupFv,41e3d0
1060cdbc,SetFormationIndex__13CGenericGroupFi,41e400
1060cdf6,GetFormationIndex__13CGenericGroupFv,41e410
1060ce2e,ReformAlteredGroup__13CGenericGroupFP17CFormationManager,41e420
1060cff2,CheckGroupIntersection__13CGenericGroupFP7CVSRectP7AICOORD,41e530
1060d14a,GetViewData__13CGenericGroupFP9CViewData,41e640
1060d1da,__ct__20CGenericGroupManagerFP3CAIP14CObjectManagerP17CFormationManager,41e8f0
1060d272,__dt__20CGenericGroupManagerFv,41e940
1060d2f6,Restart__20CGenericGroupManagerFv,41e970
1060d368,Process__20CGenericGroupManagerFv,41e9f0
1060d3dc,GetNumberOfGroups__20CGenericGroupManagerFv,41ea20
1060d41c,GetFirstGroup__20CGenericGroupManagerFv,41ea30
1060d464,GetNextGroup__20CGenericGroupManagerFv,41ea50
1060d4b4,GetNthGroup__20CGenericGroupManagerFi,41ea70
1060d506,GetCurrentGroup__20CGenericGroupManagerFv,41ea90
1060d556,GetNumberOfElements__20CGenericGroupManagerFv,41eab0
1060d5da,GetFirstElement__20CGenericGroupManagerFv,41eae0
1060d640,GetNextElement__20CGenericGroupManagerFv,41eb00
1060d6e2,GetCurrentElement__20CGenericGroupManagerFv,41eb40
1060d750,GetNthElement__20CGenericGroupManagerFi,41eb60
1060d7c8,GetGroupElementIsMemberOf__20CGenericGroupManagerFP11CGameObject,41eb90
1060d86a,CreateNewGroup__20CGenericGroupManagerFUsPUs,41ebe0
1060d93e,AddNewGroup__20CGenericGroupManagerFP13CGenericGroup,41ec80
1060d998,CreateNewGroup__20CGenericGroupManagerFv,41eca0
1060d9cc,DeleteGroup__20CGenericGroupManagerFP13CGenericGroup,41ecb0
1060da66,AddElementToGroup__20CGenericGroupManagerFP11CGameObjectP13CGenericGroup,41ed20
1060dae2,RemoveElementFromGroup__20CGenericGroupManagerFP11CGameObjectP13CGenericGroup,41ed40
1060dbd2,FindElementInGroupAndRemoveIt__20CGenericGroupManagerFP11CGameObject,41ede0
1060dc5a,GetAllBoundingBoxes__20CGenericGroupManagerFP5tRect,41ee00
1060dd46,GetViewData__20CGenericGroupManagerFP9CViewData,41ee90
1060ddde,CheckGroupIntersection__20CGenericGroupManagerFP7CVSRectP7AICOORD,41eed0
1060de8a,__ct__11CGodManagerFi,40b020
1060df5c,__dt__11CGodManagerFv,40b0d0
1060df5c,__dt__11CGodManagerFv,40b450
1060e004,Restart__11CGodManagerFv,40b120
1060e060,Register__11CGodManagerFP18CBaseObjectManager,40b150
1060e0dc,ProcessMsg__11CGodManagerFP10tagMESSAGE,40b210
1060e190,TransportReceive__11CGodManagerFP11CReadPacket,40b290
1060e222,GetViewData__11CGodManagerFP9CViewData,40b2e0
1060e298,Process__11CGodManagerFv,40b320
1060e30e,__ct__11CGroundAnimFv,40cf00
1060e332,Restart__11CGroundAnimFv,40cf10
1060e36e,__dt__11CGroundAnimFv,40cf30
1060e3ac,CheckAllAnims__11CGroundAnimFv,40cf40
1060e4a4,Process__11CGroundAnimFv,40cff0
1060e5ae,Check__11CGroundAnimFRC8tCoord3d,40d080
1060e62a,Add__11CGroundAnimFRC8tCoord3dUsUs,40d130
1060e768,LoadLevel__11CGroundAnimFPUciUc,40d2e0
1060e81a,__ct__19CPlayerLemmingGroupFP3CAIP14CObjectManagerP17CFormationManager,414010
1060e89e,Restart__19CPlayerLemmingGroupFv,414040
1060e8ec,__dt__19CPlayerLemmingGroupFv,414070
1060e8ec,__dt__19CPlayerLemmingGroupFv,414c80
1060e946,GetViewData__19CPlayerLemmingGroupFP9CViewData,414080
1060e9e6,CloseTo__F7AICOORD7AICOORD,4140d0
1060ea70,Delete__19CPlayerLemmingGroupFv,414130
1060eab2,Process__19CPlayerLemmingGroupFv,414150
1060f0f2,AddLemmingToGroup__19CPlayerLemmingGroupFP14CPlayerLemming,414600
1060f19e,AddUseObject__19CPlayerLemmingGroupFi,414660
1060f2a6,AddUseObject__19CPlayerLemmingGroupFP11CGameObjecti,414730
1060f38c,RemoveLemmingFromGroup__19CPlayerLemmingGroupFP14CPlayerLemming,4147d0
1060f420,SetPlayerControlled__19CPlayerLemmingGroupFUcP14CPlayerLemming,414810
1060f4e4,CheckPlayerControlled__19CPlayerLemmingGroupFv,414880
1060f526,GetFirstDeadLemming__19CPlayerLemmingGroupFv,414890
1060f596,ClearExistingWaypoints__19CPlayerLemmingGroupFv,4148f0
1060f66a,HasSFXChanged__19CPlayerLemmingGroupFv,4149a0
1060f6e4,__ct__26CPlayerLemmingGroupManagerFP3CAIP14CObjectManagerP17CFormationManager,418400
1060f84a,Restart__26CPlayerLemmingGroupManagerFv,418520
1060f890,__dt__26CPlayerLemmingGroupManagerFv,418540
1060f890,__dt__26CPlayerLemmingGroupManagerFv,419930
1060f9ac,GetDead__26CPlayerLemmingGroupManagerFv,4185d0
1060fa00,GetLeaderPos__26CPlayerLemmingGroupManagerFR7AICOORD,4185f0
1060fa8a,ProcessDead__26CPlayerLemmingGroupManagerFv,418640
1060fac2,Process__26CPlayerLemmingGroupManagerFv,418650
1060fbd4,DeleteGroup__26CPlayerLemmingGroupManagerFP19CPlayerLemmingGroup,418720
1060fc30,CreateNewGroup__26CPlayerLemmingGroupManagerFUsPUs,418730
1060fd36,AddPlayerLemmingToGroup__26CPlayerLemmingGroupManagerFP14CPlayerLemmingP19CPlayerLemmingGroup,418820
1060fdc4,IsLemmingPlayerControlled__26CPlayerLemmingGroupManagerFP14CPlayerLemming,418840
1060fe42,MakeNextGroupPlayerControlled__26CPlayerLemmingGroupManagerFv,418860
1060ff02,MakePreviousGroupPlayerControlled__26CPlayerLemmingGroupManagerFv,4188e0
1060ffce,MakeParticularGroupPlayerControlled__26CPlayerLemmingGroupManagerFP19CPlayerLemmingGroup,418960
10610098,MakeNoGroupsPlayerControlled__26CPlayerLemmingGroupManagerFv,4189c0
10610112,GetPlayerControlledGroup__26CPlayerLemmingGroupManagerFv,4189f0
1061018c,AddNewWaypointToCurrentGroup__26CPlayerLemmingGroupManagerFii,418a30
1061025e,RemoveWaypointsFromCurrentGroup__26CPlayerLemmingGroupManagerFv,418a90
106102ce,UseObject__26CPlayerLemmingGroupManagerFi,418ab0
1061038e,ReformAlteredGroups__26CPlayerLemmingGroupManagerFP19CPlayerLemmingGroup,418b20
1061042c,PlayerGroupRequestFire__26CPlayerLemmingGroupManagerFii,418b60
106104be,InitialiseNetwork__26CPlayerLemmingGroupManagerFv,418ca0
106105a0,LoadLevel__26CPlayerLemmingGroupManagerFPUcUlUc,418d20
106108a8,LoadAdditionalPlayerStartPositions__26CPlayerLemmingGroupManagerFPUcUlUc,419060
10610c54,HasSFXChanged__26CPlayerLemmingGroupManagerFv,419440
10610cc6,GetViewData__26CPlayerLemmingGroupManagerFP9CViewData,419490
10610d62,__ct__5CHandFv,427ad0
10610da2,Initialise__5CHandFv,427af0
10610dd2,Restart__5CHandFv,427b10
10610e1c,__dt__5CHandFv,427b40
10610e1c,__dt__5CHandFv,428800
10610e74,Set__5CHandFUsRC7AICOORD,427b50
10610f5a,Process__5CHandFv,427c40
106110b6,StepOn__5CHandFRC7AICOORDP11CGameObject,427d70
106111a0,DoActivate__5CHandFv,427e10
106111f4,__ct__12CHandManagerFP3CAIi,427e60
1061127e,Restart__12CHandManagerFv,427ec0
106112e0,Initialise__12CHandManagerFi,427ef0
106113ac,__dt__12CHandManagerFv,427fa0
106113ac,__dt__12CHandManagerFv,4287d0
10611422,StepOn__12CHandManagerFRC7AICOORDP11CGameObject,428360
106114e2,Process__12CHandManagerFv,4283c0
1061157a,GetViewData__12CHandManagerFP9CViewData,428410
106115f8,Add__12CHandManagerFUsiii,428460
10611698,LoadLevel__12CHandManagerFPUciUc,4284c0
1061176c,__ct__4CIceFv,42ca70
106117aa,Restart__4CIceFv,42ca90
106117da,Initialise__4CIceFv,42cab0
1061181a,__dt__4CIceFv,42caf0
1061181a,__dt__4CIceFv,42e500
10611870,Set__4CIceFUsRC8tCoord3dRC8tCoord3diiUc,42cb00
10611a44,Process__4CIceFv,42cd70
1061200c,StepOn__4CIceFRC7AICOORDP11CGameObject,42d380
1061217a,Leave__4CIceFP14CPlayerLemming,42d4d0
1061220e,Switch__4CIceFv,42d550
10612236,Switched__4CIceFv,42d560
10612448,__ct__11CIceManagerFP3CAIi,42d7a0
106124d2,Restart__11CIceManagerFv,42d800
10612534,Initialise__11CIceManagerFi,42d830
106125fe,__dt__11CIceManagerFv,42d8e0
106125fe,__dt__11CIceManagerFv,42e4d0
10612672,Process__11CIceManagerFv,42dd00
106126ce,GetViewData__11CIceManagerFP9CViewData,42dd30
10612708,StepOn__11CIceManagerFRC7AICOORDP11CGameObject,42dd40
1061278a,Switch__11CIceManagerF9swMessagei,42dd90
1061281e,Add__11CIceManagerFUsRC8tCoord3dRC8tCoord3diiUc,42ddf0
106128a4,LoadLevel__11CIceManagerFPUciUc,42dea0
106129ea,__ct__16CInvisibleSwitchFv,409ca0
10612a36,Restart__16CInvisibleSwitchFv,409cc0
10612a72,Initialise__16CInvisibleSwitchFv,409ce0
10612ac0,__dt__16CInvisibleSwitchFv,409d10
10612ac0,__dt__16CInvisibleSwitchFv,40ac60
10612b24,Set__16CInvisibleSwitchFRC8tCoord3dRC8tCoord3d,409d70
10612c94,VerifyObjects__16CInvisibleSwitchFv,409ec0
10612d88,AddObject__16CInvisibleSwitchFP11CGameObject,409f70
10612dfe,StepOn__16CInvisibleSwitchFRC7AICOORDP11CGameObject,409fa0
10612ec2,DoActivate__16CInvisibleSwitchFv,40a020
10612f14,Process__16CInvisibleSwitchFv,40a050
10613016,Load__16CInvisibleSwitchFRPUc,40a110
10613140,__ct__23CInvisibleSwitchManagerFP3CAIi,40a210
106131d6,Restart__23CInvisibleSwitchManagerFv,40a270
10613244,Initialise__23CInvisibleSwitchManagerFi,40a2a0
1061331c,__dt__23CInvisibleSwitchManagerFv,40a350
1061331c,__dt__23CInvisibleSwitchManagerFv,40ac30
10613398,StepOn__23CInvisibleSwitchManagerFRC7AICOORDP11CGameObject,40a370
1061341c,Process__23CInvisibleSwitchManagerFv,40a3b0
10613484,LoadLevel__23CInvisibleSwitchManagerFPUciUc,40a490
10613518,__ct__6CLaserFv,428890
10613558,Restart__6CLaserFv,4288b0
1061358a,Initialise__6CLaserFv,4288d0
106135c0,__dt__6CLaserFv,4288f0
106135c0,__dt__6CLaserFv,429ed0
10613618,Set__6CLaserFUsRC7AICOORD11eObjectType,428900
1061378e,CheckHits__6CLaserFv,428ab0
106138ea,Process__6CLaserFv,428cf0
10613ace,Activate__6CLaserFv,428ec0
10613b58,StepOn__6CLaserFRC7AICOORDP11CGameObject,428f30
10613bec,GetViewData__6CLaserFP9CViewData,428f90
1061403a,__ct__13CLaserManagerFP3CAIi,429320
106140c6,Restart__13CLaserManagerFv,429380
1061412a,Initialise__13CLaserManagerFi,4293b0
106141f0,__dt__13CLaserManagerFv,429450
106141f0,__dt__13CLaserManagerFv,429ea0
10614266,StepOn__13CLaserManagerFRC7AICOORDP11CGameObject,4297f0
10614332,Process__13CLaserManagerFv,429850
106143d2,GetViewData__13CLaserManagerFP9CViewData,4298a0
1061444c,Add__13CLaserManagerFUsiii11eObjectType,4298f0
10614500,LoadLevel__13CLaserManagerFPUciUc,429950
106145ea,__ct__5CLiftFv,424d00
1061462a,__dt__5CLiftFv,424d20
1061462a,__dt__5CLiftFv,426710
10614682,CalculateCliff__5CLiftFv,424d30
106147aa,Edit__5CLiftFisii17eLiftActivateTypeUc,424df0
10614982,Set__5CLiftFiiisii17eLiftActivateTypeUc,425010
10614a04,Set__5CLiftFR8tCoord3dR8tCoord3dsii17eLiftActivateTypeUc,425060
10614b04,Process__5CLiftFv,425100
10614dee,CheckObjects__5CLiftFv,425440
10614ea0,StepOn__5CLiftFRC7AICOORDP11CGameObject,4254a0
10614ffc,Activate__5CLiftFv,425640
1061503a,ActivateDeactivate__5CLiftFv,425660
1061508e,__ct__12CLiftManagerFP3CAIi,425680
10615118,Restart__12CLiftManagerFv,4256e0
10615180,Initialise__12CLiftManagerFi,425720
1061524c,__dt__12CLiftManagerFv,4257c0
1061524c,__dt__12CLiftManagerFv,4266e0
106152bc,Process__12CLiftManagerFv,425d30
10615344,StepOn__12CLiftManagerFRC7AICOORDP11CGameObject,425d80
106153be,GetViewData__12CLiftManagerFP9CViewData,425df0
10615516,Switch__12CLiftManagerF9swMessageiii,425f10
1061561a,Id__12CLiftManagerFi,425f90
10615668,LoadLevel__12CLiftManagerFPUciUc,425fc0
10615900,__ct__5CMazeFP4CMap,423090
1061593a,__dt__5CMazeFv,4230c0
106159a4,ReInitialise__5CMazeFv,423110
10615a26,Initialise__5CMazeFv,423190
10615ad8,CalcNewDistance__5CMazeFii,423230
10615bd0,FindSquare__5CMazeFUsRiRi,4232e0
10615c8c,UpdateChangeNext__5CMazeFii,423380
10615da4,Clear__5CMazeFPUc,4234a0
10615e04,SwapChange__5CMazeFv,4234f0
10615e5a,BInitialise__5CMazeFUciiii,423530
10615f52,BIteration__5CMazeFRUcRUc,423650
10616122,Direction__Fiiii,423890
1061616a,BSolution__5CMazeFRiP9tSolution,4238b0
10616282,__ct__5CMineFv,423c10
106162c2,Restart__5CMineFv,423c30
106162f2,Initialise__5CMineFv,423c50
10616354,Set__5CMineF7AICOORD,423cb0
106163f0,Trigger__5CMineFi,423d40
1061643c,DoActivate__5CMineFv,423d70
106164b0,SetTerrain__5CMineFv,423dd0
10616578,StepOn__5CMineFP11CGameObject,423e70
106165be,IsUsable__5CMineF7eAction,423e90
106165fa,Process__5CMineFv,423eb0
106166fc,OnGround__5CMineFv,423fa0
10616764,__ct__12CMineManagerFP3CAIi,424020
106167f2,Restart__12CMineManagerFv,424080
10616854,Initialise__12CMineManagerFi,4240b0
1061693e,__dt__12CMineManagerFv,424170
1061693e,__dt__12CMineManagerFv,424c30
106169c2,Triggered__12CMineManagerFP5CMine,424560
10616a0a,Trigger__12CMineManagerFii,424580
10616b24,StepOn__12CMineManagerFRC7AICOORDP11CGameObject,424630
10616c5e,Add__12CMineManagerFUs7AICOORD,424710
10616d46,Process__12CMineManagerFv,4247b0
10616de6,GetViewData__12CMineManagerFP9CViewData,424800
10616e68,LoadLevel__12CMineManagerFPUciUc,424850
10616f8c,Set__7CMove3dFR4CPt3R4CPt3ii,42a7d0
1061710a,Position__7CMove3dFR4CPt3i,42a8f0
106171a6,__ct__6CMoverFv,42e590
1061723c,Restart__6CMoverFv,42e5e0
1061726e,Initialise__6CMoverFv,42e600
106172b6,__dt__6CMoverFv,42e640
106172b6,__dt__6CMoverFv,42fbd0
1061730e,SetPos__6CMoverFv,42e650
106173a0,IsAt__6CMoverFiiRi,42e700
10617410,Set__6CMoverFUsiUcii,42e760
106174da,SetUpNextNode__6CMoverFUl,42e850
1061760a,FindObjectsOnTopOfMe__6CMoverFv,42e980
1061772a,MoveObjects__6CMoverFiii,42ea40
106177d8,Process__6CMoverFv,42eb00
10617b8e,Switch__6CMoverFv,42eeb0
10617bb4,IsOn__6CMoverFR7AICOORD,42eee0
10617c36,VerifyObjects__6CMoverFv,42ef40
10617d36,GetOn__6CMoverFP11CGameObject,42eff0
10617e94,StopObjectsMoving__6CMoverFv,42f140
10617f0e,__ct__13CMoverManagerFP3CAIi,42f190
10617f9a,Restart__13CMoverManagerFv,42f1f0
10617ffe,Initialise__13CMoverManagerFi,42f220
106180ca,__dt__13CMoverManagerFv,42f2c0
106180ca,__dt__13CMoverManagerFv,42fba0
10618140,Find__13CMoverManagerFiiRi,42f2f0
106181c2,Process__13CMoverManagerFv,42f500
10618236,GetViewData__13CMoverManagerFP9CViewData,42f540
106182b4,Add__13CMoverManagerFUsiUcii,42f5e0
10618322,Switch__13CMoverManagerF9swMessagei,42f620
106183b8,LoadLevel__13CMoverManagerFPUciUc,42f680
106184ca,__ct__12CNodeManagerFi,421180
106184f8,Restart__12CNodeManagerFv,4211a0
1061854c,Initialise__12CNodeManagerFi,4211d0
106185ee,__dt__12CNodeManagerFv,421260
10618642,GetNodePosition__12CNodeManagerFi,4212a0
106186ac,__ct__5CNodeFv,4212e0
106186dc,Restart__5CNodeFv,421300
10618700,__dt__5CNodeFv,421310
1061874a,Initialise__5CNodeFiii,421330
106187b4,AddANeighbour__5CNodeFii,4213a0
106187fc,Position__5CNodeFv,4213d0
10618854,LoadLevel__12CNodeManagerFP22tagLoadNodeInformationUlUc,421470
10618974,OldRestart__17CBaseGlobalObjectFv,41c670
106189ea,Restart__17CBaseGlobalObjectFv,41c6c0
10618a46,Restart__9CCatapultFv,41c700
10618a76,Process__9CCatapultFv,41c720
10618d6a,Activate__9CCatapultFP11CGameObject,41c9b0
10618dde,DoActivate__9CCatapultFv,41ca00
10618e62,ActivatePosition__9CCatapultFv,41ca60
10618ede,Restart__5CAmmoFv,41ca90
10618f0a,Process__5CAmmoFv,41cab0
10619030,Activate__5CAmmoFP11CGameObject,41cbe0
106190a4,DoActivate__5CAmmoFv,41cc30
10619118,ActivatePosition__5CAmmoFv,41cc70
1061918c,Restart__6CCrateFv,41cca0
106191bc,TriggerContents__6CCrateFv,41ccc0
10619230,Process__6CCrateFv,41cd20
10619384,Activate__6CCrateFP11CGameObject,41ce50
106193e0,DoActivate__6CCrateFv,41ce90
1061947a,ActivatePosition__6CCrateFv,41cf10
10619554,Process__6CTowerFv,41cf70
106195ba,Activate__6CTowerFP11CGameObject,41d000
106195e8,ActivatePosition__6CTowerFv,41d010
10619660,__ct__7CSwitchFR7AICOORD9swMessageiii,41d040
10619732,Restart__7CSwitchFv,41d100
1061976c,__dt__7CSwitchFv,41d120
1061976c,__dt__7CSwitchFv,41dd70
106197d2,Throw__7CSwitchFv,41d130
10619852,Process__7CSwitchFv,41d180
10619950,Activate__7CSwitchFP11CGameObject,41d280
106199ca,DoActivate__7CSwitchFv,41d2e0
10619a24,ActivatePosition__7CSwitchFv,41d320
10619a9c,AddEntry__7CSwitchF9swMessageUs,41d350
10619afa,ConvertVer0ToVer1__7CSwitchFv,41d390
10619bce,Load__7CSwitchFRPUc,41d430
10619c40,Process__4CKeyFv,41d480
10619d06,Activate__4CKeyFP11CGameObject,41d560
10619d6e,DoActivate__4CKeyFv,41d5a0
10619dd0,ActivatePosition__4CKeyFv,41d5d0
10619e44,Restart__8CBalloonFv,41d600
10619ea4,Process__8CBalloonFv,41d650
10619f72,Activate__8CBalloonFP11CGameObject,41d740
10619fde,DoActivate__8CBalloonFv,41d780
1061a044,ActivatePosition__8CBalloonFv,41d7b0
1061a098,__ct__14CObjectManagerFP3CAIi,41af60
1061a136,Restart__14CObjectManagerFv,41afd0
1061a24c,Initialise__14CObjectManagerFi,41b0c0
1061a2c2,__dt__14CObjectManagerFv,41c330
1061a36c,AddObject__14CObjectManagerFUsP17CGlobalGameObjectUc,41b2a0
1061a440,Add__14CObjectManagerFUs7AICOORD11eObjectTypeUs11eObjectType,41b370
1061aa4e,AddSwitch__14CObjectManagerFUsiii9swMessageiii,41b740
1061ab26,Process__14CObjectManagerFv,41b7d0
1061abea,GetViewData__14CObjectManagerFP9CViewData,41b830
1061ace6,FindObject__14CObjectManagerFi,41b8f0
1061ad72,Remove__14CObjectManagerFP17CGlobalGameObject,41b9b0
1061ade4,LoadLevel__14CObjectManagerFPUcUlUc,41bbc0
1061b180,ConvertVer0ToVer1__14CObjectManagerFv,41bec0
1061b1fe,Receive__14CObjectManagerFUsP17CGlobalGameObjectP15CNetworkMessage,41bf00
1061b270,__ct__9CPaintGunFv,42bad0
1061b2b4,Restart__9CPaintGunFv,42baf0
1061b2f6,__dt__9CPaintGunFv,42bb20
1061b2f6,__dt__9CPaintGunFv,42c9e0
1061b352,Set__9CPaintGunFUsRC7AICOORDi,42bb30
1061b40c,Process__9CPaintGunFv,42bbe0
1061b8a8,__ct__16CPaintGunManagerFP3CAIi,42bfe0
1061b936,Restart__16CPaintGunManagerFv,42c040
1061b99c,Initialise__16CPaintGunManagerFi,42c070
1061ba6c,__dt__16CPaintGunManagerFv,42c120
1061ba6c,__dt__16CPaintGunManagerFv,42c9b0
1061bae6,Process__16CPaintGunManagerFv,42c4d0
1061bb72,GetViewData__16CPaintGunManagerFP9CViewData,42c520
1061bc0a,Add__16CPaintGunManagerFUsiiii,42c590
1061bcce,LoadLevel__16CPaintGunManagerFPUciUc,42c610
1061bdc0,__ct__14CPlayerLemmingFiiiiUcUl,40ecb0
1061bf0a,Restart__14CPlayerLemmingFv,40ed90
1061c15c,__dt__14CPlayerLemmingFv,40efd0
1061c15c,__dt__14CPlayerLemmingFv,410b20
1061c1d8,HitBullet__14CPlayerLemmingFP7CBullet,40f000
1061c2c6,SetGroup__14CPlayerLemmingFP19CPlayerLemmingGroup,40f0d0
1061c30e,GetGroup__14CPlayerLemmingFv,40f0e0
1061c33e,SetGroupLeader__14CPlayerLemmingFUc,40f0f0
1061c378,SetGroup__14CPlayerLemmingFUc,40f100
1061c3aa,Process__14CPlayerLemmingFv,40f120
1061c416,TurnToFaceCursor__14CPlayerLemmingFv,40f160
1061c50e,TurnToFaceTarget__14CPlayerLemmingFv,40f220
1061c600,IsRequestingFire__14CPlayerLemmingFv,40f2b0
1061c640,RequestFire__14CPlayerLemmingFii,40f2c0
1061c6b0,Fire__14CPlayerLemmingFv,40f310
1061c7c6,StartFiring__14CPlayerLemmingFv,40f410
1061c800,EndFiring__14CPlayerLemmingFv,40f420
1061c830,FacingCursor__14CPlayerLemmingFv,40f430
1061c8c4,FacingTarget__14CPlayerLemmingFv,40f4b0
1061c950,Die__14CPlayerLemmingFv,40f500
1061ca00,HitMine__14CPlayerLemmingFv,40f600
1061ca64,GetData__14CPlayerLemmingFv,40f640
1061cb66,AddData__14CPlayerLemmingFv,40f6f0
1061cc5e,CheckSFX__14CPlayerLemmingFv,40f7a0
1061ccb2,HasObject__14CPlayerLemmingF11eObjectType,40f960
1061cd36,AddObject__14CPlayerLemmingF11eObjectTypeP11CGameObject,40f9b0
1061cdd0,RandomAction__14CPlayerLemmingFv,40fa10
1061ce66,Resurrect__14CPlayerLemmingFRC7AICOORD,40fa80
1061cfd8,GetLastBalloon__14CPlayerLemmingFv,40fbe0
1061d064,RemoveObject__14CPlayerLemmingF11eObjectType,40fc50
1061d0ee,GetObject__14CPlayerLemmingFi,40fcb0
1061d136,ExternalControlEnd__14CPlayerLemmingFv,40fcd0
1061d1b8,OnBalloon__14CPlayerLemmingFv,40fd10
1061d408,StartBalloon__14CPlayerLemmingFv,40ff60
1061d434,RequestBalloon__14CPlayerLemmingFv,40ff70
1061d572,SetBored__14CPlayerLemmingFUl,410090
1061d5f6,StartStanding__14CPlayerLemmingFv,410100
1061d746,Action__14CPlayerLemmingF7eAction,410220
1061d7a4,OnConveyor__14CPlayerLemmingFUcP4CIceUc,410250
1061d864,IsSelectable__14CPlayerLemmingFv,4102d0
1061d8ce,__ct__7CRocketFv,4267d0
1061d910,Initialise__7CRocketFv,4267f0
1061d942,Restart__7CRocketFv,426810
1061d972,__dt__7CRocketFv,426830
1061d972,__dt__7CRocketFv,427520
1061d9cc,Set__7CRocketFUsRC7AICOORD,426840
1061da76,Process__7CRocketFv,4268e0
1061db8c,StepOn__7CRocketFRC7AICOORDP11CGameObject,4269d0
1061dc6a,DoActivate__7CRocketFv,426a60
1061dcfe,__ct__14CRocketManagerFP3CAIi,426ac0
1061dd8a,Restart__14CRocketManagerFv,426b20
1061ddee,Initialise__14CRocketManagerFi,426b50
1061debc,__dt__14CRocketManagerFv,426c00
1061debc,__dt__14CRocketManagerFv,4274f0
1061df34,StepOn__14CRocketManagerFRC7AICOORDP11CGameObject,426fb0
1061dffa,Process__14CRocketManagerFv,427010
1061e06e,GetViewData__14CRocketManagerFP9CViewData,427050
1061e10a,Add__14CRocketManagerFUsiii,4270b0
1061e1ac,LoadLevel__14CRocketManagerFPUciUc,427110
1061e282,__ct__6CSheepFP3CAIiiii,41f990
1061e344,Restart__6CSheepFv,41f9f0
1061e424,Process__6CSheepFv,41fa90
1061e454,HitBall__6CSheepFv,41fab0
1061e482,HitMine__6CSheepFv,41fad0
1061e4d6,__ct__11CSheepGroupFP3CAIP14CObjectManagerP17CFormationManager,41f500
1061e552,RunAway__11CSheepGroupF7AICOORD,41f530
1061e744,CheckAgainstLemmings__11CSheepGroupFv,41f730
1061e870,Process__11CSheepGroupFv,41f820
1061e8e8,CheckAgainstCatapults__11CSheepGroupFv,41f870
1061e91c,__ct__18CSheepGroupManagerFP3CAIP14CObjectManagerP17CFormationManager,41f0b0
1061e998,Restart__18CSheepGroupManagerFv,41f0e0
1061ea1c,Process__18CSheepGroupManagerFv,41f140
1061ea8c,LoadLevel__18CSheepGroupManagerFP16tagLoadSheepDataUlUc,41f2e0
1061ec2c,__ct__7CSlinkyFv,40b480
1061ecc4,Set__7CSlinkyFiiii,40b4d0
1061eda0,GoodEndPt__7CSlinkyFRC7AICOORD,40b630
1061ee14,Move__7CSlinkyFv,40b670
1061eef4,Process__7CSlinkyFv,40b760
1061f090,__ct__14CSlinkyManagerFP3CAIi,40b8e0
1061f0ca,Restart__14CSlinkyManagerFv,40b900
1061f128,Initialise__14CSlinkyManagerFi,40b930
1061f1d6,__dt__14CSlinkyManagerFv,40b9d0
1061f230,Add__14CSlinkyManagerFiiiii,40b9e0
1061f2aa,GetViewData__14CSlinkyManagerFP9CViewData,40bdd0
1061f322,Process__14CSlinkyManagerFv,40be20
1061f37a,LoadLevel__14CSlinkyManagerFPUciUc,40be50
1061f46e,StateMachine__FPP11tStateEntryP3CAIP11CGameObject,419980
1061f578,UserLemming__FP3CAIP11CGameObject,419a30
1061f5b8,AIPlayerLemming__FP3CAIP11CGameObject,419a50
1061f5fc,SheepState__FP3CAIP11CGameObject,419a70
1061f63a,EnemyState__FP3CAIP11CGameObject,419a90
1061f678,PlayerNotFacingCursor__FP3CAIP11CGameObjectP5tInfo,419ab0
1061f6ce,PlayerNotFacingTarget__FP3CAIP11CGameObjectP5tInfo,419ad0
1061f73e,PlayerRequestingFire__FP3CAIP11CGameObjectP5tInfo,419b00
1061f78c,PlayerWaitingToFire__FP3CAIP11CGameObjectP5tInfo,419b10
1061f7f4,PlayerBored__FP3CAIP11CGameObjectP5tInfo,419b40
1061f838,EnemyNotFacingTarget__FP3CAIP11CGameObjectP5tInfo,419b50
1061f8a8,EnemyRequestingFire__FP3CAIP11CGameObjectP5tInfo,419b80
1061f8f4,EnemyWaitingToFire__FP3CAIP11CGameObjectP5tInfo,419b90
1061f95c,GameOver__FP3CAIP11CGameObjectP5tInfo,419bc0
1061f9aa,IsStuck__FP3CAIP11CGameObjectP5tInfo,419be0
1061f9f4,RequestDeath__FP3CAIP11CGameObjectP5tInfo,419bf0
1061fa44,NotFacingDestination__FP3CAIP11CGameObjectP5tInfo,419c00
1061fab2,GotDestination__FP3CAIP11CGameObjectP5tInfo,419c30
1061faf4,AtDestination__FP3CAIP11CGameObjectP5tInfo,419c40
1061fb3e,NotTimeUp__FP3CAIP11CGameObjectP5tInfo,419c60
1061fb84,Flying__FP3CAIP11CGameObjectP5tInfo,419c80
1061fbc4,IsHit__FP3CAIP11CGameObjectP5tInfo,419c90
1061fc02,IsJumping__FP3CAIP11CGameObjectP5tInfo,419ca0
1061fc4a,IsFalling__FP3CAIP11CGameObjectP5tInfo,419cb0
1061fc92,QOnBalloon__FP3CAIP11CGameObjectP5tInfo,419cc0
1061fcd6,PlayerTurnToFaceCursor__FP3CAIP11CGameObjectP5tInfo,419cd0
1061fd38,PlayerTurnToFaceTarget__FP3CAIP11CGameObjectP5tInfo,419d00
1061fd9a,PlayerFire__FP3CAIP11CGameObjectP5tInfo,419d30
1061fdde,PlayerEndFiring__FP3CAIP11CGameObjectP5tInfo,419d50
1061fe38,StartStanding__FP3CAIP11CGameObjectP5tInfo,419d80
1061fe7e,PlayerRandomAction__FP3CAIP11CGameObjectP5tInfo,419d90
1061fef4,PlayerStopWalking__FP3CAIP11CGameObjectP5tInfo,419dd0
1061ff62,StartLand__FP3CAIP11CGameObjectP5tInfo,419e00
1061ffa4,StartSommersault__FP3CAIP11CGameObjectP5tInfo,419e10
1061ffe8,Land__FP3CAIP11CGameObjectP5tInfo,419e20
10620036,StartRoute__FP3CAIP11CGameObjectP5tInfo,419e50
1062007a,SearchRoute__FP3CAIP11CGameObjectP5tInfo,419e60
106200be,Die__FP3CAIP11CGameObjectP5tInfo,419e70
106200fa,Fly__FP3CAIP11CGameObjectP5tInfo,419e80
10620136,StartWalking__FP3CAIP11CGameObjectP5tInfo,419e90
10620176,StopWalking__FP3CAIP11CGameObjectP5tInfo,419ea0
106201b4,Walk__FP3CAIP11CGameObjectP5tInfo,419eb0
106201f2,TurnToFaceDestination__FP3CAIP11CGameObjectP5tInfo,419ec0
1062023a,Hit__FP3CAIP11CGameObjectP5tInfo,419ed0
106202ac,Jump__FP3CAIP11CGameObjectP5tInfo,419f00
106202e4,Fall__FP3CAIP11CGameObjectP5tInfo,419f10
1062031c,ExternalControlEnd__FP3CAIP11CGameObjectP5tInfo,419f20
10620368,StartBalloon__FP3CAIP11CGameObjectP5tInfo,419f30
106203e4,OnBalloon__FP3CAIP11CGameObjectP5tInfo,419f60
10620426,EnemyTurnToFaceTarget__FP3CAIP11CGameObjectP5tInfo,419f70
10620474,EnemyStartFiring__FP3CAIP11CGameObjectP5tInfo,419f80
106204be,EnemyFire__FP3CAIP11CGameObjectP5tInfo,419f90
10620500,EnemyEndFiring__FP3CAIP11CGameObjectP5tInfo,419fa0
10620548,__ct__11CTrampolineFv,42a990
1062058e,Restart__11CTrampolineFv,42a9b0
106205d0,__dt__11CTrampolineFv,42a9d0
106205d0,__dt__11CTrampolineFv,42ba40
1062062e,Set__11CTrampolineFUsRC7AICOORD,42a9e0
106206e2,Process__11CTrampolineFv,42aa80
10620788,Hit__11CTrampolineFRC7AICOORDP11CGameObject,42ab90
10620bf6,__ct__18CTrampolineManagerFP3CAIi,42af60
10620c88,Restart__18CTrampolineManagerFv,42afc0
10620cf0,Initialise__18CTrampolineManagerFi,42aff0
10620dc2,__dt__18CTrampolineManagerFv,42b090
10620dc2,__dt__18CTrampolineManagerFv,42ba10
10620e3e,Process__18CTrampolineManagerFv,42b4a0
10620ecc,GetViewData__18CTrampolineManagerFP9CViewData,42b4f0
10620f66,Hit__18CTrampolineManagerFRC7AICOORDP11CGameObject,42b550
10620fec,Add__18CTrampolineManagerFUsiii,42b5a0
10621092,LoadLevel__18CTrampolineManagerFPUciUc,42b600
1062116c,__ct__9CTrapDoorFR7AICOORDUc,40c2d0
10621212,Restart__9CTrapDoorFv,40c350
1062127c,GetViewData__9CTrapDoorFR9CViewData,40c3b0
106213e8,Process__9CTrapDoorFv,40c4f0
1062169e,__ct__16CTrapDoorManagerFv,40c750
1062172c,Restart__16CTrapDoorManagerFv,40c7b0
1062177e,__dt__16CTrapDoorManagerFv,40c7e0
1062177e,__dt__16CTrapDoorManagerFv,40ced0
10621816,AddNewDoor__16CTrapDoorManagerFUsR7AICOORDUcUl,40c810
106218d6,GetViewData__16CTrapDoorManagerFP9CViewData,40c890
10621960,Process__16CTrapDoorManagerFv,40c8f0
106219d8,LoadLevel__16CTrapDoorManagerFPUciUc,40ca40
1070000c,VSPreInit__FP11tagPRE_INIT,406160
107000f6,SetGameDefaults__Fv,406230
107001d0,DisplayHelp__Fv,406300
107001ea,StrCmpI__FPCcPCci,406790
107002da,DoCommandLine__FiPPc,406460
1070067e,VSmain__FiPPc,406310
107007a0,ReturnFacingDirection__Fiiii,413e80
107008e6,Distance__Fiiii,413f80
1070096c,GETWORD__FPUs,
107009a2,GETLONG__FPUl,
107009e2,_DEMO_Init__Fi,409150
10700a26,_DEMO_Quit__Fv,409180
10700a70,__ct__5CDemoFi,4091b0
10700b20,__dt__5CDemoFv,409220
10700b8a,SendNextPacket__5CDemoFi,409250
10700e38,LoadBuffer__5CDemoFv,409460
10700f82,GetUserPacket__5CDemoFPUcRUl,409560
10701032,Reset__5CDemoFv,4095e0
10701062,SetDemoMode__5CDemoFUc,409600
107010ac,Process__5CDemoFv,409620
10701116,CleanUp__5CDemoFv,409660
10701178,GameIsOver__5CDemoFv,4096a0
107011aa,ProcessMsg__5CDemoFP10tagMESSAGE,4096b0
10701228,ClockEditMode__FUc,408080
1070124e,ResetGameTimes__Fv,408090
107012a4,SetGameTime__Fv,4080d0
10701386,SetRemoteGameTimeReal__FUl,408190
107013de,__ct__11CGameStatusFv,406a90
10701440,JiggleLevelData__11CGameStatusFv,406ad0
107014de,UnJiggleLevelData__11CGameStatusFUl,406b30
1070159e,CalcCheckSum__11CGameStatusFUl,406ba0
10701600,EncodePassword__11CGameStatusFv,406c00
107016a0,DecodePassword__11CGameStatusFPc,406ca0
107017b8,StringToDWord__11CGameStatusFv,406d80
1070181a,GotoLastLevels__11CGameStatusFv,406dd0
1070185c,__ct__5CGameFPc,406df0
10701c2e,__dt__5CGameFv,4071d0
10701daa,IsValidResource__5CGameFv,407300
10701e66,LoadFrontendResources__5CGameFi,4073b0
10701ecc,UnLoadFrontendResources__5CGameFv,4073f0
10701f1c,NextProcess__5CGameF14eFlowProcesses,407420
10702374,Process__5CGameFv,4077e0
10702508,RefreshViews__5CGameFv,4078f0
107025a0,Run__5CGameFv,407950
1070267c,__ct__12CLevelLoaderFP3CAI,408210
107026ca,LoadLevel__12CLevelLoaderF6eSkilliUc,408240
10702cdc,LocateStartOfLevelFile__12CLevelLoaderFv,4087b0
10702d8c,GetNextBlockHeader__12CLevelLoaderFP18tagLoadBlockHeader,408830
10702e0a,RetrievePreviewData__12CLevelLoaderF6eSkilliP12tPreviewData,408850
10703218,CalcLevelID__12CLevelLoaderF6eSkilli,408b00
10703296,IncLevel__11CGameStatusFv,408dc0
10703332,DecLevel__11CGameStatusFv,408e40
10703374,IncSkill__11CGameStatusFUc,408e60
107033e6,NoOfLevelsInSkill__11CGameStatusFi,408f30
1070344a,NextLevelAvailable__11CGameStatusFv,408fa0
107034a8,LastLevelAvailable__11CGameStatusFv,408fd0
107034e6,SetMaxLevel__11CGameStatusFii,408fe0
1070356e,Level__11CGameStatusFi,409070
107035a4,Level__11CGameStatusFv,409080
1080000c,__ct__18CUserActionMessageFv,4453b0
10800066,AddData__18CUserActionMessageFv,4453e0
108000bc,GetData__18CUserActionMessageFv,445400
10800108,__ct__19CBaseFrontendDrawerFP14CMain2DDisplayP4CGDIRC7CVSRect14eFlowProcessesiiiii,445420
10800308,Setup__19CBaseFrontendDrawerFv,4455f0
1080048c,__dt__19CBaseFrontendDrawerFv,445790
1080048c,__dt__19CBaseFrontendDrawerFv,447000
10800626,OnPause__19CBaseFrontendDrawerFUc,
1080070e,InitialiseBackBuffer__19CBaseFrontendDrawerFv,4458e0
108008ba,Draw__19CBaseFrontendDrawerFRC7CVSRect,445a40
10800958,ReplaceBackground__19CBaseFrontendDrawerFv,445ac0
10800ae8,_DrawBackGround__19CBaseFrontendDrawerFv,445c10
10800db0,Restart__19CBaseFrontendDrawerFv,445e70
10800e3a,_Load__19CBaseFrontendDrawerFv,445ed0
10800f3a,_UnLoad__19CBaseFrontendDrawerFv,445fe0
10800fca,_DrawAnims__19CBaseFrontendDrawerFv,446050
1080103c,ResetPrimitives__19CBaseFrontendDrawerFv,4460a0
1080109a,DrawFrame__19CBaseFrontendDrawerF12tagCoordPair12tagCoordPair,4460d0
1080115a,DrawFrame__19CBaseFrontendDrawerF7CVSRect,446110
108014f4,ProcessMsg__19CBaseFrontendDrawerFP10tagMESSAGE,446480
108015ca,Process__19CBaseFrontendDrawerFv,4464d0
108016f2,LostConnection__19CBaseFrontendDrawerFv,4465c0
10801736,Action__19CBaseFrontendDrawerF12eUserActions17eUserActionStages,4465e0
108017a0,RemoteAction__19CBaseFrontendDrawerF12eUserActions17eUserActionStages,446610
108018b4,OnDriverChange__19CBaseFrontendDrawerFv,4466e0
10801930,__ct__20CBaseFrontendProcessFP5CGame,446720
10801a0a,__dt__20CBaseFrontendProcessFv,4467d0
10801a0a,__dt__20CBaseFrontendProcessFv,4472b0
10801abe,Process__20CBaseFrontendProcessFv,446830
10801b1a,Action__20CBaseFrontendProcessF12eUserActions17eUserActionStages,446860
10801bde,ProcessMsg__20CBaseFrontendProcessFP10tagMESSAGE,4468d0
10801cdc,ReceiveCritical__20CBaseFrontendProcessFUlP11CReadPacketP8CConnect,446990
10801d2c,__ct__11CCDLoadAnimFP4CGDIP14CMain2DDisplay,44aa80
108020ac,__dt__11CCDLoadAnimFv,44ad60
10802252,InitialiseScreen__11CCDLoadAnimFv,44ae80
108022ce,Draw__11CCDLoadAnimFv,44aec0
108028fe,Draw__11CCDLoadAnimFs,44b340
10802938,sgn__Fi,44c1e0
1080295e,OnReleased__10CGunButtonF12BUTTON_FLAGS,44c200
108029bc,OnPressed__10CGunButtonF12BUTTON_FLAGS,44c230
10802a2e,__ct__11CGunButtonsFP5CGWndP4CGDIiiPUlUciiiUlPvUl,44c270
10802b54,__dt__11CGunButtonsFv,44c410
10802b54,__dt__11CGunButtonsFv,44e620
10802bc2,SetActive__11CGunButtonsFUc,
10802c2c,DrawBackBuffer__11CGunButtonsFv,44c440
10802c6a,ProcessMsg__11CGunButtonsFP10tagMESSAGE,44c460
10802dfc,Draw__11CGunButtonsFUcUc,44c600
10802e54,LoadFaces__11CGunButtonsFPUl,44c630
1080301a,UnLoadFaces__11CGunButtonsFv,44c7c0
108030c2,__ct__13CSpriteWindowFv,44c830
10803104,OnCreate__13CSpriteWindowFv,44c850
10803146,__ct__14CGunControllerFP5CGWndP4CGDIiUc,44c870
108035a6,ActivateButtons__14CGunControllerFUc,44cc90
10803618,SetSpriteWindow__14CGunControllerFv,44cce0
108036f4,__dt__14CGunControllerFv,44cd60
108036f4,__dt__14CGunControllerFv,44e690
108038ee,ProcessMsg__14CGunControllerFP10tagMESSAGE,44cec0
108039d4,AddButton__14CGunControllerFiiPUlUciiiPvUl,44cfb0
10803ab0,AddJunction__14CGunControllerFiiUcUl,44d150
10803cc4,DrawButtons__14CGunControllerFUcUc,44d290
10803d36,DrawSpriteWindow__14CGunControllerFv,44d2d0
1080424e,MoveUp__14CGunControllerFv,44d830
1080435e,MoveDown__14CGunControllerFv,44d8e0
10804474,MoveLeft__14CGunControllerFv,44d990
108044f0,MoveRight__14CGunControllerFv,44d9e0
10804570,SetGun__14CGunControllerFi,44da70
1080465c,SelectOption__14CGunControllerFv,44db20
10804874,Process__14CGunControllerFv,44dce0
10804a50,SetActive__14CGunControllerFUc,
10804ab2,__ct__14CHiliteButtonsFP5CGWndP4CGDIiiPUlUciiiUlPvUl,44f070
10804be0,__dt__14CHiliteButtonsFv,44f130
10804be0,__dt__14CHiliteButtonsFv,44ffc0
10804c52,ProcessMsg__14CHiliteButtonsFP10tagMESSAGE,44f160
10804d7a,Draw__14CHiliteButtonsFUc,44f270
10804db8,LoadFaces__14CHiliteButtonsFPUl,44f290
10804ebc,UnLoadFaces__14CHiliteButtonsFv,44f370
10804f42,UpdateAnimID__14CHiliteButtonsFv,44f3d0
10804fb6,__ct__13CHiliteWindowFv,44f400
10804ff8,OnCreate__13CHiliteWindowFv,44f420
1080503a,__ct__17CHiliteControllerFP5CGWndP4CGDIiUcUc,44f440
108051b4,SetHiliteWindow__17CHiliteControllerFv,44f590
10805292,__dt__17CHiliteControllerFv,44f610
10805292,__dt__17CHiliteControllerFv,44fff0
108053e4,ProcessMsg__17CHiliteControllerFP10tagMESSAGE,44f6c0
108055ce,AddButton__17CHiliteControllerFiiPUlUciiiPvUl,44f8c0
108056a0,AddHJunction__17CHiliteControllerFiiUl,44f970
1080571e,DrawButtons__17CHiliteControllerFUc,44f9d0
1080578c,DrawHiliteWindow__17CHiliteControllerFv,44fa00
108058bc,MoveLeft__17CHiliteControllerFv,44fae0
10805958,MoveRight__17CHiliteControllerFv,44fb00
108059f8,SetHilite__17CHiliteControllerFi,44fb20
10805a72,Process__17CHiliteControllerFv,44fbc0
10805aa4,ActivateButtons__17CHiliteControllerFUc,44fbd0
10805b28,UpdateAnimIDs__17CHiliteControllerFUl,44fc50
10805bac,SetActive__17CHiliteControllerFUc,
10805c12,__ct__16CIntroAnimDrawerFP14CMain2DDisplayP4CGDIRC7CVSRectUc,447410
10805d7e,Load__16CIntroAnimDrawerFv,447530
10805db2,UnLoad__16CIntroAnimDrawerFv,447540
10805dda,__dt__16CIntroAnimDrawerFv,447550
10805dda,__dt__16CIntroAnimDrawerFv,4479a0
10805eb8,DestroyDrawer__16CIntroAnimDrawerFv,4475a0
10805f22,EndPhase__16CIntroAnimDrawerFv,4475e0
10805f82,ProcessMessages__16CIntroAnimDrawerFP10tagMESSAGE,447610
1080601e,Processing__16CIntroAnimDrawerFv,4476b0
108061a2,Initialise__20CIntroAnimAnimWindowFP16CIntroAnimDrawerP14CMain2DDisplayUc,4477b0
1080620e,SetAnim__20CIntroAnimAnimWindowFv,4477e0
1080629c,OnStop__20CIntroAnimAnimWindowFv,447830
108062e4,__ct__11CEditStringFi,453150
10806336,__apl__11CEditStringFc,453180
10806384,__as__11CEditStringFPCc,453200
108063d8,Reset__13CEntryHandlerFv,453250
1080640c,OnButtonDown__13CEntryHandlerFRC8CVSPoint12BUTTON_FLAGS,453260
10806468,__ct__21CNetworkOptionsDrawerFP14CMain2DDisplayP4CGDIRC7CVSRect,453280
10806646,Load__21CNetworkOptionsDrawerFv,453450
108067aa,UnLoad__21CNetworkOptionsDrawerFv,4535a0
10806800,__dt__21CNetworkOptionsDrawerFv,4535c0
10806800,__dt__21CNetworkOptionsDrawerFv,455de0
10806954,DrawBackGround__21CNetworkOptionsDrawerFv,453690
108069ba,DrawFrame__21CNetworkOptionsDrawerF17eNetOptsPositions,4536b0
10806ab0,DrawEntry__21CNetworkOptionsDrawerFUlRi7eRemaps,4536f0
10806d8c,DrawText__21CNetworkOptionsDrawerFv,453940
108075c6,DrawAnims__21CNetworkOptionsDrawerFv,454050
108075f6,ProcessMessages__21CNetworkOptionsDrawerFP10tagMESSAGE,454060
10807a3c,Start__21CNetworkOptionsDrawerFUc,454520
10807afa,StartBroadcast__21CNetworkOptionsDrawerFv,4545c0
10807ba4,Stop__21CNetworkOptionsDrawerFv,454620
10807c12,SetMessage__21CNetworkOptionsDrawerF16eNetOptsMessages,454650
10807c7c,StartEditing__21CNetworkOptionsDrawerF13eEditingStageUc,454690
10807d76,StopEditing__21CNetworkOptionsDrawerFv,454740
10807e66,LastError__21CNetworkOptionsDrawerFv,454830
10807ed6,StartMessageTimeout__21CNetworkOptionsDrawerF16eNetOptsMessagesUl,454870
10807f58,Processing__21CNetworkOptionsDrawerFv,4548c0
10808166,RegisterRemaps__21CNetworkOptionsDrawerFv,454ad0
108081e8,UnRegisterRemaps__21CNetworkOptionsDrawerFv,454b10
10808252,GameReady__21CNetworkOptionsDrawerFi,454b40
108082a8,GameNotReady__21CNetworkOptionsDrawerFi,454b70
10808318,UpdateHighlightedEntry__21CNetworkOptionsDrawerFv,454bb0
108083c8,HighlightPreviousEntry__21CNetworkOptionsDrawerFv,454c10
108084d6,HighlightNextEntry__21CNetworkOptionsDrawerFv,454cf0
10808604,InitialiseHandlers__21CNetworkOptionsDrawerFv,454df0
10808792,ResetHandlers__21CNetworkOptionsDrawerFv,454f00
10808834,Lock__21CNetworkOptionsDrawerFv,454f80
10808894,UnLock__21CNetworkOptionsDrawerFv,454fb0
108088d2,AcceptingLock__21CNetworkOptionsDrawerFv,454fc0
10808988,__ct__19CNetworkOptionsProcFP5CGame,455050
10808a36,__dt__19CNetworkOptionsProcFv,4550c0
10808a36,__dt__19CNetworkOptionsProcFv,455eb0
10808b14,Start__19CNetworkOptionsProcFv,455130
10808bee,StopBroadcast__19CNetworkOptionsProcFv,4551d0
10808d12,Stop__19CNetworkOptionsProcFv,4552a0
10808dc8,NetworkEvent__19CNetworkOptionsProcF13NetworkEvents,455320
10808e40,ReceiveCritical__19CNetworkOptionsProcFUlP11CReadPacketP8CConnect,455360
10808fa6,Accept__19CNetworkOptionsProcFP8CConnectUc,455480
10809004,Reject__19CNetworkOptionsProcFP8CConnect,4554a0
10809058,__ct__15CSuccFailDrawerFP14CMain2DDisplayP4CGDIRC7CVSRectUc,450020
1080919a,CalculateText__15CSuccFailDrawerFv,450160
10809508,Load__15CSuccFailDrawerFv,450460
10809888,UnLoad__15CSuccFailDrawerFv,450770
108098f2,__dt__15CSuccFailDrawerFv,4507a0
108098f2,__dt__15CSuccFailDrawerFv,4510e0
1080999a,DestroyDrawer__15CSuccFailDrawerFv,450820
108099c8,DrawText__15CSuccFailDrawerFv,450860
10809ac4,ProcessMessages__15CSuccFailDrawerFP10tagMESSAGE,450970
10809b8c,Return__15CSuccFailDrawerFv,4509f0
10809bc2,Go__15CSuccFailDrawerFv,450a10
10809c48,ConfirmedAction__15CSuccFailDrawerF12eUserActions,450a60
10809cb4,Processing__15CSuccFailDrawerFv,450a90
10809d96,DrawBackGround__15CSuccFailDrawerFv,450ba0
10809e36,__ct__9CSuccFailFP5CGameUc,450c10
10809e8e,__ct__19CMainOptions1DrawerFP14CMain2DDisplayP4CGDIRC7CVSRect,448200
10809fd6,Load__19CMainOptions1DrawerFv,448300
1080a2ea,UnLoad__19CMainOptions1DrawerFv,448540
1080a33c,__dt__19CMainOptions1DrawerFv,448560
1080a33c,__dt__19CMainOptions1DrawerFv,448a70
1080a42e,DrawBackGround__19CMainOptions1DrawerFv,448610
1080a462,ProcessMessages__19CMainOptions1DrawerFP10tagMESSAGE,448620
1080a59c,Processing__19CMainOptions1DrawerFv,448800
1080a69e,__ct__19CMainOptions2DrawerFP14CMain2DDisplayP4CGDIRC7CVSRect,448ab0
1080a7cc,Load__19CMainOptions2DrawerFv,448ba0
1080aaf8,UnLoad__19CMainOptions2DrawerFv,448dc0
1080ab4a,__dt__19CMainOptions2DrawerFv,448de0
1080ab4a,__dt__19CMainOptions2DrawerFv,449170
1080ac8c,ProcessMessages__19CMainOptions2DrawerFP10tagMESSAGE,448ee0
1080ada6,DrawBackGround__19CMainOptions2DrawerFv,449000
1080adda,__ct__14CPreviewDrawerFP14CMain2DDisplayP4CGDIRC7CVSRect,4491b0
1080b000,Load__14CPreviewDrawerFv,449370
1080b344,UnLoad__14CPreviewDrawerFv,449670
1080b3d6,__dt__14CPreviewDrawerFv,4496d0
1080b3d6,__dt__14CPreviewDrawerFv,44a940
1080b49c,DrawBackGround__14CPreviewDrawerFv,449750
1080b52c,DrawText__14CPreviewDrawerFv,4497b0
1080b82e,DrawAnims__14CPreviewDrawerFv,449a40
1080bb42,ProcessMessages__14CPreviewDrawerFP10tagMESSAGE,449d30
1080bc92,NextLevel__14CPreviewDrawerFv,449e60
1080bcd0,PreviousLevel__14CPreviewDrawerFv,449e80
1080bd14,Go__14CPreviewDrawerFv,449ea0
1080bd46,Return__14CPreviewDrawerFv,449ec0
1080bd7c,ConfirmedAction__14CPreviewDrawerF12eUserActions,449ee0
1080be04,Processing__14CPreviewDrawerFv,449f40
1080be46,LoadLevelInformation__14CPreviewDrawerFv,449f60
1080c14e,SubWord__14CPreviewDrawerFPcPcRiRi,44a250
1080c1d4,AddWord__14CPreviewDrawerFPcPcRiRi,44a2d0
1080c256,RegisterRemaps__14CPreviewDrawerFv,44a330
1080c318,UnRegisterRemaps__14CPreviewDrawerFv,44a3c0
1080c35c,DisableNextLastButtons__14CPreviewDrawerFv,44a3e0
1080c404,__ct__8CPreviewFP5CGame,44a460
1080c452,__ct__15CPasswordDrawerFP14CMain2DDisplayP4CGDIRC7CVSRect,451210
1080c588,Load__15CPasswordDrawerFv,451320
1080c7fc,UnLoad__15CPasswordDrawerFv,451550
1080c8ce,__dt__15CPasswordDrawerFv,4515c0
1080c8ce,__dt__15CPasswordDrawerFv,452370
1080c972,DrawBackGround__15CPasswordDrawerFv,451600
1080c9ac,DrawAnims__15CPasswordDrawerFv,451610
1080c9ea,ShiftHilite__15CPasswordDrawerFi,451630
1080cab8,ProcessMessages__15CPasswordDrawerFP10tagMESSAGE,4516f0
1080cdce,Processing__15CPasswordDrawerFv,451a70
1080ce1e,DrawText__15CPasswordDrawerFv,451aa0
1080d034,DrawPassword__15CPasswordDrawerFv,451c90
1080d0ec,ButtonNumeric__15CPasswordDrawerFi,451d20
1080d266,DrawButtons__15CPasswordDrawerFv,451e40
1080d2c2,DrawHilite__15CPasswordDrawerFv,451e60
1080d3c8,SetHiliteWindow__15CPasswordDrawerFv,451f10
1080d49e,OnPause__15CPasswordDrawerFUc,
1080d510,__ct__21CPasswordHiliteWindowFv,451fb0
1080d55c,OnCreate__21CPasswordHiliteWindowFv,451fd0
1080d5a8,__ct__23CFrontendResourceLoaderFP14CMain2DDisplayi,4479e0
1080d98e,__dt__23CFrontendResourceLoaderFv,447c50
1080db62,UpdateNonCacheLoad__23CFrontendResourceLoaderFv,447d80
1080dbca,LoadANIM__23CFrontendResourceLoaderFUl,447db0
1080dc2c,UnLoadANIM__23CFrontendResourceLoaderFUl,447de0
1080dcb0,LoadZRLE__23CFrontendResourceLoaderFUl,
1080dd12,UnLoadZRLE__23CFrontendResourceLoaderFUl,
1080dd96,LoadFONT__23CFrontendResourceLoaderFUl,447e30
1080ddf8,UnLoadFONT__23CFrontendResourceLoaderFUl,447e60
1080de7c,LoadBITMAP__23CFrontendResourceLoaderFUl,447eb0
1080dee0,UnLoadBITMAP__23CFrontendResourceLoaderFUl,447ee0
1080df66,LoadPALETTE__23CFrontendResourceLoaderFUl,447f30
1080dfcc,UnLoadPALETTE__23CFrontendResourceLoaderFUl,447f60
1080e054,LoadSTRING__23CFrontendResourceLoaderFUl,447fb0
1080e0b8,UnLoadSTRING__23CFrontendResourceLoaderFUl,447fe0
1080e13e,LoadMOVIE__23CFrontendResourceLoaderFUl,448030
1080e1a2,__ct__12CTrackWindowFRC7CVSRectiP7CPVGWnd,44e790
1080e2e2,__dt__12CTrackWindowFv,44e8c0
1080e2e2,__dt__12CTrackWindowFv,44eff0
1080e3d6,OnCreate__12CTrackWindowFv,44e940
1080e418,Create__12CTrackWindowFRC7CVSRectP6CPVWndPc,44e960
1080e4cc,Move__12CTrackWindowFRC8CVSPoint,44e9d0
1080e52c,OnPaint__12CTrackWindowFRC7CVSRect,44ea00
1080e732,SetButtonValue__12CTrackWindowFi,44eb60
1080e7be,OnInside__12CTrackWindowFRC8CVSPoint,44ebc0
1080e842,OnButtonDown__12CTrackWindowFRC8CVSPoint12BUTTON_FLAGS,44ec10
1080e898,OnDriverChange__12CTrackWindowFv,44ec20
1080e8c4,__ct__14CTrackerButtonFRC8CVSPointP7CPVGWndUlR7CVSRecti,44ec30
1080ea02,__dt__14CTrackerButtonFv,44ed20
1080ea02,__dt__14CTrackerButtonFv,44f030
1080eaac,Move__14CTrackerButtonFRC8CVSPoint,44ed70
1090000c,GetZ__7CGroundFii,42ffe0
10900148,IsHit__7CGroundFiiUc,430110
10900356,SetCollision__7CGroundFv,4302d0
10900402,Clear__12CGroundArrayFv,430370
10900470,__ct__4CMapFv,4303c0
109004b2,Restart__4CMapFv,4303f0
109004f2,__dt__4CMapFv,430410
1090055c,ReSize__4CMapFii,430440
10900630,GetZ__4CMapFiiPP6CMover,4304e0
109006da,GetWalk__4CMapFii,4305f0
1090072c,CreateWalkBits__4CMapFv,430620
10900994,SetTerrain__4CMapFii11eObjectTypei,430a20
10900a04,ScreenToGame__4CMapFiiRiRi,430a50
10900b1a,GameToScreen__4CMapFiiRiRi,430be0
10900c34,GameToScreen__4CMapFRiRi,430ce0
10900d48,LoadLevel__4CMapFP24tagLoadGroundSurfaceDataUlUc,430db0
10900e76,LoadLevelName__4CMapFP17tagLoadGroundNameUl,430e80
10900ec2,LoadDefaultBlox__4CMapFP18tagLoadDefaultBloxUl,430e90
10900f30,SetLevelName__4CMapFPc,431010
10900f74,CalculateCliff__4CMapFv,431030
10a0000c,__ct__17CNetworkGameStageFv,4523b0
10a0005e,__ct__19CNetworkGameMessageFv,4523e0
10a000c2,AddData__19CNetworkGameMessageFv,452420
10a00184,GetData__19CNetworkGameMessageFv,452490
10a001da,__ct__19CGameFlaggedMessageFUl,4524b0
10a0023a,AddData__19CGameFlaggedMessageFv,4524f0
10a0027c,GetData__19CGameFlaggedMessageFv,452500
10a002ba,__ct__18CGameRejectMessageFv,452510
10a00300,__ct__18CGameAcceptMessageFv,452530
10a00346,__ct__15CNetworkManagerFPCc,452550
10a00500,__dt__15CNetworkManagerFv,4526e0
10a00500,__dt__15CNetworkManagerFv,452f20
10a005e8,Start__15CNetworkManagerFv,452740
10a0065e,StartBroadcast__15CNetworkManagerFPCc,452780
10a006d8,Stop__15CNetworkManagerFv,4527c0
10a007a6,ProcessMsg__15CNetworkManagerFP10tagMESSAGE,452850
10a00996,Broadcast__15CNetworkManagerFPCc,452a40
10a00a42,Kill__15CNetworkManagerFv,452ab0
10a00a70,GameProcess__15CNetworkManagerFv,452ac0
10a00b6a,Process__15CNetworkManagerFv,452b80
10a00b92,GetGameMessage__15CNetworkManagerFP8CConnect,452b90
10a00bfa,GetnGame__15CNetworkManagerFP8CConnect,452bf0
10a00c52,__ct__14CPBNetworkGameFP3CAI,452fe0
10a00cd2,AddData__14CPBNetworkGameFv,453030
10a00d52,GetData__14CPBNetworkGameFv,453070
10b0000c,CursorChangeType__F18eCursorDisplayTypei,43a720
10b001a0,__ct__14CMain2DDisplayFP5CGame,431590
10b002fc,__dt__14CMain2DDisplayFv,4316c0
10b002fc,__dt__14CMain2DDisplayFv,4322e0
10b003f8,GetStyle__14CMain2DDisplayFv,431730
10b0049a,OnCreate__14CMain2DDisplayFv,431780
10b00568,OnDestroy__14CMain2DDisplayFv,4317c0
10b0061e,OnPaint__14CMain2DDisplayFRC7CVSRect,431810
10b006b6,OnSize__14CMain2DDisplayFv,431860
10b006fe,OnZoom__14CMain2DDisplayFi,431880
10b00746,OnMove__14CMain2DDisplayFv,4318a0
10b00798,IsWindowValid__14CMain2DDisplayFv,4318c0
10b0085c,RefreshView__14CMain2DDisplayFv,431910
10b008d0,Process__14CMain2DDisplayFv,431940
10b00922,KillDrawer__14CMain2DDisplayF14eFlowProcesses,431950
10b009a0,StatusUpdate__14CMain2DDisplayF14eFlowProcesses,431990
10b00cf2,ToggleResolution__14CMain2DDisplayFv,431c90
10b00d5e,ProcessMsg__14CMain2DDisplayFP10tagMESSAGE,431cd0
10b00e32,GetMenu__14CMain2DDisplayFRiPPP11tagMenuList,431eb0
10b00e78,OnDriverChange__14CMain2DDisplayFv,431ed0
10b00ec0,QuitYet__14CMain2DDisplayFv,431ee0
10b00f80,GetReturnState__14CMain2DDisplayFv,431f10
10b00fe2,GetUseRect__14CMain2DDisplayFii,431f30
10b01120,DrawGround__3C2DFii11eObjectTypeUs,43a880
10b015a6,DrawCliff__3C2DFiiii,43ace0
10b0162c,DoClipWidth__3C2DFiii,43ad40
10b01988,DoClipWidthSearch__3C2DFiii,43b0e0
10b01cf0,DrawClipData__3C2DFv,43b4b0
10b01d3a,DrawClippedRectangle__3C2DFRC7CVSRect,43b4d0
10b02196,LemmingFly__3C2DFR9CViewDataRi,43bce0
10b022ac,DrawLemmingFlyShadow__3C2DFR9CViewData,43bde0
10b023d4,DrawLemmingJump__3C2DFR9CViewDataUc,43bee0
10b024ea,DrawLemmingLanding__3C2DFR9CViewDataUc,43bfc0
10b025d2,DrawLemmingFall__3C2DFR9CViewDataUc,43c070
10b02612,DrawLemmingExternal__3C2DFR9CViewDataUc,43c090
10b0274e,DrawLemmingOnConveyor__3C2DFR9CViewDataUc,43c1a0
10b027f2,DrawLemming__3C2DFR9CViewDataiUc,43c200
10b02c40,DrawBullet__3C2DFR9CViewDatai,43c610
10b02cce,DrawAmmo__3C2DFR9CViewDatai,43c660
10b02d9e,DrawRocket__3C2DFR9CViewData,43c6e0
10b02ede,DrawHand__3C2DFR9CViewData,43c7f0
10b02fb0,DrawLemmingOnBalloon__3C2DFR9CViewDataiUc,43c8a0
10b030b6,DrawBalloon__3C2DFR9CViewDatai,43c940
10b031aa,DrawBalloonPost__3C2DFR9CViewDatai,43c9f0
10b03222,DrawTrampoline__3C2DFR9CViewData,43ca30
10b032ec,DrawMover__3C2DFR9CViewData,43cac0
10b033f0,DrawSlinky__3C2DFR9CViewData,43cbb0
10b035b4,DrawPaintGun__3C2DFR9CViewData,43cd50
10b036dc,DrawLaserFire__3C2DFR9CViewData,43ce30
10b03788,DrawLaser__3C2DFR9CViewData,43cea0
10b03882,DrawDuplicator__3C2DFR9CViewData,43cfa0
10b0397e,DrawCrate__3C2DFR9CViewDatai,43d070
10b03a4e,DrawTimeBonus__3C2DFR9CViewData,43d0f0
10b03acc,DrawCatapult__3C2DFR9CViewDatai,43d130
10b03d7e,DrawSheep__3C2DFR9CViewDatai,43d370
10b03e6e,DrawBall__3C2DFR9CViewData,43d420
10b03f56,DrawKey__3C2DFR9CViewDatai,43d4b0
10b03fc8,DrawMine__3C2DFR9CViewData,43d500
10b0409a,DrawDoor__3C2DFR9CViewData,43d590
10b042fa,DrawSwitch__3C2DFR9CViewData,43d7e0
10b0440c,DrawFlag__3C2DFR9CViewData11eObjectType,43d8d0
10b044dc,DrawBonus__3C2DFR9CViewData,43d950
10b0454a,DrawTrapDoor__3C2DFR9CViewData,43d990
10b0487c,DrawObject__3C2DFR9CViewData,43dc70
10b04c66,SetOrigin__3C2DFv,43ed20
10b04ede,DrawObjects__3C2DFv,43f620
10b05744,DrawDemo__3C2DFv,43fce0
10b05804,DrawTime__3C2DFv,43fd80
10b05914,DrawPaused__3C2DFv,43fe70
10b05932,DrawScore__3C2DFv,43fe80
10b05a34,ViewDataCmp__FPCvPCv,402eb4
10b05a34,ViewDataCmp__FPCvPCv,43ff60
10b05a64,SortViewData__3C2DFv,43ff70
10b05b06,Draw__3C2DFRC7CVSRect,440000
10b05fa8,ReplaceBackground__3C2DFv,440400
10b0600e,ResetPrimitives__3C2DFv,440430
10b06056,DrawZBuff_Sprite__3C2DFiUs,440460
10b060ac,DrawZBuff_Anim__3C2DFiUs,440490
10b061ac,DrawObjectsZBuff__3C2DFv,440560
10b06416,CalcZValue_Sprite__3C2DFi,4407e0
10b064c6,CalcGroundCode__3C2DF11eObjectTypeiiUs,440840
10b06752,InitSpriteGroundLU__3C2DFv,440c00
10b06778,__ct__3C2DFP14CMain2DDisplayP3CAIP4CGDIP4CMapRC7CVSRect,4358d0
10b06e3e,__dt__3C2DFv,436050
10b070a2,ShutDown__3C2DFv,436190
10b0735a,RegisterRemaps__3C2DFv,4363c0
10b07444,UnRegisterRemaps__3C2DFv,436480
10b07492,CursorChangeType__3C2DF18eCursorDisplayTypei,4364b0
10b074d8,OnLoaded__3C2DFv,4364d0
10b0780e,DoButtons__3C2DFv,436690
10b0782a,OnZoom__3C2DFRC7CVSRect,4366a0
10b0784c,OnSize__3C2DFRC7CVSRect,4366b0
10b07924,SetUpRemapPalettes__3C2DFv,436760
10b079c8,KillRemapPalettes__3C2DFv,436830
10b07a00,Restart__3C2DFv,436850
10b07a86,CheckValidFormGroup__3C2DFv,4369b0
10b07b18,Process__3C2DFv,436a10
10b07f46,FindGameObject__3C2DFRC8CVSPointRiUc,436e40
10b0827e,AddObjectToGroup__3C2DFiUc,437130
10b082cc,FormGroup__3C2DFv,437170
10b08354,MoveGroup__3C2DFRC8CVSPoint,4371e0
10b083d6,CancelMoves__3C2DFv,437250
10b0843a,NextGroup__3C2DFv,4372a0
10b0849c,PrevGroup__3C2DFv,4372f0
10b084fe,SelectLemming__3C2DFi,437340
10b08588,SelectObject__3C2DFi,4373b0
10b0860e,InGroupByObjectNo__3C2DFi,437420
10b08662,RemoveFromGroupByObjectNo__3C2DFi,437460
10b086f8,IsInGrouping__3C2DFP11CGameObject,4374e0
10b0875a,NoStateLeftClick__3C2DFRC8CVSPointRC8CVSPointUcUc,437520
10b088fa,GroupingLeftClick__3C2DFRC8CVSPointRC8CVSPointUc,4376b0
10b08aae,LeftClick__3C2DFRC8CVSPointRC8CVSPointUcUc,437840
10b08b30,NoStateRightClick__3C2DFRC8CVSPointRC8CVSPoint,437890
10b08c02,RightClick__3C2DFRC8CVSPointRC8CVSPoint,437930
10b08c70,ScreenToGame__3C2DFiiRiRi,437970
10b08e94,ProcessMsg__3C2DFP10tagMESSAGE,437b60
10b09008,NewPauseWindow__3C2DF20ePauseWindowMessages,437d00
10b090e0,TriggerPause__3C2DFUc,437da0
10b0914c,SetPause__3C2DFUc,437de0
10b09208,SetMouseShape__3C2DFv,437e90
10b09436,SendCursorMsg__3C2DFv,4380c0
10b09514,OnInside__3C2DFRC8CVSPoint,438170
10b0958c,OnButtonUp__3C2DFRC8CVSPoint12BUTTON_FLAGS,4381c0
10b0960a,OnButtonDown__3C2DFRC8CVSPoint12BUTTON_FLAGS,438210
10b09760,OnPause__3C2DFUc,
10b09786,UseBalloon__3C2DFi,438330
10b09802,UseBalloon__3C2DFP14CPlayerLemming,438380
10b09876,OnDriverChange__3C2DFv,4383c0
10b09a30,SetClipSize__3C2DFv,438500
10b09d40,__ct__20CLemmingAnimsManagerFP4CGDIP14CMain2DDisplayP3CAI,432b50
10b09e58,__dt__20CLemmingAnimsManagerFv,432c20
10b09f1a,SetupStyleSensitive__20CLemmingAnimsManagerFv,432c80
10b0a2ae,LoadVrammed__20CLemmingAnimsManagerFv,432fe0
10b0a920,LoadMainRammed__20CLemmingAnimsManagerFv,4334f0
10b0ad4c,Load__20CLemmingAnimsManagerF7GROUNDS,4337f0
10b0ae48,Unload__20CLemmingAnimsManagerFv,4338b0
10b0b6b6,Draw__20CLemmingAnimsManagerFv,433fb0
10b0b6f2,DrawAnim__20CLemmingAnimsManagerFssUlUlUlP6CRemap,433fc0
10b0c052,LoadAnimation__20CLemmingAnimsManagerFUl9ANIM_TYPE,434bc0
10b0c1da,UpdateNonCacheLoad__20CLemmingAnimsManagerFv,434d10
10b0c244,LoadAnimation__20CLemmingAnimsManagerFUlUl9ANIM_TYPE,434d40
10b0c3e4,UnLoadAnimation__20CLemmingAnimsManagerFUl,434ec0
10b0c46c,UnLoadAnimation__20CLemmingAnimsManagerFUlUl,434f00
10b0c502,__ct__17CPanelPauseButtonFP6CPanelRC8CVSPointP7CPVGWndUlUl,4421d0
10b0c5b8,OnInside__17CPanelPauseButtonFRC8CVSPoint,442240
10b0c604,DrawButton__17CPanelPauseButtonFv,442260
10b0c63c,OnPaint__17CPanelPauseButtonFRC7CVSRect,442270
10b0c67e,OnPressed__17CPanelPauseButtonF12BUTTON_FLAGS,442280
10b0c6ec,OnReleased__17CPanelPauseButtonF12BUTTON_FLAGS,4422b0
10b0c7c6,OnExternalButtonUp__17CPanelPauseButtonFRC8CVSPoint12BUTTON_FLAGS,442350
10b0c854,__ct__12CPanelButtonFP13CPanelLemmingRC7CVSRectP7CPVGWnd,442390
10b0cb74,__dt__12CPanelButtonFv,4425e0
10b0cc70,OnInside__12CPanelButtonFRC8CVSPoint,442670
10b0ccb6,DrawButton__12CPanelButtonFv,442690
10b0d146,OnPaint__12CPanelButtonFRC7CVSRect,4429b0
10b0d262,OnReleased__12CPanelButtonF12BUTTON_FLAGS,442aa0
10b0d2b2,OnExternalButtonUp__12CPanelButtonFRC8CVSPoint12BUTTON_FLAGS,442ac0
10b0d320,OnPressed__12CPanelButtonF12BUTTON_FLAGS,442ae0
10b0d5c6,Move__13CPanelLemmingFRC8CVSPoint,442ca0
10b0d654,__ct__13CPanelLemmingFP14CPlayerLemmingRC8CVSPointP6CPanel,442ce0
10b0d77a,__dt__13CPanelLemmingFv,442db0
10b0d7d8,UpdateStatus__13CPanelLemmingFv,442dd0
10b0d942,GetPausePos__6CPanelFv,442f00
10b0da4a,__ct__6CPanelFP3C2D,442f80
10b0dc46,__dt__6CPanelFv,443140
10b0dd10,OnSize__6CPanelFv,4431f0
10b0dd98,Process__6CPanelFv,443250
10b0ddd8,SetPause__6CPanelFUc,443270
10b0de2c,TranslateKey__6CPanelFUl,4432a0
10b0de64,ProcessMsg__6CPanelFP10tagMESSAGE,4432c0
10b0df46,MouseInPanel__6CPanelFRC8CVSPoint,443360
10b0dfec,CursorChangeType__12CPauseWindowF18eCursorDisplayTypei,
10b0e048,Initialise__12CPauseWindowFv,443af0
10b0e1da,Load__12CPauseWindowFv,443c70
10b0e2a0,UnLoad__12CPauseWindowFv,443d40
10b0e2fc,Restart__12CPauseWindowFv,443d80
10b0e390,CreateTheWindow__12CPauseWindowFRC7CVSRect,443db0
10b0e6ce,CalculateWindow__12CPauseWindowFv,444050
10b0eeba,__ct__12CPauseWindowFP19CReceiveWindowStateP7CPVGWnd20ePauseWindowMessages,444680
10b0f02a,__dt__12CPauseWindowFv,444790
10b0f1aa,RegisterRemaps__12CPauseWindowFv,4448c0
10b0f222,UnRegisterRemaps__12CPauseWindowFv,444900
10b0f282,Remap__12CPauseWindowFi,444930
10b0f2d8,OnPaint__12CPauseWindowFRC7CVSRect,444980
10b0f404,OnInside__12CPauseWindowFRC8CVSPoint,444a90
10b0f506,OnButtonDown__12CPauseWindowFRC8CVSPoint12BUTTON_FLAGS,444b20
10b0f61a,OnButtonUp__12CPauseWindowFRC8CVSPoint12BUTTON_FLAGS,444bd0
10b0f67c,OnExternalButtonUp__12CPauseWindowFRC8CVSPoint12BUTTON_FLAGS,444bf0
10b0f6e6,ProcessMsg__12CPauseWindowFP10tagMESSAGE,444c10
10b0f8a0,FreeVram__12CPauseWindowFv,444da0
10b0f8fc,OnDriverChange__12CPauseWindowFv,444dd0
10b0f930,DumpStrs__9CPBButtonFv,43a1c0
10b0f952,__ct__12CPadToButtonFi,43a250
10b0f9e2,__dt__12CPadToButtonFv,43a2b0
10b0f9e2,__dt__12CPadToButtonFv,43a490
10b0fa5c,ProcessMsg__12CPadToButtonFP10tagMESSAGE,43a2e0
10b0fb42,__ct__10CSoundViewFv,439a70
10b0fbd4,__dt__10CSoundViewFv,439b30
10b0fc30,SetEffectsOn__10CSoundViewFUc,439b50
10b0fc68,PlayEffect__10CSoundViewF12eSoundEffect,439b70
10b0fcd2,SetMusicOn__10CSoundViewFUc,439ba0
10b0fd8a,SoundEffect__10CSoundViewFP9CViewDataiR7AICOORD,439c40
10b0ff0a,UnprepareEffects__10CSoundViewFv,439d60
10b0ff80,PrepareEffects__10CSoundViewFUs,439d90
10b10068,GetnEffects__10CSoundViewFUs,439df0
10b100d0,ChangeState__10CSoundViewFUsP11CLoadUpdate,439e30
10b10236,SetEffectsVolume__10CSoundViewFUc,439f50
10b1027c,SetMusicVolume__10CSoundViewFUc,439f70
10c0000c,NumToolboxTraps__Fv,
10c00062,GetTrapType__Fs,
10c0008e,TrapExists__Fs,
10c00102,GetSystemFolder__FPsPl,
10c00160,GetCPanelFolder__FPsPl,
10c001ee,SearchFolderForDNRP__Fllsl,
10c0029e,OpenOurRF__Fv,
10c00358,OpenResolver,
10c0040e,CloseResolver,
10c00456,StrToAddr,
10c00492,AddrToStr,
10c004cc,AddrToName,
