from_address,to_address,kind
0x00401019,0x00418040,call
0x00401037,0x0042A7A0,call
0x00401050,0x0040AA70,call
0x00401055,0x0040A960,call
0x00401073,0x004397E0,call
0x00401087,0x00416DE0,call
0x00401091,0x00453070,call
0x004010A0,0x004323B0,call
0x004010B9,0x00415D90,call
0x004010CD,0x00417D50,call
0x00401104,0x00447D80,call
0x00401122,0x00452370,call
0x00401140,0x0041FAB0,call
0x0040114A,0x0040CED0,call
0x00401195,0x0043A510,call
0x004011B8,0x00435870,call
0x004011BD,0x0041E530,call
0x004011CC,0x0041C430,call
0x0040122B,0x0043A520,call
0x004012D5,0x0041AAA0,call
0x00401316,0x00417BE0,call
0x0040131B,0x00407F70,call
0x00401334,0x00439770,call
0x0040134D,0x004468D0,call
0x00401370,0x00407FD0,call
0x004013BB,0x00439460,call
0x00401465,0x0040F000,call
0x00401488,0x00439A40,call
0x004014A1,0x00439940,call
0x004014BA,0x0041DC40,call
0x004014F6,0x00439870,call
0x00401505,0x00446F60,call
0x0040150F,0x004323D0,call
0x00401564,0x0040ABD0,call
0x0040157D,0x00429EA0,call
0x00401582,0x0040AA10,call
0x004015B9,0x004358C0,call
0x0040160E,0x00415E20,call
0x00401645,0x0040ABA0,call
0x0040164A,0x0041CA90,call
0x00401672,0x004298A0,call
0x004016A4,0x004098B0,call
0x004016D6,0x00443A20,call
0x004016F9,0x00439400,call
0x00401703,0x00439960,call
0x0040172B,0x0040A800,call
0x00401767,0x004464D0,call
0x004017D5,0x0041DF60,call
0x004017EE,0x004479A0,call
0x00401834,0x00432A90,call
0x00401852,0x00417CA0,call
0x0040185C,0x00414C60,call
0x00401884,0x00446990,call
0x00401889,0x00446480,call
0x00401898,0x004396E0,call
0x0040189D,0x004397A0,call
0x004018AC,0x00432AD0,call
0x004018BB,0x0040A890,call
0x004018C5,0x00417C10,call
0x004018CF,0x004324D0,call
0x004018DE,0x00448800,call
0x00401901,0x00408040,call
0x0040191A,0x00413DF0,call
0x00401942,0x00429850,call
0x00401956,0x00422EF0,call
0x0040195B,0x0040AA00,call
0x004019B0,0x0044A940,call
0x004019B5,0x004475A0,call
0x004019FB,0x00453120,call
0x00401A28,0x004096B0,call
0x00401A8C,0x00447830,call
0x00401AAA,0x0040AC00,call
0x00401AAF,0x0040AB30,call
0x00401ADC,0x0044CEC0,call
0x00401AE6,0x00453030,call
0x00401B40,0x004510E0,call
0x00401B4F,0x0040F600,call
0x00401BA4,0x00448300,call
0x00401BB3,0x0040A950,call
0x00401BC2,0x0044E620,call
0x00401BC7,0x0040AA40,call
0x00401BE5,0x0044A9D0,call
0x00401BEA,0x00417E80,call
0x00401C1C,0x00416220,call
0x00401C67,0x0042CD70,call
0x00401C71,0x004398B0,call
0x00401C76,0x00413DF0,call
0x00401C99,0x00422350,call
0x00401C9E,0x0044E690,call
0x00401D2A,0x00407E10,call
0x00401DB1,0x00434D10,call
0x00401DB6,0x00417B80,call
0x00401DD9,0x004476B0,call
0x00401DED,0x0040AC00,call
0x00401E1F,0x004472B0,call
0x00401E24,0x004479D0,call
0x00401E33,0x0041FCD0,call
0x00401E47,0x00417B80,call
0x00401E6F,0x00432B10,call
0x00401E92,0x0040A9F0,call
0x00401EA1,0x0040CE80,call
0x00401EFB,0x0041E420,call
0x00401F28,0x0044C460,call
0x00401F7D,0x0040A940,call
0x00401F87,0x00446F20,call
0x00401F9B,0x0042BBE0,call
0x00401FC8,0x00407EF0,call
0x0040209A,0x00447990,call
0x004020CC,0x0042C9E0,call
0x00402117,0x0041E100,call
0x00402135,0x0044FB70,call
0x0040213A,0x00447340,call
0x00402144,0x0041C630,call
0x00402149,0x0041E0C0,call
0x0040216C,0x00418300,call
0x004021A3,0x004466E0,call
0x004021B2,0x004395C0,call
0x00402252,0x00445A40,call
0x0040227F,0x00408070,call
0x004022B1,0x00452F20,call
0x004022C0,0x0040AA90,call
0x004022C5,0x00439620,call
0x004022DE,0x004472F0,call
0x00402333,0x00414150,call
0x004023F1,0x0044C0D0,call
0x004023FB,0x00439430,call
0x0040240A,0x0041AFD0,call
0x0040242D,0x00448620,call
0x004024F0,0x0040A9D0,call
0x0040251D,0x0041F9F0,call
0x0040255E,0x0042E500,call
0x00402586,0x0040AED0,call
0x00402595,0x00448A70,call
0x004025AE,0x00432AE0,call
0x00402617,0x0044C330,call
0x0040263F,0x0041E410,call
0x004026AD,0x0040ABE0,call
0x004026F3,0x00407F40,call
0x0040278E,0x0040A990,call
0x004027A2,0x00407F70,call
0x004027B1,0x0040D490,call
0x004027BB,0x00423010,call
0x004027C5,0x00442AC0,call
0x004027CF,0x00416FC0,call
0x004027E3,0x00455EB0,call
0x0040280B,0x0040C890,call
0x00402842,0x0041DEF0,call
0x00402847,0x00410AA0,call
0x0040286A,0x00452E90,call
0x00402883,0x00422FE0,call
0x00402888,0x00421690,call
0x00402900,0x004180E0,call
0x0040292D,0x00431CD0,call
0x0040298C,0x004098E0,call
0x00402991,0x00408010,call
0x004029CD,0x00447300,call
0x004029D7,0x00415240,call
0x004029EB,0x00417BB0,call
0x00402A59,0x00435880,call
0x00402A8B,0x00439810,call
0x00402A9F,0x0043A530,call
0x00402ABD,0x0041E140,call
0x00402AC7,0x00446F90,call
0x00402AD1,0x004399E0,call
0x00402ADB,0x00408050,call
0x00402AEA,0x00439450,call
0x00402AF9,0x00423050,call
0x00402B03,0x00452500,call
0x00402B21,0x00445350,call
0x00402B35,0x004398E0,call
0x00402B3F,0x004383C0,call
0x00402B4E,0x0040C1C0,call
0x00402B85,0x00418330,call
0x00402B8A,0x0040A810,call
0x00402BAD,0x0041C5B0,call
0x00402BC6,0x00407FD0,call
0x00402BF3,0x0041E2E0,call
0x00402BF8,0x0040C7B0,call
0x00402BFD,0x0044B340,call
0x00402C20,0x004472E0,call
0x00402C3E,0x00447610,call
0x00402C43,0x00445400,call
0x00402C48,0x0040A9C0,call
0x00402C52,0x00414C70,call
0x00402D24,0x00446830,call
0x00402D29,0x00408060,call
0x00402D38,0x0041E400,call
0x00402D5B,0x004358B0,call
0x00402DA1,0x0042F540,call
0x00402DB0,0x00417CD0,call
0x00402DCE,0x004452E0,call
0x00402DD3,0x004398A0,call
0x00402DD8,0x004358A0,call
0x00402DFB,0x0040AB80,call
0x00402E05,0x00447530,call
0x00402E1E,0x004324A0,call
0x00402E6E,0x004366B0,call
0x00402EA5,0x0041AF50,call
0x00402F36,0x00440000,call
0x00402F5E,0x00407FA0,call
0x00402F90,0x00436A10,call
0x00402FB8,0x00452850,call
0x00403035,0x004511C0,call
0x0040303F,0x0040AB40,call
0x0040308F,0x00417BB0,call
0x0040309E,0x004398D0,call
0x004030C1,0x00432430,call
0x004030E4,0x00417B50,call
0x00403166,0x004471A0,call
0x00403175,0x00410B20,call
0x004031AC,0x004473D0,call
0x004031C5,0x00407F40,call
0x004031D9,0x0041E290,call
0x00403210,0x004206F0,call
0x00403247,0x00446F50,call
0x00403251,0x00407EF0,call
0x00403288,0x00417C40,call
0x004032EC,0x00446FD0,call
0x00403300,0x004399D0,call
0x00403305,0x00422B40,call
0x0040335F,0x0040AB50,call
0x004033DC,0x0040AA30,call
0x004033FA,0x00447170,call
0x00403404,0x00424800,call
0x00403422,0x004477E0,call
0x00403427,0x0040AB70,call
0x00403431,0x0042B4F0,call
0x004034A9,0x0043A4C0,call
0x004034F4,0x00436190,call
0x00403512,0x004397D0,call
0x00403521,0x00439490,call
0x00403553,0x00417C70,call
0x0040355D,0x00439970,call
0x00403562,0x004366A0,call
0x00403580,0x00432350,call
0x0040358A,0x0040AB10,call
0x004035D0,0x00448AA0,call
0x00403602,0x0040AA50,call
0x00403607,0x004524F0,call
0x00403616,0x00413E30,call
0x0040362A,0x004453E0,call
0x0040362F,0x00447380,call
0x00403657,0x004323C0,call
0x00403670,0x00439760,call
0x00403675,0x0041B830,call
0x00403693,0x0043A4F0,call
0x004036F7,0x00417C70,call
0x00403701,0x0040A3E0,call
0x00403706,0x00417C10,call
0x00403724,0x00439980,call
0x00403751,0x004399B0,call
0x00403774,0x00407F30,call
0x00403788,0x0041E3C0,call
0x004037A1,0x00432B20,call
0x004037A6,0x0041C3F0,call
0x004037AB,0x00447980,call
0x004037C9,0x00455DE0,call
0x004037E7,0x00447000,call
0x00403823,0x00417B50,call
0x00403846,0x00439800,call
0x00403855,0x00407FA0,call
0x0040386E,0x00449170,call
0x00406310,0x00401FD2,call
0x00406310,0x00402527,call
0x00406310,0x004029E1,call
0x00406310,0x00402A7C,call
0x00406310,0x00402B9E,call
0x00406310,0x00402FB3,call
0x00406310,0x00406460,call
0x00406310,0x004585B0,call
0x00406310,0x0045A780,call
0x00406310,0x0045A790,call
0x00406310,0x0045A940,call
0x00406460,0x004024E1,call
0x00406460,0x00406790,call
0x00406B30,0x004014B0,call
0x00406C00,0x00401771,call
0x00406C00,0x00403323,call
0x00406C00,0x00458D80,call
0x00406CA0,0x004014B0,call
0x00406CA0,0x00402130,call
0x00406CA0,0x00403323,call
0x00406CA0,0x004034FE,call
0x00406CA0,0x004585B0,call
0x00406DF0,0x004010F0,call
0x00406DF0,0x004010FA,call
0x00406DF0,0x00401875,call
0x00406DF0,0x0040295A,call
0x00406DF0,0x00403152,call
0x00406DF0,0x004031C0,call
0x00406DF0,0x00458440,call
0x00406DF0,0x004584A0,call
0x00406DF0,0x004585B0,call
0x00406DF0,0x0045A780,call
0x00406DF0,0x0045AB90,call
0x00406DF0,0x0045AC10,call
0x00406DF0,0x0045AD70,call
0x00406DF0,0x0045ADC0,call
0x00406DF0,0x0045B5C0,call
0x00406DF0,0x0045B5F0,call
0x00406DF0,0x0045B770,call
0x00406DF0,0x0045B8E0,call
0x00406DF0,0x0045BAF0,call
0x00406DF0,0x0045C630,call
0x00406DF0,0x0045ECB0,call
0x00406DF0,0x0045EDA0,call
0x004071D0,0x004012A8,call
0x004071D0,0x00401A1E,call
0x004071D0,0x00402DB5,call
0x004071D0,0x0045A790,call
0x004071D0,0x0045B7C0,call
0x004071D0,0x0045BB70,call
0x004071D0,0x0045C770,call
0x004071D0,0x0045ECB0,call
0x00407300,0x0045D180,call
0x00407300,0x0045DE00,call
0x004073B0,0x004025E5,call
0x004073B0,0x0045A780,call
0x004073F0,0x004012A8,call
0x004073F0,0x0045A790,call
0x00407420,0x004015E6,call
0x00407420,0x00401B90,call
0x00407420,0x00401C6C,call
0x00407420,0x00401D5C,call
0x00407420,0x004022AC,call
0x00407420,0x004024B9,call
0x00407420,0x004027A7,call
0x00407420,0x00402B8F,call
0x00407420,0x0040383C,call
0x00407420,0x0045A780,call
0x004077E0,0x004010FA,call
0x004077E0,0x0040163B,call
0x004077E0,0x00401E1A,call
0x004077E0,0x00403341,call
0x004077E0,0x0040383C,call
0x004077E0,0x00403869,call
0x004078F0,0x00402C39,call
0x00407950,0x00402D92,call
0x00407950,0x00403184,call
0x00407950,0x00403350,call
0x00407950,0x00456500,call
0x00407E10,0x00458440,call
0x00407E10,0x0045A790,call
0x00407E40,0x00458440,call
0x00407E40,0x004584A0,call
0x00407E40,0x0045A790,call
0x00407E80,0x00458440,call
0x00407E80,0x004584A0,call
0x00407E80,0x0045A790,call
0x00407E80,0x0045ADC0,call
0x00407EF0,0x0045A790,call
0x00407F40,0x00403062,call
0x00407F40,0x0045A790,call
0x00407F70,0x00403062,call
0x00407F70,0x0045A790,call
0x00407FA0,0x00403062,call
0x00407FA0,0x0045A790,call
0x00407FD0,0x00403062,call
0x00407FD0,0x0045A790,call
0x00408010,0x0045A790,call
0x00408040,0x00401370,call
0x00408050,0x00402F5E,call
0x00408060,0x004027A2,call
0x00408070,0x004026F3,call
0x00408210,0x0040117C,call
0x00408240,0x00401032,call
0x00408240,0x00401127,call
0x00408240,0x00401253,call
0x00408240,0x0040128F,call
0x00408240,0x004012B2,call
0x00408240,0x0040141A,call
0x00408240,0x00401717,call
0x00408240,0x0040171C,call
0x00408240,0x0040191F,call
0x00408240,0x004019A6,call
0x00408240,0x00401A96,call
0x00408240,0x00401B18,call
0x00408240,0x00401C3F,call
0x00408240,0x004020D6,call
0x00408240,0x004024CD,call
0x00408240,0x004024DC,call
0x00408240,0x004026EE,call
0x00408240,0x004027B6,call
0x00408240,0x00402B3A,call
0x00408240,0x00402C98,call
0x00408240,0x00402E0F,call
0x00408240,0x004030A8,call
0x00408240,0x0040320B,call
0x00408240,0x004032D8,call
0x00408240,0x0040351C,call
0x00408240,0x0040356C,call
0x00408240,0x00403611,call
0x00408240,0x00403625,call
0x00408240,0x00403634,call
0x00408240,0x004036A2,call
0x00408240,0x00403828,call
0x00408240,0x0045A790,call
0x00408240,0x0045D180,call
0x00408240,0x0045E540,call
0x004087B0,0x0045A780,call
0x004087B0,0x00462EE0,call
0x004087B0,0x00462F20,call
0x004087B0,0x00462F30,call
0x004087B0,0x00462F80,call
0x00408850,0x00401A96,call
0x00408850,0x00402C98,call
0x00408850,0x0040320B,call
0x00408850,0x004585B0,call
0x00408850,0x00458630,call
0x00408850,0x0045A790,call
0x00408850,0x0045D180,call
0x00408850,0x0045E540,call
0x00408DC0,0x00402793,call
0x00409150,0x004017A3,call
0x00409150,0x0045A780,call
0x004091B0,0x0040179E,call
0x004091B0,0x00462EA0,call
0x004091B0,0x004632A0,call
0x00409220,0x00401A55,call
0x00409220,0x004633B0,call
0x00409250,0x0040388C,call
0x00409250,0x00463000,call
0x00409460,0x0045A780,call
0x00409460,0x0045E540,call
0x00409460,0x00462EE0,call
0x00409460,0x00462F20,call
0x00409460,0x00462F30,call
0x00409460,0x00462FC0,call
0x00409560,0x0040388C,call
0x00409600,0x0040179E,call
0x00409600,0x00401A55,call
0x00409620,0x00402685,call
0x00409620,0x00402EAA,call
0x00409660,0x0045A790,call
0x00409660,0x0045D180,call
0x004096A0,0x00401A55,call
0x004096B0,0x00402EAA,call
0x004098B0,0x00402770,call
0x004098B0,0x0045A790,call
0x004098E0,0x0045A790,call
0x00409930,0x0045A780,call
0x00409930,0x00463960,call
0x00409CA0,0x0040153C,call
0x00409CC0,0x00401749,call
0x00409CC0,0x0040180C,call
0x00409D10,0x004021D0,call
0x00409F70,0x00401794,call
0x00409FA0,0x00401794,call
0x00409FA0,0x00401F3C,call
0x0040A020,0x00402F22,call
0x0040A050,0x00402608,call
0x0040A050,0x0040268F,call
0x0040A050,0x00402D42,call
0x0040A110,0x00402293,call
0x0040A110,0x0040237E,call
0x0040A210,0x0045EE80,call
0x0040A2A0,0x004010E6,call
0x0040A2A0,0x0045A780,call
0x0040A350,0x0045EEA0,call
0x0040A370,0x00402CB6,call
0x0040A3E0,0x00402293,call
0x0040A3E0,0x0040237E,call
0x0040A490,0x00401EE7,call
0x0040A490,0x004036BB,call
0x0040ABA0,0x0045A790,call
0x0040ABA0,0x0045EEA0,call
0x0040AC00,0x0045A790,call
0x0040AC00,0x0045EEA0,call
0x0040AC30,0x00402180,call
0x0040AC30,0x0045A790,call
0x0040AD30,0x00401433,call
0x0040AD30,0x0045F1E0,call
0x0040AD30,0x0045F250,call
0x0040ADD0,0x00402658,call
0x0040ADD0,0x0045EF40,call
0x0040ADD0,0x0045F240,call
0x0040ADD0,0x0045F2B0,call
0x0040ADD0,0x004619D0,call
0x0040AED0,0x00401794,call
0x0040AED0,0x0045F070,call
0x0040B020,0x0040224D,call
0x0040B020,0x00402388,call
0x0040B020,0x0045A780,call
0x0040B020,0x00462590,call
0x0040B020,0x00462EA0,call
0x0040B0D0,0x0040344F,call
0x0040B0D0,0x0045A790,call
0x0040B0D0,0x004625B0,call
0x0040B210,0x00401802,call
0x0040B210,0x004034F9,call
0x0040B210,0x0045F280,call
0x0040B290,0x0045F280,call
0x0040B320,0x00401433,call
0x0040B450,0x004014F1,call
0x0040B450,0x0045A790,call
0x0040B480,0x004035DF,call
0x0040B4D0,0x004029A5,call
0x0040B930,0x00401285,call
0x0040B930,0x0045A780,call
0x0040B9E0,0x00402293,call
0x0040B9E0,0x00402892,call
0x0040BA30,0x00401046,call
0x0040BA30,0x00401794,call
0x0040BA30,0x004018A7,call
0x0040BA30,0x00401ED3,call
0x0040BA30,0x00402293,call
0x0040BE50,0x0040214E,call
0x0040BE50,0x00402C6B,call
0x0040BE50,0x00403396,call
0x0040C1D0,0x00401D4D,call
0x0040C1D0,0x004021D0,call
0x0040C1D0,0x0045A790,call
0x0040C2D0,0x0040153C,call
0x0040C3B0,0x004029A5,call
0x0040C750,0x0045EE80,call
0x0040C7E0,0x0045EEA0,call
0x0040C810,0x00402293,call
0x0040C810,0x00403841,call
0x0040C810,0x0045A780,call
0x0040C950,0x004029A5,call
0x0040CA40,0x0040107D,call
0x0040CA40,0x00401393,call
0x0040CA40,0x00401D25,call
0x0040CA40,0x0040227A,call
0x0040CA40,0x004029A5,call
0x0040CE50,0x004021D0,call
0x0040CE50,0x0045A790,call
0x0040CEA0,0x004021D0,call
0x0040CEA0,0x0045A790,call
0x0040CED0,0x0040222A,call
0x0040CED0,0x0045A790,call
0x0040CFF0,0x004014C9,call
0x0040D0C0,0x0040291E,call
0x0040D130,0x0040291E,call
0x0040D2E0,0x00402324,call
0x0040D470,0x0040153C,call
0x0040D490,0x0040180C,call
0x0040D4A0,0x00401267,call
0x0040D4A0,0x004015B4,call
0x0040DB80,0x00401163,call
0x0040DB80,0x00402D9C,call
0x0040DD00,0x00401F3C,call
0x0040DD80,0x00401F3C,call
0x0040DEC0,0x00402F22,call
0x0040DF30,0x0045EE80,call
0x0040DFC0,0x00401EBA,call
0x0040DFC0,0x0045A780,call
0x0040E060,0x0045EEA0,call
0x0040E0C0,0x0040214E,call
0x0040E0C0,0x00402293,call
0x0040E0C0,0x00403189,call
0x0040E500,0x0040193D,call
0x0040E5A0,0x00401794,call
0x0040E5A0,0x00401B31,call
0x0040E600,0x00401794,call
0x0040E630,0x00401857,call
0x0040E630,0x0040214E,call
0x0040E630,0x00402405,call
0x0040EBE0,0x004021F3,call
0x0040EBE0,0x0045A790,call
0x0040EC10,0x004021D0,call
0x0040EC10,0x00402DC4,call
0x0040EC10,0x0045A790,call
0x0040ECB0,0x0040153C,call
0x0040ECB0,0x0040227A,call
0x0040ECB0,0x00402293,call
0x0040ECB0,0x0045EE80,call
0x0040ED90,0x0040180C,call
0x0040ED90,0x00401D52,call
0x0040EFD0,0x004021D0,call
0x0040EFD0,0x0045EEA0,call
0x0040F000,0x004032DD,call
0x0040F120,0x0040155F,call
0x0040F120,0x004019CE,call
0x0040F120,0x00402BB7,call
0x0040F160,0x00401532,call
0x0040F160,0x00401E65,call
0x0040F160,0x00402068,call
0x0040F160,0x004023E7,call
0x0040F220,0x00401532,call
0x0040F220,0x00402068,call
0x0040F220,0x004023E7,call
0x0040F310,0x0040161D,call
0x0040F310,0x00402EFF,call
0x0040F430,0x00401532,call
0x0040F430,0x00401E65,call
0x0040F4B0,0x00401532,call
0x0040F500,0x004013ED,call
0x0040F500,0x00401415,call
0x0040F640,0x0045EFF0,call
0x0040F640,0x0045F070,call
0x0040F640,0x0045F090,call
0x0040F6F0,0x0045EF10,call
0x0040F6F0,0x0045EF40,call
0x0040F6F0,0x0045EF60,call
0x0040FD10,0x00401983,call
0x0040FD10,0x00402446,call
0x0040FD10,0x0040254A,call
0x0040FD10,0x004029A5,call
0x0040FF70,0x004015D2,call
0x0040FF70,0x00401983,call
0x0040FF70,0x00402F22,call
0x0040FF70,0x004031E3,call
0x00410100,0x00401460,call
0x00410100,0x0040341D,call
0x00410100,0x004036B1,call
0x00410220,0x00402CFC,call
0x00410250,0x00402C16,call
0x004102D0,0x0040367A,call
0x00410B20,0x004011DB,call
0x00410B20,0x0045A790,call
0x00410B70,0x00403175,call
0x00410B80,0x0045EE80,call
0x00410BE0,0x0045EFF0,call
0x00410BE0,0x0045F010,call
0x00410C10,0x004021EE,call
0x00410C10,0x0045A780,call
0x00410C10,0x0045EE80,call
0x00410C10,0x00462EA0,call
0x00410D00,0x004010AA,call
0x00410D00,0x004011EA,call
0x00410D00,0x004012FD,call
0x00410D00,0x004013F7,call
0x00410D00,0x00401591,call
0x00410D00,0x004015E1,call
0x00410D00,0x00401677,call
0x00410D00,0x0040177B,call
0x00410D00,0x00401799,call
0x00410D00,0x004017B2,call
0x00410D00,0x004017BC,call
0x00410D00,0x0040196A,call
0x00410D00,0x004019A1,call
0x00410D00,0x00401A0F,call
0x00410D00,0x00401D48,call
0x00410D00,0x00401DFC,call
0x00410D00,0x00401E10,call
0x00410D00,0x00401E8D,call
0x00410D00,0x00401EA6,call
0x00410D00,0x00401ECE,call
0x00410D00,0x00401F41,call
0x00410D00,0x0040204A,call
0x00410D00,0x0040204F,call
0x00410D00,0x00402379,call
0x00410D00,0x00402388,call
0x00410D00,0x00402423,call
0x00410D00,0x004024D2,call
0x00410D00,0x00402734,call
0x00410D00,0x00402748,call
0x00410D00,0x00402752,call
0x00410D00,0x0040285B,call
0x00410D00,0x004028F6,call
0x00410D00,0x00402A86,call
0x00410D00,0x00402AF4,call
0x00410D00,0x00402CF7,call
0x00410D00,0x00402D51,call
0x00410D00,0x00402E78,call
0x00410D00,0x00402F95,call
0x00410D00,0x00402FDB,call
0x00410D00,0x00403094,call
0x00410D00,0x004030E9,call
0x00410D00,0x0040312F,call
0x00410D00,0x004031A7,call
0x00410D00,0x00403292,call
0x00410D00,0x0040331E,call
0x00410D00,0x00403364,call
0x00410D00,0x004033AA,call
0x00410D00,0x00403454,call
0x00410D00,0x0040347C,call
0x00410D00,0x0040349F,call
0x00410D00,0x004034B8,call
0x00410D00,0x004034EF,call
0x00410D00,0x004035E9,call
0x00410D00,0x00403620,call
0x00410D00,0x004037D8,call
0x00410D00,0x004585B0,call
0x00410D00,0x00458630,call
0x00410D00,0x0045A780,call
0x00410D00,0x0045FCC0,call
0x00410D00,0x0045FCD0,call
0x00410D00,0x004630A0,call
0x00410D00,0x004632A0,call
0x004117A0,0x0040162C,call
0x004117A0,0x004018F2,call
0x004117A0,0x00401E8D,call
0x004117A0,0x00401F41,call
0x004117A0,0x00402013,call
0x004117A0,0x00402A6D,call
0x004117A0,0x00402B2B,call
0x004117A0,0x00402DE7,call
0x004117A0,0x00402E0A,call
0x004117A0,0x004036C5,call
0x004117A0,0x004037B0,call
0x004117A0,0x0045A790,call
0x004117A0,0x0045EEA0,call
0x004117A0,0x004633B0,call
0x00411B10,0x004013ED,call
0x00411B70,0x0045F2B0,call
0x00411C10,0x00401613,call
0x00411C10,0x004585B0,call
0x00411C10,0x00458630,call
0x00411F20,0x00401613,call
0x00412080,0x0040227A,call
0x00412080,0x00402293,call
0x00412100,0x00403544,call
0x004121F0,0x00401352,call
0x004121F0,0x004013ED,call
0x004121F0,0x004018B6,call
0x004121F0,0x00401D75,call
0x004121F0,0x0040259F,call
0x004121F0,0x004029B9,call
0x004121F0,0x00402D8D,call
0x004121F0,0x00402E32,call
0x004121F0,0x00402F72,call
0x004121F0,0x004033C3,call
0x004121F0,0x0045F2B0,call
0x004121F0,0x0045FC30,call
0x004121F0,0x0045FC50,call
0x004121F0,0x00463810,call
0x004124D0,0x004021CB,call
0x004124D0,0x00402987,call
0x004124D0,0x0040330F,call
0x004125C0,0x00402BD5,call
0x004125E0,0x00401B9F,call
0x00412600,0x0040161D,call
0x00412600,0x00401BF9,call
0x00412660,0x0040121C,call
0x00412660,0x0040201D,call
0x00412660,0x00402509,call
0x00412660,0x00402D47,call
0x00412660,0x00402D74,call
0x00412660,0x0040378D,call
0x004127E0,0x00402680,call
0x00412890,0x004011B3,call
0x00412890,0x0040123A,call
0x00412890,0x00401C35,call
0x00412890,0x004022D4,call
0x00412890,0x00402473,call
0x00412890,0x004029A5,call
0x00412890,0x00402B30,call
0x00412890,0x00402E5A,call
0x00412AD0,0x00401FA5,call
0x00412B60,0x00402F6D,call
0x00412B80,0x0045F250,call
0x00412BE0,0x0045F280,call
0x00412C50,0x00403391,call
0x00412C60,0x004013ED,call
0x00412C80,0x00402946,call
0x00412C80,0x00402E4B,call
0x00412C80,0x00402E9B,call
0x00412C80,0x0040349A,call
0x00412E20,0x0040259A,call
0x00412E40,0x0040231F,call
0x00412E60,0x00402496,call
0x00412EB0,0x00401393,call
0x00412EB0,0x0040227A,call
0x00412F10,0x00401555,call
0x00412FB0,0x00401794,call
0x00412FB0,0x0040214E,call
0x00412FB0,0x00402293,call
0x00412FB0,0x004031BB,call
0x00413000,0x00402757,call
0x00413020,0x00402C5C,call
0x00413040,0x00402833,call
0x004130D0,0x00402E55,call
0x00413DF0,0x0045A790,call
0x00413DF0,0x0045EEA0,call
0x00413E20,0x00402C61,call
0x00413E30,0x00401271,call
0x00413E30,0x0045A790,call
0x00413E60,0x00403616,call
0x00413E70,0x00403616,call
0x00413F80,0x0045A9B0,call
0x00414010,0x00402103,call
0x00414040,0x00402EBE,call
0x00414070,0x004037C4,call
0x00414150,0x004010BE,call
0x00414150,0x004012C6,call
0x00414150,0x0040138E,call
0x00414150,0x0040161D,call
0x00414150,0x004017D5,call
0x00414150,0x00401816,call
0x00414150,0x00401AF5,call
0x00414150,0x00401BF4,call
0x00414150,0x00401D52,call
0x00414150,0x00401F37,call
0x00414150,0x0040202C,call
0x00414150,0x0040241E,call
0x00414150,0x00403756,call
0x00414600,0x004011AE,call
0x00414600,0x00401AC3,call
0x00414600,0x00402667,call
0x004147D0,0x0040241E,call
0x004147D0,0x00402667,call
0x004147D0,0x00402879,call
0x00414810,0x00401816,call
0x00414810,0x004023BF,call
0x00414810,0x0040241E,call
0x00414810,0x00402667,call
0x00414810,0x00403643,call
0x00414890,0x00401816,call
0x00414890,0x0040241E,call
0x004148C0,0x00401816,call
0x004148C0,0x00401EAB,call
0x004148F0,0x00402AB8,call
0x00414960,0x00401816,call
0x00414960,0x0040241E,call
0x00414960,0x00402B99,call
0x004149A0,0x0040142E,call
0x004149A0,0x00401816,call
0x004149A0,0x0040241E,call
0x00414C80,0x004020EF,call
0x00414C80,0x0045A790,call
0x00414DA0,0x00462EA0,call
0x00414DA0,0x004632A0,call
0x00414DE0,0x004633B0,call
0x00414E00,0x00403215,call
0x00414F00,0x00402F09,call
0x00414F00,0x0045A790,call
0x00414F30,0x00401C08,call
0x00414F30,0x0045A780,call
0x004150D0,0x0040243C,call
0x00415160,0x004010D2,call
0x00415160,0x0045A790,call
0x00415300,0x00401460,call
0x00415300,0x004018A7,call
0x00415300,0x004021E4,call
0x00415300,0x004036B1,call
0x00415580,0x0040119A,call
0x00415580,0x00401460,call
0x00415580,0x0040254A,call
0x00415580,0x0040326F,call
0x00415580,0x0040336E,call
0x00415580,0x004036B1,call
0x00415780,0x00402351,call
0x00415830,0x004035E4,call
0x004158B0,0x00402C07,call
0x004158B0,0x00402EF5,call
0x004158B0,0x004035E4,call
0x00415A30,0x00401460,call
0x00415A30,0x00402E82,call
0x00415A30,0x004030AD,call
0x00415A30,0x0040328D,call
0x00415A30,0x0040341D,call
0x00415A30,0x004036B1,call
0x00415D90,0x00401532,call
0x00415D90,0x00402068,call
0x00415D90,0x004023E7,call
0x00415D90,0x0040336E,call
0x00415E20,0x00401532,call
0x00415E20,0x0040336E,call
0x00415F30,0x0040360C,call
0x00416130,0x00401460,call
0x00416130,0x0040341D,call
0x00416130,0x004036B1,call
0x00416220,0x00401460,call
0x00416220,0x004021E4,call
0x00416220,0x00402446,call
0x00416220,0x0040341D,call
0x00416220,0x004036B1,call
0x00416340,0x004029A5,call
0x00416420,0x004029A5,call
0x00416620,0x004012DF,call
0x00416740,0x00401794,call
0x00416820,0x0040341D,call
0x00416850,0x0045EE80,call
0x00416880,0x0040126C,call
0x004168A0,0x00401794,call
0x004168A0,0x0045EF40,call
0x004168D0,0x004018D4,call
0x004168F0,0x00401730,call
0x004168F0,0x0045EF10,call
0x004168F0,0x0045EF40,call
0x00416940,0x00403107,call
0x00416940,0x0045EFF0,call
0x00416940,0x0045F070,call
0x00416A10,0x004018D4,call
0x00416A30,0x00401730,call
0x00416A30,0x0045EF10,call
0x00416A50,0x004032DD,call
0x00416A50,0x0045EFF0,call
0x00416AC0,0x004018D4,call
0x00416AE0,0x00401730,call
0x00416AE0,0x0045EF10,call
0x00416B00,0x0045EFF0,call
0x00416B70,0x004018D4,call
0x00416B90,0x004018D4,call
0x00416BB0,0x004018D4,call
0x00416BD0,0x00401730,call
0x00416BD0,0x0045EF10,call
0x00416C30,0x0045EFF0,call
0x00416C80,0x004018D4,call
0x00416CA0,0x00401730,call
0x00416CA0,0x0045EF10,call
0x00416CC0,0x00402F22,call
0x00416CC0,0x0045EFF0,call
0x00416CE0,0x004018D4,call
0x00416D00,0x00401730,call
0x00416D20,0x004035DF,call
0x00416D50,0x0040209F,call
0x00416DB0,0x004032DD,call
0x00416E20,0x004032DD,call
0x00416E90,0x00401B9A,call
0x00416E90,0x0045F280,call
0x00416FC0,0x004032DD,call
0x00416FD0,0x004032DD,call
0x00416FE0,0x004018D4,call
0x00416FE0,0x00401B45,call
0x00416FE0,0x00401CDA,call
0x00416FE0,0x00401D6B,call
0x00416FE0,0x0040228E,call
0x00416FE0,0x00402A04,call
0x00416FE0,0x00402D4C,call
0x00416FE0,0x00402D6F,call
0x00416FE0,0x00403684,call
0x00416FE0,0x0045A780,call
0x00417AD0,0x004021D0,call
0x00417AD0,0x0045A790,call
0x00417B50,0x0045A790,call
0x00417B50,0x0045EEA0,call
0x00417B80,0x0045A790,call
0x00417B80,0x0045EEA0,call
0x00417BB0,0x0045A790,call
0x00417BB0,0x0045EEA0,call
0x00417BE0,0x0045A790,call
0x00417BE0,0x0045EEA0,call
0x00417C10,0x0045A790,call
0x00417C10,0x0045EEA0,call
0x00417C40,0x0045A790,call
0x00417C40,0x0045EEA0,call
0x00417C70,0x0045A790,call
0x00417C70,0x0045EEA0,call
0x00417CA0,0x0045A790,call
0x00417CA0,0x0045EEA0,call
0x00417CD0,0x0045A790,call
0x00417CD0,0x0045EEA0,call
0x00417D00,0x004021D0,call
0x00417D00,0x0045A790,call
0x00417D30,0x0045F070,call
0x00417D50,0x0045A790,call
0x00417D50,0x0045EEA0,call
0x00417D80,0x00401186,call
0x00417D80,0x0040227A,call
0x00417D80,0x00402293,call
0x00417D80,0x0045A780,call
0x00417D80,0x0045EE80,call
0x00417EC0,0x0045EEA0,call
0x00417FA0,0x00401208,call
0x00417FA0,0x0040161D,call
0x00417FA0,0x00402C2A,call
0x00417FA0,0x004036E8,call
0x00418040,0x004012A3,call
0x00418040,0x00401A0A,call
0x00418040,0x0040263A,call
0x00418080,0x0040339B,call
0x004180E0,0x00401A0A,call
0x004180E0,0x0040263A,call
0x00418120,0x00401A0A,call
0x00418120,0x0040263A,call
0x00418300,0x00401D16,call
0x00418300,0x0045A790,call
0x00418330,0x004021D0,call
0x00418330,0x00403468,call
0x00418330,0x0045A790,call
0x00418330,0x0045EEA0,call
0x004183D0,0x004021D0,call
0x004183D0,0x0045EEA0,call
0x00418400,0x004013D4,call
0x00418400,0x00401604,call
0x00418400,0x004027E8,call
0x00418400,0x0045A780,call
0x00418400,0x0045EE80,call
0x00418520,0x0040137F,call
0x00418540,0x00402DE7,call
0x00418540,0x0045EEA0,call
0x004185F0,0x004021DF,call
0x004185F0,0x0040241E,call
0x00418650,0x00401078,call
0x00418650,0x0040173F,call
0x00418650,0x004020C2,call
0x00418650,0x004021DF,call
0x00418650,0x00402590,call
0x00418650,0x0040281A,call
0x00418650,0x00402D47,call
0x00418650,0x00403549,call
0x00418730,0x004011EF,call
0x00418730,0x004011F9,call
0x00418730,0x0040184D,call
0x00418730,0x00401DA7,call
0x00418730,0x00402446,call
0x00418730,0x004024B4,call
0x00418730,0x00402EB9,call
0x004187F0,0x00401CBC,call
0x004187F0,0x00402D47,call
0x00418820,0x00402860,call
0x00418820,0x00403779,call
0x00418840,0x0040268A,call
0x00418840,0x00403477,call
0x00418860,0x004014BF,call
0x00418860,0x00401DA7,call
0x004188E0,0x004014BF,call
0x004188E0,0x00401DA7,call
0x00418960,0x004014BF,call
0x00418960,0x00401DA7,call
0x00418960,0x00402509,call
0x004189C0,0x004014BF,call
0x004189F0,0x00403477,call
0x00418A30,0x0040161D,call
0x00418A30,0x004021DF,call
0x00418A90,0x004021DF,call
0x00418AB0,0x004014BF,call
0x00418AB0,0x00401C62,call
0x00418AB0,0x004021DF,call
0x00418AB0,0x004037BA,call
0x00418B20,0x00401078,call
0x00418B20,0x00403549,call
0x00418B60,0x00401659,call
0x00418B60,0x00401816,call
0x00418B60,0x004021DF,call
0x00418B60,0x0040241E,call
0x00418CA0,0x00401E88,call
0x00418CA0,0x0045A780,call
0x00418D20,0x00401078,call
0x00418D20,0x004011F9,call
0x00418D20,0x00401E88,call
0x00418D20,0x004024B4,call
0x00418D20,0x004029A5,call
0x00418D20,0x004033B9,call
0x00418D20,0x0045A780,call
0x00419060,0x00401078,call
0x00419060,0x004011F9,call
0x00419060,0x004011FE,call
0x00419060,0x00401E88,call
0x00419060,0x004024B4,call
0x00419060,0x004029A5,call
0x00419060,0x00402EB9,call
0x00419060,0x004033B9,call
0x00419060,0x0045A780,call
0x00419440,0x0040380A,call
0x00419490,0x00401F64,call
0x00419930,0x00402441,call
0x00419930,0x0045A790,call
0x00419970,0x0040299B,call
0x00419980,0x00401500,call
0x00419A30,0x004036D9,call
0x00419A50,0x004036D9,call
0x00419A70,0x004036D9,call
0x00419A90,0x004036D9,call
0x00419C30,0x00401F37,call
0x00419E20,0x0040385A,call
0x00419E90,0x0040360C,call
0x00419EA0,0x0040207C,call
0x00419EC0,0x004010B9,call
0x00419F00,0x00401A73,call
0x00419F10,0x00401C1C,call
0x0041A140,0x00402DE2,call
0x0041A1D0,0x0040119A,call
0x0041A1D0,0x00401A6E,call
0x0041A510,0x0040153C,call
0x0041A510,0x0045EE80,call
0x0041A5A0,0x0040180C,call
0x0041A5C0,0x00401532,call
0x0041A5C0,0x004029A5,call
0x0041A6D0,0x004027DE,call
0x0041A760,0x0040126C,call
0x0041A760,0x0040303A,call
0x0041A7A0,0x00401794,call
0x0041A7A0,0x00402540,call
0x0041A7A0,0x004029A5,call
0x0041A7A0,0x0040341D,call
0x0041AAA0,0x0045EF10,call
0x0041AAA0,0x0045EF40,call
0x0041AB80,0x00403107,call
0x0041AB80,0x0045EFF0,call
0x0041AB80,0x0045F070,call
0x0041ACA0,0x00401299,call
0x0041ACA0,0x00402342,call
0x0041ACA0,0x0040303A,call
0x0041ACA0,0x0045F280,call
0x0041AF10,0x004021D0,call
0x0041AF10,0x0045A790,call
0x0041AF10,0x0045EEA0,call
0x0041AF50,0x00402B85,call
0x0041AF60,0x0045EE80,call
0x0041B0C0,0x0045A780,call
0x0041B110,0x0045A790,call
0x0041B110,0x0045EEA0,call
0x0041B160,0x00402293,call
0x0041B1B0,0x00401794,call
0x0041B1B0,0x00402293,call
0x0041B1B0,0x00402B80,call
0x0041B2A0,0x00402293,call
0x0041B310,0x0040161D,call
0x0041B310,0x00402E37,call
0x0041B370,0x00401046,call
0x0041B370,0x004012E4,call
0x0041B370,0x0040153C,call
0x0041B370,0x0040164A,call
0x0041B370,0x00402293,call
0x0041B370,0x00402702,call
0x0041B370,0x004028E2,call
0x0041B370,0x00402950,call
0x0041B370,0x00402969,call
0x0041B370,0x00402CAC,call
0x0041B370,0x00402E3C,call
0x0041B370,0x004032CE,call
0x0041B370,0x00403887,call
0x0041B370,0x0045A780,call
0x0041B740,0x00402702,call
0x0041B740,0x00402CAC,call
0x0041B740,0x0045A780,call
0x0041B940,0x00401794,call
0x0041B940,0x004024FF,call
0x0041BBC0,0x0040161D,call
0x0041BBC0,0x00401695,call
0x0041BBC0,0x0040214E,call
0x0041BBC0,0x00402E37,call
0x0041BBC0,0x004030D0,call
0x0041BBC0,0x00403242,call
0x0041C330,0x004025FE,call
0x0041C330,0x0045A790,call
0x0041C380,0x0040153C,call
0x0041C400,0x004021D0,call
0x0041C400,0x0045A790,call
0x0041C440,0x004021D0,call
0x0041C440,0x0045A790,call
0x0041C470,0x0040153C,call
0x0041C540,0x004021D0,call
0x0041C540,0x0045A790,call
0x0041C5C0,0x004021D0,call
0x0041C5C0,0x0045A790,call
0x0041C600,0x004021D0,call
0x0041C600,0x0045A790,call
0x0041C640,0x004021D0,call
0x0041C640,0x0045A790,call
0x0041C670,0x004032DD,call
0x0041C6C0,0x0040180C,call
0x0041C700,0x004028E2,call
0x0041C9B0,0x00401F3C,call
0x0041CA90,0x004028E2,call
0x0041CBE0,0x00401F3C,call
0x0041CCA0,0x004028E2,call
0x0041CCC0,0x00402CAC,call
0x0041CE50,0x00401F3C,call
0x0041CE90,0x00402F22,call
0x0041CF70,0x004029A5,call
0x0041D040,0x0040153C,call
0x0041D100,0x004028E2,call
0x0041D120,0x004021D0,call
0x0041D130,0x0040268F,call
0x0041D180,0x004029A5,call
0x0041D180,0x004031CF,call
0x0041D2E0,0x00402F22,call
0x0041D390,0x00402126,call
0x0041D390,0x00403161,call
0x0041D390,0x0040344A,call
0x0041D430,0x00403161,call
0x0041D480,0x004029A5,call
0x0041D600,0x004028E2,call
0x0041D650,0x004029A5,call
0x0041D740,0x00401F3C,call
0x0041DD70,0x00402BE9,call
0x0041DD70,0x0045A790,call
0x0041DDA0,0x004035DF,call
0x0041DE40,0x004021D0,call
0x0041DE80,0x0040209F,call
0x0041E2E0,0x00401532,call
0x0041E2E0,0x004017A8,call
0x0041E2E0,0x00401AD2,call
0x0041E2E0,0x00401D52,call
0x0041E3D0,0x00402446,call
0x0041E420,0x00401113,call
0x0041E420,0x00401532,call
0x0041E420,0x004017A8,call
0x0041E420,0x00401AD2,call
0x0041E420,0x0040336E,call
0x0041E8C0,0x004037C4,call
0x0041E8C0,0x0045A790,call
0x0041EBE0,0x00402103,call
0x0041EBE0,0x0045A780,call
0x0041F0B0,0x00401604,call
0x0041F2E0,0x004017DF,call
0x0041F2E0,0x0040234C,call
0x0041F2E0,0x004027E8,call
0x0041F2E0,0x00402E2D,call
0x0041F2E0,0x0045A780,call
0x0041F500,0x00402103,call
0x0041F530,0x0040119A,call
0x0041F530,0x00401532,call
0x0041F530,0x0040161D,call
0x0041F530,0x00401A6E,call
0x0041F530,0x00401F37,call
0x0041F730,0x0040161D,call
0x0041F730,0x00401C30,call
0x0041F730,0x004020B3,call
0x0041F730,0x00402F81,call
0x0041F730,0x004030DA,call
0x0041F820,0x00402577,call
0x0041F820,0x00403765,call
0x0041F960,0x004037C4,call
0x0041F960,0x0045A790,call
0x0041F990,0x0040227A,call
0x0041F990,0x00402293,call
0x0041F990,0x004035DF,call
0x0041F9F0,0x0040209F,call
0x0041FA90,0x00402455,call
0x0041FAB0,0x00402F22,call
0x0041FAD0,0x00402F22,call
0x0041FB70,0x004021D0,call
0x0041FB70,0x0045A790,call
0x0041FBA0,0x0040227A,call
0x0041FBA0,0x00402293,call
0x0041FBA0,0x004029A5,call
0x0041FBA0,0x004035DF,call
0x0041FCD0,0x0040209F,call
0x0041FDA0,0x004021D0,call
0x0041FDA0,0x0045A790,call
0x0041FEC0,0x004032BA,call
0x0041FEC0,0x00403355,call
0x0041FEC0,0x0040341D,call
0x0041FF60,0x004010B4,call
0x0041FF60,0x00401663,call
0x0041FF60,0x00401681,call
0x0041FF60,0x0040207C,call
0x0041FF60,0x00402BDA,call
0x0041FF60,0x004030F3,call
0x00420000,0x004025F9,call
0x0042001D,0x004025F9,call
0x00420034,0x004031A2,call
0x0042003C,0x004031A2,call
0x00420070,0x0040358F,call
0x00420090,0x0040161D,call
0x00420090,0x00403346,call
0x00420090,0x0040358F,call
0x004200F0,0x00401410,call
0x004200F0,0x00401D52,call
0x004200F0,0x00401F37,call
0x004201A0,0x00402194,call
0x004201B0,0x00402194,call
0x004201C0,0x00402194,call
0x00420200,0x0040175D,call
0x00420200,0x004020B3,call
0x00420350,0x00401532,call
0x00420350,0x00402068,call
0x00420350,0x004023E7,call
0x00420430,0x0040161D,call
0x00420430,0x00402EFF,call
0x004204E0,0x004029A5,call
0x004204E0,0x0040328D,call
0x00420650,0x00401532,call
0x004206A0,0x00402F22,call
0x004206F0,0x00402F22,call
0x00420AB0,0x00403472,call
0x00420AB0,0x0045A790,call
0x00420AE0,0x00402103,call
0x00420B20,0x004037C4,call
0x00420B20,0x0045A790,call
0x00420B80,0x00401604,call
0x00420DD0,0x00401226,call
0x00420DD0,0x0040178F,call
0x00420DD0,0x004017DF,call
0x00420DD0,0x004022ED,call
0x00420DD0,0x004026C6,call
0x00420DD0,0x004027E8,call
0x00420DD0,0x0045A780,call
0x00420F90,0x0040168B,call
0x00420F90,0x0045A780,call
0x004211A0,0x00401230,call
0x004211D0,0x00401230,call
0x004211D0,0x00401424,call
0x004211D0,0x0045A780,call
0x00421260,0x00401636,call
0x00421260,0x0045A790,call
0x004212A0,0x00403120,call
0x004212C0,0x00402FAE,call
0x00421310,0x0045A790,call
0x00421330,0x0045A780,call
0x00421470,0x00401933,call
0x00421470,0x00402572,call
0x00421470,0x004030B7,call
0x00421660,0x004035DF,call
0x00421690,0x0040209F,call
0x00421770,0x0040119A,call
0x00421770,0x0040254A,call
0x00421770,0x0040326F,call
0x00421870,0x00402397,call
0x00421870,0x004029A5,call
0x00421870,0x0040312A,call
0x00421AB0,0x00402293,call
0x00421AB0,0x0040302B,call
0x00421B40,0x004029A5,call
0x00421BC0,0x00401500,call
0x00421BC0,0x00401910,call
0x00421BC0,0x00402397,call
0x00421BC0,0x0040302B,call
0x00421DA0,0x0040161D,call
0x00421DA0,0x0040218F,call
0x00421DA0,0x00402293,call
0x00421EF0,0x004015C8,call
0x00421EF0,0x0045A780,call
0x00421F80,0x0045A790,call
0x00422060,0x00403030,call
0x00422060,0x004032F6,call
0x00422350,0x004021D0,call
0x00422350,0x0045A790,call
0x004223C0,0x0045EE80,call
0x00422460,0x0045A780,call
0x004224C0,0x0045A790,call
0x004224C0,0x0045EEA0,call
0x00422590,0x00401A46,call
0x00422590,0x00402293,call
0x00422590,0x004032A1,call
0x00422590,0x0045A780,call
0x00422710,0x00402293,call
0x00422790,0x0040187F,call
0x00422790,0x00401AFA,call
0x00422790,0x0040214E,call
0x00422870,0x0040153C,call
0x004228B0,0x0040180C,call
0x004228F0,0x004021D0,call
0x00422900,0x00401F3C,call
0x00422900,0x004029A5,call
0x00422B40,0x004018E8,call
0x00422B40,0x004029A5,call
0x00422C00,0x00402F22,call
0x00422C40,0x00402F22,call
0x00422C80,0x00402F22,call
0x00422C80,0x00402F9F,call
0x00422F70,0x004026E9,call
0x00422F70,0x0045A790,call
0x00422FB0,0x00402676,call
0x00422FB0,0x0045A790,call
0x00422FE0,0x00402676,call
0x00422FE0,0x0045A790,call
0x00423010,0x00402676,call
0x00423010,0x0045A790,call
0x00423060,0x00402676,call
0x00423060,0x0045A790,call
0x004230C0,0x0045A790,call
0x00423190,0x00403364,call
0x00423190,0x0045A780,call
0x00423190,0x0045A790,call
0x00423230,0x00401118,call
0x004232E0,0x00401118,call
0x004234F0,0x00402E46,call
0x00423530,0x00402E46,call
0x00423530,0x00403418,call
0x00423650,0x004028B0,call
0x00423650,0x00402B5D,call
0x00423650,0x00403418,call
0x004238B0,0x00401654,call
0x004238B0,0x00401A3C,call
0x00423C10,0x0040153C,call
0x00423D40,0x00401F3C,call
0x00423D70,0x004016B8,call
0x00423D70,0x004025DB,call
0x00423DD0,0x0040208B,call
0x00423E70,0x00401F3C,call
0x00423EB0,0x004016B8,call
0x00423FA0,0x004029A5,call
0x00424020,0x0045EE80,call
0x004240B0,0x00402D97,call
0x004240B0,0x0045A780,call
0x00424170,0x0045A790,call
0x00424170,0x0045EEA0,call
0x00424560,0x0040371F,call
0x00424580,0x004032C9,call
0x00424630,0x00401483,call
0x00424630,0x0040371F,call
0x00424710,0x0040161D,call
0x00424710,0x00402293,call
0x00424710,0x004035B2,call
0x004247B0,0x00403698,call
0x00424850,0x0040161D,call
0x00424850,0x0040214E,call
0x00424850,0x0040314D,call
0x00424850,0x0040368E,call
0x00424C30,0x00402374,call
0x00424C30,0x0045A790,call
0x00424C60,0x004021D0,call
0x00424C60,0x00402239,call
0x00424C60,0x0045A790,call
0x00424D00,0x0040153C,call
0x00424D20,0x004021D0,call
0x00424DF0,0x004016B3,call
0x00424DF0,0x00402A77,call
0x00425010,0x004015AA,call
0x00425060,0x00402162,call
0x004254A0,0x004016B3,call
0x004254A0,0x004029A5,call
0x00425660,0x004016B3,call
0x00425680,0x0045EE80,call
0x00425720,0x00401CB7,call
0x00425720,0x0045A780,call
0x004257C0,0x0045EEA0,call
0x00425890,0x00401046,call
0x00425890,0x004018A7,call
0x00425890,0x00402293,call
0x00425890,0x004037FB,call
0x00425C80,0x00402293,call
0x00425C80,0x004026FD,call
0x00425CE0,0x004015AA,call
0x00425CE0,0x00402293,call
0x00425D30,0x004023C9,call
0x00425D80,0x004025F4,call
0x00425F10,0x004016B3,call
0x00425F10,0x00401794,call
0x00425F10,0x00402AA9,call
0x00425F90,0x00401794,call
0x00425FC0,0x004015AA,call
0x00425FC0,0x0040214E,call
0x00425FC0,0x00402293,call
0x00425FC0,0x004026FD,call
0x00425FC0,0x00402B44,call
0x004266E0,0x00401FE1,call
0x004266E0,0x0045A790,call
0x00426710,0x00401E0B,call
0x00426710,0x0045A790,call
0x004267D0,0x0040153C,call
0x00426810,0x0040180C,call
0x00426810,0x00402275,call
0x00426830,0x004021D0,call
0x00426840,0x00402293,call
0x004269D0,0x00401F3C,call
0x004269D0,0x0040254A,call
0x00426A60,0x004032DD,call
0x00426AC0,0x0045EE80,call
0x00426B50,0x0040317F,call
0x00426B50,0x0045A780,call
0x00426C00,0x0045EEA0,call
0x00426C30,0x00401046,call
0x00426C30,0x004018A7,call
0x00426C30,0x00401ED3,call
0x00426C30,0x00402293,call
0x00426FB0,0x00401375,call
0x004270B0,0x00402707,call
0x00427110,0x004017B7,call
0x00427110,0x0040214E,call
0x00427110,0x00403760,call
0x004274F0,0x00401CC1,call
0x004274F0,0x0045A790,call
0x00427520,0x00402FD1,call
0x00427520,0x0045A790,call
0x004275B0,0x0040153C,call
0x004275E0,0x004021D0,call
0x00427780,0x004014AB,call
0x00427780,0x00402446,call
0x00427780,0x00402E91,call
0x00427780,0x00403779,call
0x00427780,0x004037BA,call
0x004278C0,0x00401F3C,call
0x004278C0,0x0040372E,call
0x00427910,0x00402F22,call
0x00427AA0,0x00402DF1,call
0x00427AA0,0x0045A790,call
0x00427AD0,0x0040153C,call
0x00427B10,0x0040180C,call
0x00427B10,0x004029FA,call
0x00427B40,0x004021D0,call
0x00427B50,0x00402293,call
0x00427D70,0x00401F3C,call
0x00427D70,0x00402446,call
0x00427E60,0x0045EE80,call
0x00427EF0,0x00401997,call
0x00427EF0,0x0045A780,call
0x00427FA0,0x0045EEA0,call
0x00428360,0x004031ED,call
0x00428460,0x00403170,call
0x004284C0,0x0040214E,call
0x004284C0,0x004033A0,call
0x004284C0,0x004035FD,call
0x004287D0,0x00402CA2,call
0x004287D0,0x0045A790,call
0x00428890,0x0040153C,call
0x004288F0,0x004021D0,call
0x00428900,0x00402293,call
0x00428AB0,0x004029A5,call
0x00428CF0,0x00401F8C,call
0x00428CF0,0x00402829,call
0x00428F30,0x0040254A,call
0x00428F30,0x00402829,call
0x00428F90,0x00401348,call
0x00428F90,0x004013CA,call
0x00428F90,0x004015B4,call
0x00428F90,0x004018A7,call
0x00428F90,0x00402482,call
0x00428F90,0x004029A5,call
0x00429320,0x0045EE80,call
0x004293B0,0x0040322E,call
0x004293B0,0x0045A780,call
0x00429450,0x0045EEA0,call
0x004297F0,0x004018CA,call
0x004298A0,0x004012C1,call
0x004298F0,0x00402DF6,call
0x00429950,0x00401CF8,call
0x00429950,0x0040214E,call
0x00429950,0x00402F18,call
0x00429EA0,0x0040354E,call
0x00429EA0,0x0045A790,call
0x00429ED0,0x004034D6,call
0x00429ED0,0x0045A790,call
0x00429F50,0x00402270,call
0x00429F50,0x004032CE,call
0x00429F50,0x0045A780,call
0x0042A170,0x004029A5,call
0x0042A5C0,0x004035DF,call
0x0042A7A0,0x004021D0,call
0x0042A7A0,0x0045A790,call
0x0042A7D0,0x0045A9B0,call
0x0042A990,0x0040153C,call
0x0042A9B0,0x0040180C,call
0x0042A9D0,0x004021D0,call
0x0042A9E0,0x00402293,call
0x0042AAF0,0x0040254A,call
0x0042AB90,0x00401046,call
0x0042AB90,0x00401249,call
0x0042AB90,0x00402446,call
0x0042AB90,0x00402F22,call
0x0042AB90,0x00403576,call
0x0042AF60,0x0045EE80,call
0x0042AFF0,0x00403053,call
0x0042AFF0,0x0045A780,call
0x0042B090,0x0045EEA0,call
0x0042B0C0,0x00401046,call
0x0042B0C0,0x004018A7,call
0x0042B0C0,0x00401ED3,call
0x0042B0C0,0x00402293,call
0x0042B440,0x00403116,call
0x0042B550,0x00401EE2,call
0x0042B5A0,0x00402450,call
0x0042B600,0x004019F6,call
0x0042B600,0x0040214E,call
0x0042B600,0x00403134,call
0x0042BA10,0x00401212,call
0x0042BA10,0x0045A790,call
0x0042BA40,0x00402D10,call
0x0042BA40,0x0045A790,call
0x0042BAD0,0x0040153C,call
0x0042BAF0,0x0040180C,call
0x0042BB20,0x004021D0,call
0x0042BB30,0x00402293,call
0x0042BBE0,0x0040161D,call
0x0042BBE0,0x00402EFF,call
0x0042BFE0,0x0045EE80,call
0x0042C070,0x00401FB9,call
0x0042C070,0x0045A780,call
0x0042C120,0x0045EEA0,call
0x0042C150,0x00401046,call
0x0042C150,0x004018A7,call
0x0042C150,0x00401ED3,call
0x0042C150,0x00402293,call
0x0042C590,0x00402973,call
0x0042C610,0x0040214E,call
0x0042C610,0x004028D3,call
0x0042C610,0x004031B6,call
0x0042C9B0,0x0040363E,call
0x0042C9B0,0x0045A790,call
0x0042C9E0,0x00402E96,call
0x0042C9E0,0x0045A790,call
0x0042CA70,0x0040153C,call
0x0042CA90,0x0040180C,call
0x0042CA90,0x004020F9,call
0x0042CAF0,0x004021D0,call
0x0042CB00,0x00402293,call
0x0042CB00,0x004029A5,call
0x0042CD70,0x00401F0F,call
0x0042CD70,0x004029A5,call
0x0042CD70,0x0040341D,call
0x0042D380,0x00402446,call
0x0042D4D0,0x00401794,call
0x0042D550,0x00401F3C,call
0x0042D560,0x004029A5,call
0x0042D560,0x0040341D,call
0x0042D7A0,0x0045EE80,call
0x0042D830,0x0040353F,call
0x0042D830,0x0045A780,call
0x0042D8E0,0x0045EEA0,call
0x0042D910,0x00401046,call
0x0042D910,0x004018A7,call
0x0042D910,0x00401ED3,call
0x0042D910,0x00402293,call
0x0042DD40,0x0040155A,call
0x0042DD90,0x00401794,call
0x0042DD90,0x004025EA,call
0x0042DDF0,0x00402A95,call
0x0042DEA0,0x00401E5B,call
0x0042DEA0,0x0040214E,call
0x0042DEA0,0x00402EFA,call
0x0042E4D0,0x00402743,call
0x0042E4D0,0x0045A790,call
0x0042E500,0x00402C4D,call
0x0042E500,0x0045A790,call
0x0042E590,0x0040153C,call
0x0042E5E0,0x0040180C,call
0x0042E5E0,0x00403076,call
0x0042E640,0x004021D0,call
0x0042E760,0x00401410,call
0x0042E760,0x00402293,call
0x0042E760,0x004029A5,call
0x0042E850,0x00401410,call
0x0042E850,0x0040254A,call
0x0042E850,0x004027DE,call
0x0042E850,0x004029A5,call
0x0042E980,0x00401794,call
0x0042E980,0x004036B1,call
0x0042EAC0,0x00401D52,call
0x0042EAC0,0x0040360C,call
0x0042EB00,0x00401410,call
0x0042EB00,0x00401721,call
0x0042EB00,0x0040231A,call
0x0042EB00,0x004023BA,call
0x0042EB00,0x00402540,call
0x0042EB00,0x004029A5,call
0x0042EB00,0x004029FF,call
0x0042EB00,0x0040306C,call
0x0042EB00,0x0040330A,call
0x0042EFF0,0x0040130C,call
0x0042EFF0,0x00401721,call
0x0042EFF0,0x00401D52,call
0x0042EFF0,0x0040360C,call
0x0042F140,0x00402446,call
0x0042F140,0x004037BA,call
0x0042F190,0x0045EE80,call
0x0042F220,0x0040256D,call
0x0042F220,0x0045A780,call
0x0042F2C0,0x0045EEA0,call
0x0042F2F0,0x0040120D,call
0x0042F350,0x00401EC4,call
0x0042F350,0x00402293,call
0x0042F5E0,0x0040128A,call
0x0042F620,0x00401794,call
0x0042F620,0x004032AB,call
0x0042F680,0x00401811,call
0x0042F680,0x00401F55,call
0x0042F680,0x0040214E,call
0x0042FBA0,0x0040301C,call
0x0042FBA0,0x0045A790,call
0x0042FBD0,0x00401726,call
0x0042FBD0,0x0045A790,call
0x004303F0,0x00401555,call
0x00430410,0x0045A790,call
0x00430440,0x00401320,call
0x00430440,0x0045A780,call
0x00430440,0x0045A790,call
0x004304E0,0x004029A5,call
0x004304E0,0x00402B26,call
0x00430620,0x004015B4,call
0x00430620,0x004029A5,call
0x00430620,0x00403003,call
0x00430A20,0x00402D6A,call
0x00430DB0,0x00401555,call
0x00430DB0,0x00402932,call
0x00430DB0,0x00402D6A,call
0x00430DB0,0x00402E7D,call
0x00430DB0,0x00403224,call
0x00430E80,0x004034D1,call
0x00431520,0x004029A5,call
0x00431590,0x00401B72,call
0x00431590,0x0045DD90,call
0x00431590,0x0045E2B0,call
0x00431590,0x00462EA0,call
0x00431590,0x004632A0,call
0x00431590,0x00463B50,call
0x004316C0,0x0045D180,call
0x004316C0,0x004633B0,call
0x004316C0,0x00463BD0,call
0x00431780,0x004662B0,call
0x00431780,0x00466630,call
0x004317C0,0x00401B72,call
0x00431810,0x00402630,call
0x00431910,0x00402630,call
0x00431990,0x004010FF,call
0x00431990,0x0040132A,call
0x00431990,0x004015A0,call
0x00431990,0x0040200E,call
0x00431990,0x004020A4,call
0x00431990,0x00402315,call
0x00431990,0x004029A0,call
0x00431990,0x00403026,call
0x00431990,0x004030DF,call
0x00431990,0x0045A780,call
0x00431990,0x004662B0,call
0x00431990,0x00466B60,call
0x00431990,0x00466D10,call
0x00431C90,0x00458130,call
0x00431CD0,0x004022CA,call
0x00431CD0,0x004585B0,call
0x00431CD0,0x0045EDA0,call
0x004322E0,0x004015A5,call
0x004322E0,0x0045A790,call
0x00432320,0x0045A790,call
0x00432350,0x0045A790,call
0x00432380,0x004670F0,call
0x00432390,0x00466D10,call
0x004323D0,0x0045A780,call
0x00432430,0x0045A790,call
0x00432560,0x00466880,call
0x00432680,0x004021FD,call
0x004326E0,0x00401A78,call
0x00432A90,0x0045A790,call
0x00432AD0,0x004670F0,call
0x00432B10,0x004670F0,call
0x00432B50,0x004012BC,call
0x00432B50,0x0045A780,call
0x00432B50,0x00467260,call
0x00432C20,0x0040173A,call
0x00432C20,0x0040246E,call
0x00432C20,0x0045A790,call
0x00432C20,0x004673D0,call
0x00432FE0,0x004023D8,call
0x00432FE0,0x00402FEF,call
0x00432FE0,0x00403486,call
0x00432FE0,0x0045D850,call
0x00432FE0,0x00467490,call
0x004334F0,0x00402FEF,call
0x004334F0,0x00403486,call
0x004337F0,0x00401708,call
0x004337F0,0x0040173A,call
0x004337F0,0x004020F4,call
0x004337F0,0x00402153,call
0x004337F0,0x00402838,call
0x004337F0,0x00402914,call
0x004337F0,0x00402A18,call
0x004337F0,0x0045A790,call
0x004338B0,0x00401CD5,call
0x004338B0,0x00402F1D,call
0x004338B0,0x00402FEF,call
0x004338B0,0x0045CE50,call
0x004338B0,0x0045D180,call
0x004338B0,0x00467500,call
0x00433FC0,0x00467730,call
0x004349E0,0x00467730,call
0x00434BC0,0x0045A780,call
0x00434BC0,0x00467490,call
0x00434BC0,0x00467540,call
0x00434D40,0x0045A780,call
0x00434D40,0x00467490,call
0x00434D40,0x00467540,call
0x00434EC0,0x0045A790,call
0x00434EC0,0x00467500,call
0x00434F00,0x0045A790,call
0x00434F00,0x00467500,call
0x00434F50,0x00402D83,call
0x00436050,0x004018B1,call
0x00436050,0x00401B8B,call
0x00436050,0x00401D11,call
0x00436050,0x00401DDE,call
0x00436050,0x00402E19,call
0x00436190,0x004019E7,call
0x00436190,0x004027D4,call
0x00436190,0x00402DB5,call
0x00436190,0x00403526,call
0x00436190,0x00403585,call
0x00436190,0x0040377E,call
0x00436190,0x0045A790,call
0x00436190,0x004633B0,call
0x00436190,0x00466840,call
0x00436190,0x00469E20,call
0x00436190,0x00469F10,call
0x00436190,0x0046AA00,call
0x004363C0,0x0045A780,call
0x004363C0,0x0045D180,call
0x004363C0,0x0045DD90,call
0x004363C0,0x0046AD70,call
0x00436480,0x0046ADD0,call
0x004364B0,0x00401B72,call
0x004364D0,0x004016F4,call
0x004364D0,0x004029AA,call
0x004364D0,0x00403585,call
0x004364D0,0x004036CA,call
0x004364D0,0x0045A780,call
0x004364D0,0x00465AA0,call
0x004364D0,0x004662B0,call
0x004364D0,0x00466840,call
0x004366B0,0x00401DF7,call
0x004366B0,0x0040238D,call
0x004366B0,0x00402630,call
0x004366B0,0x00402EAA,call
0x00436760,0x0045A780,call
0x00436760,0x0046AD70,call
0x00436830,0x0046ADD0,call
0x00436850,0x004021EE,call
0x00436850,0x004029AA,call
0x00436850,0x00402F2C,call
0x00436850,0x00465AA0,call
0x004369B0,0x00402487,call
0x00436A10,0x004011EA,call
0x00436A10,0x004013ED,call
0x00436A10,0x00401429,call
0x00436A10,0x00401758,call
0x00436A10,0x004017F8,call
0x00436A10,0x00401861,call
0x00436A10,0x004022CA,call
0x00436A10,0x00402464,call
0x00436A10,0x004025C2,call
0x00436A10,0x00402766,call
0x00436A10,0x00402C39,call
0x00436A10,0x00402F2C,call
0x00436A10,0x004030F8,call
0x00436A10,0x0040337D,call
0x00436A10,0x00403639,call
0x00436A10,0x0040365C,call
0x00436A10,0x004585B0,call
0x00437170,0x00402464,call
0x00437520,0x00401474,call
0x00437520,0x004017F3,call
0x00437520,0x00401B1D,call
0x00437520,0x00401F0A,call
0x00437520,0x004025EF,call
0x004376B0,0x00401474,call
0x004376B0,0x00401776,call
0x004376B0,0x00401B1D,call
0x004376B0,0x00401F0A,call
0x004376B0,0x00402487,call
0x004376B0,0x004025EF,call
0x004376B0,0x00403332,call
0x00437840,0x00401280,call
0x00437840,0x0040132F,call
0x00437890,0x00401B1D,call
0x00437890,0x004025EF,call
0x00437930,0x00401776,call
0x00437930,0x00402AE5,call
0x00437970,0x0040159B,call
0x00437970,0x004021FD,call
0x00437970,0x00402392,call
0x00437B60,0x00401CFD,call
0x00437B60,0x00402982,call
0x00437B60,0x00402D60,call
0x00437B60,0x00403481,call
0x00437D00,0x00402928,call
0x00437D00,0x0045A780,call
0x00437DA0,0x004013ED,call
0x00437DA0,0x004021A8,call
0x00437DE0,0x004013ED,call
0x00437DE0,0x004016CC,call
0x00437DE0,0x00402766,call
0x00437E90,0x00401F5F,call
0x00437E90,0x004025EF,call
0x00437E90,0x0040294B,call
0x00437E90,0x00403585,call
0x004380C0,0x00401F5F,call
0x004380C0,0x004021FD,call
0x00438170,0x004019EC,call
0x00438210,0x00401E42,call
0x00438210,0x00401F5F,call
0x00438210,0x00401FCD,call
0x00438210,0x004021FD,call
0x00438330,0x0040147E,call
0x00438330,0x004015D2,call
0x00438380,0x00401474,call
0x00438380,0x00401776,call
0x004383C0,0x00401875,call
0x004383C0,0x004036CA,call
0x004383C0,0x00465E00,call
0x00438500,0x0045A780,call
0x00438500,0x0045A790,call
0x00438500,0x0045DB30,call
0x00438500,0x00469EF0,call
0x00439400,0x0045A790,call
0x00439490,0x00402B1C,call
0x00439490,0x0045A790,call
0x004395C0,0x0045A790,call
0x004395F0,0x0045A790,call
0x00439620,0x0045A790,call
0x00439680,0x0045A790,call
0x004396B0,0x0045A790,call
0x004396E0,0x0045A790,call
0x00439760,0x004670F0,call
0x00439770,0x00466BC0,call
0x004397A0,0x0045A790,call
0x004397D0,0x004670F0,call
0x004397E0,0x00466BD0,call
0x00439800,0x004670F0,call
0x00439850,0x00403521,call
0x00439860,0x004670F0,call
0x004398A0,0x004670F0,call
0x004398D0,0x004670F0,call
0x00439900,0x004670F0,call
0x00439930,0x004670F0,call
0x00439A40,0x0045A790,call
0x00439A70,0x00403873,call
0x00439A70,0x0045B2C0,call
0x00439B30,0x00401762,call
0x00439B30,0x00403369,call
0x00439B70,0x0045B460,call
0x00439BA0,0x0045B2E0,call
0x00439BA0,0x0045B330,call
0x00439BA0,0x0045B3B0,call
0x00439BA0,0x0045B3D0,call
0x00439C40,0x0040254A,call
0x00439C40,0x0045B460,call
0x00439C40,0x0045B490,call
0x00439C40,0x0045B560,call
0x00439D60,0x0045B4F0,call
0x00439D90,0x0045B3F0,call
0x00439E30,0x00401762,call
0x00439E30,0x004024AA,call
0x00439E30,0x00403369,call
0x00439E30,0x0045B190,call
0x00439E30,0x0045B1D0,call
0x00439E30,0x0045B210,call
0x00439F50,0x0045B510,call
0x00439F70,0x0045B510,call
0x00439F90,0x0045B370,call
0x0043A190,0x0045A790,call
0x0043A190,0x00469440,call
0x0043A1D0,0x0045A780,call
0x0043A1D0,0x0045A790,call
0x0043A1D0,0x00469210,call
0x0043A250,0x0045A780,call
0x0043A250,0x00462EA0,call
0x0043A250,0x004632A0,call
0x0043A2B0,0x0045A790,call
0x0043A2B0,0x004633B0,call
0x0043A450,0x0040297D,call
0x0043A450,0x0045A790,call
0x0043A490,0x0040225C,call
0x0043A490,0x0045A790,call
0x0043A540,0x004655A0,call
0x0043A540,0x0046AA00,call
0x0043A580,0x00463C20,call
0x0043A720,0x0046B310,call
0x0043A720,0x0046B370,call
0x0043A720,0x0046B3B0,call
0x0043A880,0x004016A9,call
0x0043ACE0,0x004016A9,call
0x0043AD40,0x004019DD,call
0x0043AD40,0x0040348B,call
0x0043B0E0,0x004019DD,call
0x0043B0E0,0x0040348B,call
0x0043B4D0,0x004021FD,call
0x0043B4D0,0x00402392,call
0x0043B4D0,0x004029E6,call
0x0043B4D0,0x004032E7,call
0x0043B4D0,0x004035D5,call
0x0043BCE0,0x004029A5,call
0x0043BDE0,0x004016A9,call
0x0043BDE0,0x0040199C,call
0x0043BDE0,0x004029A5,call
0x0043BEE0,0x004016A9,call
0x0043BFC0,0x004016A9,call
0x0043C070,0x00401947,call
0x0043C090,0x004016A9,call
0x0043C1A0,0x004016A9,call
0x0043C200,0x004015FA,call
0x0043C200,0x004016A9,call
0x0043C200,0x00401947,call
0x0043C200,0x00401BA9,call
0x0043C200,0x00401E4C,call
0x0043C200,0x00401F4B,call
0x0043C200,0x004029AF,call
0x0043C200,0x00402C7A,call
0x0043C200,0x00403332,call
0x0043C200,0x0040374C,call
0x0043C610,0x004016A9,call
0x0043C660,0x004016A9,call
0x0043C6E0,0x004016A9,call
0x0043C7F0,0x004016A9,call
0x0043C8A0,0x004016A9,call
0x0043C8A0,0x00401F4B,call
0x0043C940,0x004016A9,call
0x0043C9F0,0x004016A9,call
0x0043CA30,0x004016A9,call
0x0043CAC0,0x004016A9,call
0x0043CBB0,0x004016A9,call
0x0043CD50,0x004016A9,call
0x0043CE30,0x004016A9,call
0x0043CEA0,0x004016A9,call
0x0043CFA0,0x004016A9,call
0x0043D070,0x004016A9,call
0x0043D0F0,0x004016A9,call
0x0043D130,0x004016A9,call
0x0043D370,0x004016A9,call
0x0043D420,0x004016A9,call
0x0043D4B0,0x004016A9,call
0x0043D500,0x004016A9,call
0x0043D590,0x004016A9,call
0x0043D7E0,0x004016A9,call
0x0043D8D0,0x004016A9,call
0x0043D950,0x004016A9,call
0x0043D990,0x004016A9,call
0x0043DC70,0x0040108C,call
0x0043DC70,0x0040112C,call
0x0043DC70,0x0040125D,call
0x0043DC70,0x00401311,call
0x0043DC70,0x004016A9,call
0x0043DC70,0x004016DB,call
0x0043DC70,0x00401825,call
0x0043DC70,0x00401D7A,call
0x0043DC70,0x00401DCF,call
0x0043DC70,0x0040206D,call
0x0043DC70,0x004020EA,call
0x0043DC70,0x00402176,call
0x0043DC70,0x00402513,call
0x0043DC70,0x00402581,call
0x0043DC70,0x00402653,call
0x0043DC70,0x0040272A,call
0x0043DC70,0x004029C3,call
0x0043DC70,0x00402B94,call
0x0043DC70,0x00402C57,call
0x0043DC70,0x00402CB1,call
0x0043DC70,0x00402D0B,call
0x0043DC70,0x00402E64,call
0x0043DC70,0x00402F13,call
0x0043DC70,0x00402FC2,call
0x0043DC70,0x004035C1,call
0x0043DC70,0x004037EC,call
0x0043DC70,0x00403850,call
0x0043DF30,0x004015B4,call
0x0043DF30,0x004029A5,call
0x0043E220,0x0040199C,call
0x0043E220,0x004022B6,call
0x0043E220,0x004029A5,call
0x0043E220,0x00403332,call
0x0043ED20,0x0040199C,call
0x0043ED20,0x004019EC,call
0x0043ED20,0x004028D8,call
0x0043ED20,0x004029A5,call
0x0043ED20,0x00403148,call
0x0043EF90,0x0040199C,call
0x0043EF90,0x0040226B,call
0x0043F060,0x0040109B,call
0x0043F060,0x004018A2,call
0x0043F060,0x0040199C,call
0x0043F620,0x004012D0,call
0x0043F620,0x004017C6,call
0x0043F620,0x004017DA,call
0x0043F620,0x00402004,call
0x0043F620,0x00402248,call
0x0043F620,0x004028DD,call
0x0043F620,0x00403503,call
0x0043F620,0x0046C990,call
0x0043FCE0,0x00469F50,call
0x0043FD80,0x00469F50,call
0x0043FE80,0x00469F50,call
0x0043FF70,0x004032B5,call
0x0043FF70,0x00463960,call
0x00440000,0x00401145,call
0x00440000,0x004012D0,call
0x00440000,0x00401AFF,call
0x00440000,0x00402004,call
0x00440000,0x004020C7,call
0x00440000,0x004021DA,call
0x00440000,0x00402248,call
0x00440000,0x004026F8,call
0x00440000,0x0040290A,call
0x00440000,0x00402CC0,call
0x00440000,0x00402CED,call
0x00440000,0x0040315C,call
0x00440400,0x00466B60,call
0x00440430,0x004678C0,call
0x00440430,0x0046A070,call
0x00440460,0x004033EB,call
0x00440490,0x004019DD,call
0x00440490,0x00402392,call
0x00440490,0x0040348B,call
0x00440560,0x0040199C,call
0x00440560,0x00401F46,call
0x00440560,0x0040226B,call
0x00440560,0x0040319D,call
0x00440560,0x004032B5,call
0x004407E0,0x0040218A,call
0x00440840,0x004029A5,call
0x004421D0,0x00468530,call
0x00442240,0x00401B72,call
0x00442270,0x00468360,call
0x00442280,0x00401B72,call
0x004422B0,0x00401B72,call
0x004422B0,0x00402ED7,call
0x00442350,0x00401B72,call
0x00442350,0x00468130,call
0x00442390,0x00402004,call
0x00442390,0x00402248,call
0x00442390,0x0040272F,call
0x00442390,0x00403265,call
0x00442390,0x00464470,call
0x00442390,0x00467C10,call
0x00442390,0x0046A9A0,call
0x004425E0,0x0040103C,call
0x004425E0,0x00401DDE,call
0x004425E0,0x004028FB,call
0x004425E0,0x00467DD0,call
0x00442690,0x00402004,call
0x00442690,0x00402248,call
0x00442A40,0x00468360,call
0x00442AA0,0x00401B72,call
0x00442AC0,0x00401B72,call
0x00442CE0,0x004021C1,call
0x00442CE0,0x0045A780,call
0x00442DD0,0x004015D2,call
0x00442DD0,0x004021C6,call
0x00442DD0,0x004021DF,call
0x00442DD0,0x0040269E,call
0x00442DD0,0x004037BA,call
0x00442F80,0x004012EE,call
0x00442F80,0x0040154B,call
0x00442F80,0x00402824,call
0x00442F80,0x0045A780,call
0x00442F80,0x0045D610,call
0x00442F80,0x00462EA0,call
0x00442F80,0x004632A0,call
0x00443140,0x00403111,call
0x00443140,0x0045A790,call
0x00443140,0x0045D180,call
0x00443140,0x004633B0,call
0x004431F0,0x004012EE,call
0x004431F0,0x00402257,call
0x00443250,0x004032BF,call
0x00443270,0x004021A8,call
0x004432C0,0x00402A81,call
0x004432C0,0x00402ED7,call
0x004438B0,0x0045A790,call
0x004438B0,0x00468920,call
0x004438F0,0x0045A790,call
0x004438F0,0x00468920,call
0x00443950,0x004028B5,call
0x00443950,0x0045A790,call
0x004439B0,0x0045A790,call
0x004439F0,0x00402FFE,call
0x004439F0,0x0045A790,call
0x00443A20,0x004670F0,call
0x00443AB0,0x0045A790,call
0x00443AB0,0x00467DD0,call
0x00443AF0,0x004017C6,call
0x00443AF0,0x00402F54,call
0x00443AF0,0x0045A780,call
0x00443AF0,0x004632A0,call
0x00443C70,0x0045D610,call
0x00443C70,0x00469EB0,call
0x00443C70,0x00469EF0,call
0x00443D40,0x0045D180,call
0x00443D40,0x00469F10,call
0x00443D80,0x00401C85,call
0x00443D80,0x00402603,call
0x00443D80,0x004030FD,call
0x00443D80,0x00403198,call
0x00443DB0,0x004012D0,call
0x00443DB0,0x00402248,call
0x00443DB0,0x00402996,call
0x00443DB0,0x00403837,call
0x00443DB0,0x00465DF0,call
0x00443DB0,0x0046A530,call
0x00443DB0,0x0046A9A0,call
0x00444050,0x00402248,call
0x00444050,0x00403265,call
0x00444050,0x0045A780,call
0x00444050,0x0045DB30,call
0x00444680,0x00401C8A,call
0x00444680,0x0040272F,call
0x00444680,0x00403265,call
0x00444680,0x004037CE,call
0x00444680,0x00462EA0,call
0x00444680,0x00463B50,call
0x00444680,0x00469C60,call
0x00444680,0x0046A300,call
0x00444790,0x0040103C,call
0x00444790,0x004016BD,call
0x00444790,0x00401DDE,call
0x00444790,0x00403198,call
0x00444790,0x0045A790,call
0x00444790,0x004633B0,call
0x00444790,0x00463BD0,call
0x00444790,0x004655A0,call
0x00444790,0x00469E20,call
0x00444790,0x0046AA00,call
0x004448C0,0x0046AD70,call
0x00444900,0x0046ADD0,call
0x00444A90,0x00401B72,call
0x00444BD0,0x00401B72,call
0x00444BF0,0x00401B72,call
0x00444C10,0x00401479,call
0x00444DA0,0x00467110,call
0x00444DD0,0x004037CE,call
0x004452E0,0x0040103C,call
0x004452E0,0x0045A790,call
0x00445350,0x00403387,call
0x00445350,0x0045A790,call
0x00445390,0x00402B21,call
0x004453B0,0x0045EE80,call
0x004453E0,0x0045EF10,call
0x00445400,0x0045EFF0,call
0x00445420,0x004036ED,call
0x00445420,0x00462EA0,call
0x00445420,0x004632A0,call
0x00445420,0x00467260,call
0x004455F0,0x00401735,call
0x004455F0,0x004017AD,call
0x004455F0,0x00401B72,call
0x004455F0,0x00402F3B,call
0x004455F0,0x0045A780,call
0x004455F0,0x00467540,call
0x004455F0,0x00469C60,call
0x00445790,0x004023C4,call
0x00445790,0x00402815,call
0x00445790,0x00402DB5,call
0x00445790,0x0045A790,call
0x00445790,0x0045CE50,call
0x00445790,0x004633B0,call
0x00445790,0x004673D0,call
0x00445790,0x00469E20,call
0x004458E0,0x00401735,call
0x004458E0,0x00401D43,call
0x004458E0,0x0046B370,call
0x00445A40,0x0040110E,call
0x00445A40,0x00401744,call
0x00445A40,0x0040264E,call
0x00445AC0,0x00401A00,call
0x00445AC0,0x00402978,call
0x00445AC0,0x00402AE0,call
0x00445AC0,0x00402CDE,call
0x00445AC0,0x00466B60,call
0x00445AC0,0x004670F0,call
0x00445C10,0x004012CB,call
0x00445C10,0x004036DE,call
0x00445E70,0x00401A5F,call
0x00445E70,0x00402630,call
0x00445E70,0x00402815,call
0x00445ED0,0x0045E210,call
0x00445ED0,0x00467490,call
0x00445ED0,0x00469EB0,call
0x00445FE0,0x0045D180,call
0x00445FE0,0x00467500,call
0x00445FE0,0x00469F10,call
0x00446050,0x00467730,call
0x004460A0,0x004678C0,call
0x004460A0,0x0046A070,call
0x004460D0,0x004020E0,call
0x004460D0,0x00403594,call
0x00446110,0x00467570,call
0x00446110,0x00467730,call
0x004464D0,0x004014CE,call
0x004464D0,0x00401735,call
0x004464D0,0x00403567,call
0x004465E0,0x00402D1A,call
0x00446610,0x00401479,call
0x00446610,0x00401FAA,call
0x00446610,0x004585B0,call
0x004466E0,0x00401875,call
0x004466E0,0x00465DF0,call
0x00446720,0x004013C0,call
0x00446720,0x0045A780,call
0x00446720,0x00462590,call
0x00446720,0x00462EA0,call
0x004467D0,0x004625B0,call
0x00446830,0x00403814,call
0x00446860,0x0045F2B0,call
0x004468D0,0x004029BE,call
0x004468D0,0x0045F280,call
0x00446F20,0x0045A790,call
0x00446F20,0x0045EEA0,call
0x00446FD0,0x004017AD,call
0x00447000,0x00402081,call
0x00447000,0x0045A790,call
0x00447030,0x0040272F,call
0x00447030,0x004030BC,call
0x00447030,0x00403139,call
0x00447170,0x0045A790,call
0x004471A0,0x0045A790,call
0x004471D0,0x00401974,call
0x004471D0,0x00401DDE,call
0x004471D0,0x00402E19,call
0x004472B0,0x00403062,call
0x004472B0,0x0045A790,call
0x004472E0,0x00401E1F,call
0x004472F0,0x004037E7,call
0x00447300,0x004670F0,call
0x00447380,0x004670F0,call
0x00447410,0x004025C7,call
0x00447410,0x0040359E,call
0x00447410,0x004035A8,call
0x00447410,0x00465AA0,call
0x00447410,0x0046DDC0,call
0x00447410,0x0046E570,call
0x00447530,0x00403422,call
0x00447550,0x00402081,call
0x00447550,0x0040384B,call
0x00447550,0x00465AA0,call
0x00447550,0x0046DE70,call
0x00447610,0x00402AA4,call
0x004476B0,0x00402630,call
0x004476B0,0x00402838,call
0x004476B0,0x00402AA4,call
0x004476B0,0x0046E300,call
0x004476B0,0x0046E3C0,call
0x004477E0,0x0046E130,call
0x00447830,0x00402AA4,call
0x004479A0,0x004023A1,call
0x004479A0,0x0045A790,call
0x004479D0,0x004017EE,call
0x004479E0,0x004012BC,call
0x004479E0,0x00401708,call
0x004479E0,0x0040173A,call
0x004479E0,0x00401AA0,call
0x004479E0,0x00401C58,call
0x004479E0,0x00401CE9,call
0x004479E0,0x00402838,call
0x004479E0,0x00402A18,call
0x004479E0,0x00402A54,call
0x004479E0,0x00402F63,call
0x004479E0,0x00402F68,call
0x004479E0,0x0045A780,call
0x004479E0,0x0045A790,call
0x00447C50,0x004015BE,call
0x00447C50,0x00401906,call
0x00447C50,0x0040250E,call
0x00447C50,0x004026DF,call
0x00447C50,0x00402838,call
0x00447C50,0x00402CBB,call
0x00447C50,0x0045A790,call
0x00447C50,0x0045CE50,call
0x00447C50,0x0045D180,call
0x00447DB0,0x0045D610,call
0x00447DE0,0x0045D180,call
0x00447E30,0x0045D850,call
0x00447E60,0x0045D180,call
0x00447EB0,0x0045E210,call
0x00447EE0,0x0045D180,call
0x00447F30,0x0045DD90,call
0x00447F60,0x0045D180,call
0x00447FB0,0x0045DE00,call
0x00447FE0,0x0045D180,call
0x00448030,0x0045DE70,call
0x00448200,0x004025C7,call
0x00448200,0x004035A8,call
0x00448300,0x00401AF0,call
0x00448300,0x00402009,call
0x00448300,0x00402432,call
0x00448300,0x004024F5,call
0x00448300,0x0045A780,call
0x00448560,0x00402081,call
0x00448560,0x0040367F,call
0x00448620,0x004022CA,call
0x00448800,0x00402630,call
0x00448A70,0x00401190,call
0x00448A70,0x0045A790,call
0x00448AA0,0x00402595,call
0x00448AB0,0x004025C7,call
0x00448AB0,0x004035A8,call
0x00448BA0,0x00401AF0,call
0x00448BA0,0x00402009,call
0x00448BA0,0x00402432,call
0x00448BA0,0x004024F5,call
0x00448BA0,0x0045A780,call
0x00448DE0,0x00401762,call
0x00448DE0,0x00402036,call
0x00448DE0,0x00402081,call
0x00448DE0,0x00403873,call
0x00448EE0,0x0040277A,call
0x00448EE0,0x004028EC,call
0x00448EE0,0x004585B0,call
0x00448EE0,0x004586D0,call
0x00449170,0x00401DA2,call
0x00449170,0x0045A790,call
0x004491A0,0x0040386E,call
0x004491B0,0x00401D2F,call
0x004491B0,0x004025C7,call
0x004491B0,0x004031F7,call
0x004491B0,0x004035A8,call
0x004491B0,0x0045A780,call
0x004491B0,0x004671B0,call
0x004491B0,0x00467540,call
0x00449370,0x0040156E,call
0x00449370,0x0040182F,call
0x00449370,0x00401ED8,call
0x00449370,0x00402108,call
0x00449370,0x00402739,call
0x00449370,0x0045A780,call
0x00449370,0x0045E210,call
0x00449370,0x00467490,call
0x00449670,0x0045D180,call
0x00449670,0x00467500,call
0x004496D0,0x00401587,call
0x004496D0,0x00402081,call
0x004496D0,0x00402BE4,call
0x004496D0,0x00403558,call
0x004496D0,0x0045A790,call
0x00449750,0x004034CC,call
0x004497B0,0x0045DB30,call
0x004497B0,0x00469EF0,call
0x004497B0,0x00469F50,call
0x00449A40,0x00467570,call
0x00449A40,0x00467730,call
0x00449D30,0x00401FAA,call
0x00449D30,0x0040236F,call
0x00449D30,0x004031CA,call
0x00449E60,0x00402108,call
0x00449E60,0x004025C2,call
0x00449E80,0x00402108,call
0x00449E80,0x0040290F,call
0x00449EE0,0x00401C2B,call
0x00449EE0,0x0040236A,call
0x00449EE0,0x0040236F,call
0x00449EE0,0x004031CA,call
0x00449F60,0x00401DD4,call
0x00449F60,0x00402491,call
0x00449F60,0x00402D1F,call
0x00449F60,0x004036FC,call
0x00449F60,0x0045DB30,call
0x00449F60,0x00469EF0,call
0x0044A330,0x0045A780,call
0x0044A330,0x0045D180,call
0x0044A330,0x0045DD90,call
0x0044A330,0x0046AD70,call
0x0044A3C0,0x0046ADD0,call
0x0044A3E0,0x00401F82,call
0x0044A3E0,0x00402793,call
0x0044A3E0,0x0040329C,call
0x0044A460,0x004015E6,call
0x0044A940,0x00403463,call
0x0044A940,0x0045A790,call
0x0044A9D0,0x00403062,call
0x0044A9D0,0x0045A790,call
0x0044AA00,0x00401BE5,call
0x0044AA10,0x004019B0,call
0x0044AA80,0x0040135C,call
0x0044AA80,0x00401C7B,call
0x0044AA80,0x0040272F,call
0x0044AA80,0x00402784,call
0x0044AA80,0x00402B0D,call
0x0044AA80,0x004030BC,call
0x0044AA80,0x0045A780,call
0x0044AA80,0x0045D180,call
0x0044AA80,0x0045DD90,call
0x0044AA80,0x0045E210,call
0x0044AA80,0x00465AA0,call
0x0044AA80,0x004671B0,call
0x0044AA80,0x00467260,call
0x0044AA80,0x00467490,call
0x0044AA80,0x00467540,call
0x0044AA80,0x0046B370,call
0x0044AD60,0x00401307,call
0x0044AD60,0x00401974,call
0x0044AD60,0x00401B8B,call
0x0044AD60,0x00401DDE,call
0x0044AD60,0x004022A2,call
0x0044AD60,0x0045A790,call
0x0044AD60,0x0045D180,call
0x0044AD60,0x00465AA0,call
0x0044AD60,0x004673D0,call
0x0044AD60,0x00467500,call
0x0044AE80,0x0045D180,call
0x0044AEC0,0x0040119A,call
0x0044AEC0,0x004012D0,call
0x0044AEC0,0x00401960,call
0x0044AEC0,0x00401A6E,call
0x0044AEC0,0x00402004,call
0x0044AEC0,0x00402D7E,call
0x0044AEC0,0x00402EEB,call
0x0044AEC0,0x004035AD,call
0x0044AEC0,0x004662B0,call
0x0044AEC0,0x00466B60,call
0x0044AEC0,0x00467730,call
0x0044AEC0,0x004678C0,call
0x0044B340,0x00402C39,call
0x0044B340,0x00456600,call
0x0044B750,0x00403139,call
0x0044B750,0x0045A780,call
0x0044B750,0x0045DE00,call
0x0044B750,0x0045E210,call
0x0044B750,0x00462EA0,call
0x0044B750,0x004632A0,call
0x0044B750,0x00469C60,call
0x0044B750,0x00469EB0,call
0x0044B750,0x0046B370,call
0x0044B8F0,0x00402E19,call
0x0044B8F0,0x0045A790,call
0x0044B8F0,0x0045CE50,call
0x0044B8F0,0x0045D180,call
0x0044B8F0,0x004633B0,call
0x0044B8F0,0x00469E20,call
0x0044B8F0,0x00469F10,call
0x0044B8F0,0x0046B370,call
0x0044B9E0,0x00401D57,call
0x0044B9F0,0x00458D80,call
0x0044B9F0,0x0045DB30,call
0x0044B9F0,0x00469EF0,call
0x0044B9F0,0x00469F50,call
0x0044B9F0,0x0046A070,call
0x0044BCA0,0x00402004,call
0x0044BCA0,0x00402248,call
0x0044BCA0,0x00402798,call
0x0044BCA0,0x00403733,call
0x0044BCA0,0x00466B60,call
0x0044BCA0,0x00466EF0,call
0x0044BCA0,0x00467000,call
0x0044BCA0,0x00467020,call
0x0044BCA0,0x004670F0,call
0x0044C0D0,0x00403012,call
0x0044C0D0,0x0045A790,call
0x0044C1D0,0x004023F1,call
0x0044C230,0x00401479,call
0x0044C270,0x004033F5,call
0x0044C270,0x00462EA0,call
0x0044C270,0x004632A0,call
0x0044C330,0x004033F5,call
0x0044C330,0x00462EA0,call
0x0044C330,0x004632A0,call
0x0044C410,0x004017C1,call
0x0044C410,0x004633B0,call
0x0044C460,0x00402DDD,call
0x0044C460,0x004688E0,call
0x0044C600,0x00467F30,call
0x0044C630,0x00402FD6,call
0x0044C630,0x0045A780,call
0x0044C630,0x0045D610,call
0x0044C630,0x00467E40,call
0x0044C630,0x00468530,call
0x0044C7C0,0x0045A790,call
0x0044C7C0,0x0045D180,call
0x0044C830,0x00463B50,call
0x0044C870,0x00403139,call
0x0044C870,0x0045A780,call
0x0044C870,0x00462EA0,call
0x0044C870,0x004632A0,call
0x0044C870,0x00467260,call
0x0044C870,0x00467490,call
0x0044C870,0x00467540,call
0x0044CC90,0x0046A530,call
0x0044CCE0,0x00403328,call
0x0044CCE0,0x0045A780,call
0x0044CD60,0x00402E19,call
0x0044CD60,0x0045A790,call
0x0044CD60,0x004633B0,call
0x0044CD60,0x00463BD0,call
0x0044CD60,0x004673D0,call
0x0044CD60,0x00467500,call
0x0044CEC0,0x004010E1,call
0x0044CEC0,0x004018F7,call
0x0044CEC0,0x00401FF5,call
0x0044CEC0,0x00402A36,call
0x0044CEC0,0x00402E28,call
0x0044CFB0,0x0040165E,call
0x0044CFB0,0x00401ACD,call
0x0044CFB0,0x0045A780,call
0x0044D290,0x004023EC,call
0x0044D2D0,0x00402004,call
0x0044D2D0,0x00402248,call
0x0044D2D0,0x00402CD9,call
0x0044D2D0,0x00403436,call
0x0044D2D0,0x00467540,call
0x0044D2D0,0x00467730,call
0x0044D2D0,0x004678C0,call
0x0044D830,0x00401479,call
0x0044D8E0,0x00401479,call
0x0044DA70,0x00467570,call
0x0044DB20,0x00401479,call
0x0044DCE0,0x00401479,call
0x0044DCE0,0x004036C0,call
0x0044E620,0x00402329,call
0x0044E620,0x0045A790,call
0x0044E650,0x0045A790,call
0x0044E650,0x00468920,call
0x0044E690,0x00401406,call
0x0044E690,0x0045A790,call
0x0044E700,0x00467730,call
0x0044E790,0x00401C7B,call
0x0044E790,0x00463B50,call
0x0044E790,0x0046A290,call
0x0044E790,0x0046A530,call
0x0044E8C0,0x00401307,call
0x0044E8C0,0x00463BD0,call
0x0044E8C0,0x0046AA00,call
0x0044E960,0x00464470,call
0x0044E960,0x0046A9A0,call
0x0044E9D0,0x00463C20,call
0x0044EBC0,0x00402DDD,call
0x0044EC30,0x0040229D,call
0x0044EC30,0x0045A780,call
0x0044EC30,0x00468530,call
0x0044ED20,0x00468920,call
0x0044ED70,0x00463C20,call
0x0044EFF0,0x00401181,call
0x0044EFF0,0x0045A790,call
0x0044F030,0x00402AAE,call
0x0044F030,0x0045A790,call
0x0044F070,0x00401BD1,call
0x0044F070,0x00462EA0,call
0x0044F070,0x004632A0,call
0x0044F130,0x00403729,call
0x0044F130,0x004633B0,call
0x0044F160,0x00401479,call
0x0044F160,0x004688E0,call
0x0044F270,0x00467F30,call
0x0044F290,0x0045A780,call
0x0044F290,0x0045D610,call
0x0044F290,0x00467E40,call
0x0044F290,0x00468530,call
0x0044F370,0x0045A790,call
0x0044F370,0x0045D180,call
0x0044F3D0,0x004688E0,call
0x0044F400,0x00463B50,call
0x0044F440,0x00462EA0,call
0x0044F440,0x004632A0,call
0x0044F440,0x00467260,call
0x0044F440,0x00467490,call
0x0044F590,0x00403256,call
0x0044F590,0x0045A780,call
0x0044F610,0x0045A790,call
0x0044F610,0x004633B0,call
0x0044F610,0x00463BD0,call
0x0044F610,0x004673D0,call
0x0044F610,0x00467500,call
0x0044F6C0,0x00401479,call
0x0044F6C0,0x004023CE,call
0x0044F6C0,0x00403535,call
0x0044F8C0,0x00401131,call
0x0044F8C0,0x004011C7,call
0x0044F8C0,0x0045A780,call
0x0044F9D0,0x00402FBD,call
0x0044FA00,0x00467730,call
0x0044FA00,0x004678C0,call
0x0044FAE0,0x00402739,call
0x0044FB00,0x00402739,call
0x0044FB70,0x00401479,call
0x0044FBD0,0x0046A530,call
0x0044FC50,0x00402A4F,call
0x0044FFC0,0x00401154,call
0x0044FFC0,0x0045A790,call
0x0044FFF0,0x00401005,call
0x0044FFF0,0x0045A790,call
0x00450020,0x004025C7,call
0x00450020,0x0040307B,call
0x00450020,0x0040311B,call
0x00450020,0x004035A8,call
0x00450020,0x004035EE,call
0x00450020,0x0046DDC0,call
0x00450020,0x0046E570,call
0x00450160,0x00402A31,call
0x00450160,0x0045DB30,call
0x00450160,0x00469EF0,call
0x00450460,0x0040156E,call
0x00450460,0x0040182F,call
0x00450460,0x00401ED8,call
0x00450460,0x004023DD,call
0x00450460,0x00402739,call
0x00450460,0x00402B08,call
0x00450460,0x0045A780,call
0x00450460,0x0045E210,call
0x00450770,0x0045D180,call
0x004507A0,0x00401762,call
0x004507A0,0x00401848,call
0x004507A0,0x00402081,call
0x004507A0,0x004021F8,call
0x004507A0,0x00402DBF,call
0x004507A0,0x0046DE70,call
0x00450860,0x00469F50,call
0x00450970,0x00401FAA,call
0x00450970,0x00402A1D,call
0x00450970,0x0040318E,call
0x00450A60,0x00402A1D,call
0x00450A60,0x0040318E,call
0x00450A90,0x00401479,call
0x00450A90,0x00402630,call
0x00450A90,0x00402A1D,call
0x00450A90,0x0046E300,call
0x00450BA0,0x004034CC,call
0x00450C10,0x004015E6,call
0x00450D00,0x0046E130,call
0x00450D30,0x00401762,call
0x00450D30,0x0046E300,call
0x004510E0,0x0040143D,call
0x004510E0,0x0045A790,call
0x004511C0,0x00403062,call
0x004511C0,0x0045A790,call
0x00451200,0x00401B40,call
0x00451210,0x004025C7,call
0x00451210,0x0040307B,call
0x00451210,0x004035A8,call
0x00451380,0x00401F00,call
0x00451380,0x0045A780,call
0x00451380,0x00467490,call
0x00451380,0x00467E40,call
0x00451380,0x00468530,call
0x00451550,0x0045A790,call
0x00451550,0x00463BD0,call
0x00451550,0x00467500,call
0x004515C0,0x00402081,call
0x004515C0,0x0040244B,call
0x00451610,0x0040101E,call
0x00451610,0x00402DAB,call
0x00451630,0x00401479,call
0x004516F0,0x0040146F,call
0x004516F0,0x00401479,call
0x004516F0,0x00403260,call
0x00451AA0,0x00458D80,call
0x00451AA0,0x00469F50,call
0x00451C90,0x0045DB30,call
0x00451C90,0x00469EF0,call
0x00451C90,0x00469F50,call
0x00451D20,0x00401479,call
0x00451D20,0x004023B5,call
0x00451D20,0x00402F8B,call
0x00451E40,0x00467F30,call
0x00451E60,0x00467730,call
0x00451F10,0x00403571,call
0x00451F10,0x0045A780,call
0x00451FB0,0x00463B50,call
0x00452370,0x00403530,call
0x00452370,0x0045A790,call
0x004523A0,0x00401122,call
0x004523B0,0x0045EE80,call
0x004523E0,0x0045EE80,call
0x00452420,0x0045EF70,call
0x00452420,0x0046E430,call
0x00452420,0x0046E500,call
0x00452420,0x0046EFA0,call
0x00452490,0x0045F160,call
0x004524B0,0x0045EE80,call
0x004524F0,0x0045EF10,call
0x00452500,0x0045EFF0,call
0x00452510,0x00402810,call
0x00452530,0x00402810,call
0x00452550,0x00401FD7,call
0x00452550,0x00402568,call
0x00452550,0x004028C9,call
0x00452550,0x0045A780,call
0x00452550,0x00461AA0,call
0x00452550,0x00462550,call
0x00452550,0x00462570,call
0x00452550,0x00462EA0,call
0x00452550,0x0046F3B0,call
0x00452550,0x0046F7A0,call
0x00452550,0x0046FBB0,call
0x004526E0,0x0046F480,call
0x004526E0,0x0046FC80,call
0x00452740,0x004632A0,call
0x00452780,0x00402DBA,call
0x004527C0,0x0045F2B0,call
0x004527C0,0x00460FB0,call
0x004527C0,0x004633B0,call
0x00452850,0x00401F23,call
0x00452850,0x00402658,call
0x00452850,0x004585B0,call
0x00452850,0x0045F280,call
0x00452850,0x0045F2B0,call
0x00452850,0x00460FB0,call
0x00452A40,0x00460610,call
0x00452A40,0x00460A20,call
0x00452A40,0x00460A40,call
0x00452AC0,0x0045F2B0,call
0x00452AC0,0x0045FC30,call
0x00452AC0,0x0045FC50,call
0x00452B90,0x00402A9A,call
0x00452E40,0x0045EF10,call
0x00452E50,0x0045EFF0,call
0x00452E60,0x0045A790,call
0x00452E60,0x0045EEA0,call
0x00452E90,0x0045A790,call
0x00452E90,0x0045EEA0,call
0x00452EC0,0x0045A790,call
0x00452EC0,0x0045EEA0,call
0x00452EF0,0x0045A790,call
0x00452EF0,0x0045EEA0,call
0x00452F20,0x004035F3,call
0x00452F20,0x0045A790,call
0x00452F50,0x0040196F,call
0x00452F50,0x0045A790,call
0x00452F50,0x0045EEA0,call
0x00452FE0,0x0045EE80,call
0x00453030,0x0045EF10,call
0x00453030,0x0045EF40,call
0x00453030,0x0045F250,call
0x00453070,0x00403107,call
0x00453070,0x0045EFF0,call
0x00453070,0x0045F070,call
0x00453070,0x0045F0D0,call
0x00453070,0x0045F280,call
0x00453120,0x0045A790,call
0x00453120,0x0045EEA0,call
0x00453150,0x0045A780,call
0x00453280,0x0040114F,call
0x00453280,0x00401CA3,call
0x00453280,0x0040219E,call
0x00453280,0x004025C7,call
0x00453280,0x004035A8,call
0x00453280,0x0045A780,call
0x00453280,0x0046A9A0,call
0x00453450,0x0040156E,call
0x00453450,0x0040182F,call
0x00453450,0x00401ED8,call
0x00453450,0x004026A8,call
0x00453450,0x00402739,call
0x00453450,0x0045A780,call
0x004535C0,0x00401221,call
0x004535C0,0x00401BD6,call
0x004535C0,0x00402081,call
0x004535C0,0x00402C11,call
0x004535C0,0x00402CCA,call
0x004535C0,0x0045A790,call
0x004535C0,0x0046AA00,call
0x00453690,0x004026B2,call
0x004536B0,0x004020E0,call
0x004536B0,0x00403594,call
0x004536F0,0x0045DB30,call
0x004536F0,0x00469EF0,call
0x004536F0,0x00469F50,call
0x00453940,0x004028C4,call
0x00453940,0x0045DB30,call
0x00453940,0x00469EF0,call
0x00453940,0x00469F50,call
0x00453940,0x00469FD0,call
0x00453940,0x0046E430,call
0x00453940,0x0046E480,call
0x00453940,0x0046E500,call
0x00453940,0x0046E570,call
0x00453940,0x0046E6E0,call
0x00453940,0x0046EF00,call
0x00453940,0x0046EFA0,call
0x00454060,0x0040118B,call
0x00454060,0x004012DA,call
0x00454060,0x00401456,call
0x00454060,0x00401479,call
0x00454060,0x00401F6E,call
0x00454060,0x00402CCA,call
0x00454060,0x00402F4A,call
0x00454060,0x0040346D,call
0x00454520,0x0040118B,call
0x00454520,0x00402243,call
0x00454520,0x00402C11,call
0x00454520,0x00403085,call
0x004545C0,0x004012DA,call
0x004545C0,0x00401D61,call
0x004545C0,0x00401DE8,call
0x004545C0,0x0040262B,call
0x00454620,0x004012DA,call
0x00454620,0x004013A7,call
0x00454690,0x004012DA,call
0x00454690,0x00401D61,call
0x00454690,0x0040262B,call
0x00454740,0x004012DA,call
0x00454740,0x00401D61,call
0x00454830,0x00401D61,call
0x00454830,0x00402C11,call
0x004548C0,0x00401479,call
0x004548C0,0x004014C4,call
0x004548C0,0x00401C80,call
0x004548C0,0x00401F14,call
0x004548C0,0x004026A8,call
0x004548C0,0x004028E7,call
0x004548C0,0x00403085,call
0x004548C0,0x0040325B,call
0x00454AD0,0x0046AD70,call
0x00454B10,0x0046ADD0,call
0x00454B70,0x0040252C,call
0x00454BB0,0x00402F4A,call
0x00454BB0,0x0040346D,call
0x00454DF0,0x0040296E,call
0x00454DF0,0x0046A530,call
0x00454F00,0x004014DD,call
0x00454F00,0x004026A8,call
0x00454F80,0x0046A530,call
0x00454FB0,0x004026A8,call
0x00454FC0,0x0040252C,call
0x00454FC0,0x0040325B,call
0x00455050,0x004015E6,call
0x00455050,0x00402428,call
0x00455050,0x00402568,call
0x00455050,0x0045A780,call
0x004550C0,0x004013A7,call
0x004550C0,0x00402C11,call
0x004550C0,0x00403062,call
0x00455130,0x00402DB5,call
0x00455130,0x00403373,call
0x00455130,0x004034A4,call
0x00455130,0x0045A780,call
0x00455130,0x00462590,call
0x004551D0,0x0040148D,call
0x004551D0,0x0045F2B0,call
0x004551D0,0x00460A40,call
0x004551D0,0x00460FB0,call
0x004552A0,0x00402C11,call
0x004552A0,0x00402DB5,call
0x00455320,0x0040260D,call
0x00455360,0x0040148D,call
0x00455360,0x00401A87,call
0x00455360,0x00402A31,call
0x00455360,0x00402A9A,call
0x00455360,0x004031E8,call
0x00455360,0x0045F280,call
0x00455360,0x0045F2B0,call
0x00455360,0x00460FB0,call
0x00455480,0x0045F2B0,call
0x004554A0,0x0045F2B0,call
0x00455DA0,0x004014DD,call
0x00455DA0,0x0046A300,call
0x00455DE0,0x00401843,call
0x00455DE0,0x0045A790,call
0x00455EB0,0x004036F2,call
0x00455EB0,0x0045A790,call
0x00455EE0,0x004037C9,call
0x00455EF0,0x004027E3,call
0x00455FF0,0x0045B600,call
0x00456100,0x004012F8,call
0x00456100,0x00401E6A,call
0x00456100,0x0045A780,call
0x00456100,0x0045A790,call
0x004564E0,0x00459860,call
0x00456500,0x0045CDB0,call
0x00456500,0x00463810,call
0x00456500,0x00465050,call
0x00456500,0x0046B810,call
0x00456680,0x0045A780,call
0x00456680,0x0045EC90,call
0x004566F0,0x0045A790,call
0x004566F0,0x0045ECA0,call
0x00456720,0x00458D80,call
0x00456970,0x004726B0,call
0x00456AE0,0x0045A780,call
0x00456B90,0x0045A780,call
0x00456D70,0x00456A90,call
0x00456E20,0x00456790,call
0x004570B0,0x00457070,call
0x004570B0,0x00457080,call
0x00457310,0x00456720,call
0x00457310,0x004585B0,call
0x00457410,0x00456720,call
0x00457410,0x00456780,call
0x00457410,0x004585B0,call
0x004576E0,0x00456790,call
0x00457760,0x0045A780,call
0x00457800,0x00457310,call
0x00457800,0x0045A780,call
0x004578D0,0x00456720,call
0x004578D0,0x004585B0,call
0x004578D0,0x004585F0,call
0x00457A60,0x00456720,call
0x00457A60,0x004585B0,call
0x00457A60,0x004585F0,call
0x00457C80,0x00456720,call
0x00457C80,0x004585B0,call
0x00457D00,0x00456720,call
0x00457D00,0x004585B0,call
0x00457E10,0x00456A90,call
0x00457E10,0x00456D70,call
0x00457E10,0x00457410,call
0x00457E10,0x004583C0,call
0x00457E10,0x004585B0,call
0x00457E10,0x0045A780,call
0x00457E10,0x0046E430,call
0x00457E10,0x0046E500,call
0x00457E10,0x0046E6E0,call
0x00458130,0x00457E10,call
0x00458130,0x004580C0,call
0x004581D0,0x004580C0,call
0x00458210,0x00456790,call
0x00458210,0x0045A790,call
0x00458230,0x00456790,call
0x00458230,0x0045A790,call
0x00458260,0x0045A790,call
0x00458290,0x0045A790,call
0x004582F0,0x0045A790,call
0x00458310,0x0045A790,call
0x00458330,0x00456E20,call
0x00458330,0x0045A790,call
0x00458360,0x004576E0,call
0x00458360,0x0045A790,call
0x00458380,0x0045A790,call
0x004583A0,0x0045A790,call
0x004583C0,0x00456E20,call
0x004583C0,0x0045A790,call
0x00458450,0x00458410,call
0x004585F0,0x004584C0,call
0x004585F0,0x004585B0,call
0x004585F0,0x00458D80,call
0x00458630,0x004584C0,call
0x00458630,0x004585B0,call
0x00458630,0x00458D80,call
0x00458670,0x004584C0,call
0x00458670,0x004585B0,call
0x00458670,0x00458DB0,call
0x004586D0,0x004585D0,call
0x004586E0,0x004584C0,call
0x004586E0,0x004585B0,call
0x004586E0,0x00458DB0,call
0x00458720,0x004584C0,call
0x00458720,0x004585B0,call
0x00458720,0x00458DB0,call
0x00458780,0x004586E0,call
0x004589C0,0x004586E0,call
0x00458D80,0x00458DB0,call
0x00458E60,0x00458400,call
0x00458E60,0x0045A790,call
0x00458F70,0x00458450,call
0x00458F70,0x0045A780,call
0x00458F70,0x0045AD70,call
0x00459130,0x00456660,call
0x00459130,0x0045A780,call
0x00459130,0x00462EA0,call
0x00459130,0x004630A0,call
0x00459130,0x004632A0,call
0x00459130,0x00472070,call
0x004591F0,0x00456670,call
0x004591F0,0x004633B0,call
0x00459250,0x00456680,call
0x00459250,0x004585B0,call
0x00459250,0x00458630,call
0x00459250,0x00458F10,call
0x00459250,0x00458F70,call
0x00459250,0x00459130,call
0x00459250,0x0045A350,call
0x00459250,0x0045A780,call
0x00459250,0x0045AA80,call
0x00459250,0x0045AB90,call
0x00459250,0x0045AC10,call
0x00459250,0x0045B8E0,call
0x00459250,0x0045B900,call
0x00459250,0x00462E60,call
0x00459250,0x0046BA80,call
0x00459250,0x0046F060,call
0x00459250,0x00472BE0,call
0x00459520,0x004566F0,call
0x00459520,0x004585B0,call
0x00459520,0x004590B0,call
0x00459520,0x004591F0,call
0x00459520,0x0045A350,call
0x00459520,0x0045AAB0,call
0x00459520,0x0045BA50,call
0x00459520,0x00462E70,call
0x00459520,0x0046BB70,call
0x00459520,0x0046F120,call
0x00459520,0x00472C70,call
0x004595D0,0x00458F30,call
0x004596B0,0x004595D0,call
0x00459860,0x00401839,call
0x00459860,0x004585B0,call
0x00459860,0x00459250,call
0x00459860,0x00459520,call
0x00459860,0x004596B0,call
0x00459860,0x004727B0,call
0x00459860,0x00472C70,call
0x004599B0,0x0045A790,call
0x004599B0,0x00463120,call
0x00459B10,0x00459C80,call
0x00459B10,0x00459CB0,call
0x00459B90,0x00459B10,call
0x00459B90,0x0045A0E0,call
0x00459B90,0x0045A230,call
0x00459D20,0x0045A230,call
0x00459D70,0x004585B0,call
0x00459D70,0x004586E0,call
0x00459D70,0x00458780,call
0x00459D70,0x00459BD0,call
0x00459D70,0x00459C00,call
0x00459D70,0x00459C80,call
0x00459D70,0x00459D20,call
0x00459D70,0x0045A610,call
0x00459F70,0x00459B10,call
0x00459F70,0x00459BD0,call
0x00459F70,0x0045A0E0,call
0x00459F70,0x0045A230,call
0x0045A010,0x00459C40,call
0x0045A0A0,0x00459CE0,call
0x0045A200,0x0045A1E0,call
0x0045A230,0x0045A1E0,call
0x0045A260,0x004585B0,call
0x0045A260,0x004586E0,call
0x0045A260,0x0045A340,call
0x0045A3F0,0x004599F0,call
0x0045A3F0,0x00459BD0,call
0x0045A3F0,0x00459C00,call
0x0045A3F0,0x0045A4A0,call
0x0045A3F0,0x0045A4B0,call
0x0045A3F0,0x0045A500,call
0x0045A480,0x00459A40,call
0x0045A480,0x00459AA0,call
0x0045A4C0,0x0045A390,call
0x0045A4C0,0x0045A3F0,call
0x0045A500,0x0045A630,call
0x0045A500,0x0045A640,call
0x0045A5B0,0x004585B0,call
0x0045A5B0,0x00458670,call
0x0045A5B0,0x004589C0,call
0x0045A640,0x0045A540,call
0x0045A6B0,0x0045B8E0,call
0x0045A6B0,0x004732D0,call
0x0045A730,0x0045B8E0,call
0x0045A730,0x00473340,call
0x0045A780,0x0045A6B0,call
0x0045A790,0x0045A730,call
0x0045A800,0x0045A0E0,call
0x0045A800,0x00473140,call
0x0045A8D0,0x00459AA0,call
0x0045A8E0,0x0045A480,call
0x0045A8F0,0x0045A570,call
0x0045A900,0x0045A570,call
0x0045A940,0x0045A9A0,call
0x0045AA80,0x0045A780,call
0x0045AA80,0x0045AAF0,call
0x0045AAB0,0x0045A790,call
0x0045AAB0,0x0045AB30,call
0x0045AAF0,0x0045A780,call
0x0045AB30,0x0045A790,call
0x0045AB30,0x0045AC50,call
0x0045ABB0,0x004585B0,call
0x0045AC10,0x0046E410,call
0x0045AC10,0x0046E570,call
0x0045AC50,0x0046E500,call
0x0045AC90,0x004585B0,call
0x0045AC90,0x004589C0,call
0x0045AC90,0x0046E7F0,call
0x0045AD70,0x004583E0,call
0x0045ADC0,0x00458400,call
0x0045AF60,0x0045A790,call
0x0045AF60,0x0045ADC0,call
0x0045AF80,0x0045B210,call
0x0045AF80,0x0045B580,call
0x0045AF80,0x0045B5A0,call
0x0045AF80,0x00473390,call
0x0045B3F0,0x0045D180,call
0x0045B3F0,0x0045E380,call
0x0045B5C0,0x0046E570,call
0x0045B600,0x00458440,call
0x0045B600,0x004584A0,call
0x0045B600,0x004585B0,call
0x0045B600,0x0045AD70,call
0x0045B600,0x0045ADC0,call
0x0045B770,0x0045A780,call
0x0045B770,0x0045AF80,call
0x0045B7C0,0x0045A790,call
0x0045B7C0,0x0045B110,call
0x0045B8E0,0x004734F0,call
0x0045B900,0x0045A780,call
0x0045B900,0x00473630,call
0x0045BA50,0x0045A790,call
0x0045BA50,0x0046AD10,call
0x0045BAD0,0x00458630,call
0x0045BAF0,0x0045A780,call
0x0045BAF0,0x004732D0,call
0x0045BB70,0x0045A790,call
0x0045BB70,0x00473340,call
0x0045BBC0,0x00462EE0,call
0x0045BBE0,0x00462F30,call
0x0045BC40,0x00462F30,call
0x0045BDA0,0x0045B8E0,call
0x0045BDA0,0x0045BAF0,call
0x0045BDA0,0x0045BBE0,call
0x0045BDA0,0x0045BC40,call
0x0045BDA0,0x0045BFA0,call
0x0045BDA0,0x0045C060,call
0x0045BDA0,0x0045C200,call
0x0045BDA0,0x00462F30,call
0x0045BDA0,0x00462F80,call
0x0045BDA0,0x00462FB0,call
0x0045BF10,0x0045BB70,call
0x0045BFA0,0x0045BC40,call
0x0045BFA0,0x00462F30,call
0x0045BFA0,0x00462F80,call
0x0045C030,0x0045BAF0,call
0x0045C030,0x0045BFA0,call
0x0045C060,0x0045BAF0,call
0x0045C060,0x0045BDA0,call
0x0045C060,0x0045C200,call
0x0045C060,0x0045C2A0,call
0x0045C200,0x0045C030,call
0x0045C2A0,0x0045C200,call
0x0045C2D0,0x0045C060,call
0x0045C2D0,0x0045C200,call
0x0045C2D0,0x0045C2A0,call
0x0045C2D0,0x0045C2D0,call
0x0045C630,0x0045A010,call
0x0045C630,0x0045A780,call
0x0045C630,0x0045AB90,call
0x0045C630,0x0045AC10,call
0x0045C630,0x0045BAF0,call
0x0045C630,0x0045BBC0,call
0x0045C630,0x0045BDA0,call
0x0045C630,0x0045C810,call
0x0045C770,0x0045A0A0,call
0x0045C770,0x0045BB70,call
0x0045C770,0x0045BF10,call
0x0045C770,0x0045CD60,call
0x0045C770,0x0045CE50,call
0x0045C770,0x00462F20,call
0x0045C810,0x0045BAF0,call
0x0045C810,0x0045BB70,call
0x0045C810,0x0045BD50,call
0x0045C810,0x0045C060,call
0x0045C810,0x0045C810,call
0x0045CA30,0x0045A340,call
0x0045CA30,0x0045BAF0,call
0x0045CA30,0x0045C940,call
0x0045CAB0,0x0045CDB0,call
0x0045CB80,0x0045C2D0,call
0x0045CB80,0x0045C9D0,call
0x0045CB80,0x0045CB50,call
0x0045CE00,0x0045CA30,call
0x0045CE00,0x00462F30,call
0x0045CE00,0x00462F80,call
0x0045CF10,0x0045BB70,call
0x0045CF20,0x0045CB80,call
0x0045CF20,0x0045D050,call
0x0045D050,0x0045CDB0,call
0x0045D0A0,0x0045CA30,call
0x0045D100,0x0045CE00,call
0x0045D180,0x0045CEB0,call
0x0045D1C0,0x0045CF10,call
0x0045D250,0x0045CEB0,call
0x0045D2B0,0x0045CA30,call
0x0045D2B0,0x0045CF10,call
0x0045D430,0x0045CE00,call
0x0045D540,0x0045CF10,call
0x0045D610,0x0045A780,call
0x0045D610,0x0045CAB0,call
0x0045D610,0x0045CF20,call
0x0045D610,0x0045D180,call
0x0045D610,0x0045D250,call
0x0045D6A0,0x0045A780,call
0x0045D6A0,0x0045E7E0,call
0x0045D760,0x0045D050,call
0x0045D7B0,0x0045CF20,call
0x0045D810,0x0045D040,call
0x0045D850,0x0045A780,call
0x0045D850,0x0045CAB0,call
0x0045D850,0x0045D180,call
0x0045D850,0x0045D250,call
0x0045D850,0x0045D7B0,call
0x0045D8B0,0x0045A780,call
0x0045D8B0,0x0045E7E0,call
0x0045D8B0,0x0045E8F0,call
0x0045D990,0x0045CFB0,call
0x0045D9F0,0x0045CF70,call
0x0045DA50,0x0045D220,call
0x0045DAF0,0x0045BAF0,call
0x0045DAF0,0x00473650,call
0x0045DB30,0x0045DB20,call
0x0045DD90,0x0045A780,call
0x0045DD90,0x0045CAB0,call
0x0045DD90,0x0045CF20,call
0x0045DD90,0x0045D180,call
0x0045DD90,0x0045D250,call
0x0045DE00,0x0045A780,call
0x0045DE00,0x0045CAB0,call
0x0045DE00,0x0045CF20,call
0x0045DE00,0x0045D180,call
0x0045DE00,0x0045D250,call
0x0045DE70,0x0045A780,call
0x0045DE70,0x0045CAB0,call
0x0045DE70,0x0045D180,call
0x0045DE70,0x0045D250,call
0x0045DE70,0x0045DF20,call
0x0045DED0,0x0045D050,call
0x0045DF20,0x0045CF20,call
0x0045DF70,0x0045D040,call
0x0045DFA0,0x0045A780,call
0x0045DFA0,0x0045E8F0,call
0x0045DFA0,0x0045EAA0,call
0x0045E060,0x0045CFB0,call
0x0045E0C0,0x0045CF70,call
0x0045E120,0x0045D220,call
0x0045E160,0x0045A780,call
0x0045E160,0x0045CAB0,call
0x0045E160,0x0045CF20,call
0x0045E160,0x0045D250,call
0x0045E210,0x0045A780,call
0x0045E210,0x0045CAB0,call
0x0045E210,0x0045CF20,call
0x0045E210,0x0045D180,call
0x0045E210,0x0045D250,call
0x0045E2B0,0x0045A780,call
0x0045E2B0,0x0045CAB0,call
0x0045E2B0,0x0045CF20,call
0x0045E2B0,0x0045D180,call
0x0045E2B0,0x0045D250,call
0x0045E380,0x0045A780,call
0x0045E380,0x0045CAB0,call
0x0045E380,0x0045CF20,call
0x0045E380,0x0045D180,call
0x0045E380,0x0045D250,call
0x0045E540,0x0045A780,call
0x0045E540,0x0045CAB0,call
0x0045E540,0x0045CF20,call
0x0045E540,0x0045D180,call
0x0045E540,0x0045D250,call
0x0045E660,0x0045A790,call
0x0045E660,0x0045D040,call
0x0045E700,0x0045A790,call
0x0045E700,0x0045D040,call
0x0045E730,0x0045CF70,call
0x0045E750,0x0045CFB0,call
0x0045E780,0x0045D220,call
0x0045E7A0,0x0045A790,call
0x0045E7A0,0x0045D040,call
0x0045E7E0,0x0045D050,call
0x0045E820,0x0045A790,call
0x0045E820,0x0045D040,call
0x0045E850,0x0045A790,call
0x0045E850,0x0045D040,call
0x0045E850,0x0045E8C0,call
0x0045E8D0,0x0045A790,call
0x0045E8D0,0x0045D810,call
0x0045E8F0,0x0045D050,call
0x0045E930,0x0045A790,call
0x0045E930,0x0045D040,call
0x0045E930,0x0045E9A0,call
0x0045E9D0,0x0045A790,call
0x0045E9D0,0x0045D040,call
0x0045EA10,0x0045A790,call
0x0045EA10,0x0045D040,call
0x0045EA50,0x0045A790,call
0x0045EA50,0x0045D040,call
0x0045EA80,0x0045A790,call
0x0045EA80,0x0045DF70,call
0x0045EAA0,0x0045D050,call
0x0045EAC0,0x0045A790,call
0x0045EAC0,0x0045D040,call
0x0045EAC0,0x0045EB30,call
0x0045EB50,0x0045A790,call
0x0045EB50,0x0045D040,call
0x0045EB80,0x0045A790,call
0x0045EB80,0x0045D040,call
0x0045EBB0,0x0045A790,call
0x0045EBB0,0x0045D040,call
0x0045EBE0,0x0045A790,call
0x0045EBE0,0x0045D040,call
0x0045EC10,0x0045A790,call
0x0045EC10,0x0045D040,call
0x0045EC40,0x0045A790,call
0x0045EC40,0x0045D040,call
0x0045EC70,0x0045A790,call
0x0045EC70,0x0045D040,call
0x0045EDA0,0x00462EE0,call
0x0045EDA0,0x00462F20,call
0x0045EEA0,0x0045A790,call
0x0045EFF0,0x0045F010,call
0x0045F070,0x0045F090,call
0x0045F0D0,0x0045F0F0,call
0x0045F1E0,0x0045A780,call
0x0045F2B0,0x0045F1E0,call
0x0045F360,0x0045EF70,call
0x0045F3D0,0x0045EE80,call
0x0045F430,0x0045EFF0,call
0x0045F430,0x0045F120,call
0x0045F430,0x0045F140,call
0x0045F460,0x0045EF10,call
0x0045F460,0x0045EF70,call
0x0045F460,0x0045EFC0,call
0x0045F490,0x0045F3D0,call
0x0045F4B0,0x0045EFF0,call
0x0045F4B0,0x0045F430,call
0x0045F4D0,0x0045EF10,call
0x0045F4D0,0x0045F460,call
0x0045F4F0,0x0045EE80,call
0x0045F540,0x0045EFF0,call
0x0045F540,0x0045F070,call
0x0045F560,0x0045EF10,call
0x0045F560,0x0045EF40,call
0x0045F580,0x0045EE80,call
0x0045F5D0,0x0045EFF0,call
0x0045F5D0,0x0045F070,call
0x0045F5F0,0x0045EF10,call
0x0045F5F0,0x0045EF40,call
0x0045F610,0x0045EE80,call
0x0045F660,0x0045F120,call
0x0045F670,0x0045EF70,call
0x0045F680,0x0045A780,call
0x0045F6C0,0x0045A790,call
0x0045F750,0x0045EE80,call
0x0045F790,0x0045EF10,call
0x0045F790,0x0045EF40,call
0x0045F790,0x0045EF60,call
0x0045F7F0,0x0045F040,call
0x0045F7F0,0x0045F0B0,call
0x0045F7F0,0x0045F110,call
0x0045F820,0x0045F680,call
0x0045F820,0x0045F750,call
0x0045F8A0,0x0045EEA0,call
0x0045F8A0,0x0045F8D0,call
0x0045F8A0,0x0045F900,call
0x0045F8D0,0x0045A790,call
0x0045F8D0,0x00461250,call
0x0045F900,0x0045A790,call
0x0045F900,0x00461250,call
0x0045F930,0x0045A780,call
0x0045F930,0x0045F8D0,call
0x0045F930,0x00461560,call
0x0045F930,0x00461610,call
0x0045F9B0,0x0045A780,call
0x0045F9B0,0x0045F900,call
0x0045F9B0,0x00461780,call
0x0045F9B0,0x00461840,call
0x0045FA40,0x0045F280,call
0x0045FA40,0x00461580,call
0x0045FA40,0x00461700,call
0x0045FA40,0x004617A0,call
0x0045FA40,0x00461810,call
0x0045FA40,0x00461930,call
0x0045FBB0,0x0045F720,call
0x0045FC30,0x004615F0,call
0x0045FC50,0x0045F280,call
0x0045FC50,0x004615F0,call
0x0045FCC0,0x00461310,call
0x0045FCD0,0x00461310,call
0x0045FCE0,0x0045A780,call
0x0045FCE0,0x0045F680,call
0x0045FCE0,0x0045F750,call
0x0045FD80,0x0045A790,call
0x0045FD80,0x0045EEA0,call
0x0045FD80,0x0045FDF0,call
0x0045FD80,0x0045FE10,call
0x0045FDF0,0x0045A790,call
0x0045FDF0,0x00461250,call
0x0045FE10,0x0045A790,call
0x0045FE10,0x00461250,call
0x0045FE50,0x0045FDF0,call
0x0045FE60,0x0045A780,call
0x0045FE60,0x0045FE10,call
0x0045FE60,0x00461970,call
0x0045FEA0,0x0045F250,call
0x0045FEA0,0x00461990,call
0x0045FF20,0x0045F280,call
0x0045FF70,0x0045F250,call
0x004600D0,0x0045F250,call
0x004600D0,0x0045FEA0,call
0x004600D0,0x0045FF70,call
0x004601B0,0x0045F1E0,call
0x004601B0,0x0045F240,call
0x004601B0,0x004600D0,call
0x004601E0,0x0045F280,call
0x00460280,0x0045FF20,call
0x00460280,0x0045FF70,call
0x00460280,0x004600D0,call
0x00460350,0x0045A780,call
0x00460350,0x0045F680,call
0x00460350,0x0045F820,call
0x00460350,0x0045FCE0,call
0x004604E0,0x0045A790,call
0x004605B0,0x004621C0,call
0x00460610,0x0045A790,call
0x00460650,0x00458D80,call
0x00460650,0x0045A780,call
0x00460650,0x0045F930,call
0x00460650,0x0045F9B0,call
0x00460650,0x0045FE50,call
0x00460650,0x0045FE60,call
0x004607F0,0x0045A790,call
0x004607F0,0x0045F720,call
0x00460830,0x004624A0,call
0x004608F0,0x0045F250,call
0x00460910,0x0045A790,call
0x00460910,0x0045FBB0,call
0x00460910,0x00460280,call
0x00460910,0x00460A50,call
0x00460A50,0x004600D0,call
0x00460A50,0x004608F0,call
0x00460A90,0x0045F680,call
0x00460A90,0x0045F820,call
0x00460A90,0x0045FCE0,call
0x00460C60,0x0045A780,call
0x00460CE0,0x00460FB0,call
0x00460D20,0x0045A790,call
0x00460D20,0x0045F720,call
0x00460D70,0x00460A40,call
0x00460E40,0x0045F1E0,call
0x00460E40,0x0045F240,call
0x00460E40,0x004600D0,call
0x00460F00,0x00460260,call
0x00460F60,0x004601E0,call
0x00460FB0,0x0045F720,call
0x00461030,0x0045FBB0,call
0x00461030,0x00460280,call
0x00461030,0x00460FB0,call
0x00461090,0x0045A780,call
0x004610F0,0x0045A790,call
0x00461190,0x0045A780,call
0x004611C0,0x0045A790,call
0x00461210,0x0045A780,call
0x00461250,0x0045A790,call
0x00461290,0x0045A780,call
0x00461290,0x00461090,call
0x00461290,0x00461210,call
0x004612F0,0x00461140,call
0x00461340,0x0045A780,call
0x00461340,0x00461190,call
0x00461340,0x00461210,call
0x004613A0,0x004611E0,call
0x004613D0,0x0045A780,call
0x00461440,0x0045A790,call
0x00461560,0x00461290,call
0x00461580,0x004612F0,call
0x00461610,0x0045A780,call
0x00461610,0x004613D0,call
0x004616B0,0x0045A790,call
0x004616B0,0x00461440,call
0x00461700,0x00461470,call
0x00461780,0x00461290,call
0x004617A0,0x004612F0,call
0x00461840,0x0045A780,call
0x00461840,0x004613D0,call
0x004618E0,0x0045A790,call
0x004618E0,0x00461440,call
0x00461930,0x00461470,call
0x00461970,0x00461340,call
0x00461990,0x004613A0,call
0x004619F0,0x0045A780,call
0x004619F0,0x00462EA0,call
0x004619F0,0x00463020,call
0x004619F0,0x004632A0,call
0x00461BD0,0x0045A780,call
0x00461BD0,0x0045EE80,call
0x00461BD0,0x0045F1E0,call
0x00461BD0,0x0045F3D0,call
0x00461BD0,0x0045F490,call
0x00461BD0,0x0045F4F0,call
0x00461BD0,0x0045F580,call
0x00461BD0,0x0045F610,call
0x00461DB0,0x004625B0,call
0x00461DB0,0x004633B0,call
0x00461E10,0x0045A790,call
0x00461E10,0x004607F0,call
0x00461E10,0x00460D20,call
0x00461FC0,0x00460D20,call
0x00462040,0x0045F930,call
0x00462040,0x0045F9B0,call
0x00462040,0x0045FE50,call
0x00462040,0x0045FE60,call
0x00462040,0x00461FC0,call
0x00462130,0x00460CE0,call
0x00462130,0x00460D10,call
0x004621C0,0x00460FB0,call
0x004621C0,0x00462180,call
0x004621E0,0x00460A50,call
0x004621E0,0x00460C60,call
0x004621E0,0x00460CE0,call
0x004621E0,0x00460FB0,call
0x004621E0,0x00462040,call
0x004621E0,0x00462180,call
0x00462280,0x00460A50,call
0x00462280,0x00462130,call
0x00462340,0x00460A40,call
0x00462340,0x00460A50,call
0x00462340,0x00460CE0,call
0x00462340,0x00460FB0,call
0x00462340,0x00462040,call
0x00462340,0x00462180,call
0x00462460,0x00460A50,call
0x00462480,0x00462130,call
0x004624A0,0x0045F280,call
0x004624A0,0x004621E0,call
0x004624A0,0x00462280,call
0x004624A0,0x00462340,call
0x004624A0,0x00462460,call
0x004624A0,0x00462480,call
0x00462590,0x004632A0,call
0x004625B0,0x004633B0,call
0x004625E0,0x00461BD0,call
0x004625E0,0x00461E10,call
0x004625E0,0x004632A0,call
0x004625E0,0x004633B0,call
0x00462720,0x00460E40,call
0x004627B0,0x0045F240,call
0x004627B0,0x00460E40,call
0x004627B0,0x00462720,call
0x00462810,0x0045A790,call
0x00462810,0x0045EEA0,call
0x00462830,0x0045A790,call
0x00462830,0x0045EEA0,call
0x00462850,0x0045A790,call
0x00462850,0x0045EEA0,call
0x00462870,0x0045A790,call
0x00462870,0x0045EEA0,call
0x00462890,0x0045A790,call
0x00462890,0x0045EEA0,call
0x004628B0,0x0045A790,call
0x004628B0,0x0045EEA0,call
0x004628E0,0x0045A790,call
0x004628E0,0x0045F6C0,call
0x00462900,0x0045A790,call
0x00462900,0x0045EEA0,call
0x00462940,0x0045A790,call
0x00462940,0x0045F6C0,call
0x00462940,0x0045F8A0,call
0x00462990,0x0045A790,call
0x00462990,0x0045F6C0,call
0x00462990,0x0045FD80,call
0x004629E0,0x0045A790,call
0x00462A00,0x0045A790,call
0x00462A00,0x004610F0,call
0x00462A20,0x0045A790,call
0x00462A20,0x004611C0,call
0x00462A40,0x0045A790,call
0x00462A40,0x00461440,call
0x00462A60,0x0045A790,call
0x00462A60,0x004616B0,call
0x00462A80,0x0045A790,call
0x00462A80,0x004618E0,call
0x00462AD0,0x0045A790,call
0x00462AD0,0x00461DB0,call
0x00462B40,0x0045EF40,call
0x00462B60,0x0045F090,call
0x00462B80,0x0045A790,call
0x00462B80,0x0045EEA0,call
0x00462BA0,0x00462940,call
0x00462BB0,0x00462BC0,call
0x00462BC0,0x0045A790,call
0x00462BC0,0x0045F6C0,call
0x00462BC0,0x0045F8A0,call
0x00462BC0,0x0045FD80,call
0x00462BC0,0x004604E0,call
0x00462C00,0x004605B0,call
0x00462C10,0x00462BC0,call
0x00462C20,0x00462C30,call
0x00462C30,0x004601B0,call
0x00462C40,0x00462C50,call
0x00462C50,0x004601E0,call
0x00462C60,0x00462BC0,call
0x00462C70,0x00462C30,call
0x00462C80,0x00462C50,call
0x00462C90,0x00460830,call
0x00462CA0,0x00462CB0,call
0x00462CB0,0x0045A790,call
0x00462CB0,0x0045F6C0,call
0x00462CB0,0x0045F8A0,call
0x00462CB0,0x0045FD80,call
0x00462CF0,0x00462D00,call
0x00462D00,0x00460260,call
0x00462D20,0x00462CB0,call
0x00462D30,0x00462C30,call
0x00462D40,0x00462C50,call
0x00462D50,0x00462CB0,call
0x00462D60,0x00462C30,call
0x00462D70,0x00462C50,call
0x00462D80,0x00462990,call
0x00462D90,0x00460260,call
0x00462DA0,0x00462DB0,call
0x00462DB0,0x0045A790,call
0x00462DB0,0x0045F6C0,call
0x00462DB0,0x0045F8A0,call
0x00462DB0,0x0045FD80,call
0x00462DB0,0x00460C00,call
0x00462DF0,0x00460F00,call
0x00462E00,0x00462DB0,call
0x00462E10,0x00460F60,call
0x00462E20,0x00462DB0,call
0x00462E30,0x00460D70,call
0x00462E40,0x00460F60,call
0x00462E50,0x00460FF0,call
0x00462FC0,0x00462F80,call
0x00462FC0,0x00462FB0,call
0x00463020,0x0045A780,call
0x004630A0,0x0045A780,call
0x00463120,0x0045A790,call
0x00463120,0x00463810,call
0x004631A0,0x00463810,call
0x00463230,0x004638A0,call
0x004632A0,0x0045A780,call
0x004633B0,0x0045A790,call
0x00463570,0x004635B0,call
0x00463570,0x004636E0,call
0x00463810,0x00463570,call
0x00463810,0x004638A0,call
0x00463940,0x0045A790,call
0x00463940,0x00463120,call
0x00463960,0x00463AC0,call
0x00463960,0x00463B20,call
0x00463AC0,0x00463B20,call
0x00463B50,0x0040135C,call
0x00463B50,0x00401AC8,call
0x00463B50,0x0040272F,call
0x00463B50,0x004651D0,call
0x00463BD0,0x004018B1,call
0x00463BD0,0x00401B8B,call
0x00463BD0,0x00401DDE,call
0x00463BD0,0x00465570,call
0x00463C20,0x00464FA0,call
0x00463C30,0x0045A780,call
0x00463C30,0x00465F80,call
0x00463C30,0x00467060,call
0x00463DF0,0x0045A790,call
0x00463DF0,0x00465FE0,call
0x00463DF0,0x004670D0,call
0x00463E70,0x00466060,call
0x00463F30,0x00466160,call
0x00463F70,0x0046D920,call
0x00464190,0x00467110,call
0x00464190,0x0046B5C0,call
0x00464220,0x0046D7E0,call
0x00464440,0x00465200,call
0x00464490,0x0045D180,call
0x00464490,0x0045DD90,call
0x00464520,0x00458180,call
0x00464520,0x004581D0,call
0x00464520,0x004585B0,call
0x00464520,0x00463000,call
0x00464520,0x00465750,call
0x00464F10,0x00465A50,call
0x00464FA0,0x00465A50,call
0x00465050,0x00458180,call
0x00465050,0x00463000,call
0x00465110,0x00473790,call
0x004651D0,0x00465110,call
0x004651D0,0x00465CC0,call
0x00465200,0x004654F0,call
0x00465200,0x00473790,call
0x00465570,0x00465D50,call
0x00465790,0x00466280,call
0x00465820,0x00458180,call
0x00465820,0x004654F0,call
0x00465AA0,0x0040381E,call
0x00465AA0,0x0045A780,call
0x00465AA0,0x00466B60,call
0x00465B60,0x00401FB4,call
0x00465B60,0x00467110,call
0x00465C70,0x00465DB0,call
0x00465C80,0x00465790,call
0x00465CC0,0x0045A780,call
0x00465D50,0x0045A790,call
0x00465E60,0x0045A780,call
0x00465E60,0x0046A580,call
0x00465F80,0x0045A780,call
0x00465FE0,0x0045A790,call
0x00466060,0x00465A50,call
0x00466060,0x00466370,call
0x00466160,0x00465A50,call
0x00466160,0x00466370,call
0x00466280,0x004662B0,call
0x00466440,0x004663D0,call
0x00466440,0x00472290,call
0x004664B0,0x004722D0,call
0x00466510,0x0045A790,call
0x00466510,0x004722E0,call
0x00466540,0x0045A780,call
0x00466540,0x00466510,call
0x00466540,0x004725F0,call
0x00466540,0x00472670,call
0x00466630,0x00466510,call
0x00466630,0x00466540,call
0x00466670,0x004663D0,call
0x00466670,0x00472290,call
0x004666E0,0x004722D0,call
0x00466710,0x0045A790,call
0x00466710,0x004722E0,call
0x00466740,0x0045A780,call
0x00466740,0x00466710,call
0x00466740,0x004725F0,call
0x00466740,0x00472670,call
0x00466840,0x00466710,call
0x00466840,0x00466740,call
0x004669A0,0x0045A780,call
0x004669A0,0x00466AC0,call
0x004669A0,0x00466B60,call
0x004669A0,0x00467040,call
0x00466A90,0x0045A790,call
0x00466A90,0x00466B60,call
0x00466AC0,0x0045A780,call
0x00466AF0,0x00466A90,call
0x00466AF0,0x00466AC0,call
0x00466B90,0x0045A790,call
0x00466B90,0x00466A90,call
0x00466CE0,0x00466BE0,call
0x00466EF0,0x00466D40,call
0x00466FD0,0x00466EF0,call
0x00467000,0x00466EF0,call
0x00467020,0x00466EF0,call
0x00467060,0x0045A780,call
0x004670D0,0x0045A790,call
0x00467110,0x0045A800,call
0x00467110,0x0046D9F0,call
0x00467110,0x0046DAA0,call
0x00467260,0x00403265,call
0x00467260,0x0045A780,call
0x00467260,0x004678C0,call
0x00467260,0x00467AC0,call
0x004673D0,0x0045A790,call
0x004673D0,0x0045D180,call
0x00467490,0x0045D610,call
0x00467490,0x0045E2B0,call
0x00467500,0x0045D180,call
0x004675D0,0x00467540,call
0x004675D0,0x00467570,call
0x00467730,0x004678C0,call
0x004678C0,0x00467110,call
0x00467A00,0x004679E0,call
0x00467AE0,0x004670F0,call
0x00467B40,0x0045A790,call
0x00467B40,0x00467BA0,call
0x00467BB0,0x00401307,call
0x00467BB0,0x0045A790,call
0x00467C10,0x00403139,call
0x00467C10,0x00463B50,call
0x00467C10,0x00467D50,call
0x00467C10,0x0046A290,call
0x00467CD0,0x00403139,call
0x00467CD0,0x00463B50,call
0x00467CD0,0x00467D50,call
0x00467CD0,0x0046A300,call
0x00467D50,0x0045A780,call
0x00467DD0,0x004028FB,call
0x00467E00,0x00402E19,call
0x00467E00,0x00463BD0,call
0x00467EF0,0x00467E50,call
0x00467FA0,0x00468260,call
0x00467FD0,0x004682B0,call
0x00468050,0x00468000,call
0x00468050,0x004681F0,call
0x004680C0,0x00468000,call
0x004680C0,0x00468180,call
0x00468180,0x00468000,call
0x004681F0,0x00468000,call
0x00468300,0x00467E50,call
0x00468360,0x00466B60,call
0x00468360,0x004670F0,call
0x00468530,0x00464470,call
0x00468530,0x00467CD0,call
0x00468530,0x004686E0,call
0x00468530,0x004698B0,call
0x00468530,0x0046A9A0,call
0x004686E0,0x00403265,call
0x004686E0,0x0045A780,call
0x004686E0,0x0045D610,call
0x004686E0,0x0046A530,call
0x004688E0,0x0045D180,call
0x004688E0,0x0045D610,call
0x00468920,0x004028FB,call
0x00468920,0x00467DD0,call
0x00468920,0x004698F0,call
0x00468980,0x0045D180,call
0x00468B20,0x00467CD0,call
0x00468B20,0x00468B80,call
0x00468B80,0x00401C7B,call
0x00468B80,0x0040272F,call
0x00468B80,0x0045A780,call
0x00468C10,0x00467DD0,call
0x00468DD0,0x00466B60,call
0x00468DD0,0x004670F0,call
0x00468E50,0x0045A780,call
0x00468E50,0x00468410,call
0x00468E50,0x00468A40,call
0x00468EC0,0x00468C10,call
0x00468F00,0x0045A780,call
0x00468F00,0x00468530,call
0x00468F00,0x00468B20,call
0x00468F80,0x00468DD0,call
0x00468F90,0x00468B20,call
0x00468F90,0x004693B0,call
0x00468F90,0x0046A530,call
0x00469070,0x00468B20,call
0x00469070,0x004693B0,call
0x00469210,0x0045DB30,call
0x00469210,0x00469120,call
0x00469210,0x00469180,call
0x00469210,0x0046A530,call
0x00469210,0x0046A9A0,call
0x004693B0,0x0045A780,call
0x004693B0,0x0045D850,call
0x004693B0,0x00469A00,call
0x00469440,0x0045D180,call
0x00469440,0x00468C10,call
0x00469530,0x00466B60,call
0x00469530,0x004670F0,call
0x00469530,0x00468C50,call
0x004695D0,0x00468F90,call
0x004695D0,0x00469670,call
0x00469620,0x00469070,call
0x00469620,0x00469670,call
0x00469690,0x00469210,call
0x00469810,0x00469070,call
0x00469810,0x00469860,call
0x00469880,0x0045A790,call
0x00469880,0x00467DD0,call
0x004698C0,0x0045A790,call
0x004698C0,0x00468920,call
0x00469900,0x0045A790,call
0x00469900,0x00468C10,call
0x00469930,0x00401DDE,call
0x00469930,0x0045A790,call
0x004699A0,0x0045A790,call
0x004699A0,0x00468EC0,call
0x004699D0,0x0045A790,call
0x004699D0,0x00469440,call
0x00469AC0,0x0046E500,call
0x00469B00,0x0046E500,call
0x00469B40,0x004670F0,call
0x00469B80,0x0045A790,call
0x00469B80,0x00469BF0,call
0x00469C00,0x0045A790,call
0x00469C00,0x00469440,call
0x00469C30,0x0045A790,call
0x00469C30,0x00469440,call
0x00469C60,0x0045A780,call
0x00469E20,0x0045A790,call
0x00469E20,0x0045D180,call
0x00469EB0,0x0045D850,call
0x00469F10,0x0045D180,call
0x00469FD0,0x0046E480,call
0x00469FD0,0x0046E500,call
0x0046A140,0x0046E500,call
0x0046A1B0,0x0046E500,call
0x0046A220,0x0045A790,call
0x0046A290,0x0046A330,call
0x0046A290,0x0046A530,call
0x0046A300,0x0046A330,call
0x0046A330,0x0046A350,call
0x0046A530,0x0046A350,call
0x0046A530,0x0046A6D0,call
0x0046A560,0x0046A6D0,call
0x0046A580,0x0045A780,call
0x0046A580,0x00462EA0,call
0x0046A580,0x004632A0,call
0x0046A580,0x0046A290,call
0x0046A650,0x0045A790,call
0x0046A650,0x004633B0,call
0x0046A650,0x0046A6E0,call
0x0046A6D0,0x0046A770,call
0x0046A6E0,0x0045A790,call
0x0046A710,0x0046A770,call
0x0046A770,0x0046A380,call
0x0046A9A0,0x0045A780,call
0x0046A9A0,0x0046A560,call
0x0046AA00,0x0046A6E0,call
0x0046AA50,0x0045A790,call
0x0046AA50,0x0046A650,call
0x0046AA70,0x0046AA50,call
0x0046AA80,0x0045DD90,call
0x0046AA80,0x0046AAF0,call
0x0046AA80,0x0046AB70,call
0x0046AAD0,0x0045A790,call
0x0046AAD0,0x0045D180,call
0x0046AAF0,0x0045A780,call
0x0046AB70,0x0045A780,call
0x0046AB70,0x0045A790,call
0x0046ACD0,0x0045A780,call
0x0046AD10,0x0045A790,call
0x0046AD10,0x0046AAD0,call
0x0046AD70,0x0045A780,call
0x0046AD70,0x00473610,call
0x0046ADD0,0x0045A790,call
0x0046ADD0,0x0046AAD0,call
0x0046AEC0,0x00462EA0,call
0x0046AEC0,0x0046AFD0,call
0x0046AF30,0x0045D180,call
0x0046AF30,0x004633B0,call
0x0046AFD0,0x0045A780,call
0x0046AFD0,0x004632A0,call
0x0046AFD0,0x00467AC0,call
0x0046B0E0,0x00463000,call
0x0046B0E0,0x0046B2C0,call
0x0046B310,0x0045D180,call
0x0046B310,0x0045E2B0,call
0x0046B3B0,0x0045D180,call
0x0046B3B0,0x0045D610,call
0x0046B810,0x004035AD,call
0x0046B810,0x00463000,call
0x0046B810,0x0046BA50,call
0x0046BA30,0x0045A790,call
0x0046BA30,0x0046AF30,call
0x0046BA80,0x00457E10,call
0x0046BA80,0x0045A780,call
0x0046BA80,0x0046AEC0,call
0x0046BA80,0x0046BC00,call
0x0046BA80,0x0046C5D0,call
0x0046BA80,0x00474B50,call
0x0046BB70,0x0045A790,call
0x0046BB70,0x00466430,call
0x0046BB70,0x0046BC90,call
0x0046BB70,0x0046C710,call
0x0046BC00,0x0045A780,call
0x0046BC90,0x004585B0,call
0x0046BC90,0x0045A790,call
0x0046BD10,0x00458440,call
0x0046BD10,0x004584A0,call
0x0046BD10,0x004585B0,call
0x0046BD10,0x00458630,call
0x0046BD10,0x0045A780,call
0x0046BD10,0x0045AD70,call
0x0046BD10,0x0045ADC0,call
0x0046BD10,0x0046BCE0,call
0x0046BD10,0x0046C050,call
0x0046BED0,0x0045A790,call
0x0046BED0,0x00466430,call
0x0046BED0,0x0046BF70,call
0x0046BED0,0x0046C710,call
0x0046BFD0,0x0046BF70,call
0x0046BFD0,0x0046CDA0,call
0x0046C050,0x0045A780,call
0x0046C050,0x004663D0,call
0x0046C050,0x00466440,call
0x0046C050,0x00466670,call
0x0046C050,0x004669A0,call
0x0046C050,0x0046C380,call
0x0046C050,0x0046D090,call
0x0046C050,0x0046DAF0,call
0x0046C050,0x0046DB10,call
0x0046C050,0x00472290,call
0x0046C5D0,0x0045A780,call
0x0046C5D0,0x004663D0,call
0x0046C5D0,0x00466440,call
0x0046C5D0,0x00466670,call
0x0046C5D0,0x00472290,call
0x0046C710,0x0045A790,call
0x0046C710,0x004664B0,call
0x0046C710,0x00466510,call
0x0046C710,0x004666E0,call
0x0046C710,0x00466710,call
0x0046C710,0x00466B90,call
0x0046C710,0x004722D0,call
0x0046C990,0x004723A0,call
0x0046C990,0x00472760,call
0x0046CB20,0x00466BE0,call
0x0046CDA0,0x00456970,call
0x0046CDA0,0x00466CE0,call
0x0046CDA0,0x00466EF0,call
0x0046CDA0,0x00467000,call
0x0046CDA0,0x00467020,call
0x0046D040,0x0046C380,call
0x0046D040,0x0046D930,call
0x0046D090,0x0045B8E0,call
0x0046D090,0x00466D10,call
0x0046D090,0x00472340,call
0x0046D090,0x004725F0,call
0x0046D090,0x00472670,call
0x0046D420,0x00466660,call
0x0046D420,0x00466870,call
0x0046D420,0x00466AF0,call
0x0046D420,0x0046D090,call
0x0046D420,0x0046DB10,call
0x0046D5B0,0x0046D560,call
0x0046D5B0,0x00472340,call
0x0046D800,0x00466B60,call
0x0046D9F0,0x0046D9F0,call
0x0046D9F0,0x00472340,call
0x0046DAD0,0x0045A790,call
0x0046DAD0,0x00474BB0,call
0x0046DB40,0x00474C20,call
0x0046DB50,0x0046CBE0,call
0x0046DB60,0x00475490,call
0x0046DB70,0x00475290,call
0x0046DB80,0x004750C0,call
0x0046DB90,0x00474FD0,call
0x0046DBA0,0x00475080,call
0x0046DBB0,0x0046DBC0,call
0x0046DBF0,0x004787F0,call
0x0046DC00,0x004783C0,call
0x0046DC10,0x0046D420,call
0x0046DC20,0x0046D5B0,call
0x0046DC30,0x0046D040,call
0x0046DC40,0x0046DC50,call
0x0046DC70,0x0046DC80,call
0x0046DC90,0x004664E0,call
0x0046DCA0,0x00466990,call
0x0046DCB0,0x004668D0,call
0x0046DCC0,0x0046DB30,call
0x0046DD60,0x00459970,call
0x0046DDC0,0x00463B50,call
0x0046DDC0,0x0046DD60,call
0x0046DDC0,0x0046E410,call
0x0046DE70,0x00463BD0,call
0x0046DE70,0x004655A0,call
0x0046DE70,0x0046E500,call
0x0046DED0,0x00463C30,call
0x0046DF40,0x00463DF0,call
0x0046DF40,0x0046E390,call
0x0046E080,0x0046DF80,call
0x0046E080,0x0046DFE0,call
0x0046E080,0x0046E050,call
0x0046E080,0x0046E060,call
0x0046E080,0x0046E070,call
0x0046E130,0x0045D180,call
0x0046E130,0x0045DE70,call
0x0046E130,0x0045EDA0,call
0x0046E130,0x0046E410,call
0x0046E130,0x0046E500,call
0x0046E130,0x0046E510,call
0x0046E130,0x0046E570,call
0x0046E130,0x0046E5D0,call
0x0046E130,0x0046E6E0,call
0x0046E130,0x0046EF00,call
0x0046E410,0x0045A780,call
0x0046E430,0x0045A780,call
0x0046E480,0x0045A780,call
0x0046E500,0x0045A790,call
0x0046E510,0x0045A780,call
0x0046E510,0x0045A790,call
0x0046E570,0x0045A780,call
0x0046E570,0x0045A790,call
0x0046E5D0,0x0045A780,call
0x0046E5D0,0x0045A790,call
0x0046E5D0,0x0046E410,call
0x0046E5D0,0x0046E480,call
0x0046E5D0,0x0046E500,call
0x0046E6E0,0x0045A780,call
0x0046E6E0,0x0045A790,call
0x0046E6E0,0x0046E410,call
0x0046E6E0,0x0046E480,call
0x0046E6E0,0x0046E500,call
0x0046E7F0,0x004585B0,call
0x0046EFA0,0x0046E480,call
0x0046F060,0x0045A390,call
0x0046F060,0x0045A3F0,call
0x0046F060,0x0045A780,call
0x0046F060,0x00473180,call
0x0046F120,0x004585B0,call
0x0046F120,0x004586E0,call
0x0046F120,0x00458780,call
0x0046F120,0x0045A790,call
0x0046F120,0x00473280,call
0x0046F210,0x0045A780,call
0x0046F210,0x00461BD0,call
0x0046F210,0x00463810,call
0x0046F210,0x0046F6B0,call
0x0046F3B0,0x004585B0,call
0x0046F480,0x004585B0,call
0x0046F4F0,0x004585B0,call
0x0046F4F0,0x00458D80,call
0x0046F4F0,0x0045A780,call
0x0046F6B0,0x004619F0,call
0x0046F6B0,0x0047C050,call
0x0046F6F0,0x004585B0,call
0x0046F740,0x004585B0,call
0x0046F740,0x004586E0,call
0x0046F7A0,0x0046F4F0,call
0x0046F7C0,0x0047AC50,call
0x0046F7D0,0x0047ACE0,call
0x0046F7E0,0x00463810,call
0x0046F7E0,0x0046F740,call
0x0046F860,0x0045A780,call
0x0046F930,0x0045A780,call
0x0046F930,0x0047AF30,call
0x0046F950,0x0045A780,call
0x0046F950,0x0047A570,call
0x0046F970,0x0045A790,call
0x0046F970,0x00461DB0,call
0x0046F970,0x0047C140,call
0x0046FA10,0x0045A780,call
0x0046FA10,0x00461BD0,call
0x0046FA10,0x00463810,call
0x0046FA10,0x004713C0,call
0x0046FBB0,0x004585B0,call
0x0046FC80,0x004585B0,call
0x0046FCF0,0x0045F680,call
0x0046FCF0,0x0047C050,call
0x0046FD70,0x0045A790,call
0x0046FD70,0x0047C140,call
0x0046FDB0,0x0045A790,call
0x0046FDB0,0x0045F6E0,call
0x0046FE10,0x004585B0,call
0x0046FE10,0x00458630,call
0x0046FE10,0x0045FA40,call
0x0046FEE0,0x004585B0,call
0x0046FEE0,0x00458630,call
0x0046FEE0,0x0045FA40,call
0x0046FF90,0x004585B0,call
0x0046FF90,0x00458630,call
0x0046FF90,0x0045F6E0,call
0x0046FF90,0x0046FEE0,call
0x00470030,0x0045F680,call
0x00470030,0x0045FCE0,call
0x00470030,0x0046FCF0,call
0x004700F0,0x0045FDE0,call
0x004701A0,0x0045F6E0,call
0x00470220,0x0046FF90,call
0x00470220,0x004701A0,call
0x00470270,0x0045F680,call
0x00470270,0x0045F820,call
0x00470270,0x0045FCE0,call
0x00470270,0x00460350,call
0x00470270,0x0046FCF0,call
0x00470270,0x00470030,call
0x004704E0,0x0045A790,call
0x004704E0,0x004604E0,call
0x00470580,0x0045A780,call
0x00470580,0x0045A790,call
0x00470580,0x00471550,call
0x00470580,0x004715B0,call
0x00470650,0x004585B0,call
0x00470650,0x0045A780,call
0x00470650,0x0045A790,call
0x00470650,0x004715B0,call
0x00470730,0x0045A780,call
0x00470730,0x00460650,call
0x00470840,0x004585B0,call
0x00470840,0x0045A780,call
0x00470840,0x0045A790,call
0x00470840,0x004609F0,call
0x004709C0,0x004585B0,call
0x004709C0,0x0045A790,call
0x004709C0,0x004609F0,call
0x00470B90,0x0045F6E0,call
0x00470B90,0x0046FDB0,call
0x00470B90,0x0046FE10,call
0x00470B90,0x00470220,call
0x00470B90,0x00470650,call
0x00470B90,0x00470840,call
0x00470B90,0x004709C0,call
0x00470DD0,0x0045A780,call
0x00470ED0,0x004585B0,call
0x00471000,0x004585B0,call
0x00471000,0x0045A790,call
0x004712E0,0x0046FDB0,call
0x004712E0,0x00470220,call
0x004712E0,0x00470ED0,call
0x004712E0,0x00471000,call
0x004713C0,0x004619F0,call
0x004713C0,0x0047C050,call
0x00471480,0x00463810,call
0x004715C0,0x0045A780,call
0x004715E0,0x0045A780,call
0x004715E0,0x0045F680,call
0x004715E0,0x0045F820,call
0x004715E0,0x0045FCE0,call
0x004715E0,0x00460A90,call
0x004715E0,0x0046FCF0,call
0x004715E0,0x00470030,call
0x004715E0,0x00471830,call
0x00471810,0x0045A780,call
0x00471810,0x00470270,call
0x00471830,0x0045F680,call
0x00471830,0x0045F820,call
0x00471830,0x0045FCE0,call
0x00471830,0x0046FCF0,call
0x00471830,0x00470030,call
0x00471A10,0x0045A790,call
0x00471A10,0x00461DB0,call
0x00471A10,0x0047C140,call
0x00471A50,0x00471A60,call
0x00471A80,0x00471A90,call
0x00471A90,0x0045A790,call
0x00471A90,0x0045F6C0,call
0x00471A90,0x0046FD70,call
0x00471AC0,0x00471AD0,call
0x00471AD0,0x0045F6E0,call
0x00471AF0,0x00471A60,call
0x00471B00,0x00471B10,call
0x00471B10,0x0045A790,call
0x00471B10,0x0045F6C0,call
0x00471B10,0x0045F8A0,call
0x00471B10,0x0045FD80,call
0x00471B10,0x00460C00,call
0x00471B10,0x0046FD70,call
0x00471B60,0x00471AD0,call
0x00471B70,0x00471B80,call
0x00471B80,0x00460F00,call
0x00471B90,0x00471B10,call
0x00471BA0,0x00471BB0,call
0x00471BB0,0x004601B0,call
0x00471BD0,0x00471BE0,call
0x00471BE0,0x00460F60,call
0x00471BF0,0x004700F0,call
0x00471C00,0x00470120,call
0x00471C10,0x00471C20,call
0x00471C60,0x00471B10,call
0x00471C70,0x00460D70,call
0x00471C80,0x00471BB0,call
0x00471C90,0x00471BE0,call
0x00471CA0,0x00460FF0,call
0x00471CB0,0x004712E0,call
0x00471CC0,0x00471CD0,call
0x00471CD0,0x0045A790,call
0x00471CD0,0x0045F6C0,call
0x00471CD0,0x0045F8A0,call
0x00471CD0,0x0045FD80,call
0x00471CD0,0x0046FD70,call
0x00471D20,0x00471D30,call
0x00471D30,0x00460260,call
0x00471D50,0x00471CD0,call
0x00471D60,0x00471D70,call
0x00471D70,0x004601E0,call
0x00471D90,0x00471CD0,call
0x00471DA0,0x00471D70,call
0x00471DB0,0x00470220,call
0x00471DC0,0x00471A60,call
0x00471DD0,0x00471DE0,call
0x00471DE0,0x0045A790,call
0x00471DE0,0x0045F6C0,call
0x00471DE0,0x0045F8A0,call
0x00471DE0,0x0046FD70,call
0x00471E20,0x00471AD0,call
0x00471E30,0x00471E40,call
0x00471E50,0x00471DE0,call
0x00471E60,0x00471A60,call
0x00471E70,0x00471E80,call
0x00471E80,0x0045A790,call
0x00471E80,0x0045F6C0,call
0x00471E80,0x0045FD80,call
0x00471E80,0x0046FD70,call
0x00471EC0,0x00471AD0,call
0x00471ED0,0x00471EE0,call
0x00471EE0,0x00460260,call
0x00471F00,0x00471E80,call
0x00471F10,0x004700F0,call
0x00471F20,0x00470120,call
0x00471F30,0x00471C20,call
0x00471F40,0x004701A0,call
0x00471F50,0x00471F60,call
0x00471F60,0x0045A790,call
0x00471F60,0x0045F6C0,call
0x00471F60,0x0045F8A0,call
0x00471F60,0x0045FD80,call
0x00471F60,0x0046FD70,call
0x00471F60,0x004704E0,call
0x00471FB0,0x00471FC0,call
0x00471FC0,0x004605B0,call
0x00471FD0,0x00471F60,call
0x00471FE0,0x00471BB0,call
0x00471FF0,0x00471D70,call
0x00472000,0x00471F60,call
0x00472010,0x00471BB0,call
0x00472020,0x00471D70,call
0x00472030,0x00460830,call
0x00472040,0x00470B90,call
0x00472090,0x0045A790,call
0x00472290,0x00472310,call
0x004722D0,0x004722E0,call
0x004722E0,0x0045A790,call
0x00472340,0x0045A780,call
0x00472340,0x0045A790,call
0x00472340,0x004723A0,call
0x00472670,0x00472340,call
0x004727B0,0x004034C7,call
0x004728B0,0x00462EE0,call
0x004728B0,0x00462F20,call
0x004728B0,0x00462F50,call
0x00472910,0x004728B0,call
0x00472910,0x00473D90,call
0x00472980,0x004728B0,call
0x00472980,0x00473D90,call
0x004729F0,0x004728B0,call
0x004729F0,0x00473D90,call
0x00472B10,0x0045A780,call
0x00472B10,0x00473A60,call
0x00472C70,0x00462F20,call
0x00472CE0,0x0045A780,call
0x00472DC0,0x0045A790,call
0x00472DC0,0x004730E0,call
0x00472E40,0x00472FD0,call
0x00472E40,0x00473050,call
0x00472F00,0x00473120,call
0x00473050,0x004585B0,call
0x00473050,0x00458630,call
0x00473050,0x0045A350,call
0x00473050,0x0045A780,call
0x00473050,0x00472CE0,call
0x004730E0,0x0045A350,call
0x004730E0,0x0045A790,call
0x004730E0,0x00472DC0,call
0x00473120,0x004730E0,call
0x00473180,0x0045A780,call
0x00473180,0x00472CE0,call
0x00473280,0x0045A790,call
0x00473280,0x00472DC0,call
0x004732D0,0x00472E40,call
0x00473340,0x00472F00,call
0x00473340,0x00473140,call
0x00473390,0x0045A780,call
0x00473390,0x0047C880,call
0x00473390,0x0047DD80,call
0x00473390,0x0047E940,call
0x004734F0,0x00458D80,call
0x004734F0,0x00459970,call
0x004734F0,0x0046E410,call
0x004734F0,0x0046E500,call
0x004734F0,0x0046E570,call
0x004734F0,0x0046E6E0,call
0x00473610,0x0046AA80,call
0x00473630,0x0046ACD0,call
0x00473650,0x0045A780,call
0x00473730,0x0045A790,call
0x00473750,0x0045BB70,call
0x00473750,0x00473730,call
0x00473770,0x0045BB70,call
0x00473790,0x00458440,call
0x00473790,0x004584A0,call
0x00473790,0x004585B0,call
0x00473790,0x004585D0,call
0x00473790,0x004585F0,call
0x00473790,0x004589C0,call
0x00473790,0x0045AD70,call
0x00473790,0x0045ADC0,call
0x00473A10,0x004738E0,call
0x00473A60,0x0045A780,call
0x00473A60,0x00473790,call
0x00473A60,0x00474000,call
0x00473A60,0x00474050,call
0x00473A60,0x004749B0,call
0x00473CF0,0x004564C0,call
0x00473CF0,0x0045A790,call
0x00473D90,0x00473790,call
0x00473E20,0x00473A10,call
0x00473E20,0x00473F60,call
0x00473E20,0x00473F80,call
0x00473E20,0x00474430,call
0x00473F00,0x00473EB0,call
0x00474090,0x00474000,call
0x00474090,0x00474050,call
0x00474290,0x00473F60,call
0x00474340,0x00473F00,call
0x00474340,0x004743E0,call
0x004743E0,0x00473F80,call
0x00474430,0x00473F60,call
0x004744A0,0x00473F00,call
0x004744A0,0x004743E0,call
0x004744A0,0x00474430,call
0x00474520,0x00473790,call
0x00474620,0x004743E0,call
0x00474620,0x00474520,call
0x00474A20,0x004585B0,call
0x00474A20,0x004585D0,call
0x00474A20,0x0045BAD0,call
0x00474A20,0x0045DB20,call
0x00474A20,0x004749C0,call
0x00474BB0,0x0046AF30,call
0x00474BB0,0x00474C00,call
0x00474C20,0x00472440,call
0x00475080,0x00402CD9,call
0x00475080,0x004756D0,call
0x00475080,0x004756E0,call
0x004750C0,0x004757A0,call
0x00475290,0x00475BC0,call
0x00475290,0x00475C80,call
0x00475290,0x00475CE0,call
0x00475490,0x00475BC0,call
0x00475490,0x00476100,call
0x00475490,0x00476190,call
0x004756E0,0x00476580,call
0x00475CE0,0x00475F60,call
0x00475CE0,0x00475FB0,call
0x00476190,0x00476470,call
0x004783C0,0x004017C6,call
0x004783C0,0x00402996,call
0x004783C0,0x004585B0,call
0x004783C0,0x00458630,call
0x004783C0,0x00476580,call
0x004783C0,0x004766F0,call
0x004783C0,0x00476910,call
0x004783C0,0x00476BF0,call
0x004783C0,0x00476EE0,call
0x004783C0,0x00477130,call
0x004783C0,0x00477200,call
0x004783C0,0x00477310,call
0x004783C0,0x00477440,call
0x004783C0,0x00477540,call
0x004783C0,0x00477660,call
0x004783C0,0x00477740,call
0x004783C0,0x004779D0,call
0x004783C0,0x00477C60,call
0x004783C0,0x00477F50,call
0x004783C0,0x004781E0,call
0x004783C0,0x004782D0,call
0x004783C0,0x00478B80,call
0x004783C0,0x00478BB0,call
0x004787F0,0x00402248,call
0x004787F0,0x00476580,call
0x00478BB0,0x004585B0,call
0x00478BB0,0x00458630,call
0x00478BB0,0x00476580,call
0x00478BB0,0x004766F0,call
0x00478BB0,0x00476910,call
0x00478BB0,0x00476BF0,call
0x00478BB0,0x00476EE0,call
0x00478BB0,0x00477130,call
0x00478BB0,0x00477200,call
0x00478BB0,0x00477310,call
0x00478BB0,0x00477440,call
0x00478BB0,0x00477540,call
0x00478BB0,0x00477660,call
0x00478BB0,0x00477740,call
0x00478BB0,0x004779D0,call
0x00478BB0,0x00477C60,call
0x00478BB0,0x00477F50,call
0x00478BB0,0x004781E0,call
0x00478BB0,0x004782D0,call
0x00478FB0,0x00479190,call
0x00478FB0,0x00479210,call
0x00478FB0,0x004792A0,call
0x00478FB0,0x00479330,call
0x00478FB0,0x00479370,call
0x00478FB0,0x004793E0,call
0x00478FB0,0x00479480,call
0x00478FB0,0x004794C0,call
0x00478FB0,0x004794D0,call
0x004793E0,0x0046D920,call
0x004793E0,0x00479330,call
0x00479480,0x004642C0,call
0x00479480,0x0046D800,call
0x00479510,0x004585B0,call
0x00479540,0x0045EE80,call
0x00479580,0x0045EF10,call
0x00479580,0x0045EF40,call
0x00479580,0x0045EFC0,call
0x004795D0,0x0045F010,call
0x004795D0,0x0045F090,call
0x004795D0,0x0045F1B0,call
0x00479620,0x0045A780,call
0x00479620,0x0045EE80,call
0x00479620,0x00479540,call
0x004796E0,0x0045A790,call
0x004796E0,0x0045EEA0,call
0x00479790,0x0045F250,call
0x004797D0,0x0045F280,call
0x00479810,0x0045A780,call
0x00479810,0x0045EE80,call
0x00479930,0x0045F680,call
0x00479930,0x0045F820,call
0x00479930,0x00479920,call
0x00479A40,0x0045F280,call
0x00479A40,0x0047F780,call
0x00479A40,0x0047F900,call
0x00479A40,0x0047F920,call
0x00479B30,0x0045FA40,call
0x00479B30,0x0047F780,call
0x00479C10,0x0045F280,call
0x00479C10,0x0046F740,call
0x00479C10,0x00479B30,call
0x00479C10,0x0047F780,call
0x00479C10,0x0047F900,call
0x00479C10,0x0047F920,call
0x00479E20,0x0045F680,call
0x00479E20,0x0045FCE0,call
0x00479E20,0x00479920,call
0x00479FA0,0x0045F1E0,call
0x00479FA0,0x0045F240,call
0x00479FA0,0x0047F6C0,call
0x00479FA0,0x0047F900,call
0x00479FA0,0x0047F920,call
0x0047A090,0x0045FDE0,call
0x0047A0B0,0x00479FA0,call
0x0047A0B0,0x0047F6C0,call
0x0047A0B0,0x0047F920,call
0x0047A220,0x0045F680,call
0x0047A220,0x0045F820,call
0x0047A220,0x0045FCE0,call
0x0047A220,0x00479930,call
0x0047A220,0x00479E20,call
0x0047A420,0x0047A0B0,call
0x0047A470,0x00479A40,call
0x0047A470,0x00479FA0,call
0x0047A4D0,0x00479A40,call
0x0047A4D0,0x00479FA0,call
0x0047A530,0x00479900,call
0x0047A530,0x0047A4D0,call
0x0047A570,0x0045A780,call
0x0047A570,0x0045EE80,call
0x0047A570,0x0045F680,call
0x0047A570,0x0045F820,call
0x0047A570,0x0045FCE0,call
0x0047A570,0x00460350,call
0x0047A570,0x00479620,call
0x0047A570,0x00479810,call
0x0047A570,0x00479930,call
0x0047A570,0x00479E20,call
0x0047A570,0x0047A220,call
0x0047A910,0x0045A790,call
0x0047A910,0x0045EEA0,call
0x0047A910,0x004604E0,call
0x0047AA10,0x0045A780,call
0x0047AA10,0x0045A790,call
0x0047AA10,0x00479FA0,call
0x0047AA10,0x0047F6C0,call
0x0047AB20,0x00460650,call
0x0047AB20,0x00479880,call
0x0047AB20,0x0047A470,call
0x0047AC50,0x0045F280,call
0x0047AC50,0x0047F780,call
0x0047AC50,0x0047F900,call
0x0047AC50,0x0047F920,call
0x0047ACE0,0x0045F1E0,call
0x0047ACE0,0x0045F240,call
0x0047ACE0,0x0047F6C0,call
0x0047ACE0,0x0047F920,call
0x0047AD70,0x0045F280,call
0x0047AD70,0x0047AC50,call
0x0047AD70,0x0047ACE0,call
0x0047AD70,0x0047F920,call
0x0047AE00,0x00479860,call
0x0047AE00,0x0047AC50,call
0x0047AE00,0x0047ACE0,call
0x0047AEF0,0x00460910,call
0x0047AEF0,0x00479C10,call
0x0047AF30,0x0045A780,call
0x0047AF30,0x0045EE80,call
0x0047AF30,0x0045F680,call
0x0047AF30,0x0045F820,call
0x0047AF30,0x0045FCE0,call
0x0047AF30,0x00460A90,call
0x0047AF30,0x00479620,call
0x0047AF30,0x00479930,call
0x0047AF30,0x00479E20,call
0x0047AF30,0x0047A220,call
0x0047B2A0,0x0045EEA0,call
0x0047B2A0,0x00460C00,call
0x0047B370,0x00479FA0,call
0x0047B3B0,0x0045A780,call
0x0047B440,0x00479880,call
0x0047B440,0x0047A470,call
0x0047B580,0x0045A780,call
0x0047B580,0x0045A790,call
0x0047B580,0x00479FA0,call
0x0047B580,0x0047F6C0,call
0x0047B580,0x0047F900,call
0x0047B580,0x0047F920,call
0x0047B7D0,0x0045A790,call
0x0047B7D0,0x004796E0,call
0x0047B7F0,0x0045A790,call
0x0047B7F0,0x0045EEA0,call
0x0047B7F0,0x0047B860,call
0x0047B870,0x0045EFC0,call
0x0047B880,0x0045F1B0,call
0x0047B890,0x0045A790,call
0x0047B890,0x0045EEA0,call
0x0047B8F0,0x0045F6E0,call
0x0047B910,0x0045A790,call
0x0047B910,0x0045F6C0,call
0x0047B950,0x0045EF40,call
0x0047B960,0x0045F090,call
0x0047B970,0x0045A790,call
0x0047B970,0x0045EEA0,call
0x0047B990,0x00461030,call
0x0047B990,0x00479C10,call
0x0047B9B0,0x0047A530,call
0x0047B9C0,0x0047B9D0,call
0x0047B9D0,0x0045A790,call
0x0047B9D0,0x0045EEA0,call
0x0047B9D0,0x0045F6C0,call
0x0047B9D0,0x0045F8A0,call
0x0047B9D0,0x0045FD80,call
0x0047B9D0,0x00479F40,call
0x0047BA40,0x0047B8F0,call
0x0047BA50,0x0047BA60,call
0x0047BA60,0x00460260,call
0x0047BA80,0x0047B9D0,call
0x0047BA90,0x0047BAA0,call
0x0047BAA0,0x004601B0,call
0x0047BAC0,0x0047BAD0,call
0x0047BAD0,0x004601E0,call
0x0047BAF0,0x0047A090,call
0x0047BB00,0x0047A420,call
0x0047BB10,0x0047B9D0,call
0x0047BB20,0x0047BAA0,call
0x0047BB30,0x0047BAD0,call
0x0047BB40,0x0047A530,call
0x0047BB50,0x0047BB60,call
0x0047BB60,0x0045A790,call
0x0047BB60,0x0045F6C0,call
0x0047BB60,0x0045F8A0,call
0x0047BB60,0x0045FD80,call
0x0047BB60,0x00479F40,call
0x0047BB60,0x0047A910,call
0x0047BBD0,0x0047B8F0,call
0x0047BBE0,0x0047BBF0,call
0x0047BBF0,0x004605B0,call
0x0047BC00,0x0047BB60,call
0x0047BC10,0x0047BAA0,call
0x0047BC20,0x0047BAD0,call
0x0047BC30,0x0047A090,call
0x0047BC40,0x0047A420,call
0x0047BC50,0x0047BB60,call
0x0047BC60,0x0047BAA0,call
0x0047BC70,0x0047BAD0,call
0x0047BC80,0x00460830,call
0x0047BC90,0x0047AA10,call
0x0047BCA0,0x00479900,call
0x0047BCB0,0x0047BCC0,call
0x0047BCC0,0x0045A790,call
0x0047BCC0,0x0045F6C0,call
0x0047BCC0,0x0045FD80,call
0x0047BCC0,0x00479F40,call
0x0047BD10,0x0047B8F0,call
0x0047BD20,0x0047BD30,call
0x0047BD30,0x00460260,call
0x0047BD50,0x0047BCC0,call
0x0047BD60,0x0047A090,call
0x0047BD70,0x0047A0B0,call
0x0047BD80,0x00479900,call
0x0047BD90,0x0047BDA0,call
0x0047BDA0,0x0045A790,call
0x0047BDA0,0x0045F6C0,call
0x0047BDA0,0x0045F8A0,call
0x0047BDF0,0x0047B8F0,call
0x0047BE00,0x0047BE10,call
0x0047BE20,0x0047BDA0,call
0x0047BE30,0x00479900,call
0x0047BE40,0x0047BE50,call
0x0047BE50,0x0045A790,call
0x0047BE50,0x0045F6C0,call
0x0047BE50,0x0045F8A0,call
0x0047BE50,0x0045FD80,call
0x0047BE50,0x00479F40,call
0x0047BEB0,0x0047BA60,call
0x0047BEC0,0x0047BE50,call
0x0047BED0,0x0047BAA0,call
0x0047BEE0,0x0047BAD0,call
0x0047BEF0,0x0047A420,call
0x0047BF00,0x0047BE50,call
0x0047BF10,0x0047BAA0,call
0x0047BF20,0x0047BAD0,call
0x0047BF30,0x0047BF40,call
0x0047BF40,0x0045A790,call
0x0047BF40,0x0045F6C0,call
0x0047BF40,0x0045F8A0,call
0x0047BF40,0x0045FD80,call
0x0047BF40,0x00479F40,call
0x0047BF40,0x0047B2A0,call
0x0047BFB0,0x0047BFC0,call
0x0047BFC0,0x00460F00,call
0x0047BFD0,0x0047BF40,call
0x0047BFE0,0x0047BFF0,call
0x0047BFF0,0x00460F60,call
0x0047C000,0x0047BF40,call
0x0047C010,0x00460D70,call
0x0047C020,0x0047BFF0,call
0x0047C030,0x00460FF0,call
0x0047C040,0x0047B370,call
0x0047C050,0x004585B0,call
0x0047C050,0x004586E0,call
0x0047C050,0x00473790,call
0x0047C230,0x0047C210,call
0x0047C260,0x004585B0,call
0x0047C260,0x004586E0,call
0x0047C260,0x00458720,call
0x0047C260,0x0047C210,call
0x0047C260,0x0047C230,call
0x0047C880,0x0045A780,call
0x0047C880,0x0047F940,call
0x0047CAA0,0x0045A790,call
0x0047CAA0,0x0047CC20,call
0x0047CAA0,0x0047F950,call
0x0047CB00,0x004585B0,call
0x0047CC20,0x004585B0,call
0x0047CE00,0x004585B0,call
0x0047CF10,0x0045A780,call
0x0047CF10,0x0047C260,call
0x0047D010,0x0045A790,call
0x0047D010,0x0047C820,call
0x0047D080,0x0045A790,call
0x0047D080,0x0047C820,call
0x0047D270,0x0045A790,call
0x0047D270,0x0047CAA0,call
0x0047D290,0x00458D80,call
0x0047D310,0x004585B0,call
0x0047D310,0x0045A780,call
0x0047D310,0x0047C210,call
0x0047D310,0x0047C230,call
0x0047D310,0x0047D290,call
0x0047D6E0,0x0045A790,call
0x0047D720,0x004585B0,call
0x0047D720,0x0047D290,call
0x0047D830,0x004585B0,call
0x0047D830,0x0047D290,call
0x0047D8C0,0x004585B0,call
0x0047D8C0,0x0047D290,call
0x0047D8C0,0x0047D720,call
0x0047D8C0,0x0047DA20,call
0x0047D940,0x004585B0,call
0x0047D940,0x0047D290,call
0x0047D940,0x0047D720,call
0x0047D940,0x0047DA20,call
0x0047D940,0x0047DBA0,call
0x0047D9D0,0x004585B0,call
0x0047D9D0,0x0047D290,call
0x0047DA20,0x004585B0,call
0x0047DA20,0x0047D290,call
0x0047DA80,0x004585B0,call
0x0047DA80,0x0047D290,call
0x0047DAD0,0x004585B0,call
0x0047DAD0,0x0047D290,call
0x0047DB40,0x004585B0,call
0x0047DB40,0x0047D290,call
0x0047DBA0,0x004585B0,call
0x0047DBA0,0x0047D290,call
0x0047DC00,0x004585B0,call
0x0047DC00,0x0047D290,call
0x0047DC60,0x004585B0,call
0x0047DC60,0x0047D290,call
0x0047DCC0,0x004585B0,call
0x0047DCC0,0x0047D290,call
0x0047DD20,0x004585B0,call
0x0047DD20,0x0047D290,call
0x0047DD80,0x004585B0,call
0x0047DD80,0x004586E0,call
0x0047DD80,0x00458720,call
0x0047DD80,0x0045A780,call
0x0047DD80,0x0045A790,call
0x0047DD80,0x0047F940,call
0x0047DFC0,0x0045A790,call
0x0047DFC0,0x0047F950,call
0x0047E020,0x004585B0,call
0x0047E020,0x0047D290,call
0x0047E390,0x004585B0,call
0x0047E390,0x0047D290,call
0x0047E450,0x0047D830,call
0x0047E4A0,0x0047DAD0,call
0x0047E520,0x0045A780,call
0x0047E520,0x0047D310,call
0x0047E5E0,0x0045A790,call
0x0047E5E0,0x0047D6E0,call
0x0047E620,0x0045A790,call
0x0047E620,0x0047D6E0,call
0x0047E6D0,0x0047DB40,call
0x0047E700,0x0047DBA0,call
0x0047E740,0x0047DC00,call
0x0047E760,0x0047DC60,call
0x0047E7C0,0x0047D8C0,call
0x0047E7E0,0x0047D940,call
0x0047E820,0x0047D9D0,call
0x0047E840,0x0047DA20,call
0x0047E8C0,0x0047E520,call
0x0047E8E0,0x0045A790,call
0x0047E8E0,0x0047DFC0,call
0x0047E940,0x004585B0,call
0x0047E940,0x0046E410,call
0x0047EAC0,0x0046E500,call
0x0047EAD0,0x004585B0,call
0x0047EAD0,0x0045D180,call
0x0047EAD0,0x0045DE00,call
0x0047EAD0,0x0045EDA0,call
0x0047EAD0,0x0046E410,call
0x0047EAD0,0x0046E500,call
0x0047EAD0,0x0046E510,call
0x0047EAD0,0x0046E570,call
0x0047EAD0,0x0046E5D0,call
0x0047EAD0,0x0046E6E0,call
0x0047EAD0,0x0046E7F0,call
0x0047EAD0,0x0046EF00,call
0x0047EE70,0x004585B0,call
0x0047EEE0,0x004585B0,call
0x0047F040,0x004585B0,call
0x0047F120,0x004585B0,call
0x0047F250,0x004585B0,call
0x0047F560,0x0045A790,call
0x0047F560,0x0046E500,call
0x0047F590,0x0045A790,call
0x0047F590,0x0047EAC0,call
0x0047F5B0,0x0045A780,call
0x0047F6C0,0x004585B0,call
0x0047F6C0,0x00458630,call
0x0047F6C0,0x004586E0,call
0x0047F780,0x004585B0,call
0x0047F780,0x00458630,call
0x0047F780,0x004586E0,call
0x0047FA90,0x0045A790,call
0x0047FA90,0x0047F950,call
