mac_code_file,mac_name_length_offset,mac_mangled_name,coverage_category,portable_scope,x86_address,confidence,source_analogue_paths,evidence
CODE_01_Visos (Mac Specific).bin,0x00000674,__dt__17CBaseQueueHandlerFv,platform_specific,excluded,,module-level,,owned by the explicitly named Macintosh-specific CODE module; no cross-platform equivalence claimed
CODE_01_Visos (Mac Specific).bin,0x00000785,ProcessMsg__11CTranslatorFP10tagMESSAGE,platform_specific,excluded,,module-level,,owned by the explicitly named Macintosh-specific CODE module; no cross-platform equivalence claimed
CODE_01_Visos (Mac Specific).bin,0x0000082C,__dt__10cstrstreamFv,platform_specific,excluded,,module-level,,owned by the explicitly named Macintosh-specific CODE module; no cross-platform equivalence claimed
CODE_01_Visos (Mac Specific).bin,0x0000084C,EnterCritical__9CCriticalFv,platform_specific,excluded,,module-level,,owned by the explicitly named Macintosh-specific CODE module; no cross-platform equivalence claimed
CODE_01_Visos (Mac Specific).bin,0x00000872,LeaveCritical__9CCriticalFv,platform_specific,excluded,,module-level,,owned by the explicitly named Macintosh-specific CODE module; no cross-platform equivalence claimed
CODE_01_Visos (Mac Specific).bin,0x000008CA,__dt__11CTranslatorFv,platform_specific,excluded,,module-level,,owned by the explicitly named Macintosh-specific CODE module; no cross-platform equivalence claimed
CODE_01_Visos (Mac Specific).bin,0x0000092A,__dt__12CPVFontTableFv,platform_specific,excluded,,module-level,,owned by the explicitly named Macintosh-specific CODE module; no cross-platform equivalence claimed
CODE_01_Visos (Mac Specific).bin,0x0000097E,__dt__12CResBaseLISTFv,platform_specific,excluded,,module-level,,owned by the explicitly named Macintosh-specific CODE module; no cross-platform equivalence claimed
CODE_01_Visos (Mac Specific).bin,0x000009D2,__dt__12CResVRAMBaseFv,platform_specific,excluded,,module-level,,owned by the explicitly named Macintosh-specific CODE module; no cross-platform equivalence claimed
CODE_01_Visos (Mac Specific).bin,0x00000A18,__dt__10CPrimitiveFv,platform_specific,excluded,,module-level,,owned by the explicitly named Macintosh-specific CODE module; no cross-platform equivalence claimed
CODE_01_Visos (Mac Specific).bin,0x00000A66,__dt__7CBitmapFv,platform_specific,excluded,,module-level,,owned by the explicitly named Macintosh-specific CODE module; no cross-platform equivalence claimed
CODE_01_Visos (Mac Specific).bin,0x00000AB0,__dt__5CZRLEFv,platform_specific,excluded,,module-level,,owned by the explicitly named Macintosh-specific CODE module; no cross-platform equivalence claimed
CODE_01_Visos (Mac Specific).bin,0x00000AF8,__dt__5CLineFv,platform_specific,excluded,,module-level,,owned by the explicitly named Macintosh-specific CODE module; no cross-platform equivalence claimed
CODE_01_Visos (Mac Specific).bin,0x00000B64,__dt__5CTextFv,platform_specific,excluded,,module-level,,owned by the explicitly named Macintosh-specific CODE module; no cross-platform equivalence claimed
CODE_01_Visos (Mac Specific).bin,0x00000BA4,__dt__15CHotAreaHandlerFv,platform_specific,excluded,,module-level,,owned by the explicitly named Macintosh-specific CODE module; no cross-platform equivalence claimed
CODE_01_Visos (Mac Specific).bin,0x00000BF6,__dt__11CZBuffClearFv,platform_specific,excluded,,module-level,,owned by the explicitly named Macintosh-specific CODE module; no cross-platform equivalence claimed
CODE_01_Visos (Mac Specific).bin,0x00000C44,__dt__15CCopyToBackBuffFv,platform_specific,excluded,,module-level,,owned by the explicitly named Macintosh-specific CODE module; no cross-platform equivalence claimed
CODE_01_Visos (Mac Specific).bin,0x00000C96,__dt__10CSolidRectFv,platform_specific,excluded,,module-level,,owned by the explicitly named Macintosh-specific CODE module; no cross-platform equivalence claimed
CODE_01_Visos (Mac Specific).bin,0x00000CE4,__dt__11CPushActiveFv,platform_specific,excluded,,module-level,,owned by the explicitly named Macintosh-specific CODE module; no cross-platform equivalence claimed
CODE_01_Visos (Mac Specific).bin,0x00000D32,__dt__10CPopActiveFv,platform_specific,excluded,,module-level,,owned by the explicitly named Macintosh-specific CODE module; no cross-platform equivalence claimed
CODE_01_Visos (Mac Specific).bin,0x00000DC4,DisplayRelAssert__FPvPvUi,platform_specific,excluded,,module-level,,owned by the explicitly named Macintosh-specific CODE module; no cross-platform equivalence claimed
CODE_01_Visos (Mac Specific).bin,0x00000E0A,__dt__10CMRAMBlockFv,platform_specific,excluded,,module-level,,owned by the explicitly named Macintosh-specific CODE module; no cross-platform equivalence claimed
CODE_01_Visos (Mac Specific).bin,0x00000E36,SetType__7CResINTFv,platform_specific,excluded,,module-level,,owned by the explicitly named Macintosh-specific CODE module; no cross-platform equivalence claimed
CODE_01_Visos (Mac Specific).bin,0x00000E64,OnLoad__7CResINTFv,platform_specific,excluded,,module-level,,owned by the explicitly named Macintosh-specific CODE module; no cross-platform equivalence claimed
CODE_01_Visos (Mac Specific).bin,0x00000EB4,__dt__7CResINTFv,platform_specific,excluded,,module-level,,owned by the explicitly named Macintosh-specific CODE module; no cross-platform equivalence claimed
CODE_01_Visos (Mac Specific).bin,0x00000ED8,SetType__8CResBaseFv,platform_specific,excluded,,module-level,,owned by the explicitly named Macintosh-specific CODE module; no cross-platform equivalence claimed
CODE_01_Visos (Mac Specific).bin,0x00000F0A,SetType__11CResPALETTEFv,platform_specific,excluded,,module-level,,owned by the explicitly named Macintosh-specific CODE module; no cross-platform equivalence claimed
CODE_01_Visos (Mac Specific).bin,0x00000F3E,SetHeader__11CResPALETTEFv,platform_specific,excluded,,module-level,,owned by the explicitly named Macintosh-specific CODE module; no cross-platform equivalence claimed
CODE_01_Visos (Mac Specific).bin,0x00000F96,__dt__11CResPALETTEFv,platform_specific,excluded,,module-level,,owned by the explicitly named Macintosh-specific CODE module; no cross-platform equivalence claimed
CODE_01_Visos (Mac Specific).bin,0x00000FC2,SetType__10CResSTRINGFv,platform_specific,excluded,,module-level,,owned by the explicitly named Macintosh-specific CODE module; no cross-platform equivalence claimed
CODE_01_Visos (Mac Specific).bin,0x00001016,__dt__10CResSTRINGFv,platform_specific,excluded,,module-level,,owned by the explicitly named Macintosh-specific CODE module; no cross-platform equivalence claimed
CODE_01_Visos (Mac Specific).bin,0x00001042,SetType__10CResEFFECTFv,platform_specific,excluded,,module-level,,owned by the explicitly named Macintosh-specific CODE module; no cross-platform equivalence claimed
CODE_01_Visos (Mac Specific).bin,0x00001096,__dt__10CResEFFECTFv,platform_specific,excluded,,module-level,,owned by the explicitly named Macintosh-specific CODE module; no cross-platform equivalence claimed
CODE_01_Visos (Mac Specific).bin,0x000010C2,SetType__7CResBINFv,platform_specific,excluded,,module-level,,owned by the explicitly named Macintosh-specific CODE module; no cross-platform equivalence claimed
CODE_01_Visos (Mac Specific).bin,0x00001112,__dt__7CResBINFv,platform_specific,excluded,,module-level,,owned by the explicitly named Macintosh-specific CODE module; no cross-platform equivalence claimed
CODE_01_Visos (Mac Specific).bin,0x0000112E,SetHeader__8CResBaseFv,platform_specific,excluded,,module-level,,owned by the explicitly named Macintosh-specific CODE module; no cross-platform equivalence claimed
CODE_01_Visos (Mac Specific).bin,0x00001158,GetfVramLoaded__8CResBaseFv,platform_specific,excluded,,module-level,,owned by the explicitly named Macintosh-specific CODE module; no cross-platform equivalence claimed
CODE_01_Visos (Mac Specific).bin,0x00001186,GetfVramSwappable__8CResBaseFv,platform_specific,excluded,,module-level,,owned by the explicitly named Macintosh-specific CODE module; no cross-platform equivalence claimed
CODE_01_Visos (Mac Specific).bin,0x000011B8,GetfAnyVramLoaded__8CResBaseFv,platform_specific,excluded,,module-level,,owned by the explicitly named Macintosh-specific CODE module; no cross-platform equivalence claimed
CODE_01_Visos (Mac Specific).bin,0x000011E4,ForceLoadVram__8CResBaseFv,platform_specific,excluded,,module-level,,owned by the explicitly named Macintosh-specific CODE module; no cross-platform equivalence claimed
CODE_01_Visos (Mac Specific).bin,0x0000120A,UnLoadVramData__8CResBaseFUc,platform_specific,excluded,,module-level,,owned by the explicitly named Macintosh-specific CODE module; no cross-platform equivalence claimed
CODE_01_Visos (Mac Specific).bin,0x0000123A,GetData__8CResBaseFv,platform_specific,excluded,,module-level,,owned by the explicitly named Macintosh-specific CODE module; no cross-platform equivalence claimed
CODE_01_Visos (Mac Specific).bin,0x0000125A,OnLoad__8CResBaseFv,platform_specific,excluded,,module-level,,owned by the explicitly named Macintosh-specific CODE module; no cross-platform equivalence claimed
CODE_01_Visos (Mac Specific).bin,0x00001278,OnUnLoad__8CResBaseFv,platform_specific,excluded,,module-level,,owned by the explicitly named Macintosh-specific CODE module; no cross-platform equivalence claimed
CODE_01_Visos (Mac Specific).bin,0x000012A0,GetSizeUsed__8CResBaseFv,platform_specific,excluded,,module-level,,owned by the explicitly named Macintosh-specific CODE module; no cross-platform equivalence claimed
CODE_01_Visos (Mac Specific).bin,0x000012C6,HasZBuff__10CPVSurfaceFv,accepted_x86_correlation,gap,0x00466940,high,src/Visos/Generic/CPVSurface.cpp,virtual slot returns false in the CPVSurface base
CODE_01_Visos (Mac Specific).bin,0x000012EA,Resize__10CPVSurfaceFRC7CVSSize,accepted_x86_correlation,gap,0x00466920,high,src/Visos/Generic/CPVSurface.cpp,virtual slot and family order match the Macintosh CPVSurface table
CODE_01_Visos (Mac Specific).bin,0x00001316,HasBackBuff__10CPVSurfaceFv,accepted_x86_correlation,gap,0x00466930,high,src/Visos/Generic/CPVSurface.cpp,virtual slot returns false in the CPVSurface base
CODE_01_Visos (Mac Specific).bin,0x0000133C,SetWorldWidth__10CPVSurfaceFi,accepted_x86_correlation,gap,0x00466950,high,src/Visos/Generic/CPVSurface.cpp,virtual slot and family order match the Macintosh CPVSurface table
CODE_01_Visos (Mac Specific).bin,0x00001366,GetWorldWidth__10CPVSurfaceFv,accepted_x86_correlation,gap,0x00466960,high,src/Visos/Generic/CPVSurface.cpp,virtual slot returns zero in the CPVSurface base
CODE_01_Visos (Mac Specific).bin,0x00001396,HasZBuff__15CPVZBuffSurfaceFv,accepted_x86_correlation,represented,0x00466990,high,src/Visos/Windows/CGDI.cpp,accepted mapping 0x00466990 (exact trailer offset): CPVSurface slot 16 override; returns 16-bit z-buffer active state
CODE_01_Visos (Mac Specific).bin,0x000013CC,Update__9CTimeStatFUl,platform_specific,excluded,,module-level,,owned by the explicitly named Macintosh-specific CODE module; no cross-platform equivalence claimed
CODE_01_Visos (Mac Specific).bin,0x000013FA,Draw__11CPushActiveFP4CGDI,platform_specific,excluded,,module-level,,owned by the explicitly named Macintosh-specific CODE module; no cross-platform equivalence claimed
CODE_01_Visos (Mac Specific).bin,0x0000144C,Render__11CPushActiveFP4CGDI,platform_specific,excluded,,module-level,,owned by the explicitly named Macintosh-specific CODE module; no cross-platform equivalence claimed
CODE_01_Visos (Mac Specific).bin,0x00001482,Draw__10CPopActiveFP4CGDI,platform_specific,excluded,,module-level,,owned by the explicitly named Macintosh-specific CODE module; no cross-platform equivalence claimed
CODE_01_Visos (Mac Specific).bin,0x000014CA,Render__10CPopActiveFP4CGDI,platform_specific,excluded,,module-level,,owned by the explicitly named Macintosh-specific CODE module; no cross-platform equivalence claimed
CODE_01_Visos (Mac Specific).bin,0x0000152E,Draw__5CZRLEFP4CGDI,platform_specific,excluded,,module-level,,owned by the explicitly named Macintosh-specific CODE module; no cross-platform equivalence claimed
CODE_01_Visos (Mac Specific).bin,0x00001580,Render__5CZRLEFP4CGDI,platform_specific,excluded,,module-level,,owned by the explicitly named Macintosh-specific CODE module; no cross-platform equivalence claimed
CODE_01_Visos (Mac Specific).bin,0x000015DE,Draw__7CBitmapFP4CGDI,platform_specific,excluded,,module-level,,owned by the explicitly named Macintosh-specific CODE module; no cross-platform equivalence claimed
CODE_01_Visos (Mac Specific).bin,0x00001632,Render__7CBitmapFP4CGDI,platform_specific,excluded,,module-level,,owned by the explicitly named Macintosh-specific CODE module; no cross-platform equivalence claimed
CODE_01_Visos (Mac Specific).bin,0x0000169C,Draw__10CBigBitmapFP4CGDI,platform_specific,excluded,,module-level,,owned by the explicitly named Macintosh-specific CODE module; no cross-platform equivalence claimed
CODE_01_Visos (Mac Specific).bin,0x000016FC,Render__10CBigBitmapFP4CGDI,platform_specific,excluded,,module-level,,owned by the explicitly named Macintosh-specific CODE module; no cross-platform equivalence claimed
CODE_01_Visos (Mac Specific).bin,0x0000173B,Blit__8CSurfaceFP10CBigBitmapP10CResBITMAP,platform_specific,excluded,,module-level,,owned by the explicitly named Macintosh-specific CODE module; no cross-platform equivalence claimed
CODE_01_Visos (Mac Specific).bin,0x000017A8,__dt__10CBigBitmapFv,platform_specific,excluded,,module-level,,owned by the explicitly named Macintosh-specific CODE module; no cross-platform equivalence claimed
CODE_01_Visos (Mac Specific).bin,0x0000181A,Draw__5CAnimFP4CGDI,platform_specific,excluded,,module-level,,owned by the explicitly named Macintosh-specific CODE module; no cross-platform equivalence claimed
CODE_01_Visos (Mac Specific).bin,0x0000187E,Render__5CAnimFP4CGDI,platform_specific,excluded,,module-level,,owned by the explicitly named Macintosh-specific CODE module; no cross-platform equivalence claimed
CODE_01_Visos (Mac Specific).bin,0x000018D6,__dt__5CAnimFv,platform_specific,excluded,,module-level,,owned by the explicitly named Macintosh-specific CODE module; no cross-platform equivalence claimed
CODE_01_Visos (Mac Specific).bin,0x000018FE,Draw__5CLineFP4CGDI,platform_specific,excluded,,module-level,,owned by the explicitly named Macintosh-specific CODE module; no cross-platform equivalence claimed
CODE_01_Visos (Mac Specific).bin,0x00001936,Render__5CLineFP4CGDI,platform_specific,excluded,,module-level,,owned by the explicitly named Macintosh-specific CODE module; no cross-platform equivalence claimed
CODE_01_Visos (Mac Specific).bin,0x00001964,Draw__10CSolidRectFP4CGDI,platform_specific,excluded,,module-level,,owned by the explicitly named Macintosh-specific CODE module; no cross-platform equivalence claimed
CODE_01_Visos (Mac Specific).bin,0x000019A2,Render__10CSolidRectFP4CGDI,platform_specific,excluded,,module-level,,owned by the explicitly named Macintosh-specific CODE module; no cross-platform equivalence claimed
CODE_01_Visos (Mac Specific).bin,0x000019D6,Draw__12CDrawingMarkFP4CGDI,platform_specific,excluded,,module-level,,owned by the explicitly named Macintosh-specific CODE module; no cross-platform equivalence claimed
CODE_01_Visos (Mac Specific).bin,0x00001A1C,Render__12CDrawingMarkFP4CGDI,platform_specific,excluded,,module-level,,owned by the explicitly named Macintosh-specific CODE module; no cross-platform equivalence claimed
CODE_01_Visos (Mac Specific).bin,0x00001A72,__dt__12CDrawingMarkFv,platform_specific,excluded,,module-level,,owned by the explicitly named Macintosh-specific CODE module; no cross-platform equivalence claimed
CODE_01_Visos (Mac Specific).bin,0x00001AA2,Draw__9CClipRectFP4CGDI,platform_specific,excluded,,module-level,,owned by the explicitly named Macintosh-specific CODE module; no cross-platform equivalence claimed
CODE_01_Visos (Mac Specific).bin,0x00001ADE,Render__9CClipRectFP4CGDI,platform_specific,excluded,,module-level,,owned by the explicitly named Macintosh-specific CODE module; no cross-platform equivalence claimed
CODE_01_Visos (Mac Specific).bin,0x00001B30,__dt__9CClipRectFv,platform_specific,excluded,,module-level,,owned by the explicitly named Macintosh-specific CODE module; no cross-platform equivalence claimed
CODE_01_Visos (Mac Specific).bin,0x00001BB6,__dt__9CCopyTextFv,platform_specific,excluded,,module-level,,owned by the explicitly named Macintosh-specific CODE module; no cross-platform equivalence claimed
CODE_01_Visos (Mac Specific).bin,0x00001C25,Set__9CCopyTextFiiP8CResFONTPCcUlP6CRemap,platform_specific,excluded,,module-level,,owned by the explicitly named Macintosh-specific CODE module; no cross-platform equivalence claimed
CODE_01_Visos (Mac Specific).bin,0x00001CAD,Set__9CCopyTextFRC8CVSPointP8CResFONT7CStringUlP6CRemap,platform_specific,excluded,,module-level,,owned by the explicitly named Macintosh-specific CODE module; no cross-platform equivalence claimed
CODE_01_Visos (Mac Specific).bin,0x00001D43,Set__9CCopyTextFiiP8CResFONT7CStringUlP6CRemap,platform_specific,excluded,,module-level,,owned by the explicitly named Macintosh-specific CODE module; no cross-platform equivalence claimed
CODE_01_Visos (Mac Specific).bin,0x00001DCB,Set__9CCopyTextFRC8CVSPointP8CResFONTPCcUlP6CRemap,platform_specific,excluded,,module-level,,owned by the explicitly named Macintosh-specific CODE module; no cross-platform equivalence claimed
CODE_01_Visos (Mac Specific).bin,0x00001E1E,Draw__5CTextFP4CGDI,platform_specific,excluded,,module-level,,owned by the explicitly named Macintosh-specific CODE module; no cross-platform equivalence claimed
CODE_01_Visos (Mac Specific).bin,0x00001E4A,Draw__13CScreenScrollFP4CGDI,platform_specific,excluded,,module-level,,owned by the explicitly named Macintosh-specific CODE module; no cross-platform equivalence claimed
CODE_01_Visos (Mac Specific).bin,0x00001E8C,Render__13CScreenScrollFP4CGDI,platform_specific,excluded,,module-level,,owned by the explicitly named Macintosh-specific CODE module; no cross-platform equivalence claimed
CODE_01_Visos (Mac Specific).bin,0x00001EE4,__dt__13CScreenScrollFv,platform_specific,excluded,,module-level,,owned by the explicitly named Macintosh-specific CODE module; no cross-platform equivalence claimed
CODE_01_Visos (Mac Specific).bin,0x00001F14,Draw__15CCopyToBackBuffFP4CGDI,platform_specific,excluded,,module-level,,owned by the explicitly named Macintosh-specific CODE module; no cross-platform equivalence claimed
CODE_01_Visos (Mac Specific).bin,0x00001F59,Render__15CCopyToBackBuffFP4CGDI,platform_specific,excluded,,module-level,,owned by the explicitly named Macintosh-specific CODE module; no cross-platform equivalence claimed
CODE_01_Visos (Mac Specific).bin,0x00001F93,Draw__21CCopyColourToBackBuffFP4CGDI,platform_specific,excluded,,module-level,,owned by the explicitly named Macintosh-specific CODE module; no cross-platform equivalence claimed
CODE_01_Visos (Mac Specific).bin,0x00001FDD,Render__21CCopyColourToBackBuffFP4CGDI,platform_specific,excluded,,module-level,,owned by the explicitly named Macintosh-specific CODE module; no cross-platform equivalence claimed
CODE_01_Visos (Mac Specific).bin,0x0000203C,__dt__21CCopyColourToBackBuffFv,platform_specific,excluded,,module-level,,owned by the explicitly named Macintosh-specific CODE module; no cross-platform equivalence claimed
CODE_01_Visos (Mac Specific).bin,0x00002074,Draw__11CZBuffClearFP4CGDI,platform_specific,excluded,,module-level,,owned by the explicitly named Macintosh-specific CODE module; no cross-platform equivalence claimed
CODE_01_Visos (Mac Specific).bin,0x000020B4,Render__11CZBuffClearFP4CGDI,platform_specific,excluded,,module-level,,owned by the explicitly named Macintosh-specific CODE module; no cross-platform equivalence claimed
CODE_01_Visos (Mac Specific).bin,0x000020EA,Draw__12CZBuffScrollFP4CGDI,platform_specific,excluded,,module-level,,owned by the explicitly named Macintosh-specific CODE module; no cross-platform equivalence claimed
CODE_01_Visos (Mac Specific).bin,0x0000212A,Render__12CZBuffScrollFP4CGDI,platform_specific,excluded,,module-level,,owned by the explicitly named Macintosh-specific CODE module; no cross-platform equivalence claimed
CODE_01_Visos (Mac Specific).bin,0x00002180,__dt__12CZBuffScrollFv,platform_specific,excluded,,module-level,,owned by the explicitly named Macintosh-specific CODE module; no cross-platform equivalence claimed
CODE_01_Visos (Mac Specific).bin,0x000021A3,OnButtonDown__15CHotAreaHandlerFRC8CVSPoint12BUTTON_FLAGS,platform_specific,excluded,,module-level,,owned by the explicitly named Macintosh-specific CODE module; no cross-platform equivalence claimed
CODE_01_Visos (Mac Specific).bin,0x000021E9,OnButtonUp__15CHotAreaHandlerFRC8CVSPoint12BUTTON_FLAGS,platform_specific,excluded,,module-level,,owned by the explicitly named Macintosh-specific CODE module; no cross-platform equivalence claimed
CODE_01_Visos (Mac Specific).bin,0x00002247,OnExternalButtonUp__15CHotAreaHandlerFRC8CVSPoint12BUTTON_FLAGS,platform_specific,excluded,,module-level,,owned by the explicitly named Macintosh-specific CODE module; no cross-platform equivalence claimed
CODE_01_Visos (Mac Specific).bin,0x00002292,OnEnter__15CHotAreaHandlerFv,platform_specific,excluded,,module-level,,owned by the explicitly named Macintosh-specific CODE module; no cross-platform equivalence claimed
CODE_01_Visos (Mac Specific).bin,0x000022D4,OnExit__15CHotAreaHandlerFv,platform_specific,excluded,,module-level,,owned by the explicitly named Macintosh-specific CODE module; no cross-platform equivalence claimed
CODE_01_Visos (Mac Specific).bin,0x000022FB,OnInside__15CHotAreaHandlerFRC8CVSPoint,platform_specific,excluded,,module-level,,owned by the explicitly named Macintosh-specific CODE module; no cross-platform equivalence claimed
CODE_01_Visos (Mac Specific).bin,0x0000238B,InArea__15CHotAreaHandlerFRC8CVSPoint,platform_specific,excluded,,module-level,,owned by the explicitly named Macintosh-specific CODE module; no cross-platform equivalence claimed
CODE_01_Visos (Mac Specific).bin,0x00002400,__dt__14CPVMusicDeviceFv,platform_specific,excluded,,module-level,,owned by the explicitly named Macintosh-specific CODE module; no cross-platform equivalence claimed
CODE_01_Visos (Mac Specific).bin,0x00002425,Initialise__14CPVMusicDeviceFUlUl,platform_specific,excluded,,module-level,,owned by the explicitly named Macintosh-specific CODE module; no cross-platform equivalence claimed
CODE_01_Visos (Mac Specific).bin,0x0000245A,SetVolume__14CPVMusicDeviceFUc,platform_specific,excluded,,module-level,,owned by the explicitly named Macintosh-specific CODE module; no cross-platform equivalence claimed
CODE_01_Visos (Mac Specific).bin,0x0000248A,GetVolume__14CPVMusicDeviceFv,platform_specific,excluded,,module-level,,owned by the explicitly named Macintosh-specific CODE module; no cross-platform equivalence claimed
CODE_01_Visos (Mac Specific).bin,0x000024B2,Process__14CPVMusicDeviceFv,platform_specific,excluded,,module-level,,owned by the explicitly named Macintosh-specific CODE module; no cross-platform equivalence claimed
CODE_01_Visos (Mac Specific).bin,0x000024DA,GetInfo__14CPVMusicDeviceFv,platform_specific,excluded,,module-level,,owned by the explicitly named Macintosh-specific CODE module; no cross-platform equivalence claimed
CODE_01_Visos (Mac Specific).bin,0x00002501,SetWnd__16CBaseSoundDeviceFP4CWnd,platform_specific,excluded,,module-level,,owned by the explicitly named Macintosh-specific CODE module; no cross-platform equivalence claimed
CODE_01_Visos (Mac Specific).bin,0x00002770,__ct__8CMacWaveFP6VSWAVEUcPc,platform_specific,excluded,,module-level,,owned by the explicitly named Macintosh-specific CODE module; no cross-platform equivalence claimed
CODE_01_Visos (Mac Specific).bin,0x000027CE,__dt__8CMacWaveFv,platform_specific,excluded,,module-level,,owned by the explicitly named Macintosh-specific CODE module; no cross-platform equivalence claimed
CODE_01_Visos (Mac Specific).bin,0x00002A06,__ct__12CMacSoundDevFUcUcUli,platform_specific,excluded,,module-level,,owned by the explicitly named Macintosh-specific CODE module; no cross-platform equivalence claimed
CODE_01_Visos (Mac Specific).bin,0x00002AAC,__dt__12CMacSoundDevFv,platform_specific,excluded,,module-level,,owned by the explicitly named Macintosh-specific CODE module; no cross-platform equivalence claimed
CODE_01_Visos (Mac Specific).bin,0x00002AD6,GetDeviceInfo__12CMacSoundDevFv,platform_specific,excluded,,module-level,,owned by the explicitly named Macintosh-specific CODE module; no cross-platform equivalence claimed
CODE_01_Visos (Mac Specific).bin,0x00002BD3,Initialise__12CMacSoundDevFUcUcUl,platform_specific,excluded,,module-level,,owned by the explicitly named Macintosh-specific CODE module; no cross-platform equivalence claimed
CODE_01_Visos (Mac Specific).bin,0x00002C03,Reinitialise__12CMacSoundDevFUcUcUl,platform_specific,excluded,,module-level,,owned by the explicitly named Macintosh-specific CODE module; no cross-platform equivalence claimed
CODE_01_Visos (Mac Specific).bin,0x00002C3A,Detect__12CMacSoundDevFv,platform_specific,excluded,,module-level,,owned by the explicitly named Macintosh-specific CODE module; no cross-platform equivalence claimed
CODE_01_Visos (Mac Specific).bin,0x00002CD4,ShutDown__12CMacSoundDevFv,platform_specific,excluded,,module-level,,owned by the explicitly named Macintosh-specific CODE module; no cross-platform equivalence claimed
CODE_01_Visos (Mac Specific).bin,0x00002D03,HasActiveVoices__12CMacSoundDevFv,platform_specific,excluded,,module-level,,owned by the explicitly named Macintosh-specific CODE module; no cross-platform equivalence claimed
CODE_01_Visos (Mac Specific).bin,0x00002D32,StopAllMusic__12CMacSoundDevFv,platform_specific,excluded,,module-level,,owned by the explicitly named Macintosh-specific CODE module; no cross-platform equivalence claimed
CODE_01_Visos (Mac Specific).bin,0x00002D6B,StopAllEffects__12CMacSoundDevFv,platform_specific,excluded,,module-level,,owned by the explicitly named Macintosh-specific CODE module; no cross-platform equivalence claimed
CODE_01_Visos (Mac Specific).bin,0x00002D99,IsMusicCapable__12CMacSoundDevFv,platform_specific,excluded,,module-level,,owned by the explicitly named Macintosh-specific CODE module; no cross-platform equivalence claimed
CODE_01_Visos (Mac Specific).bin,0x00002DCD,IsEffectCapable__12CMacSoundDevFv,platform_specific,excluded,,module-level,,owned by the explicitly named Macintosh-specific CODE module; no cross-platform equivalence claimed
CODE_01_Visos (Mac Specific).bin,0x00002DFD,AllocatePatch__12CMacSoundDevFP7VSPATCHPUlUcUc,platform_specific,excluded,,module-level,,owned by the explicitly named Macintosh-specific CODE module; no cross-platform equivalence claimed
CODE_01_Visos (Mac Specific).bin,0x00002E55,AllocateDrumPatch__12CMacSoundDevFP7VSPATCHPUlUcUc,platform_specific,excluded,,module-level,,owned by the explicitly named Macintosh-specific CODE module; no cross-platform equivalence claimed
CODE_01_Visos (Mac Specific).bin,0x00002F2F,AllocateEffect__12CMacSoundDevFP7VSPATCHPUl,platform_specific,excluded,,module-level,,owned by the explicitly named Macintosh-specific CODE module; no cross-platform equivalence claimed
CODE_01_Visos (Mac Specific).bin,0x00002F68,FreePatch__12CMacSoundDevFUl,platform_specific,excluded,,module-level,,owned by the explicitly named Macintosh-specific CODE module; no cross-platform equivalence claimed
CODE_01_Visos (Mac Specific).bin,0x00002FA3,FreeDrumPatch__12CMacSoundDevFUl,platform_specific,excluded,,module-level,,owned by the explicitly named Macintosh-specific CODE module; no cross-platform equivalence claimed
CODE_01_Visos (Mac Specific).bin,0x00002FD1,FreeAllPatches__12CMacSoundDevFv,platform_specific,excluded,,module-level,,owned by the explicitly named Macintosh-specific CODE module; no cross-platform equivalence claimed
CODE_01_Visos (Mac Specific).bin,0x00003050,FreeEffect__12CMacSoundDevFUl,platform_specific,excluded,,module-level,,owned by the explicitly named Macintosh-specific CODE module; no cross-platform equivalence claimed
CODE_01_Visos (Mac Specific).bin,0x000030C1,FreeAllEffects__12CMacSoundDevFv,platform_specific,excluded,,module-level,,owned by the explicitly named Macintosh-specific CODE module; no cross-platform equivalence claimed
CODE_01_Visos (Mac Specific).bin,0x00003129,GetMasterVolume__12CMacSoundDevFv,platform_specific,excluded,,module-level,,owned by the explicitly named Macintosh-specific CODE module; no cross-platform equivalence claimed
CODE_01_Visos (Mac Specific).bin,0x00003181,SetMasterVolume__12CMacSoundDevFUc,platform_specific,excluded,,module-level,,owned by the explicitly named Macintosh-specific CODE module; no cross-platform equivalence claimed
CODE_01_Visos (Mac Specific).bin,0x000031BD,GetMusicVolume__12CMacSoundDevFv,platform_specific,excluded,,module-level,,owned by the explicitly named Macintosh-specific CODE module; no cross-platform equivalence claimed
CODE_01_Visos (Mac Specific).bin,0x000031FB,SetMusicVolume__12CMacSoundDevFUc,platform_specific,excluded,,module-level,,owned by the explicitly named Macintosh-specific CODE module; no cross-platform equivalence claimed
CODE_01_Visos (Mac Specific).bin,0x00003237,GetEffectVolume__12CMacSoundDevFv,platform_specific,excluded,,module-level,,owned by the explicitly named Macintosh-specific CODE module; no cross-platform equivalence claimed
CODE_01_Visos (Mac Specific).bin,0x0000326D,GetNumEffectsChannels__12CMacSoundDevFv,platform_specific,excluded,,module-level,,owned by the explicitly named Macintosh-specific CODE module; no cross-platform equivalence claimed
CODE_01_Visos (Mac Specific).bin,0x000032A3,GetNumMusicChannels__12CMacSoundDevFv,platform_specific,excluded,,module-level,,owned by the explicitly named Macintosh-specific CODE module; no cross-platform equivalence claimed
CODE_01_Visos (Mac Specific).bin,0x000032E7,SetEffectVolume__12CMacSoundDevFUc,platform_specific,excluded,,module-level,,owned by the explicitly named Macintosh-specific CODE module; no cross-platform equivalence claimed
CODE_01_Visos (Mac Specific).bin,0x00003315,MusicPlayNote__12CMacSoundDevFUcUcUc,platform_specific,excluded,,module-level,,owned by the explicitly named Macintosh-specific CODE module; no cross-platform equivalence claimed
CODE_01_Visos (Mac Specific).bin,0x00003345,MusicSetNoteVolume__12CMacSoundDevFUcUcUc,platform_specific,excluded,,module-level,,owned by the explicitly named Macintosh-specific CODE module; no cross-platform equivalence claimed
CODE_01_Visos (Mac Specific).bin,0x0000337B,MusicStopNote__12CMacSoundDevFUcUcUc,platform_specific,excluded,,module-level,,owned by the explicitly named Macintosh-specific CODE module; no cross-platform equivalence claimed
CODE_01_Visos (Mac Specific).bin,0x000033AF,MusicSetChannelVolume__12CMacSoundDevFUcUc,platform_specific,excluded,,module-level,,owned by the explicitly named Macintosh-specific CODE module; no cross-platform equivalence claimed
CODE_01_Visos (Mac Specific).bin,0x000033E5,MusicSetChannelPatch__12CMacSoundDevFUcUl,platform_specific,excluded,,module-level,,owned by the explicitly named Macintosh-specific CODE module; no cross-platform equivalence claimed
CODE_01_Visos (Mac Specific).bin,0x0000341B,MusicSetPitchWheel__12CMacSoundDevFUcUs,platform_specific,excluded,,module-level,,owned by the explicitly named Macintosh-specific CODE module; no cross-platform equivalence claimed
CODE_01_Visos (Mac Specific).bin,0x0000344F,MusicMiscControlMessage__12CMacSoundDevFUcUcUc,platform_specific,excluded,,module-level,,owned by the explicitly named Macintosh-specific CODE module; no cross-platform equivalence claimed
CODE_01_Visos (Mac Specific).bin,0x000034AF,EffectPlay__12CMacSoundDevFUlUcUc,platform_specific,excluded,,module-level,,owned by the explicitly named Macintosh-specific CODE module; no cross-platform equivalence claimed
CODE_01_Visos (Mac Specific).bin,0x000036E7,EffectPlay__12CMacSoundDevFUlUsUc,platform_specific,excluded,,module-level,,owned by the explicitly named Macintosh-specific CODE module; no cross-platform equivalence claimed
CODE_01_Visos (Mac Specific).bin,0x0000377E,EffectStop__12CMacSoundDevFUcUc,platform_specific,excluded,,module-level,,owned by the explicitly named Macintosh-specific CODE module; no cross-platform equivalence claimed
CODE_01_Visos (Mac Specific).bin,0x0000389F,MachineSoundDetect__FPP16CBaseSoundDeviceUcUcUcPUcPP14CPVMusicDevicei,platform_specific,excluded,,module-level,,owned by the explicitly named Macintosh-specific CODE module; no cross-platform equivalence claimed
CODE_01_Visos (Mac Specific).bin,0x00003A2C,InitSound__FUcUciP4CWndUc,platform_specific,excluded,,module-level,,owned by the explicitly named Macintosh-specific CODE module; no cross-platform equivalence claimed
CODE_01_Visos (Mac Specific).bin,0x00003A96,EndSound__Fv,platform_specific,excluded,,module-level,,owned by the explicitly named Macintosh-specific CODE module; no cross-platform equivalence claimed
CODE_01_Visos (Mac Specific).bin,0x00003BD8,_QT_Init__Fv,platform_specific,excluded,,module-level,,owned by the explicitly named Macintosh-specific CODE module; no cross-platform equivalence claimed
CODE_01_Visos (Mac Specific).bin,0x00003BF4,_QT_Quit__Fv,platform_specific,excluded,,module-level,,owned by the explicitly named Macintosh-specific CODE module; no cross-platform equivalence claimed
CODE_01_Visos (Mac Specific).bin,0x00003C36,Initialise__8CAnimWndFv,platform_specific,excluded,,module-level,,owned by the explicitly named Macintosh-specific CODE module; no cross-platform equivalence claimed
CODE_01_Visos (Mac Specific).bin,0x00003CBE,__ct__8CAnimWndFv,platform_specific,excluded,,module-level,,owned by the explicitly named Macintosh-specific CODE module; no cross-platform equivalence claimed
CODE_01_Visos (Mac Specific).bin,0x00003D4C,__dt__8CAnimWndFv,platform_specific,excluded,,module-level,,owned by the explicitly named Macintosh-specific CODE module; no cross-platform equivalence claimed
CODE_01_Visos (Mac Specific).bin,0x00003DCF,Create__8CAnimWndFRC7CVSRectP6CPVWndPc,platform_specific,excluded,,module-level,,owned by the explicitly named Macintosh-specific CODE module; no cross-platform equivalence claimed
CODE_01_Visos (Mac Specific).bin,0x00003E32,_OnCreate__8CAnimWndFv,platform_specific,excluded,,module-level,,owned by the explicitly named Macintosh-specific CODE module; no cross-platform equivalence claimed
CODE_01_Visos (Mac Specific).bin,0x00003F3A,Pansy__8CAnimWndFv,platform_specific,excluded,,module-level,,owned by the explicitly named Macintosh-specific CODE module; no cross-platform equivalence claimed
CODE_01_Visos (Mac Specific).bin,0x00003FC0,_OnMove__8CAnimWndFv,platform_specific,excluded,,module-level,,owned by the explicitly named Macintosh-specific CODE module; no cross-platform equivalence claimed
CODE_01_Visos (Mac Specific).bin,0x000040BA,KillPansy__8CAnimWndFv,platform_specific,excluded,,module-level,,owned by the explicitly named Macintosh-specific CODE module; no cross-platform equivalence claimed
CODE_01_Visos (Mac Specific).bin,0x00004114,_OnDestroy__8CAnimWndFv,platform_specific,excluded,,module-level,,owned by the explicitly named Macintosh-specific CODE module; no cross-platform equivalence claimed
CODE_01_Visos (Mac Specific).bin,0x00004136,Refresh__8CAnimWndFv,platform_specific,excluded,,module-level,,owned by the explicitly named Macintosh-specific CODE module; no cross-platform equivalence claimed
CODE_01_Visos (Mac Specific).bin,0x000044FE,SetAnim__8CAnimWndFUl,platform_specific,excluded,,module-level,,owned by the explicitly named Macintosh-specific CODE module; no cross-platform equivalence claimed
CODE_01_Visos (Mac Specific).bin,0x0000459C,SetMovieWindow__8CAnimWndFv,platform_specific,excluded,,module-level,,owned by the explicitly named Macintosh-specific CODE module; no cross-platform equivalence claimed
CODE_01_Visos (Mac Specific).bin,0x000045EE,FreeMovieWindow__8CAnimWndFv,platform_specific,excluded,,module-level,,owned by the explicitly named Macintosh-specific CODE module; no cross-platform equivalence claimed
CODE_01_Visos (Mac Specific).bin,0x00004666,Process__8CAnimWndFv,platform_specific,excluded,,module-level,,owned by the explicitly named Macintosh-specific CODE module; no cross-platform equivalence claimed
CODE_01_Visos (Mac Specific).bin,0x00004686,OnStop__8CAnimWndFv,platform_specific,excluded,,module-level,,owned by the explicitly named Macintosh-specific CODE module; no cross-platform equivalence claimed
CODE_01_Visos (Mac Specific).bin,0x000046C4,Play__8CAnimWndFv,platform_specific,excluded,,module-level,,owned by the explicitly named Macintosh-specific CODE module; no cross-platform equivalence claimed
CODE_01_Visos (Mac Specific).bin,0x00004702,Stop__8CAnimWndFv,platform_specific,excluded,,module-level,,owned by the explicitly named Macintosh-specific CODE module; no cross-platform equivalence claimed
CODE_01_Visos (Mac Specific).bin,0x0000473C,Resume__8CAnimWndFv,platform_specific,excluded,,module-level,,owned by the explicitly named Macintosh-specific CODE module; no cross-platform equivalence claimed
CODE_01_Visos (Mac Specific).bin,0x0000476A,_OnSize__8CAnimWndFv,platform_specific,excluded,,module-level,,owned by the explicitly named Macintosh-specific CODE module; no cross-platform equivalence claimed
CODE_01_Visos (Mac Specific).bin,0x0000478A,OnSkip__8CAnimWndFi,platform_specific,excluded,,module-level,,owned by the explicitly named Macintosh-specific CODE module; no cross-platform equivalence claimed
CODE_01_Visos (Mac Specific).bin,0x000047A8,OnFrame__8CAnimWndFi,platform_specific,excluded,,module-level,,owned by the explicitly named Macintosh-specific CODE module; no cross-platform equivalence claimed
CODE_01_Visos (Mac Specific).bin,0x000047C8,OnStart__8CAnimWndFv,platform_specific,excluded,,module-level,,owned by the explicitly named Macintosh-specific CODE module; no cross-platform equivalence claimed
CODE_01_Visos (Mac Specific).bin,0x000047EE,GetStyle__10CPVAnimWndFv,platform_specific,excluded,,module-level,,owned by the explicitly named Macintosh-specific CODE module; no cross-platform equivalence claimed
CODE_01_Visos (Mac Specific).bin,0x0000482C,IsFocusWindow__4CWndFv,platform_specific,excluded,,module-level,,owned by the explicitly named Macintosh-specific CODE module; no cross-platform equivalence claimed
CODE_01_Visos (Mac Specific).bin,0x0000484E,OnCreate__4CWndFv,platform_specific,excluded,,module-level,,owned by the explicitly named Macintosh-specific CODE module; no cross-platform equivalence claimed
CODE_01_Visos (Mac Specific).bin,0x0000486A,OnDestroy__4CWndFv,platform_specific,excluded,,module-level,,owned by the explicitly named Macintosh-specific CODE module; no cross-platform equivalence claimed
CODE_01_Visos (Mac Specific).bin,0x00004888,OnSize__4CWndFv,platform_specific,excluded,,module-level,,owned by the explicitly named Macintosh-specific CODE module; no cross-platform equivalence claimed
CODE_01_Visos (Mac Specific).bin,0x000048A2,OnMove__4CWndFv,platform_specific,excluded,,module-level,,owned by the explicitly named Macintosh-specific CODE module; no cross-platform equivalence claimed
CODE_01_Visos (Mac Specific).bin,0x000048BC,OnMinimise__4CWndFv,platform_specific,excluded,,module-level,,owned by the explicitly named Macintosh-specific CODE module; no cross-platform equivalence claimed
CODE_01_Visos (Mac Specific).bin,0x000048DA,OnMaximise__4CWndFv,platform_specific,excluded,,module-level,,owned by the explicitly named Macintosh-specific CODE module; no cross-platform equivalence claimed
CODE_01_Visos (Mac Specific).bin,0x000048F8,OnRestore__4CWndFv,platform_specific,excluded,,module-level,,owned by the explicitly named Macintosh-specific CODE module; no cross-platform equivalence claimed
CODE_01_Visos (Mac Specific).bin,0x00004916,OnZoom__4CWndFi,platform_specific,excluded,,module-level,,owned by the explicitly named Macintosh-specific CODE module; no cross-platform equivalence claimed
CODE_01_Visos (Mac Specific).bin,0x00004930,OnZoomBox__4CWndFUc,platform_specific,excluded,,module-level,,owned by the explicitly named Macintosh-specific CODE module; no cross-platform equivalence claimed
CODE_01_Visos (Mac Specific).bin,0x0000494E,Refresh__4CWndFP7CVSRect,platform_specific,excluded,,module-level,,owned by the explicitly named Macintosh-specific CODE module; no cross-platform equivalence claimed
CODE_01_Visos (Mac Specific).bin,0x00004975,GetMenu__6CPVWndFRiPPP11tagMenuList,platform_specific,excluded,,module-level,,owned by the explicitly named Macintosh-specific CODE module; no cross-platform equivalence claimed
CODE_01_Visos (Mac Specific).bin,0x000049A4,OnDriverChange__6CPVWndFv,platform_specific,excluded,,module-level,,owned by the explicitly named Macintosh-specific CODE module; no cross-platform equivalence claimed
CODE_01_Visos (Mac Specific).bin,0x000049D0,GetSizeStatus__6CPVWndFv,platform_specific,excluded,,module-level,,owned by the explicitly named Macintosh-specific CODE module; no cross-platform equivalence claimed
CODE_01_Visos (Mac Specific).bin,0x000049FF,SetSizeStatus__6CPVWndF13wndSizeStatus,platform_specific,excluded,,module-level,,owned by the explicitly named Macintosh-specific CODE module; no cross-platform equivalence claimed
CODE_01_Visos (Mac Specific).bin,0x00004A8C,AddChild__6CPVWndFP6CPVWnd,platform_specific,excluded,,module-level,,owned by the explicitly named Macintosh-specific CODE module; no cross-platform equivalence claimed
CODE_01_Visos (Mac Specific).bin,0x00004B14,RemoveChild__6CPVWndFP6CPVWnd,platform_specific,excluded,,module-level,,owned by the explicitly named Macintosh-specific CODE module; no cross-platform equivalence claimed
CODE_01_Visos (Mac Specific).bin,0x00004B5F,"FindElement__38CList<6CPVWnd,21CListElement<6CPVWnd>>FP6CPVWnd",platform_specific,excluded,,module-level,,owned by the explicitly named Macintosh-specific CODE module; no cross-platform equivalence claimed
CODE_01_Visos (Mac Specific).bin,0x00004BA8,OnVisibilityChange__6CPVWndFv,platform_specific,excluded,,module-level,,owned by the explicitly named Macintosh-specific CODE module; no cross-platform equivalence claimed
CODE_01_Visos (Mac Specific).bin,0x00004BD1,SetDontUpdateRect__6CPVWndFRC7CVSRect,platform_specific,excluded,,module-level,,owned by the explicitly named Macintosh-specific CODE module; no cross-platform equivalence claimed
CODE_01_Visos (Mac Specific).bin,0x00004C02,Resize__6CPVWndF7CVSSize,platform_specific,excluded,,module-level,,owned by the explicitly named Macintosh-specific CODE module; no cross-platform equivalence claimed
CODE_01_Visos (Mac Specific).bin,0x00004CAD,CSurface__BlitZRLENoClipASM__FPUcPPUcss,platform_specific,excluded,,module-level,,owned by the explicitly named Macintosh-specific CODE module; no cross-platform equivalence claimed
CODE_01_Visos (Mac Specific).bin,0x00004D27,BlitZRLENoClip__8CSurfaceFRC7CVSRectP8CResZRLEUc,platform_specific,excluded,,module-level,,owned by the explicitly named Macintosh-specific CODE module; no cross-platform equivalence claimed
CODE_01_Visos (Mac Specific).bin,0x00004E17,CSurface__BlitZRLENoClipZBuffASM__FPUcPPUcPPUsssUs,platform_specific,excluded,,module-level,,owned by the explicitly named Macintosh-specific CODE module; no cross-platform equivalence claimed
CODE_01_Visos (Mac Specific).bin,0x00004EAD,BlitZRLENoClipZBuff__8CSurfaceFRC7CVSRectP8CResZRLEUs,platform_specific,excluded,,module-level,,owned by the explicitly named Macintosh-specific CODE module; no cross-platform equivalence claimed
CODE_01_Visos (Mac Specific).bin,0x00004F6F,CSurface__BlitZRLENoClipQZBuffASM__FPUcPPUcPPUsssUs,platform_specific,excluded,,module-level,,owned by the explicitly named Macintosh-specific CODE module; no cross-platform equivalence claimed
CODE_01_Visos (Mac Specific).bin,0x00005007,BlitZRLENoClipQZBuff__8CSurfaceFRC7CVSRectP8CResZRLEUs,platform_specific,excluded,,module-level,,owned by the explicitly named Macintosh-specific CODE module; no cross-platform equivalence claimed
CODE_01_Visos (Mac Specific).bin,0x0000511F,CSurface__BlitZRLEClipASM__FPUcPPUcssss,platform_specific,excluded,,module-level,,owned by the explicitly named Macintosh-specific CODE module; no cross-platform equivalence claimed
CODE_01_Visos (Mac Specific).bin,0x0000517C,CSurface__GetZRLEEndLine__FPUcs,platform_specific,excluded,,module-level,,owned by the explicitly named Macintosh-specific CODE module; no cross-platform equivalence claimed
CODE_01_Visos (Mac Specific).bin,0x00005215,BlitZRLEClip__8CSurfaceFRC7CVSRectRC7CVSRectP8CResZRLEUc,platform_specific,excluded,,module-level,,owned by the explicitly named Macintosh-specific CODE module; no cross-platform equivalence claimed
CODE_01_Visos (Mac Specific).bin,0x00005369,CSurface__BlitZRLEClipZBuffASM__FPUcPPUcPPUsssssUs,platform_specific,excluded,,module-level,,owned by the explicitly named Macintosh-specific CODE module; no cross-platform equivalence claimed
CODE_01_Visos (Mac Specific).bin,0x00005427,BlitZRLEClipZBuff__8CSurfaceFRC7CVSRectRC7CVSRectP8CResZRLEUs,platform_specific,excluded,,module-level,,owned by the explicitly named Macintosh-specific CODE module; no cross-platform equivalence claimed
CODE_01_Visos (Mac Specific).bin,0x000055CF,CSurface__BlitZRLEClipQZBuffASM__FPUcPPUcPPUsssssUs,platform_specific,excluded,,module-level,,owned by the explicitly named Macintosh-specific CODE module; no cross-platform equivalence claimed
CODE_01_Visos (Mac Specific).bin,0x0000568F,BlitZRLEClipQZBuff__8CSurfaceFRC7CVSRectRC7CVSRectP8CResZRLEUs,platform_specific,excluded,,module-level,,owned by the explicitly named Macintosh-specific CODE module; no cross-platform equivalence claimed
CODE_01_Visos (Mac Specific).bin,0x000057D0,FastMemCpy__Fv,platform_specific,excluded,,module-level,,owned by the explicitly named Macintosh-specific CODE module; no cross-platform equivalence claimed
CODE_01_Visos (Mac Specific).bin,0x0000580A,InitFastMemCpy__Fv,platform_specific,excluded,,module-level,,owned by the explicitly named Macintosh-specific CODE module; no cross-platform equivalence claimed
CODE_01_Visos (Mac Specific).bin,0x000058DE,FastMemSet__Fv,platform_specific,excluded,,module-level,,owned by the explicitly named Macintosh-specific CODE module; no cross-platform equivalence claimed
CODE_01_Visos (Mac Specific).bin,0x00005918,InitFastMemSet__Fv,platform_specific,excluded,,module-level,,owned by the explicitly named Macintosh-specific CODE module; no cross-platform equivalence claimed
CODE_01_Visos (Mac Specific).bin,0x00005980,CSurface__2DMemSet__FPPUcUcsss,platform_specific,excluded,,module-level,,owned by the explicitly named Macintosh-specific CODE module; no cross-platform equivalence claimed
CODE_01_Visos (Mac Specific).bin,0x000059F1,CSurface__2DMemCpy__FPPUcPPUcssss,platform_specific,excluded,,module-level,,owned by the explicitly named Macintosh-specific CODE module; no cross-platform equivalence claimed
CODE_01_Visos (Mac Specific).bin,0x00005A65,CSurface__2DMemCpyScreen__FPUcPPUcssss,platform_specific,excluded,,module-level,,owned by the explicitly named Macintosh-specific CODE module; no cross-platform equivalence claimed
CODE_01_Visos (Mac Specific).bin,0x00005B1D,CSurface__2DMemCpyScreen2__FPUcPPUcssss,platform_specific,excluded,,module-level,,owned by the explicitly named Macintosh-specific CODE module; no cross-platform equivalence claimed
CODE_01_Visos (Mac Specific).bin,0x00005BBB,Blit__8CSurfaceFP15CCopyToBackBuff,platform_specific,excluded,,module-level,,owned by the explicitly named Macintosh-specific CODE module; no cross-platform equivalence claimed
CODE_01_Visos (Mac Specific).bin,0x00005C41,Blit__8CSurfaceFP21CCopyColourToBackBuff,platform_specific,excluded,,module-level,,owned by the explicitly named Macintosh-specific CODE module; no cross-platform equivalence claimed
CODE_01_Visos (Mac Specific).bin,0x00005D61,CopyBackBuffToScreen__8CSurfaceFRC7CVSRect,platform_specific,excluded,,module-level,,owned by the explicitly named Macintosh-specific CODE module; no cross-platform equivalence claimed
CODE_01_Visos (Mac Specific).bin,0x00005DA3,GetWorldWidth__20CPVScrollableSurfaceFv,accepted_x86_correlation,gap,0x0046DCC0,high,src/Visos/Generic/CSurface.cpp,scrollable-surface adjustor resolves the stored world width
CODE_01_Visos (Mac Specific).bin,0x00005DDE,GetCurrDB__8CSurfaceFv,platform_specific,excluded,,module-level,,owned by the explicitly named Macintosh-specific CODE module; no cross-platform equivalence claimed
CODE_01_Visos (Mac Specific).bin,0x00005E14,Flush__8CSurfaceFv,platform_specific,excluded,,module-level,,owned by the explicitly named Macintosh-specific CODE module; no cross-platform equivalence claimed
CODE_01_Visos (Mac Specific).bin,0x00005F86,KillSystemCursor__7CCursorFv,platform_specific,excluded,,module-level,,owned by the explicitly named Macintosh-specific CODE module; no cross-platform equivalence claimed
CODE_01_Visos (Mac Specific).bin,0x00005FBA,RestoreSystemCursor__7CCursorFv,platform_specific,excluded,,module-level,,owned by the explicitly named Macintosh-specific CODE module; no cross-platform equivalence claimed
CODE_01_Visos (Mac Specific).bin,0x0000600A,InWindow__7CCursorFP5CGWnd,platform_specific,excluded,,module-level,,owned by the explicitly named Macintosh-specific CODE module; no cross-platform equivalence claimed
CODE_01_Visos (Mac Specific).bin,0x00006062,__dt__7CCursorFv,platform_specific,excluded,,module-level,,owned by the explicitly named Macintosh-specific CODE module; no cross-platform equivalence claimed
CODE_01_Visos (Mac Specific).bin,0x0000607E,RefreshPos__11CBaseCursorFv,platform_specific,excluded,,module-level,,owned by the explicitly named Macintosh-specific CODE module; no cross-platform equivalence claimed
CODE_01_Visos (Mac Specific).bin,0x000060D6,__dt__17CBroadcastMessageFv,platform_specific,excluded,,module-level,,owned by the explicitly named Macintosh-specific CODE module; no cross-platform equivalence claimed
CODE_01_Visos (Mac Specific).bin,0x0000613A,__dt__15CMessReqConnectFv,platform_specific,excluded,,module-level,,owned by the explicitly named Macintosh-specific CODE module; no cross-platform equivalence claimed
CODE_01_Visos (Mac Specific).bin,0x00006184,__dt__11CBasePacketFv,platform_specific,excluded,,module-level,,owned by the explicitly named Macintosh-specific CODE module; no cross-platform equivalence claimed
CODE_01_Visos (Mac Specific).bin,0x000061D6,__dt__11CBaseSocketFv,platform_specific,excluded,,module-level,,owned by the explicitly named Macintosh-specific CODE module; no cross-platform equivalence claimed
CODE_01_Visos (Mac Specific).bin,0x0000627A,__dt__9CRWSocketFv,platform_specific,excluded,,module-level,,owned by the explicitly named Macintosh-specific CODE module; no cross-platform equivalence claimed
CODE_01_Visos (Mac Specific).bin,0x0000631C,__dt__17CTCPIPWriteSocketFv,platform_specific,excluded,,module-level,,owned by the explicitly named Macintosh-specific CODE module; no cross-platform equivalence claimed
CODE_01_Visos (Mac Specific).bin,0x000063C6,__dt__16CTCPIPReadSocketFv,platform_specific,excluded,,module-level,,owned by the explicitly named Macintosh-specific CODE module; no cross-platform equivalence claimed
CODE_01_Visos (Mac Specific).bin,0x000065C6,__dt__14CTCPIPRWSocketFv,platform_specific,excluded,,module-level,,owned by the explicitly named Macintosh-specific CODE module; no cross-platform equivalence claimed
CODE_01_Visos (Mac Specific).bin,0x0000667E,__dt__17CFileCommonSocketFv,platform_specific,excluded,,module-level,,owned by the explicitly named Macintosh-specific CODE module; no cross-platform equivalence claimed
CODE_01_Visos (Mac Specific).bin,0x000067B0,__dt__15CFileReadSocketFv,platform_specific,excluded,,module-level,,owned by the explicitly named Macintosh-specific CODE module; no cross-platform equivalence claimed
CODE_01_Visos (Mac Specific).bin,0x00006806,__dt__10COpenCountFv,platform_specific,excluded,,module-level,,owned by the explicitly named Macintosh-specific CODE module; no cross-platform equivalence claimed
CODE_01_Visos (Mac Specific).bin,0x00006A3E,__dt__13CFileRWSocketFv,platform_specific,excluded,,module-level,,owned by the explicitly named Macintosh-specific CODE module; no cross-platform equivalence claimed
CODE_01_Visos (Mac Specific).bin,0x00006D66,__dt__19CFileOpenManagementFv,platform_specific,excluded,,module-level,,owned by the explicitly named Macintosh-specific CODE module; no cross-platform equivalence claimed
CODE_01_Visos (Mac Specific).bin,0x00006DB6,VSFNET_Init__Fv,platform_specific,excluded,,module-level,,owned by the explicitly named Macintosh-specific CODE module; no cross-platform equivalence claimed
CODE_01_Visos (Mac Specific).bin,0x00006E2C,VSFNET_Quit__Fv,platform_specific,excluded,,module-level,,owned by the explicitly named Macintosh-specific CODE module; no cross-platform equivalence claimed
CODE_01_Visos (Mac Specific).bin,0x00006FA8,Setup__14CFileBroadcastFPCcPCc,platform_specific,excluded,,module-level,,owned by the explicitly named Macintosh-specific CODE module; no cross-platform equivalence claimed
CODE_01_Visos (Mac Specific).bin,0x00006FF2,__ct__12CFileNetworkFv,platform_specific,excluded,,module-level,,owned by the explicitly named Macintosh-specific CODE module; no cross-platform equivalence claimed
CODE_01_Visos (Mac Specific).bin,0x0000705A,Initialise__12CFileNetworkFv,platform_specific,excluded,,module-level,,owned by the explicitly named Macintosh-specific CODE module; no cross-platform equivalence claimed
CODE_01_Visos (Mac Specific).bin,0x0000708A,UnInitialise__12CFileNetworkFv,platform_specific,excluded,,module-level,,owned by the explicitly named Macintosh-specific CODE module; no cross-platform equivalence claimed
CODE_01_Visos (Mac Specific).bin,0x00007102,ResetTimer__12CFileNetworkFUl,platform_specific,excluded,,module-level,,owned by the explicitly named Macintosh-specific CODE module; no cross-platform equivalence claimed
CODE_01_Visos (Mac Specific).bin,0x00007136,Setup__12CFileNetworkFPCcPCc,platform_specific,excluded,,module-level,,owned by the explicitly named Macintosh-specific CODE module; no cross-platform equivalence claimed
CODE_01_Visos (Mac Specific).bin,0x0000717F,BeforeDestroyConnections__12CFileNetworkFv,platform_specific,excluded,,module-level,,owned by the explicitly named Macintosh-specific CODE module; no cross-platform equivalence claimed
CODE_01_Visos (Mac Specific).bin,0x000071D5,AfterDestroyConnections__12CFileNetworkFv,platform_specific,excluded,,module-level,,owned by the explicitly named Macintosh-specific CODE module; no cross-platform equivalence claimed
CODE_01_Visos (Mac Specific).bin,0x0000727A,Process__12CFileNetworkFv,platform_specific,excluded,,module-level,,owned by the explicitly named Macintosh-specific CODE module; no cross-platform equivalence claimed
CODE_01_Visos (Mac Specific).bin,0x000072DA,ForceProcess__12CFileNetworkFv,platform_specific,excluded,,module-level,,owned by the explicitly named Macintosh-specific CODE module; no cross-platform equivalence claimed
CODE_01_Visos (Mac Specific).bin,0x00007336,__dt__19CBaseNetworkManagerFv,platform_specific,excluded,,module-level,,owned by the explicitly named Macintosh-specific CODE module; no cross-platform equivalence claimed
CODE_01_Visos (Mac Specific).bin,0x0000735E,AddData__13CPulseMessageFv,platform_specific,excluded,,module-level,,owned by the explicitly named Macintosh-specific CODE module; no cross-platform equivalence claimed
CODE_01_Visos (Mac Specific).bin,0x00007384,GetData__13CPulseMessageFv,platform_specific,excluded,,module-level,,owned by the explicitly named Macintosh-specific CODE module; no cross-platform equivalence claimed
CODE_01_Visos (Mac Specific).bin,0x000073E6,__dt__13CPulseMessageFv,platform_specific,excluded,,module-level,,owned by the explicitly named Macintosh-specific CODE module; no cross-platform equivalence claimed
CODE_01_Visos (Mac Specific).bin,0x0000742C,AddData__11CAckMessageFv,platform_specific,excluded,,module-level,,owned by the explicitly named Macintosh-specific CODE module; no cross-platform equivalence claimed
CODE_01_Visos (Mac Specific).bin,0x00007474,GetData__11CAckMessageFv,platform_specific,excluded,,module-level,,owned by the explicitly named Macintosh-specific CODE module; no cross-platform equivalence claimed
CODE_01_Visos (Mac Specific).bin,0x000074CA,__dt__11CAckMessageFv,platform_specific,excluded,,module-level,,owned by the explicitly named Macintosh-specific CODE module; no cross-platform equivalence claimed
CODE_01_Visos (Mac Specific).bin,0x000074F8,SetPort__12CWriteSocketFs,platform_specific,excluded,,module-level,,owned by the explicitly named Macintosh-specific CODE module; no cross-platform equivalence claimed
CODE_01_Visos (Mac Specific).bin,0x0000752C,Closed__9CRWSocketFUc,platform_specific,excluded,,module-level,,owned by the explicitly named Macintosh-specific CODE module; no cross-platform equivalence claimed
CODE_01_Visos (Mac Specific).bin,0x00007559,ReceiveAcknowledgement__9CRWSocketFv,platform_specific,excluded,,module-level,,owned by the explicitly named Macintosh-specific CODE module; no cross-platform equivalence claimed
CODE_01_Visos (Mac Specific).bin,0x00007595,SendAcknowledgement__9CRWSocketFv,platform_specific,excluded,,module-level,,owned by the explicitly named Macintosh-specific CODE module; no cross-platform equivalence claimed
CODE_01_Visos (Mac Specific).bin,0x000075C2,Closed__16CTCPIPReadSocketFUc,platform_specific,excluded,,module-level,,owned by the explicitly named Macintosh-specific CODE module; no cross-platform equivalence claimed
CODE_01_Visos (Mac Specific).bin,0x000075FD,SocketError__18CTCPIPCommonSocketFv,platform_specific,excluded,,module-level,,owned by the explicitly named Macintosh-specific CODE module; no cross-platform equivalence claimed
CODE_01_Visos (Mac Specific).bin,0x00007642,AddData__13CPortsMessageFv,platform_specific,excluded,,module-level,,owned by the explicitly named Macintosh-specific CODE module; no cross-platform equivalence claimed
CODE_01_Visos (Mac Specific).bin,0x0000767E,GetData__13CPortsMessageFv,platform_specific,excluded,,module-level,,owned by the explicitly named Macintosh-specific CODE module; no cross-platform equivalence claimed
CODE_01_Visos (Mac Specific).bin,0x000076E2,__dt__13CPortsMessageFv,platform_specific,excluded,,module-level,,owned by the explicitly named Macintosh-specific CODE module; no cross-platform equivalence claimed
CODE_01_Visos (Mac Specific).bin,0x00007716,AddData__10COpenCountFv,platform_specific,excluded,,module-level,,owned by the explicitly named Macintosh-specific CODE module; no cross-platform equivalence claimed
CODE_01_Visos (Mac Specific).bin,0x0000774A,GetData__10COpenCountFv,platform_specific,excluded,,module-level,,owned by the explicitly named Macintosh-specific CODE module; no cross-platform equivalence claimed
CODE_01_Visos (Mac Specific).bin,0x0000776C,FirstReceive__11CReadSocketFv,platform_specific,excluded,,module-level,,owned by the explicitly named Macintosh-specific CODE module; no cross-platform equivalence claimed
CODE_01_Visos (Mac Specific).bin,0x00007795,PostRead__11CReadSocketF13NetworkEventsP11CBasePacket,platform_specific,excluded,,module-level,,owned by the explicitly named Macintosh-specific CODE module; no cross-platform equivalence claimed
CODE_01_Visos (Mac Specific).bin,0x000077D9,CheckMessage__15CNetworkMessageFPCUc,platform_specific,excluded,,module-level,,owned by the explicitly named Macintosh-specific CODE module; no cross-platform equivalence claimed
CODE_01_Visos (Mac Specific).bin,0x0000780A,GetHeader__15CNetworkMessageFv,platform_specific,excluded,,module-level,,owned by the explicitly named Macintosh-specific CODE module; no cross-platform equivalence claimed
CODE_01_Visos (Mac Specific).bin,0x00007834,AddHeader__15CNetworkMessageFv,platform_specific,excluded,,module-level,,owned by the explicitly named Macintosh-specific CODE module; no cross-platform equivalence claimed
CODE_01_Visos (Mac Specific).bin,0x00007868,GetLastError__12CNetworkFileFv,platform_specific,excluded,,module-level,,owned by the explicitly named Macintosh-specific CODE module; no cross-platform equivalence claimed
CODE_01_Visos (Mac Specific).bin,0x0000789A,GetFilename__12CNetworkFileFv,platform_specific,excluded,,module-level,,owned by the explicitly named Macintosh-specific CODE module; no cross-platform equivalence claimed
CODE_01_Visos (Mac Specific).bin,0x000078C2,Closed__15CFileReadSocketFUc,platform_specific,excluded,,module-level,,owned by the explicitly named Macintosh-specific CODE module; no cross-platform equivalence claimed
CODE_01_Visos (Mac Specific).bin,0x000078FB,SocketError__17CFileCommonSocketFv,platform_specific,excluded,,module-level,,owned by the explicitly named Macintosh-specific CODE module; no cross-platform equivalence claimed
CODE_01_Visos (Mac Specific).bin,0x00007951,GetNewNetworkAddress__12CFileNetworkFv,platform_specific,excluded,,module-level,,owned by the explicitly named Macintosh-specific CODE module; no cross-platform equivalence claimed
CODE_01_Visos (Mac Specific).bin,0x000079B6,GetNewConnect__12CFileNetworkFv,platform_specific,excluded,,module-level,,owned by the explicitly named Macintosh-specific CODE module; no cross-platform equivalence claimed
CODE_01_Visos (Mac Specific).bin,0x00007A15,GetNewBroadcast__12CFileNetworkFv,platform_specific,excluded,,module-level,,owned by the explicitly named Macintosh-specific CODE module; no cross-platform equivalence claimed
CODE_01_Visos (Mac Specific).bin,0x00007A74,__dt__12CFileNetworkFv,platform_specific,excluded,,module-level,,owned by the explicitly named Macintosh-specific CODE module; no cross-platform equivalence claimed
CODE_01_Visos (Mac Specific).bin,0x00007A96,WaitProcess__12CBaseNetworkFv,platform_specific,excluded,,module-level,,owned by the explicitly named Macintosh-specific CODE module; no cross-platform equivalence claimed
CODE_01_Visos (Mac Specific).bin,0x00007C90,_GDI_Init__Fv,platform_specific,excluded,,module-level,,owned by the explicitly named Macintosh-specific CODE module; no cross-platform equivalence claimed
CODE_01_Visos (Mac Specific).bin,0x00007CFE,_GDI_Quit__Fv,platform_specific,excluded,,module-level,,owned by the explicitly named Macintosh-specific CODE module; no cross-platform equivalence claimed
CODE_01_Visos (Mac Specific).bin,0x00007DAC,__ct__10CGDIDeviceFi,accepted_x86_correlation,represented,0x0046BC00,high,src/Visos/Windows/CGDI.cpp,accepted mapping 0x0046BC00 (correlation offset 0x0000C97A differs from raw 0x00007DAC): slot-array constructor and device lifecycle match
CODE_01_Visos (Mac Specific).bin,0x00007E30,__dt__10CGDIDeviceFv,accepted_x86_correlation,represented,0x0046BC90,high,src/Visos/Windows/CGDI.cpp,accepted mapping 0x0046BC90 (correlation offset 0x0000CA02 differs from raw 0x00007E30): warns about live surfaces then frees the device slot array
CODE_01_Visos (Mac Specific).bin,0x00007E76,FindFreeSurface__10CGDIDeviceFv,accepted_x86_correlation,represented,0x0046BCE0,high,src/Visos/Windows/CGDI.cpp,accepted mapping 0x0046BCE0 (correlation offset 0x0000CCAC differs from raw 0x00007E76): linear scan for the first available surface slot
CODE_01_Visos (Mac Specific).bin,0x000080C5,AllocateSurface__10CGDIDeviceFRC7CVSRectP8CSurface,accepted_x86_correlation,represented,0x0046BD10,high,src/Visos/Windows/CGDI.cpp,accepted mapping 0x0046BD10 (correlation offset 0x0000CAAE differs from raw 0x000080C5): allocates and records a CSurface in a device slot
CODE_01_Visos (Mac Specific).bin,0x00008195,FreeSurface__10CGDIDeviceFP8CSurface,accepted_x86_correlation,represented,0x0046BED0,high,src/Visos/Windows/CGDI.cpp,accepted mapping 0x0046BED0 (correlation offset 0x0000CBD0 differs from raw 0x00008195): destroys a CSurface and releases its device slot
CODE_01_Visos (Mac Specific).bin,0x000081C4,Sync__10CGDIDeviceFv,accepted_x86_correlation,represented,0x0046BF60,high,src/Visos/Windows/CGDI.cpp,accepted mapping 0x0046BF60 (correlation offset 0x0000CE98 differs from raw 0x000081C4): empty virtual slot has exact class-table position
CODE_01_Visos (Mac Specific).bin,0x00008213,FindSurface__10CGDIDeviceFP8CSurface,accepted_x86_correlation,represented,0x0046BF70,high,src/Visos/Windows/CGDI.cpp,accepted mapping 0x0046BF70 (correlation offset 0x0000CCD2 differs from raw 0x00008213): linear scan by CSurface pointer
CODE_01_Visos (Mac Specific).bin,0x000082EA,Flush__10CGDIDeviceFP8CSurface,accepted_x86_correlation,represented,0x0046BFD0,high,src/Visos/Windows/CGDI.cpp,accepted mapping 0x0046BFD0 (correlation offset 0x0000CE40 differs from raw 0x000082EA): marks the selected surface slot and flushes it to the root surface
CODE_01_Visos (Mac Specific).bin,0x00008565,__ct__8CSurfaceFRC7CVSRectP8CSurface,accepted_x86_correlation,gap,0x0046C050,high,src/Visos/Windows/CGDI.cpp,composite CSurface construction and linked-surface setup
CODE_01_Visos (Mac Specific).bin,0x0000859F,SetWindowPtr__8CSurfaceFP8GrafPort,platform_specific,excluded,,module-level,,owned by the explicitly named Macintosh-specific CODE module; no cross-platform equivalence claimed
CODE_01_Visos (Mac Specific).bin,0x00008628,Initialise__8CSurfaceFv,platform_specific,excluded,,module-level,,owned by the explicitly named Macintosh-specific CODE module; no cross-platform equivalence claimed
CODE_01_Visos (Mac Specific).bin,0x00008BD0,NewBitmap__8CSurfaceFRC7CVSRect,platform_specific,excluded,,module-level,,owned by the explicitly named Macintosh-specific CODE module; no cross-platform equivalence claimed
CODE_01_Visos (Mac Specific).bin,0x00008C6E,ResetScroll__8CSurfaceFv,accepted_x86_correlation,gap,0x0046C990,high,src/Visos/Windows/CGDI.cpp,resets all active embedded bitmap scroll state
CODE_01_Visos (Mac Specific).bin,0x00008E3C,SetLinePtrs__8CSurfaceFv,accepted_x86_correlation,represented,0x0046C9F0,high,src/Visos/Windows/CGDI.cpp,accepted mapping 0x0046C9F0 (correlation offset 0x00001607 differs from raw 0x00008E3C): CSurface primary CPVGDIBitmap slot 0 override; root and linked-surface row pointer behavior agrees
CODE_01_Visos (Mac Specific).bin,0x00008F84,SetDefaultCtable__8CSurfaceFv,platform_specific,excluded,,module-level,,owned by the explicitly named Macintosh-specific CODE module; no cross-platform equivalence claimed
CODE_01_Visos (Mac Specific).bin,0x0000901D,AttachPalette__8CSurfaceFP11CResPALETTE,accepted_x86_correlation,gap,0x0046D040,high,src/Visos/Windows/CGDI.cpp,builds the platform palette and propagates it to surfaces
CODE_01_Visos (Mac Specific).bin,0x000091E2,__ct__8CSurfaceFP8GrafPort,platform_specific,excluded,,module-level,,owned by the explicitly named Macintosh-specific CODE module; no cross-platform equivalence claimed
CODE_01_Visos (Mac Specific).bin,0x000093E0,__dt__8CSurfaceFv,accepted_x86_correlation,gap,0x0046C710,high,src/Visos/Windows/CGDI.cpp,composite CSurface teardown in matching family order
CODE_01_Visos (Mac Specific).bin,0x0000941F,"FindElement__42CList<8CSurface,23CListElement<8CSurface>>FP8CSurface",platform_specific,excluded,,module-level,,owned by the explicitly named Macintosh-specific CODE module; no cross-platform equivalence claimed
CODE_01_Visos (Mac Specific).bin,0x00009543,AddToChangeList__8CSurfaceFRC7CVSRect,accepted_x86_correlation,gap,0x0046CB20,high,src/Visos/Windows/CGDI.cpp,forwards or records the changed rectangle
CODE_01_Visos (Mac Specific).bin,0x0000957C,GetChangeList__8CSurfaceFv,accepted_x86_correlation,gap,0x0046CBD0,high,src/Visos/Windows/CGDI.cpp,returns the active change-list tracker
CODE_01_Visos (Mac Specific).bin,0x000095CC,Blit__8CSurfaceFP9CClipRect,platform_specific,excluded,,module-level,,owned by the explicitly named Macintosh-specific CODE module; no cross-platform equivalence claimed
CODE_01_Visos (Mac Specific).bin,0x0000971A,CheckVisibleWindow__8CSurfaceFv,platform_specific,excluded,,module-level,,owned by the explicitly named Macintosh-specific CODE module; no cross-platform equivalence claimed
CODE_01_Visos (Mac Specific).bin,0x000098B0,CanWriteToScreen__8CSurfaceFv,platform_specific,excluded,,module-level,,owned by the explicitly named Macintosh-specific CODE module; no cross-platform equivalence claimed
CODE_01_Visos (Mac Specific).bin,0x00009A57,BlitToScreen__8CSurfaceFRC7CVSRect,platform_specific,excluded,,module-level,,owned by the explicitly named Macintosh-specific CODE module; no cross-platform equivalence claimed
CODE_01_Visos (Mac Specific).bin,0x00009B3C,ToScreenDirect256__8CSurfaceFv,platform_specific,excluded,,module-level,,owned by the explicitly named Macintosh-specific CODE module; no cross-platform equivalence claimed
CODE_01_Visos (Mac Specific).bin,0x00009CA3,BlitToScreenQDraw__8CSurfaceFRC7CVSRect,platform_specific,excluded,,module-level,,owned by the explicitly named Macintosh-specific CODE module; no cross-platform equivalence claimed
CODE_01_Visos (Mac Specific).bin,0x00009DFC,ToScreenQuickDraw__8CSurfaceFv,platform_specific,excluded,,module-level,,owned by the explicitly named Macintosh-specific CODE module; no cross-platform equivalence claimed
CODE_01_Visos (Mac Specific).bin,0x00009F9E,ToScreen__8CSurfaceFP8CSurface,accepted_x86_correlation,gap,0x0046CDA0,high,src/Visos/Windows/CGDI.cpp,flushes changed rectangles to the linked or display surface
CODE_01_Visos (Mac Specific).bin,0x0000A0DE,Resize__8CSurfaceFRC7CVSSize,accepted_x86_correlation,gap,0x0046D420,high,src/Visos/Windows/CGDI.cpp,updates surface extent backing state and child surfaces
CODE_01_Visos (Mac Specific).bin,0x0000A144,MoveRel__8CSurfaceFRC8CVSPoint,platform_specific,excluded,,module-level,,owned by the explicitly named Macintosh-specific CODE module; no cross-platform equivalence claimed
CODE_01_Visos (Mac Specific).bin,0x0000A43E,Move__8CSurfaceFRC8CVSPoint,platform_specific,excluded,,module-level,,owned by the explicitly named Macintosh-specific CODE module; no cross-platform equivalence claimed
CODE_01_Visos (Mac Specific).bin,0x0000A4AC,__mi__FRC8CVSPointRC8CVSPoint,platform_specific,excluded,,module-level,,owned by the explicitly named Macintosh-specific CODE module; no cross-platform equivalence claimed
CODE_01_Visos (Mac Specific).bin,0x0000A4E9,HasScreenSizeChanged__8CSurfaceFv,platform_specific,excluded,,module-level,,owned by the explicitly named Macintosh-specific CODE module; no cross-platform equivalence claimed
CODE_01_Visos (Mac Specific).bin,0x0000A52B,HasColourDepthChanged__8CSurfaceFv,platform_specific,excluded,,module-level,,owned by the explicitly named Macintosh-specific CODE module; no cross-platform equivalence claimed
CODE_01_Visos (Mac Specific).bin,0x0000A60A,__ct__5CGWndFv,platform_specific,excluded,,module-level,,owned by the explicitly named Macintosh-specific CODE module; no cross-platform equivalence claimed
CODE_01_Visos (Mac Specific).bin,0x0000A650,__ct__11CZBuffClearFv,platform_specific,excluded,,module-level,,owned by the explicitly named Macintosh-specific CODE module; no cross-platform equivalence claimed
CODE_01_Visos (Mac Specific).bin,0x0000A6A6,__ct__15CCopyToBackBuffFv,platform_specific,excluded,,module-level,,owned by the explicitly named Macintosh-specific CODE module; no cross-platform equivalence claimed
CODE_01_Visos (Mac Specific).bin,0x0000A6F2,__ct__10CSolidRectFv,platform_specific,excluded,,module-level,,owned by the explicitly named Macintosh-specific CODE module; no cross-platform equivalence claimed
CODE_01_Visos (Mac Specific).bin,0x0000A79A,__dt__5CGWndFv,platform_specific,excluded,,module-level,,owned by the explicitly named Macintosh-specific CODE module; no cross-platform equivalence claimed
CODE_01_Visos (Mac Specific).bin,0x0000A7DF,Create__5CGWndFRC7CVSRectP6CPVWndPcUl,platform_specific,excluded,,module-level,,owned by the explicitly named Macintosh-specific CODE module; no cross-platform equivalence claimed
CODE_01_Visos (Mac Specific).bin,0x0000A9A4,_OnCreate__5CGWndFv,platform_specific,excluded,,module-level,,owned by the explicitly named Macintosh-specific CODE module; no cross-platform equivalence claimed
CODE_01_Visos (Mac Specific).bin,0x0000AA02,__dv__FRC7CVSSizei,platform_specific,excluded,,module-level,,owned by the explicitly named Macintosh-specific CODE module; no cross-platform equivalence claimed
CODE_01_Visos (Mac Specific).bin,0x0000AA4C,_OnDestroy__5CGWndFv,platform_specific,excluded,,module-level,,owned by the explicitly named Macintosh-specific CODE module; no cross-platform equivalence claimed
CODE_01_Visos (Mac Specific).bin,0x0000AB34,_OnSize__5CGWndFv,platform_specific,excluded,,module-level,,owned by the explicitly named Macintosh-specific CODE module; no cross-platform equivalence claimed
CODE_01_Visos (Mac Specific).bin,0x0000AB84,_OnMove__5CGWndFv,platform_specific,excluded,,module-level,,owned by the explicitly named Macintosh-specific CODE module; no cross-platform equivalence claimed
CODE_01_Visos (Mac Specific).bin,0x0000ABA0,OnPaint__5CGWndFRC7CVSRect,platform_specific,excluded,,module-level,,owned by the explicitly named Macintosh-specific CODE module; no cross-platform equivalence claimed
CODE_01_Visos (Mac Specific).bin,0x0000AC6D,ProcessOtherMessages__5CGWndFR11EventRecords,platform_specific,excluded,,module-level,,owned by the explicitly named Macintosh-specific CODE module; no cross-platform equivalence claimed
CODE_01_Visos (Mac Specific).bin,0x0000AD66,Render__5CGWndFv,platform_specific,excluded,,module-level,,owned by the explicitly named Macintosh-specific CODE module; no cross-platform equivalence claimed
CODE_01_Visos (Mac Specific).bin,0x0000ADA6,Flush__5CGWndFv,platform_specific,excluded,,module-level,,owned by the explicitly named Macintosh-specific CODE module; no cross-platform equivalence claimed
CODE_01_Visos (Mac Specific).bin,0x0000B2F0,Refresh__5CGWndFP7CVSRect,platform_specific,excluded,,module-level,,owned by the explicitly named Macintosh-specific CODE module; no cross-platform equivalence claimed
CODE_01_Visos (Mac Specific).bin,0x0000B3AE,AttachPalette__5CGWndFUl,platform_specific,excluded,,module-level,,owned by the explicitly named Macintosh-specific CODE module; no cross-platform equivalence claimed
CODE_01_Visos (Mac Specific).bin,0x0000B3D2,OnMove__5CGWndFv,platform_specific,excluded,,module-level,,owned by the explicitly named Macintosh-specific CODE module; no cross-platform equivalence claimed
CODE_01_Visos (Mac Specific).bin,0x0000B424,Move__5CGWndFRC8CVSPoint,platform_specific,excluded,,module-level,,owned by the explicitly named Macintosh-specific CODE module; no cross-platform equivalence claimed
CODE_01_Visos (Mac Specific).bin,0x0000B4A8,_SetRect__5CGWndFRC7CVSRect,platform_specific,excluded,,module-level,,owned by the explicitly named Macintosh-specific CODE module; no cross-platform equivalence claimed
CODE_01_Visos (Mac Specific).bin,0x0000B4ED,Create__5CGWndFRC7CVSRectP6CPVWndPc,platform_specific,excluded,,module-level,,owned by the explicitly named Macintosh-specific CODE module; no cross-platform equivalence claimed
CODE_01_Visos (Mac Specific).bin,0x0000B51C,OnCreate__5CGWndFv,platform_specific,excluded,,module-level,,owned by the explicitly named Macintosh-specific CODE module; no cross-platform equivalence claimed
CODE_01_Visos (Mac Specific).bin,0x0000B53A,OnDestroy__5CGWndFv,platform_specific,excluded,,module-level,,owned by the explicitly named Macintosh-specific CODE module; no cross-platform equivalence claimed
CODE_01_Visos (Mac Specific).bin,0x0000B558,OnSize__5CGWndFv,platform_specific,excluded,,module-level,,owned by the explicitly named Macintosh-specific CODE module; no cross-platform equivalence claimed
CODE_01_Visos (Mac Specific).bin,0x0000B598,OnVisibilityChange__7CPVGWndFv,platform_specific,excluded,,module-level,,owned by the explicitly named Macintosh-specific CODE module; no cross-platform equivalence claimed
CODE_01_Visos (Mac Specific).bin,0x0000B5C8,GetStyle__7CPVGWndFv,platform_specific,excluded,,module-level,,owned by the explicitly named Macintosh-specific CODE module; no cross-platform equivalence claimed
CODE_01_Visos (Mac Specific).bin,0x0000B61F,SetDontUpdateRect__7CPVGWndFRC7CVSRect,platform_specific,excluded,,module-level,,owned by the explicitly named Macintosh-specific CODE module; no cross-platform equivalence claimed
CODE_01_Visos (Mac Specific).bin,0x0000B6A2,__ct__9CMacHLMusFv,platform_specific,excluded,,module-level,,owned by the explicitly named Macintosh-specific CODE module; no cross-platform equivalence claimed
CODE_01_Visos (Mac Specific).bin,0x0000B732,__dt__9CMacHLMusFv,platform_specific,excluded,,module-level,,owned by the explicitly named Macintosh-specific CODE module; no cross-platform equivalence claimed
CODE_01_Visos (Mac Specific).bin,0x0000BAB0,Prepare__9CMacHLMusFUlUl,platform_specific,excluded,,module-level,,owned by the explicitly named Macintosh-specific CODE module; no cross-platform equivalence claimed
CODE_01_Visos (Mac Specific).bin,0x0000BB58,Free__9CMacHLMusFUl,platform_specific,excluded,,module-level,,owned by the explicitly named Macintosh-specific CODE module; no cross-platform equivalence claimed
CODE_01_Visos (Mac Specific).bin,0x0000BBF0,Play__9CMacHLMusFUl,platform_specific,excluded,,module-level,,owned by the explicitly named Macintosh-specific CODE module; no cross-platform equivalence claimed
CODE_01_Visos (Mac Specific).bin,0x0000BC80,Stop__9CMacHLMusFUl,platform_specific,excluded,,module-level,,owned by the explicitly named Macintosh-specific CODE module; no cross-platform equivalence claimed
CODE_01_Visos (Mac Specific).bin,0x0000BD12,Pause__9CMacHLMusFUl,platform_specific,excluded,,module-level,,owned by the explicitly named Macintosh-specific CODE module; no cross-platform equivalence claimed
CODE_01_Visos (Mac Specific).bin,0x0000BDA4,Resume__9CMacHLMusFUl,platform_specific,excluded,,module-level,,owned by the explicitly named Macintosh-specific CODE module; no cross-platform equivalence claimed
CODE_01_Visos (Mac Specific).bin,0x0000BDC6,HLMusicAvailible__9CMacHLMusFv,platform_specific,excluded,,module-level,,owned by the explicitly named Macintosh-specific CODE module; no cross-platform equivalence claimed
CODE_01_Visos (Mac Specific).bin,0x0000BE96,Process__9CMacHLMusFv,platform_specific,excluded,,module-level,,owned by the explicitly named Macintosh-specific CODE module; no cross-platform equivalence claimed
CODE_01_Visos (Mac Specific).bin,0x0000BEF8,convertCtoPStr__FPc,platform_specific,excluded,,module-level,,owned by the explicitly named Macintosh-specific CODE module; no cross-platform equivalence claimed
CODE_01_Visos (Mac Specific).bin,0x0000BF3A,convertPtoCStr__FPUc,platform_specific,excluded,,module-level,,owned by the explicitly named Macintosh-specific CODE module; no cross-platform equivalence claimed
CODE_01_Visos (Mac Specific).bin,0x0000C078,DoOneLoop__Fv,platform_specific,excluded,,module-level,,owned by the explicitly named Macintosh-specific CODE module; no cross-platform equivalence claimed
CODE_01_Visos (Mac Specific).bin,0x0000C0DA,WaitProcess__Fv,platform_specific,excluded,,module-level,,owned by the explicitly named Macintosh-specific CODE module; no cross-platform equivalence claimed
CODE_01_Visos (Mac Specific).bin,0x0000C104,main,platform_specific,excluded,,module-level,,owned by the explicitly named Macintosh-specific CODE module; no cross-platform equivalence claimed
CODE_01_Visos (Mac Specific).bin,0x0000C122,_IDEV_Init__Fv,platform_specific,excluded,,module-level,,owned by the explicitly named Macintosh-specific CODE module; no cross-platform equivalence claimed
CODE_01_Visos (Mac Specific).bin,0x0000C14A,_IDEV_Quit__Fv,platform_specific,excluded,,module-level,,owned by the explicitly named Macintosh-specific CODE module; no cross-platform equivalence claimed
CODE_01_Visos (Mac Specific).bin,0x0000C166,_STD_Init__Fv,platform_specific,excluded,,module-level,,owned by the explicitly named Macintosh-specific CODE module; no cross-platform equivalence claimed
CODE_01_Visos (Mac Specific).bin,0x0000C180,_STD_Quit__Fv,platform_specific,excluded,,module-level,,owned by the explicitly named Macintosh-specific CODE module; no cross-platform equivalence claimed
CODE_01_Visos (Mac Specific).bin,0x0000C290,GetDriveInfo__Fv,platform_specific,excluded,,module-level,,owned by the explicitly named Macintosh-specific CODE module; no cross-platform equivalence claimed
CODE_01_Visos (Mac Specific).bin,0x0000C2C6,GetFirstDriveInfo__Fv,platform_specific,excluded,,module-level,,owned by the explicitly named Macintosh-specific CODE module; no cross-platform equivalence claimed
CODE_01_Visos (Mac Specific).bin,0x0000C2F6,GetNextDriveInfo__Fv,platform_specific,excluded,,module-level,,owned by the explicitly named Macintosh-specific CODE module; no cross-platform equivalence claimed
CODE_01_Visos (Mac Specific).bin,0x0000C47A,GetCDDir__FPCc,platform_specific,excluded,,module-level,,owned by the explicitly named Macintosh-specific CODE module; no cross-platform equivalence claimed
CODE_01_Visos (Mac Specific).bin,0x0000C4CF,__as__20CTCPIPNetworkAddressFPCc,platform_specific,excluded,,module-level,,owned by the explicitly named Macintosh-specific CODE module; no cross-platform equivalence claimed
CODE_01_Visos (Mac Specific).bin,0x0000C535,__as__20CTCPIPNetworkAddressF15eBroadcastTypes,platform_specific,excluded,,module-level,,owned by the explicitly named Macintosh-specific CODE module; no cross-platform equivalence claimed
CODE_01_Visos (Mac Specific).bin,0x0000C597,__as__20CTCPIPNetworkAddressFR15CNetworkAddress,platform_specific,excluded,,module-level,,owned by the explicitly named Macintosh-specific CODE module; no cross-platform equivalence claimed
CODE_01_Visos (Mac Specific).bin,0x0000C5E9,__gt__20CTCPIPNetworkAddressFR15CNetworkAddress,platform_specific,excluded,,module-level,,owned by the explicitly named Macintosh-specific CODE module; no cross-platform equivalence claimed
CODE_01_Visos (Mac Specific).bin,0x0000C63A,VSNET_AtExit__Fv,platform_specific,excluded,,module-level,,owned by the explicitly named Macintosh-specific CODE module; no cross-platform equivalence claimed
CODE_01_Visos (Mac Specific).bin,0x0000C6C6,VSNET_Init__Fv,platform_specific,excluded,,module-level,,owned by the explicitly named Macintosh-specific CODE module; no cross-platform equivalence claimed
CODE_01_Visos (Mac Specific).bin,0x0000C73C,VSNET_Quit__Fv,platform_specific,excluded,,module-level,,owned by the explicitly named Macintosh-specific CODE module; no cross-platform equivalence claimed
CODE_01_Visos (Mac Specific).bin,0x0000C790,__ct__18CTCPIPCommonSocketFv,platform_specific,excluded,,module-level,,owned by the explicitly named Macintosh-specific CODE module; no cross-platform equivalence claimed
CODE_01_Visos (Mac Specific).bin,0x0000C800,__dt__18CTCPIPCommonSocketFv,platform_specific,excluded,,module-level,,owned by the explicitly named Macintosh-specific CODE module; no cross-platform equivalence claimed
CODE_01_Visos (Mac Specific).bin,0x0000C833,SysCloseSocket__18CTCPIPCommonSocketFv,platform_specific,excluded,,module-level,,owned by the explicitly named Macintosh-specific CODE module; no cross-platform equivalence claimed
CODE_01_Visos (Mac Specific).bin,0x0000C9A1,ReadBuffFrom__16CTCPIPReadSocketFv,platform_specific,excluded,,module-level,,owned by the explicitly named Macintosh-specific CODE module; no cross-platform equivalence claimed
CODE_01_Visos (Mac Specific).bin,0x0000CB0A,ReadBuff__16CTCPIPReadSocketFv,platform_specific,excluded,,module-level,,owned by the explicitly named Macintosh-specific CODE module; no cross-platform equivalence claimed
CODE_01_Visos (Mac Specific).bin,0x0000CB8C,Process__16CTCPIPReadSocketFv,platform_specific,excluded,,module-level,,owned by the explicitly named Macintosh-specific CODE module; no cross-platform equivalence claimed
CODE_01_Visos (Mac Specific).bin,0x0000CC44,__ct__17CTCPIPWriteSocketFv,platform_specific,excluded,,module-level,,owned by the explicitly named Macintosh-specific CODE module; no cross-platform equivalence claimed
CODE_01_Visos (Mac Specific).bin,0x0000CC93,SetDestAddr__17CTCPIPWriteSocketFP15CNetworkAddress,platform_specific,excluded,,module-level,,owned by the explicitly named Macintosh-specific CODE module; no cross-platform equivalence claimed
CODE_01_Visos (Mac Specific).bin,0x0000CCDE,Get__20CTCPIPNetworkAddressFv,platform_specific,excluded,,module-level,,owned by the explicitly named Macintosh-specific CODE module; no cross-platform equivalence claimed
CODE_01_Visos (Mac Specific).bin,0x0000CDA7,SendPacket__17CTCPIPWriteSocketFPCUci,platform_specific,excluded,,module-level,,owned by the explicitly named Macintosh-specific CODE module; no cross-platform equivalence claimed
CODE_01_Visos (Mac Specific).bin,0x0000CDFA,DNSError__14CTCPIPRWSocketFv,platform_specific,excluded,,module-level,,owned by the explicitly named Macintosh-specific CODE module; no cross-platform equivalence claimed
CODE_01_Visos (Mac Specific).bin,0x0000D029,CreateSocket__14CTCPIPRWSocketFv,platform_specific,excluded,,module-level,,owned by the explicitly named Macintosh-specific CODE module; no cross-platform equivalence claimed
CODE_01_Visos (Mac Specific).bin,0x0000D065,SysCloseSocket__14CTCPIPRWSocketFv,platform_specific,excluded,,module-level,,owned by the explicitly named Macintosh-specific CODE module; no cross-platform equivalence claimed
CODE_01_Visos (Mac Specific).bin,0x0000D53A,__ct__15CTCPIPBroadcastFv,platform_specific,excluded,,module-level,,owned by the explicitly named Macintosh-specific CODE module; no cross-platform equivalence claimed
CODE_01_Visos (Mac Specific).bin,0x0000D80C,__dt__15CTCPIPBroadcastFv,platform_specific,excluded,,module-level,,owned by the explicitly named Macintosh-specific CODE module; no cross-platform equivalence claimed
CODE_01_Visos (Mac Specific).bin,0x0000D899,GetSpecificAddr__15CTCPIPBroadcastFPCc,platform_specific,excluded,,module-level,,owned by the explicitly named Macintosh-specific CODE module; no cross-platform equivalence claimed
CODE_01_Visos (Mac Specific).bin,0x0000D9A8,GotName__15CTCPIPBroadcastFv,platform_specific,excluded,,module-level,,owned by the explicitly named Macintosh-specific CODE module; no cross-platform equivalence claimed
CODE_01_Visos (Mac Specific).bin,0x0000D9D7,GetStr__20CTCPIPNetworkAddressFv,platform_specific,excluded,,module-level,,owned by the explicitly named Macintosh-specific CODE module; no cross-platform equivalence claimed
CODE_01_Visos (Mac Specific).bin,0x0000DAD8,Start__15CTCPIPBroadcastFPCc,platform_specific,excluded,,module-level,,owned by the explicitly named Macintosh-specific CODE module; no cross-platform equivalence claimed
CODE_01_Visos (Mac Specific).bin,0x0000DCB0,GotHost__15CTCPIPBroadcastFv,platform_specific,excluded,,module-level,,owned by the explicitly named Macintosh-specific CODE module; no cross-platform equivalence claimed
CODE_01_Visos (Mac Specific).bin,0x0000DCE8,SetPort__17CTCPIPWriteSocketFs,platform_specific,excluded,,module-level,,owned by the explicitly named Macintosh-specific CODE module; no cross-platform equivalence claimed
CODE_01_Visos (Mac Specific).bin,0x0000DD23,StartListen__15CTCPIPBroadcastFv,platform_specific,excluded,,module-level,,owned by the explicitly named Macintosh-specific CODE module; no cross-platform equivalence claimed
CODE_01_Visos (Mac Specific).bin,0x0000DD5C,StopListen__15CTCPIPBroadcastFv,platform_specific,excluded,,module-level,,owned by the explicitly named Macintosh-specific CODE module; no cross-platform equivalence claimed
CODE_01_Visos (Mac Specific).bin,0x0000DDDA,Process__15CTCPIPBroadcastFv,platform_specific,excluded,,module-level,,owned by the explicitly named Macintosh-specific CODE module; no cross-platform equivalence claimed
CODE_01_Visos (Mac Specific).bin,0x0000DED2,Start__13CTCPIPConnectFPCcPCc,platform_specific,excluded,,module-level,,owned by the explicitly named Macintosh-specific CODE module; no cross-platform equivalence claimed
CODE_01_Visos (Mac Specific).bin,0x0000E00E,GotHost__13CTCPIPConnectFv,platform_specific,excluded,,module-level,,owned by the explicitly named Macintosh-specific CODE module; no cross-platform equivalence claimed
CODE_01_Visos (Mac Specific).bin,0x0000E050,InitSocket__13CTCPIPConnectFv,platform_specific,excluded,,module-level,,owned by the explicitly named Macintosh-specific CODE module; no cross-platform equivalence claimed
CODE_01_Visos (Mac Specific).bin,0x0000E0F3,Listen__13CTCPIPConnectFP15CNetworkAddress,platform_specific,excluded,,module-level,,owned by the explicitly named Macintosh-specific CODE module; no cross-platform equivalence claimed
CODE_01_Visos (Mac Specific).bin,0x0000E164,Connect__13CTCPIPConnectFv,platform_specific,excluded,,module-level,,owned by the explicitly named Macintosh-specific CODE module; no cross-platform equivalence claimed
CODE_01_Visos (Mac Specific).bin,0x0000E1B2,Process__13CTCPIPConnectFv,platform_specific,excluded,,module-level,,owned by the explicitly named Macintosh-specific CODE module; no cross-platform equivalence claimed
CODE_01_Visos (Mac Specific).bin,0x0000E1F4,__ct__13CTCPIPNetworkFv,platform_specific,excluded,,module-level,,owned by the explicitly named Macintosh-specific CODE module; no cross-platform equivalence claimed
CODE_01_Visos (Mac Specific).bin,0x0000E2B2,Initialise__13CTCPIPNetworkFv,platform_specific,excluded,,module-level,,owned by the explicitly named Macintosh-specific CODE module; no cross-platform equivalence claimed
CODE_01_Visos (Mac Specific).bin,0x0000E302,UnInitialise__13CTCPIPNetworkFv,platform_specific,excluded,,module-level,,owned by the explicitly named Macintosh-specific CODE module; no cross-platform equivalence claimed
CODE_01_Visos (Mac Specific).bin,0x0000E3DC,Process__13CTCPIPNetworkFv,platform_specific,excluded,,module-level,,owned by the explicitly named Macintosh-specific CODE module; no cross-platform equivalence claimed
CODE_01_Visos (Mac Specific).bin,0x0000E43E,ForceProcess__13CTCPIPNetworkFv,platform_specific,excluded,,module-level,,owned by the explicitly named Macintosh-specific CODE module; no cross-platform equivalence claimed
CODE_01_Visos (Mac Specific).bin,0x0000E4AE,SysShutDown__13CTCPIPNetworkFv,platform_specific,excluded,,module-level,,owned by the explicitly named Macintosh-specific CODE module; no cross-platform equivalence claimed
CODE_01_Visos (Mac Specific).bin,0x0000E4F9,__eq__20CTCPIPNetworkAddressFR15CNetworkAddress,platform_specific,excluded,,module-level,,owned by the explicitly named Macintosh-specific CODE module; no cross-platform equivalence claimed
CODE_01_Visos (Mac Specific).bin,0x0000E534,Closed__17CBaseCommonSocketFUc,platform_specific,excluded,,module-level,,owned by the explicitly named Macintosh-specific CODE module; no cross-platform equivalence claimed
CODE_01_Visos (Mac Specific).bin,0x0000E56E,Closed__17CTCPIPWriteSocketFUc,platform_specific,excluded,,module-level,,owned by the explicitly named Macintosh-specific CODE module; no cross-platform equivalence claimed
CODE_01_Visos (Mac Specific).bin,0x0000E5B0,Closed__14CTCPIPRWSocketFUc,platform_specific,excluded,,module-level,,owned by the explicitly named Macintosh-specific CODE module; no cross-platform equivalence claimed
CODE_01_Visos (Mac Specific).bin,0x0000E5E6,ResetPort__10CBroadcastFs,platform_specific,excluded,,module-level,,owned by the explicitly named Macintosh-specific CODE module; no cross-platform equivalence claimed
CODE_01_Visos (Mac Specific).bin,0x0000E618,Closed__15CTCPIPBroadcastFUc,platform_specific,excluded,,module-level,,owned by the explicitly named Macintosh-specific CODE module; no cross-platform equivalence claimed
CODE_01_Visos (Mac Specific).bin,0x0000E655,ReceiveAcknowledgement__14CTCPIPRWSocketFv,platform_specific,excluded,,module-level,,owned by the explicitly named Macintosh-specific CODE module; no cross-platform equivalence claimed
CODE_01_Visos (Mac Specific).bin,0x0000E68A,ConnectSetup__8CConnectFv,platform_specific,excluded,,module-level,,owned by the explicitly named Macintosh-specific CODE module; no cross-platform equivalence claimed
CODE_01_Visos (Mac Specific).bin,0x0000E94A,__dt__13CTCPIPConnectFv,platform_specific,excluded,,module-level,,owned by the explicitly named Macintosh-specific CODE module; no cross-platform equivalence claimed
CODE_01_Visos (Mac Specific).bin,0x0000E97A,Closed__13CTCPIPConnectFUc,platform_specific,excluded,,module-level,,owned by the explicitly named Macintosh-specific CODE module; no cross-platform equivalence claimed
CODE_01_Visos (Mac Specific).bin,0x0000E9AB,ReceiveAcknowledgement__13CTCPIPConnectFv,platform_specific,excluded,,module-level,,owned by the explicitly named Macintosh-specific CODE module; no cross-platform equivalence claimed
CODE_01_Visos (Mac Specific).bin,0x0000E9F5,SendAcknowledgement__14CTCPIPRWSocketFv,platform_specific,excluded,,module-level,,owned by the explicitly named Macintosh-specific CODE module; no cross-platform equivalence claimed
CODE_01_Visos (Mac Specific).bin,0x0000EA51,GetNewNetworkAddress__13CTCPIPNetworkFv,platform_specific,excluded,,module-level,,owned by the explicitly named Macintosh-specific CODE module; no cross-platform equivalence claimed
CODE_01_Visos (Mac Specific).bin,0x0000EF3B,GetNewConnect__13CTCPIPNetworkFv,platform_specific,excluded,,module-level,,owned by the explicitly named Macintosh-specific CODE module; no cross-platform equivalence claimed
CODE_01_Visos (Mac Specific).bin,0x0000EF8B,GetNewBroadcast__13CTCPIPNetworkFv,platform_specific,excluded,,module-level,,owned by the explicitly named Macintosh-specific CODE module; no cross-platform equivalence claimed
CODE_01_Visos (Mac Specific).bin,0x0000EFC8,WaitProcess__13CTCPIPNetworkFv,platform_specific,excluded,,module-level,,owned by the explicitly named Macintosh-specific CODE module; no cross-platform equivalence claimed
CODE_01_Visos (Mac Specific).bin,0x0000F024,__dt__13CTCPIPNetworkFv,platform_specific,excluded,,module-level,,owned by the explicitly named Macintosh-specific CODE module; no cross-platform equivalence claimed
CODE_01_Visos (Mac Specific).bin,0x0000F047,BeforeDestroyConnections__12CBaseNetworkFv,platform_specific,excluded,,module-level,,owned by the explicitly named Macintosh-specific CODE module; no cross-platform equivalence claimed
CODE_01_Visos (Mac Specific).bin,0x0000F07D,AfterDestroyConnections__12CBaseNetworkFv,platform_specific,excluded,,module-level,,owned by the explicitly named Macintosh-specific CODE module; no cross-platform equivalence claimed
CODE_01_Visos (Mac Specific).bin,0x0000F5AB,NewFilename__12CNetworkFileFPCcPPc,platform_specific,excluded,,module-level,,owned by the explicitly named Macintosh-specific CODE module; no cross-platform equivalence claimed
CODE_01_Visos (Mac Specific).bin,0x0000F65E,Open__12CNetworkFileFPCcUcUc,platform_specific,excluded,,module-level,,owned by the explicitly named Macintosh-specific CODE module; no cross-platform equivalence claimed
CODE_01_Visos (Mac Specific).bin,0x0000F6A2,Create__12CNetworkFileFPCcUc,platform_specific,excluded,,module-level,,owned by the explicitly named Macintosh-specific CODE module; no cross-platform equivalence claimed
CODE_01_Visos (Mac Specific).bin,0x0000F6EE,Delete__12CNetworkFileFv,platform_specific,excluded,,module-level,,owned by the explicitly named Macintosh-specific CODE module; no cross-platform equivalence claimed
CODE_01_Visos (Mac Specific).bin,0x0000F760,Delete__12CNetworkFileFPCc,platform_specific,excluded,,module-level,,owned by the explicitly named Macintosh-specific CODE module; no cross-platform equivalence claimed
CODE_01_Visos (Mac Specific).bin,0x0000F7C2,CheckExists__12CNetworkFileFPCc,platform_specific,excluded,,module-level,,owned by the explicitly named Macintosh-specific CODE module; no cross-platform equivalence claimed
CODE_01_Visos (Mac Specific).bin,0x0000F92E,Write__12CNetworkFileFPCUci,platform_specific,excluded,,module-level,,owned by the explicitly named Macintosh-specific CODE module; no cross-platform equivalence claimed
CODE_01_Visos (Mac Specific).bin,0x0000FAB4,Read__12CNetworkFileFPUci,platform_specific,excluded,,module-level,,owned by the explicitly named Macintosh-specific CODE module; no cross-platform equivalence claimed
CODE_01_Visos (Mac Specific).bin,0x0000FAE4,Seek__12CNetworkFileFi,platform_specific,excluded,,module-level,,owned by the explicitly named Macintosh-specific CODE module; no cross-platform equivalence claimed
CODE_01_Visos (Mac Specific).bin,0x0000FB0E,Tell__12CNetworkFileFv,platform_specific,excluded,,module-level,,owned by the explicitly named Macintosh-specific CODE module; no cross-platform equivalence claimed
CODE_01_Visos (Mac Specific).bin,0x0000FB70,Close__12CNetworkFileFv,platform_specific,excluded,,module-level,,owned by the explicitly named Macintosh-specific CODE module; no cross-platform equivalence claimed
CODE_01_Visos (Mac Specific).bin,0x0000FBBE,GetFileSize__12CNetworkFileFv,platform_specific,excluded,,module-level,,owned by the explicitly named Macintosh-specific CODE module; no cross-platform equivalence claimed
CODE_01_Visos (Mac Specific).bin,0x0000FC20,Lock__12CNetworkFileFUlUl,platform_specific,excluded,,module-level,,owned by the explicitly named Macintosh-specific CODE module; no cross-platform equivalence claimed
CODE_01_Visos (Mac Specific).bin,0x0000FC7E,UnLock__12CNetworkFileFUlUl,platform_specific,excluded,,module-level,,owned by the explicitly named Macintosh-specific CODE module; no cross-platform equivalence claimed
CODE_01_Visos (Mac Specific).bin,0x0000FCBF,__ct__6CRemapFUlPUc13ePaletteTypes,platform_specific,excluded,,module-level,,owned by the explicitly named Macintosh-specific CODE module; no cross-platform equivalence claimed
CODE_01_Visos (Mac Specific).bin,0x0000FCFE,__ct__15CPaletteManagerFi,platform_specific,excluded,,module-level,,owned by the explicitly named Macintosh-specific CODE module; no cross-platform equivalence claimed
CODE_01_Visos (Mac Specific).bin,0x0000FD24,_DBG_Init__Fv,platform_specific,excluded,,module-level,,owned by the explicitly named Macintosh-specific CODE module; no cross-platform equivalence claimed
CODE_01_Visos (Mac Specific).bin,0x0000FD3E,_DBG_Quit__FUc,platform_specific,excluded,,module-level,,owned by the explicitly named Macintosh-specific CODE module; no cross-platform equivalence claimed
CODE_01_Visos (Mac Specific).bin,0x0000FF1E,_MEM_Init__Fv,platform_specific,excluded,,module-level,,owned by the explicitly named Macintosh-specific CODE module; no cross-platform equivalence claimed
CODE_01_Visos (Mac Specific).bin,0x0000FF78,_MEM_Quit__Fv,platform_specific,excluded,,module-level,,owned by the explicitly named Macintosh-specific CODE module; no cross-platform equivalence claimed
CODE_01_Visos (Mac Specific).bin,0x0001004E,WriteDebugString2File__FPc,platform_specific,excluded,,module-level,,owned by the explicitly named Macintosh-specific CODE module; no cross-platform equivalence claimed
CODE_01_Visos (Mac Specific).bin,0x00010088,_RAWOUT_DebugString__FPc,platform_specific,excluded,,module-level,src/Visos/Windows/RAWOUT.CPP;src/Platform/Windows/Mixed/Engine/DEBUG/VSDBG.H,owned by the explicitly named Macintosh-specific CODE module; no cross-platform equivalence claimed
CODE_01_Visos (Mac Specific).bin,0x000100C0,_RAWOUT_ErrorString__FPc,platform_specific,excluded,,module-level,src/Visos/Windows/RAWOUT.CPP;src/Platform/Windows/Mixed/Engine/DEBUG/VSDBG.H,owned by the explicitly named Macintosh-specific CODE module; no cross-platform equivalence claimed
CODE_01_Visos (Mac Specific).bin,0x000100F8,_RAWOUT_SysString__FPc,platform_specific,excluded,,module-level,src/Visos/Windows/RAWOUT.CPP;src/Platform/Windows/Mixed/Engine/DEBUG/VSDBG.H,owned by the explicitly named Macintosh-specific CODE module; no cross-platform equivalence claimed
CODE_01_Visos (Mac Specific).bin,0x0001011C,_TIME_Init__Fv,platform_specific,excluded,,module-level,,owned by the explicitly named Macintosh-specific CODE module; no cross-platform equivalence claimed
CODE_01_Visos (Mac Specific).bin,0x00010138,_TIME_Quit__Fv,platform_specific,excluded,,module-level,,owned by the explicitly named Macintosh-specific CODE module; no cross-platform equivalence claimed
CODE_01_Visos (Mac Specific).bin,0x0001018E,CurrentMilliTimer__Fv,platform_specific,excluded,,module-level,,owned by the explicitly named Macintosh-specific CODE module; no cross-platform equivalence claimed
CODE_01_Visos (Mac Specific).bin,0x000101B4,CurrentQueueTimer__Fv,platform_specific,excluded,,module-level,,owned by the explicitly named Macintosh-specific CODE module; no cross-platform equivalence claimed
CODE_01_Visos (Mac Specific).bin,0x00010220,GetWindow__4CWndFP8GrafPort,platform_specific,excluded,,module-level,,owned by the explicitly named Macintosh-specific CODE module; no cross-platform equivalence claimed
CODE_01_Visos (Mac Specific).bin,0x00010322,ProcessMouseMoves__4CWndFv,platform_specific,excluded,,module-level,,owned by the explicitly named Macintosh-specific CODE module; no cross-platform equivalence claimed
CODE_01_Visos (Mac Specific).bin,0x0001066F,ProcessMessage__4CWndFR11EventRecord,platform_specific,excluded,,module-level,,owned by the explicitly named Macintosh-specific CODE module; no cross-platform equivalence claimed
CODE_01_Visos (Mac Specific).bin,0x0001074E,HideMenu__4CWndFv,platform_specific,excluded,,module-level,,owned by the explicitly named Macintosh-specific CODE module; no cross-platform equivalence claimed
CODE_01_Visos (Mac Specific).bin,0x000107AE,ShowMenu__4CWndFv,platform_specific,excluded,,module-level,,owned by the explicitly named Macintosh-specific CODE module; no cross-platform equivalence claimed
CODE_01_Visos (Mac Specific).bin,0x00010825,ProcessWindowMessages__4CWndFR11EventRecords,platform_specific,excluded,,module-level,,owned by the explicitly named Macintosh-specific CODE module; no cross-platform equivalence claimed
CODE_01_Visos (Mac Specific).bin,0x0001087F,ProcessOtherMessages__4CWndFR11EventRecords,platform_specific,excluded,,module-level,,owned by the explicitly named Macintosh-specific CODE module; no cross-platform equivalence claimed
CODE_01_Visos (Mac Specific).bin,0x000108EC,c2pstr__4CWndFPc,platform_specific,excluded,,module-level,,owned by the explicitly named Macintosh-specific CODE module; no cross-platform equivalence claimed
CODE_01_Visos (Mac Specific).bin,0x00010C8F,CheckMouseDowns__4CWndFR11EventRecords,platform_specific,excluded,,module-level,,owned by the explicitly named Macintosh-specific CODE module; no cross-platform equivalence claimed
CODE_01_Visos (Mac Specific).bin,0x00010CC2,GetStyle__4CWndFv,platform_specific,excluded,,module-level,,owned by the explicitly named Macintosh-specific CODE module; no cross-platform equivalence claimed
CODE_01_Visos (Mac Specific).bin,0x00010D03,CheckControls__4CWndF5PointP8GrafPort,platform_specific,excluded,,module-level,,owned by the explicitly named Macintosh-specific CODE module; no cross-platform equivalence claimed
CODE_01_Visos (Mac Specific).bin,0x00010DEE,__ct__4CWndFv,platform_specific,excluded,,module-level,,owned by the explicitly named Macintosh-specific CODE module; no cross-platform equivalence claimed
CODE_01_Visos (Mac Specific).bin,0x00010E4F,AdjustClientRect__4CWndFR7CVSRect,platform_specific,excluded,,module-level,,owned by the explicitly named Macintosh-specific CODE module; no cross-platform equivalence claimed
CODE_01_Visos (Mac Specific).bin,0x000111D9,Create__4CWndFRC7CVSRectP6CPVWndPc,platform_specific,excluded,,module-level,,owned by the explicitly named Macintosh-specific CODE module; no cross-platform equivalence claimed
CODE_01_Visos (Mac Specific).bin,0x0001124E,__pl__FRC8CVSPointRC8CVSPoint,platform_specific,excluded,,module-level,,owned by the explicitly named Macintosh-specific CODE module; no cross-platform equivalence claimed
CODE_01_Visos (Mac Specific).bin,0x000112A8,__dt__4CWndFv,platform_specific,excluded,,module-level,,owned by the explicitly named Macintosh-specific CODE module; no cross-platform equivalence claimed
CODE_01_Visos (Mac Specific).bin,0x00011362,MoveAbsolute__4CWndFRC8CVSPoint,platform_specific,excluded,,module-level,,owned by the explicitly named Macintosh-specific CODE module; no cross-platform equivalence claimed
CODE_01_Visos (Mac Specific).bin,0x00011448,Move__4CWndFRC8CVSPoint,platform_specific,excluded,,module-level,,owned by the explicitly named Macintosh-specific CODE module; no cross-platform equivalence claimed
CODE_01_Visos (Mac Specific).bin,0x0001153E,Destroy__4CWndFv,platform_specific,excluded,,module-level,,owned by the explicitly named Macintosh-specific CODE module; no cross-platform equivalence claimed
CODE_01_Visos (Mac Specific).bin,0x0001155A,ReSetMenu__4CWndFv,platform_specific,excluded,,module-level,,owned by the explicitly named Macintosh-specific CODE module; no cross-platform equivalence claimed
CODE_01_Visos (Mac Specific).bin,0x00011609,SetMenu__4CWndFRiPP11tagMenuList,platform_specific,excluded,,module-level,,owned by the explicitly named Macintosh-specific CODE module; no cross-platform equivalence claimed
CODE_01_Visos (Mac Specific).bin,0x00011710,SelectMenu__4CWndFl,platform_specific,excluded,,module-level,,owned by the explicitly named Macintosh-specific CODE module; no cross-platform equivalence claimed
CODE_01_Visos (Mac Specific).bin,0x0001176A,_OnZoom__4CWndFi,platform_specific,excluded,,module-level,,owned by the explicitly named Macintosh-specific CODE module; no cross-platform equivalence claimed
CODE_01_Visos (Mac Specific).bin,0x000119EC,_SetRect__4CWndFRC7CVSRect,platform_specific,excluded,,module-level,,owned by the explicitly named Macintosh-specific CODE module; no cross-platform equivalence claimed
CODE_01_Visos (Mac Specific).bin,0x00011A4E,_SetRelTL__4CWndFRC8CVSPoint,platform_specific,excluded,,module-level,,owned by the explicitly named Macintosh-specific CODE module; no cross-platform equivalence claimed
CODE_01_Visos (Mac Specific).bin,0x00011AEE,Process__4CWndFv,platform_specific,excluded,,module-level,,owned by the explicitly named Macintosh-specific CODE module; no cross-platform equivalence claimed
CODE_01_Visos (Mac Specific).bin,0x00011C53,Blit__8CSurfaceFP13CScreenScroll,platform_specific,excluded,,module-level,,owned by the explicitly named Macintosh-specific CODE module; no cross-platform equivalence claimed
CODE_01_Visos (Mac Specific).bin,0x00011CEA,Blit__8CSurfaceFP11CZBuffClear,platform_specific,excluded,,module-level,,owned by the explicitly named Macintosh-specific CODE module; no cross-platform equivalence claimed
CODE_01_Visos (Mac Specific).bin,0x00011D14,Blit__8CSurfaceFP12CZBuffScroll,platform_specific,excluded,,module-level,,owned by the explicitly named Macintosh-specific CODE module; no cross-platform equivalence claimed
CODE_01_Visos (Mac Specific).bin,0x00011D56,Blit__8CSurfaceFP6CPoint,platform_specific,excluded,,module-level,,owned by the explicitly named Macintosh-specific CODE module; no cross-platform equivalence claimed
CODE_01_Visos (Mac Specific).bin,0x00011E35,BlitPoint__8CSurfaceFRC8CVSPointi,platform_specific,excluded,,module-level,,owned by the explicitly named Macintosh-specific CODE module; no cross-platform equivalence claimed
CODE_01_Visos (Mac Specific).bin,0x00011EC8,Blit__8CSurfaceFP10CSolidRect,platform_specific,excluded,,module-level,,owned by the explicitly named Macintosh-specific CODE module; no cross-platform equivalence claimed
CODE_01_Visos (Mac Specific).bin,0x00011FAA,BlitRect__8CSurfaceF7CVSRecti,platform_specific,excluded,,module-level,,owned by the explicitly named Macintosh-specific CODE module; no cross-platform equivalence claimed
CODE_01_Visos (Mac Specific).bin,0x00012012,Blit__8CSurfaceFP5CLine,platform_specific,excluded,,module-level,,owned by the explicitly named Macintosh-specific CODE module; no cross-platform equivalence claimed
CODE_01_Visos (Mac Specific).bin,0x000121A0,BlitLine__8CSurfaceFiiiii,platform_specific,excluded,,module-level,,owned by the explicitly named Macintosh-specific CODE module; no cross-platform equivalence claimed
CODE_01_Visos (Mac Specific).bin,0x0001251C,LineClip__8CSurfaceFRiRiRiRi,platform_specific,excluded,,module-level,,owned by the explicitly named Macintosh-specific CODE module; no cross-platform equivalence claimed
CODE_01_Visos (Mac Specific).bin,0x000125EA,ClipCode__8CSurfaceFii,platform_specific,excluded,,module-level,,owned by the explicitly named Macintosh-specific CODE module; no cross-platform equivalence claimed
CODE_01_Visos (Mac Specific).bin,0x00012640,Blit__8CSurfaceFP7CCircle,platform_specific,excluded,,module-level,,owned by the explicitly named Macintosh-specific CODE module; no cross-platform equivalence claimed
CODE_01_Visos (Mac Specific).bin,0x0001315A,BlitCircle__8CSurfaceFiiii,platform_specific,excluded,,module-level,,owned by the explicitly named Macintosh-specific CODE module; no cross-platform equivalence claimed
CODE_01_Visos (Mac Specific).bin,0x000132D8,ClipCircle__8CSurfaceFiii,platform_specific,excluded,,module-level,,owned by the explicitly named Macintosh-specific CODE module; no cross-platform equivalence claimed
CODE_01_Visos (Mac Specific).bin,0x00013331,Blit__8CSurfaceFP13CFilledCircle,platform_specific,excluded,,module-level,,owned by the explicitly named Macintosh-specific CODE module; no cross-platform equivalence claimed
CODE_01_Visos (Mac Specific).bin,0x00013537,BlitFilledCircle__8CSurfaceFiiii,platform_specific,excluded,,module-level,,owned by the explicitly named Macintosh-specific CODE module; no cross-platform equivalence claimed
CODE_01_Visos (Mac Specific).bin,0x00013853,DrawClippedFilledCircle__8CSurfaceFiiii,platform_specific,excluded,,module-level,,owned by the explicitly named Macintosh-specific CODE module; no cross-platform equivalence claimed
CODE_01_Visos (Mac Specific).bin,0x00013A27,FilledCircleClipPoints__8CSurfaceFiiiii,platform_specific,excluded,,module-level,,owned by the explicitly named Macintosh-specific CODE module; no cross-platform equivalence claimed
CODE_01_Visos (Mac Specific).bin,0x00013BCD,DrawFullFilledCircle__8CSurfaceFiiii,platform_specific,excluded,,module-level,,owned by the explicitly named Macintosh-specific CODE module; no cross-platform equivalence claimed
CODE_01_Visos (Mac Specific).bin,0x00013E51,ClipRect__8CSurfaceFR7CVSRectP7CVSRect,platform_specific,excluded,,module-level,,owned by the explicitly named Macintosh-specific CODE module; no cross-platform equivalence claimed
CODE_01_Visos (Mac Specific).bin,0x00013F79,BlitZRLEClipR__8CSurfaceFRC7CVSRectRC7CVSRectP8CResZRLEUc,platform_specific,excluded,,module-level,,owned by the explicitly named Macintosh-specific CODE module; no cross-platform equivalence claimed
CODE_01_Visos (Mac Specific).bin,0x0001410A,ClipZRLELineR__FPUcPUcii,platform_specific,excluded,,module-level,,owned by the explicitly named Macintosh-specific CODE module; no cross-platform equivalence claimed
CODE_01_Visos (Mac Specific).bin,0x0001414A,GetZRLEEndLine__FPUc,platform_specific,excluded,,module-level,,owned by the explicitly named Macintosh-specific CODE module; no cross-platform equivalence claimed
CODE_01_Visos (Mac Specific).bin,0x0001426B,BlitZRLENoClipZBuffRemap__8CSurfaceFRC7CVSRectP8CResZRLEUsPUc,platform_specific,excluded,,module-level,,owned by the explicitly named Macintosh-specific CODE module; no cross-platform equivalence claimed
CODE_01_Visos (Mac Specific).bin,0x000143AD,BlitZRLENoClipQZBuffRemap__8CSurfaceFRC7CVSRectP8CResZRLEUsPUc,platform_specific,excluded,,module-level,,owned by the explicitly named Macintosh-specific CODE module; no cross-platform equivalence claimed
CODE_01_Visos (Mac Specific).bin,0x000144B9,BlitZRLENoClipR__8CSurfaceFRC7CVSRectP8CResZRLEUc,platform_specific,excluded,,module-level,,owned by the explicitly named Macintosh-specific CODE module; no cross-platform equivalence claimed
CODE_01_Visos (Mac Specific).bin,0x000145D3,BlitZRLEClipRemap__8CSurfaceFRC7CVSRectRC7CVSRectP8CResZRLEUcPUc,platform_specific,excluded,,module-level,,owned by the explicitly named Macintosh-specific CODE module; no cross-platform equivalence claimed
CODE_01_Visos (Mac Specific).bin,0x000147A4,ClipZRLELineRemap__FPUcPUciiPUc,platform_specific,excluded,,module-level,,owned by the explicitly named Macintosh-specific CODE module; no cross-platform equivalence claimed
CODE_01_Visos (Mac Specific).bin,0x00014881,BlitZRLEClipZBuffRemap__8CSurfaceFRC7CVSRectRC7CVSRectP8CResZRLEUsPUc,platform_specific,excluded,,module-level,,owned by the explicitly named Macintosh-specific CODE module; no cross-platform equivalence claimed
CODE_01_Visos (Mac Specific).bin,0x00014A8B,ClipZRLELineZBuffRemap__FPUcPUciiPUsUsPUc,platform_specific,excluded,,module-level,,owned by the explicitly named Macintosh-specific CODE module; no cross-platform equivalence claimed
CODE_01_Visos (Mac Specific).bin,0x00014B73,BlitZRLEClipQZBuffRemap__8CSurfaceFRC7CVSRectRC7CVSRectP8CResZRLEUsPUc,platform_specific,excluded,,module-level,,owned by the explicitly named Macintosh-specific CODE module; no cross-platform equivalence claimed
CODE_01_Visos (Mac Specific).bin,0x00014DF5,ClipZRLELineQZBuffRemap__FPUcPUciiPUsUsPUc,platform_specific,excluded,,module-level,,owned by the explicitly named Macintosh-specific CODE module; no cross-platform equivalence claimed
CODE_01_Visos (Mac Specific).bin,0x00014F2D,BlitZRLEClipRemapR__8CSurfaceFRC7CVSRectRC7CVSRectP8CResZRLEUcPUc,platform_specific,excluded,,module-level,,owned by the explicitly named Macintosh-specific CODE module; no cross-platform equivalence claimed
CODE_01_Visos (Mac Specific).bin,0x00015101,ClipZRLELineRemapR__FPUcPUciiPUc,platform_specific,excluded,,module-level,,owned by the explicitly named Macintosh-specific CODE module; no cross-platform equivalence claimed
CODE_01_Visos (Mac Specific).bin,0x000151F5,BlitZRLENoClipRemap__8CSurfaceFRC7CVSRectP8CResZRLEUcPUc,platform_specific,excluded,,module-level,,owned by the explicitly named Macintosh-specific CODE module; no cross-platform equivalence claimed
CODE_01_Visos (Mac Specific).bin,0x0001530D,BlitZRLENoClipRemapR__8CSurfaceFRC7CVSRectP8CResZRLEUcPUc,platform_specific,excluded,,module-level,,owned by the explicitly named Macintosh-specific CODE module; no cross-platform equivalence claimed
CODE_01_Visos (Mac Specific).bin,0x000153CF,Blit__8CSurfaceFP5CZRLEP8CResZRLE,platform_specific,excluded,,module-level,,owned by the explicitly named Macintosh-specific CODE module; no cross-platform equivalence claimed
CODE_01_Visos (Mac Specific).bin,0x00015839,BlitZRLE__8CSurfaceFiiP8CResZRLEUlP6CRemapUs,platform_specific,excluded,,module-level,,owned by the explicitly named Macintosh-specific CODE module; no cross-platform equivalence claimed
CODE_01_Visos (Mac Specific).bin,0x0001590D,Blit__8CSurfaceFP7CBitmapP10CResBITMAP,platform_specific,excluded,,module-level,,owned by the explicitly named Macintosh-specific CODE module; no cross-platform equivalence claimed
CODE_01_Visos (Mac Specific).bin,0x00015B11,BlitBitmap__8CSurfaceFRC8CVSPointRC7CVSRectP10CResBITMAPUl,platform_specific,excluded,,module-level,,owned by the explicitly named Macintosh-specific CODE module; no cross-platform equivalence claimed
CODE_01_Visos (Mac Specific).bin,0x00015B80,__ct__5CAnimFv,platform_specific,excluded,,module-level,,owned by the explicitly named Macintosh-specific CODE module; no cross-platform equivalence claimed
CODE_01_Visos (Mac Specific).bin,0x00015BB6,__ct__5CZRLEFv,platform_specific,excluded,,module-level,,owned by the explicitly named Macintosh-specific CODE module; no cross-platform equivalence claimed
CODE_01_Visos (Mac Specific).bin,0x00015BFC,toPoint__7CVSSizeFv,platform_specific,excluded,,module-level,,owned by the explicitly named Macintosh-specific CODE module; no cross-platform equivalence claimed
CODE_01_Visos (Mac Specific).bin,0x00015C52,NextSANIM__13CAnimsManagerFv,platform_specific,excluded,,module-level,,owned by the explicitly named Macintosh-specific CODE module; no cross-platform equivalence claimed
CODE_01_Visos (Mac Specific).bin,0x00015CB8,NextSZRLE__13CAnimsManagerFv,platform_specific,excluded,,module-level,,owned by the explicitly named Macintosh-specific CODE module; no cross-platform equivalence claimed
CODE_01_Visos (Mac Specific).bin,0x00015D06,__ct__5CLineFv,platform_specific,excluded,,module-level,,owned by the explicitly named Macintosh-specific CODE module; no cross-platform equivalence claimed
CODE_01_Visos (Mac Specific).bin,0x00015D28,GetFrameNo__11CStaticAnimFv,platform_specific,excluded,,module-level,,owned by the explicitly named Macintosh-specific CODE module; no cross-platform equivalence claimed
CODE_01_Visos (Mac Specific).bin,0x00015D56,GetFrameNo__7CFramesFv,platform_specific,excluded,,module-level,,owned by the explicitly named Macintosh-specific CODE module; no cross-platform equivalence claimed
CODE_01_Visos (Mac Specific).bin,0x00015D78,FreeVram__13CAnimsManagerFv,platform_specific,excluded,,module-level,,owned by the explicitly named Macintosh-specific CODE module; no cross-platform equivalence claimed
CODE_01_Visos (Mac Specific).bin,0x00015DA8,SetAnimTime__10CTimedAnimFUl,platform_specific,excluded,,module-level,,owned by the explicitly named Macintosh-specific CODE module; no cross-platform equivalence claimed
CODE_01_Visos (Mac Specific).bin,0x00015DDA,SetStartTime__10CTimedAnimFUl,platform_specific,excluded,,module-level,,owned by the explicitly named Macintosh-specific CODE module; no cross-platform equivalence claimed
CODE_01_Visos (Mac Specific).bin,0x00015E0D,SetAnimDirection__10CTimedAnimFi,platform_specific,excluded,,module-level,,owned by the explicitly named Macintosh-specific CODE module; no cross-platform equivalence claimed
CODE_01_Visos (Mac Specific).bin,0x00015E3B,GetnVramEntries__12CResBaseLISTFv,platform_specific,excluded,,module-level,,owned by the explicitly named Macintosh-specific CODE module; no cross-platform equivalence claimed
CODE_01_Visos (Mac Specific).bin,0x00015E7D,GetfVramLoaded__12CResBaseLISTFv,platform_specific,excluded,,module-level,,owned by the explicitly named Macintosh-specific CODE module; no cross-platform equivalence claimed
CODE_01_Visos (Mac Specific).bin,0x00015EAB,ForceLoadVram__12CResBaseLISTFUl,platform_specific,excluded,,module-level,,owned by the explicitly named Macintosh-specific CODE module; no cross-platform equivalence claimed
CODE_01_Visos (Mac Specific).bin,0x00015EE5,GetfAnyVramLoaded__12CResBaseLISTFv,platform_specific,excluded,,module-level,,owned by the explicitly named Macintosh-specific CODE module; no cross-platform equivalence claimed
CODE_01_Visos (Mac Specific).bin,0x00015F15,UnLoadVramData__12CResBaseLISTFUlUc,platform_specific,excluded,,module-level,,owned by the explicitly named Macintosh-specific CODE module; no cross-platform equivalence claimed
CODE_01_Visos (Mac Specific).bin,0x00015F80,__dt__8CResZRLEFv,platform_specific,excluded,,module-level,,owned by the explicitly named Macintosh-specific CODE module; no cross-platform equivalence claimed
CODE_01_Visos (Mac Specific).bin,0x00015FEE,__ct__8CResZRLEFv,platform_specific,excluded,,module-level,,owned by the explicitly named Macintosh-specific CODE module; no cross-platform equivalence claimed
CODE_01_Visos (Mac Specific).bin,0x00016030,__ct__7CResINTFv,platform_specific,excluded,,module-level,,owned by the explicitly named Macintosh-specific CODE module; no cross-platform equivalence claimed
CODE_01_Visos (Mac Specific).bin,0x00016072,__ct__10CResSTRINGFv,platform_specific,excluded,,module-level,,owned by the explicitly named Macintosh-specific CODE module; no cross-platform equivalence claimed
CODE_01_Visos (Mac Specific).bin,0x000160E6,__dt__8CResANIMFv,platform_specific,excluded,,module-level,,owned by the explicitly named Macintosh-specific CODE module; no cross-platform equivalence claimed
CODE_01_Visos (Mac Specific).bin,0x00016114,GetnVramEntries__8CResANIMFv,platform_specific,excluded,,module-level,,owned by the explicitly named Macintosh-specific CODE module; no cross-platform equivalence claimed
CODE_01_Visos (Mac Specific).bin,0x0001615D,DirectResources__8CResANIMFUlRPUc,platform_specific,excluded,,module-level,,owned by the explicitly named Macintosh-specific CODE module; no cross-platform equivalence claimed
CODE_01_Visos (Mac Specific).bin,0x000161AF,DirectResources__8CResANIMFUlRPUcRPUc,platform_specific,excluded,,module-level,,owned by the explicitly named Macintosh-specific CODE module; no cross-platform equivalence claimed
CODE_01_Visos (Mac Specific).bin,0x000161FC,UnLoadResources__8CResANIMFUlUc,platform_specific,excluded,,module-level,,owned by the explicitly named Macintosh-specific CODE module; no cross-platform equivalence claimed
CODE_01_Visos (Mac Specific).bin,0x00016238,SetType__12CResBaseLISTFv,platform_specific,excluded,,module-level,,owned by the explicitly named Macintosh-specific CODE module; no cross-platform equivalence claimed
CODE_01_Visos (Mac Specific).bin,0x00016264,GetSizeUsed__12CResBaseLISTFv,platform_specific,excluded,,module-level,,owned by the explicitly named Macintosh-specific CODE module; no cross-platform equivalence claimed
CODE_01_Visos (Mac Specific).bin,0x0001629B,GetfVramSwappable__12CResBaseLISTFv,platform_specific,excluded,,module-level,,owned by the explicitly named Macintosh-specific CODE module; no cross-platform equivalence claimed
CODE_01_Visos (Mac Specific).bin,0x000162DC,SetType__10CResBITMAPFv,platform_specific,excluded,,module-level,,owned by the explicitly named Macintosh-specific CODE module; no cross-platform equivalence claimed
CODE_01_Visos (Mac Specific).bin,0x0001633A,__dt__10CResBITMAPFv,platform_specific,excluded,,module-level,,owned by the explicitly named Macintosh-specific CODE module; no cross-platform equivalence claimed
CODE_01_Visos (Mac Specific).bin,0x0001636C,SetType__8CResZRLEFv,platform_specific,excluded,,module-level,,owned by the explicitly named Macintosh-specific CODE module; no cross-platform equivalence claimed
CODE_01_Visos (Mac Specific).bin,0x000163B9,Set__5CTextFRC8CVSPointP8CResFONTPCcUlP6CRemap,platform_specific,excluded,,module-level,,owned by the explicitly named Macintosh-specific CODE module; no cross-platform equivalence claimed
CODE_01_Visos (Mac Specific).bin,0x00016427,Set__5CTextFRC8CVSPointP8CResFONT7CStringUlP6CRemap,platform_specific,excluded,,module-level,,owned by the explicitly named Macintosh-specific CODE module; no cross-platform equivalence claimed
CODE_01_Visos (Mac Specific).bin,0x000164A4,__op7CVector__8CVSPointCFv,platform_specific,excluded,,module-level,,owned by the explicitly named Macintosh-specific CODE module; no cross-platform equivalence claimed
CODE_01_Visos (Mac Specific).bin,0x000164E8,__mi__6CFixedCFv,platform_specific,excluded,,module-level,,owned by the explicitly named Macintosh-specific CODE module; no cross-platform equivalence claimed
CODE_01_Visos (Mac Specific).bin,0x0001653A,__op8CVSPoint__7CVectorCFv,platform_specific,excluded,,module-level,,owned by the explicitly named Macintosh-specific CODE module; no cross-platform equivalence claimed
CODE_01_Visos (Mac Specific).bin,0x000165A4,GetBR__7CVSRectCFv,platform_specific,excluded,,module-level,,owned by the explicitly named Macintosh-specific CODE module; no cross-platform equivalence claimed
CODE_01_Visos (Mac Specific).bin,0x000165E4,__dv__FRC6CFixedi,platform_specific,excluded,,module-level,,owned by the explicitly named Macintosh-specific CODE module; no cross-platform equivalence claimed
CODE_01_Visos (Mac Specific).bin,0x00016622,__ml__FRC6CFixedi,platform_specific,excluded,,module-level,,owned by the explicitly named Macintosh-specific CODE module; no cross-platform equivalence claimed
CODE_01_Visos (Mac Specific).bin,0x0001665A,__as__19CFileNetworkAddressFPCc,platform_specific,excluded,,module-level,,owned by the explicitly named Macintosh-specific CODE module; no cross-platform equivalence claimed
CODE_01_Visos (Mac Specific).bin,0x000166B6,__dt__14CHeaderMessageFv,platform_specific,excluded,,module-level,,owned by the explicitly named Macintosh-specific CODE module; no cross-platform equivalence claimed
CODE_01_Visos (Mac Specific).bin,0x000166F9,__as__19CFileNetworkAddressFR15CNetworkAddress,platform_specific,excluded,,module-level,,owned by the explicitly named Macintosh-specific CODE module; no cross-platform equivalence claimed
CODE_01_Visos (Mac Specific).bin,0x00016751,__eq__19CFileNetworkAddressFR15CNetworkAddress,platform_specific,excluded,,module-level,,owned by the explicitly named Macintosh-specific CODE module; no cross-platform equivalence claimed
CODE_01_Visos (Mac Specific).bin,0x00016790,GetStr__19CFileNetworkAddressFv,platform_specific,excluded,,module-level,,owned by the explicitly named Macintosh-specific CODE module; no cross-platform equivalence claimed
CODE_01_Visos (Mac Specific).bin,0x000167CC,Closed__16CFileWriteSocketFUc,platform_specific,excluded,,module-level,,owned by the explicitly named Macintosh-specific CODE module; no cross-platform equivalence claimed
CODE_01_Visos (Mac Specific).bin,0x0001680C,Closed__13CFileRWSocketFUc,platform_specific,excluded,,module-level,,owned by the explicitly named Macintosh-specific CODE module; no cross-platform equivalence claimed
CODE_01_Visos (Mac Specific).bin,0x00016847,ReceiveAcknowledgement__13CFileRWSocketFv,platform_specific,excluded,,module-level,,owned by the explicitly named Macintosh-specific CODE module; no cross-platform equivalence claimed
CODE_01_Visos (Mac Specific).bin,0x0001688E,Closed__14CFileBroadcastFUc,platform_specific,excluded,,module-level,,owned by the explicitly named Macintosh-specific CODE module; no cross-platform equivalence claimed
CODE_01_Visos (Mac Specific).bin,0x000168D0,Process__12CFileConnectFv,platform_specific,excluded,,module-level,,owned by the explicitly named Macintosh-specific CODE module; no cross-platform equivalence claimed
CODE_01_Visos (Mac Specific).bin,0x00016909,SendAcknowledgement__13CFileRWSocketFv,platform_specific,excluded,,module-level,,owned by the explicitly named Macintosh-specific CODE module; no cross-platform equivalence claimed
CODE_01_Visos (Mac Specific).bin,0x0001694C,Closed__12CFileConnectFUc,platform_specific,excluded,,module-level,,owned by the explicitly named Macintosh-specific CODE module; no cross-platform equivalence claimed
CODE_01_Visos (Mac Specific).bin,0x0001697F,ReceiveAcknowledgement__12CFileConnectFv,platform_specific,excluded,,module-level,,owned by the explicitly named Macintosh-specific CODE module; no cross-platform equivalence claimed
CODE_01_Visos (Mac Specific).bin,0x00016FE1,IsRetryOverflow__12CWritePacketFv,platform_specific,excluded,,module-level,,owned by the explicitly named Macintosh-specific CODE module; no cross-platform equivalence claimed
CODE_01_Visos (Mac Specific).bin,0x00017026,SetResend__12CWritePacketFv,platform_specific,excluded,,module-level,,owned by the explicitly named Macintosh-specific CODE module; no cross-platform equivalence claimed
CODE_01_Visos (Mac Specific).bin,0x00017088,__dt__18CMessFAILEDConnectFv,platform_specific,excluded,,module-level,,owned by the explicitly named Macintosh-specific CODE module; no cross-platform equivalence claimed
CODE_01_Visos (Mac Specific).bin,0x000170EC,__dt__14CMessGOConnectFv,platform_specific,excluded,,module-level,,owned by the explicitly named Macintosh-specific CODE module; no cross-platform equivalence claimed
CODE_01_Visos (Mac Specific).bin,0x0001714C,__dt__14CMessOKConnectFv,platform_specific,excluded,,module-level,,owned by the explicitly named Macintosh-specific CODE module; no cross-platform equivalence claimed
CODE_01_Visos (Mac Specific).bin,0x000171B8,__dt__15CMessReqNewPortFv,platform_specific,excluded,,module-level,,owned by the explicitly named Macintosh-specific CODE module; no cross-platform equivalence claimed
CODE_01_Visos (Mac Specific).bin,0x00017366,__dt__16CDepressedButtonFv,platform_specific,excluded,,module-level,,owned by the explicitly named Macintosh-specific CODE module; no cross-platform equivalence claimed
CODE_01_Visos (Mac Specific).bin,0x000173B4,__ct__9CClipRectFv,platform_specific,excluded,,module-level,,owned by the explicitly named Macintosh-specific CODE module; no cross-platform equivalence claimed
CODE_01_Visos (Mac Specific).bin,0x0001740C,Destroy__9CPVButtonFv,platform_specific,excluded,,module-level,,owned by the explicitly named Macintosh-specific CODE module; no cross-platform equivalence claimed
CODE_01_Visos (Mac Specific).bin,0x0001742C,OnPaint__9CPVButtonFRC7CVSRect,platform_specific,excluded,,module-level,,owned by the explicitly named Macintosh-specific CODE module; no cross-platform equivalence claimed
CODE_01_Visos (Mac Specific).bin,0x000174C4,GetRelRect__6CPVWndFv,platform_specific,excluded,,module-level,,owned by the explicitly named Macintosh-specific CODE module; no cross-platform equivalence claimed
CODE_01_Visos (Mac Specific).bin,0x000174FA,__ct__11CPushActiveFv,platform_specific,excluded,,module-level,,owned by the explicitly named Macintosh-specific CODE module; no cross-platform equivalence claimed
CODE_01_Visos (Mac Specific).bin,0x00017562,__pl__FRC7CVSSizeRC7CVSSize,platform_specific,excluded,,module-level,,owned by the explicitly named Macintosh-specific CODE module; no cross-platform equivalence claimed
CODE_01_Visos (Mac Specific).bin,0x000175C8,__ml__FRC7CVSSizei,platform_specific,excluded,,module-level,,owned by the explicitly named Macintosh-specific CODE module; no cross-platform equivalence claimed
CODE_01_Visos (Mac Specific).bin,0x0001760D,OnReleased__16CDepressedButtonF12BUTTON_FLAGS,platform_specific,excluded,,module-level,,owned by the explicitly named Macintosh-specific CODE module; no cross-platform equivalence claimed
CODE_01_Visos (Mac Specific).bin,0x0001766D,OnPressed__16CDepressedButtonF12BUTTON_FLAGS,platform_specific,excluded,,module-level,,owned by the explicitly named Macintosh-specific CODE module; no cross-platform equivalence claimed
CODE_01_Visos (Mac Specific).bin,0x000176C9,OnEnterButton__16CDepressedButtonFv,platform_specific,excluded,,module-level,,owned by the explicitly named Macintosh-specific CODE module; no cross-platform equivalence claimed
CODE_01_Visos (Mac Specific).bin,0x0001771D,OnExitButton__16CDepressedButtonFv,platform_specific,excluded,,module-level,,owned by the explicitly named Macintosh-specific CODE module; no cross-platform equivalence claimed
CODE_01_Visos (Mac Specific).bin,0x00017750,GetStyle__9CPVButtonFv,platform_specific,excluded,,module-level,,owned by the explicitly named Macintosh-specific CODE module; no cross-platform equivalence claimed
CODE_01_Visos (Mac Specific).bin,0x000177D6,Move__9CPVButtonFRC8CVSPoint,platform_specific,excluded,,module-level,,owned by the explicitly named Macintosh-specific CODE module; no cross-platform equivalence claimed
CODE_01_Visos (Mac Specific).bin,0x0001783B,OnVisibilityChange__9CPVButtonFv,platform_specific,excluded,,module-level,,owned by the explicitly named Macintosh-specific CODE module; no cross-platform equivalence claimed
CODE_01_Visos (Mac Specific).bin,0x00017910,GetASCII__8CResFONTCFUl,platform_specific,excluded,,module-level,,owned by the explicitly named Macintosh-specific CODE module; no cross-platform equivalence claimed
CODE_01_Visos (Mac Specific).bin,0x0001797E,__dv__FRC7CVSSizeRC7CVSSize,platform_specific,excluded,,module-level,,owned by the explicitly named Macintosh-specific CODE module; no cross-platform equivalence claimed
CODE_01_Visos (Mac Specific).bin,0x000179EC,__mi__FRC7CVSSizeRC7CVSSize,platform_specific,excluded,,module-level,,owned by the explicitly named Macintosh-specific CODE module; no cross-platform equivalence claimed
CODE_01_Visos (Mac Specific).bin,0x00017A26,__ct__13tagCHANGERECTFv,platform_specific,excluded,,module-level,,owned by the explicitly named Macintosh-specific CODE module; no cross-platform equivalence claimed
CODE_01_Visos (Mac Specific).bin,0x00017A77,Set__5CTextFiiP8CResFONT7CStringUlP6CRemap,platform_specific,excluded,,module-level,,owned by the explicitly named Macintosh-specific CODE module; no cross-platform equivalence claimed
CODE_01_Visos (Mac Specific).bin,0x00017AD7,Set__5CTextFiiP8CResFONTPCcUlP6CRemap,platform_specific,excluded,,module-level,,owned by the explicitly named Macintosh-specific CODE module; no cross-platform equivalence claimed
CODE_01_Visos (Mac Specific).bin,0x00017B22,OnExit__12CHotAreaListFv,platform_specific,excluded,,module-level,,owned by the explicitly named Macintosh-specific CODE module; no cross-platform equivalence claimed
CODE_01_Visos (Mac Specific).bin,0x00017B86,__ml__FRC8CVSPointi,platform_specific,excluded,,module-level,,owned by the explicitly named Macintosh-specific CODE module; no cross-platform equivalence claimed
CODE_01_Visos (Mac Specific).bin,0x00017BE4,__dv__FRC8CVSPointi,platform_specific,excluded,,module-level,,owned by the explicitly named Macintosh-specific CODE module; no cross-platform equivalence claimed
CODE_01_Visos (Mac Specific).bin,0x00017D25,ScrollOld__12CPVGDIBitmapFRC7CVSRectRC8CVSPoint,platform_specific,excluded,,module-level,,owned by the explicitly named Macintosh-specific CODE module; no cross-platform equivalence claimed
CODE_01_Visos (Mac Specific).bin,0x00017D9E,__dt__11CTimedQueueFv,platform_specific,excluded,,module-level,,owned by the explicitly named Macintosh-specific CODE module; no cross-platform equivalence claimed
CODE_01_Visos (Mac Specific).bin,0x00017E05,CheckValidPointer__12CSmallMemoryFPUc,platform_specific,excluded,,module-level,,owned by the explicitly named Macintosh-specific CODE module; no cross-platform equivalence claimed
CODE_01_Visos (Mac Specific).bin,0x00017E86,_SetRect__6CPVWndFRC7CVSRect,platform_specific,excluded,,module-level,,owned by the explicitly named Macintosh-specific CODE module; no cross-platform equivalence claimed
CODE_01_Visos (Mac Specific).bin,0x00017EAE,ReSetMenu__6CPVWndFv,platform_specific,excluded,,module-level,,owned by the explicitly named Macintosh-specific CODE module; no cross-platform equivalence claimed
CODE_01_Visos (Mac Specific).bin,0x00017ECF,SetMenu__6CPVWndFRiPP11tagMenuList,platform_specific,excluded,,module-level,,owned by the explicitly named Macintosh-specific CODE module; no cross-platform equivalence claimed
CODE_01_Visos (Mac Specific).bin,0x00017EFC,_SetRelTL__6CPVWndFRC8CVSPoint,platform_specific,excluded,,module-level,,owned by the explicitly named Macintosh-specific CODE module; no cross-platform equivalence claimed
CODE_01_Visos (Mac Specific).bin,0x00017F28,IsFocusWindow__6CPVWndFv,platform_specific,excluded,,module-level,,owned by the explicitly named Macintosh-specific CODE module; no cross-platform equivalence claimed
CODE_01_Visos (Mac Specific).bin,0x00017F92,Mem2Offs__7CBucketFPUc,platform_specific,excluded,,module-level,,owned by the explicitly named Macintosh-specific CODE module; no cross-platform equivalence claimed
CODE_01_Visos (Mac Specific).bin,0x00017FC2,__ct__6CFixedFv,platform_specific,excluded,,module-level,,owned by the explicitly named Macintosh-specific CODE module; no cross-platform equivalence claimed
CODE_01_Visos (Mac Specific).bin,0x0001800E,__dt__15CGameObjectMessFv,platform_specific,excluded,,module-level,,owned by the explicitly named Macintosh-specific CODE module; no cross-platform equivalence claimed
CODE_01_Visos (Mac Specific).bin,0x00018058,__dt__8CProcessFv,platform_specific,excluded,,module-level,,owned by the explicitly named Macintosh-specific CODE module; no cross-platform equivalence claimed
CODE_01_Visos (Mac Specific).bin,0x000180A6,__dt__18CBaseObjectManagerFv,platform_specific,excluded,,module-level,,owned by the explicitly named Macintosh-specific CODE module; no cross-platform equivalence claimed
CODE_01_Visos (Mac Specific).bin,0x00018100,__dt__17CGlobalGameObjectFv,platform_specific,excluded,,module-level,,owned by the explicitly named Macintosh-specific CODE module; no cross-platform equivalence claimed
CODE_01_Visos (Mac Specific).bin,0x00018164,__dt__17CBaseGlobalObjectFv,platform_specific,excluded,,module-level,,owned by the explicitly named Macintosh-specific CODE module; no cross-platform equivalence claimed
CODE_01_Visos (Mac Specific).bin,0x000181BC,__dt__19CGameFlaggedMessageFv,platform_specific,excluded,,module-level,,owned by the explicitly named Macintosh-specific CODE module; no cross-platform equivalence claimed
CODE_01_Visos (Mac Specific).bin,0x00018216,__dt__17CGameStateMessageFv,platform_specific,excluded,,module-level,,owned by the explicitly named Macintosh-specific CODE module; no cross-platform equivalence claimed
CODE_01_Visos (Mac Specific).bin,0x0001826E,__dt__14CPBNetworkGameFv,platform_specific,excluded,,module-level,,owned by the explicitly named Macintosh-specific CODE module; no cross-platform equivalence claimed
CODE_01_Visos (Mac Specific).bin,0x000182D5,GetViewData__12CBallManagerFP9CViewData,platform_specific,excluded,,module-level,,owned by the explicitly named Macintosh-specific CODE module; no cross-platform equivalence claimed
CODE_01_Visos (Mac Specific).bin,0x00018401,GetViewData__11CGameObjectFR9CViewData,platform_specific,excluded,,module-level,,owned by the explicitly named Macintosh-specific CODE module; no cross-platform equivalence claimed
CODE_01_Visos (Mac Specific).bin,0x0001843D,SetSndEffect__11CGameObjectF12eSoundEffect,platform_specific,excluded,,module-level,,owned by the explicitly named Macintosh-specific CODE module; no cross-platform equivalence claimed
CODE_01_Visos (Mac Specific).bin,0x000184B2,GetCollision__12CGroundArrayFii,platform_specific,excluded,,module-level,,owned by the explicitly named Macintosh-specific CODE module; no cross-platform equivalence claimed
CODE_01_Visos (Mac Specific).bin,0x00018540,GetZ__12CGroundArrayFii,platform_specific,excluded,,module-level,,owned by the explicitly named Macintosh-specific CODE module; no cross-platform equivalence claimed
CODE_01_Visos (Mac Specific).bin,0x00018575,GetData__20CTransportObjectMessFv,platform_specific,excluded,,module-level,,owned by the explicitly named Macintosh-specific CODE module; no cross-platform equivalence claimed
CODE_01_Visos (Mac Specific).bin,0x000185E0,__dt__20CTransportObjectMessFv,platform_specific,excluded,,module-level,,owned by the explicitly named Macintosh-specific CODE module; no cross-platform equivalence claimed
CODE_01_Visos (Mac Specific).bin,0x00018648,__dt__18CRequestCancelMessFv,platform_specific,excluded,,module-level,,owned by the explicitly named Macintosh-specific CODE module; no cross-platform equivalence claimed
CODE_01_Visos (Mac Specific).bin,0x000186AE,__dt__17CRemoveObjectMessFv,platform_specific,excluded,,module-level,,owned by the explicitly named Macintosh-specific CODE module; no cross-platform equivalence claimed
CODE_01_Visos (Mac Specific).bin,0x00018706,__dt__15CTheBalloonPostFv,platform_specific,excluded,,module-level,,owned by the explicitly named Macintosh-specific CODE module; no cross-platform equivalence claimed
CODE_01_Visos (Mac Specific).bin,0x0001875C,__dt__11CEnemyGroupFv,platform_specific,excluded,,module-level,,owned by the explicitly named Macintosh-specific CODE module; no cross-platform equivalence claimed
CODE_01_Visos (Mac Specific).bin,0x00018785,GetGroupState__13CGenericGroupFv,platform_specific,excluded,,module-level,,owned by the explicitly named Macintosh-specific CODE module; no cross-platform equivalence claimed
CODE_01_Visos (Mac Specific).bin,0x000187BB,SetGroupState__13CGenericGroupF11eGroupState,platform_specific,excluded,,module-level,,owned by the explicitly named Macintosh-specific CODE module; no cross-platform equivalence claimed
CODE_01_Visos (Mac Specific).bin,0x000187FC,Action__11CGameObjectF7eAction,platform_specific,excluded,,module-level,,owned by the explicitly named Macintosh-specific CODE module; no cross-platform equivalence claimed
CODE_01_Visos (Mac Specific).bin,0x00018836,Action__11CGameObjectF7eActioni,platform_specific,excluded,,module-level,,owned by the explicitly named Macintosh-specific CODE module; no cross-platform equivalence claimed
CODE_01_Visos (Mac Specific).bin,0x00018861,ForgetObjectLink__11CGameObjectFUs,platform_specific,excluded,,module-level,,owned by the explicitly named Macintosh-specific CODE module; no cross-platform equivalence claimed
CODE_01_Visos (Mac Specific).bin,0x00018890,Process__11CGameObjectFv,platform_specific,excluded,,module-level,,owned by the explicitly named Macintosh-specific CODE module; no cross-platform equivalence claimed
CODE_01_Visos (Mac Specific).bin,0x000188B7,Activate__11CGameObjectFP11CGameObject,platform_specific,excluded,,module-level,,owned by the explicitly named Macintosh-specific CODE module; no cross-platform equivalence claimed
CODE_01_Visos (Mac Specific).bin,0x000188FA,IsFlying__11CGameObjectFv,platform_specific,excluded,,module-level,,owned by the explicitly named Macintosh-specific CODE module; no cross-platform equivalence claimed
CODE_01_Visos (Mac Specific).bin,0x00018920,Usage__11CGameObjectFv,platform_specific,excluded,,module-level,,owned by the explicitly named Macintosh-specific CODE module; no cross-platform equivalence claimed
CODE_01_Visos (Mac Specific).bin,0x0001895D,ActivatePosition__11CGameObjectFv,platform_specific,excluded,,module-level,,owned by the explicitly named Macintosh-specific CODE module; no cross-platform equivalence claimed
CODE_01_Visos (Mac Specific).bin,0x0001898A,StartStanding__11CGameObjectFv,platform_specific,excluded,,module-level,,owned by the explicitly named Macintosh-specific CODE module; no cross-platform equivalence claimed
CODE_01_Visos (Mac Specific).bin,0x000189BC,GetSndEffect__11CGameObjectFv,platform_specific,excluded,,module-level,,owned by the explicitly named Macintosh-specific CODE module; no cross-platform equivalence claimed
CODE_01_Visos (Mac Specific).bin,0x00018A3D,Collision__11CGameObjectFRC4CPt3,platform_specific,excluded,,module-level,,owned by the explicitly named Macintosh-specific CODE module; no cross-platform equivalence claimed
CODE_01_Visos (Mac Specific).bin,0x00018ACF,Collision__11CGameObjectFRC6CRect3,platform_specific,excluded,,module-level,,owned by the explicitly named Macintosh-specific CODE module; no cross-platform equivalence claimed
CODE_01_Visos (Mac Specific).bin,0x00018AFD,HitBullet__11CGameObjectFP7CBullet,platform_specific,excluded,,module-level,,owned by the explicitly named Macintosh-specific CODE module; no cross-platform equivalence claimed
CODE_01_Visos (Mac Specific).bin,0x00018B2A,HitBall__11CGameObjectFv,platform_specific,excluded,,module-level,,owned by the explicitly named Macintosh-specific CODE module; no cross-platform equivalence claimed
CODE_01_Visos (Mac Specific).bin,0x00018B50,IsHit__11CGameObjectFv,platform_specific,excluded,,module-level,,owned by the explicitly named Macintosh-specific CODE module; no cross-platform equivalence claimed
CODE_01_Visos (Mac Specific).bin,0x00018B72,GetHit__11CGameObjectFv,platform_specific,excluded,,module-level,,owned by the explicitly named Macintosh-specific CODE module; no cross-platform equivalence claimed
CODE_01_Visos (Mac Specific).bin,0x00018B94,HitMine__11CGameObjectFv,platform_specific,excluded,,module-level,,owned by the explicitly named Macintosh-specific CODE module; no cross-platform equivalence claimed
CODE_01_Visos (Mac Specific).bin,0x00018BB8,Die__11CGameObjectFv,platform_specific,excluded,,module-level,,owned by the explicitly named Macintosh-specific CODE module; no cross-platform equivalence claimed
CODE_01_Visos (Mac Specific).bin,0x00018BD8,Land__11CGameObjectFv,platform_specific,excluded,,module-level,,owned by the explicitly named Macintosh-specific CODE module; no cross-platform equivalence claimed
CODE_01_Visos (Mac Specific).bin,0x00018BFA,FacingCursor__11CGameObjectFv,platform_specific,excluded,,module-level,,owned by the explicitly named Macintosh-specific CODE module; no cross-platform equivalence claimed
CODE_01_Visos (Mac Specific).bin,0x00018C23,TurnToFaceCursor__11CGameObjectFv,platform_specific,excluded,,module-level,,owned by the explicitly named Macintosh-specific CODE module; no cross-platform equivalence claimed
CODE_01_Visos (Mac Specific).bin,0x00018C53,IsRequestingFire__11CGameObjectFv,platform_specific,excluded,,module-level,,owned by the explicitly named Macintosh-specific CODE module; no cross-platform equivalence claimed
CODE_01_Visos (Mac Specific).bin,0x00018C82,Bored__11CGameObjectFv,platform_specific,excluded,,module-level,,owned by the explicitly named Macintosh-specific CODE module; no cross-platform equivalence claimed
CODE_01_Visos (Mac Specific).bin,0x00018CA4,SetBored__11CGameObjectFUl,platform_specific,excluded,,module-level,,owned by the explicitly named Macintosh-specific CODE module; no cross-platform equivalence claimed
CODE_01_Visos (Mac Specific).bin,0x00018CCA,Fire__11CGameObjectFv,platform_specific,excluded,,module-level,,owned by the explicitly named Macintosh-specific CODE module; no cross-platform equivalence claimed
CODE_01_Visos (Mac Specific).bin,0x00018CEA,StartFiring__11CGameObjectFv,platform_specific,excluded,,module-level,,owned by the explicitly named Macintosh-specific CODE module; no cross-platform equivalence claimed
CODE_01_Visos (Mac Specific).bin,0x00018D12,EndFiring__11CGameObjectFv,platform_specific,excluded,,module-level,,owned by the explicitly named Macintosh-specific CODE module; no cross-platform equivalence claimed
CODE_01_Visos (Mac Specific).bin,0x00018D38,RandomAction__11CGameObjectFv,platform_specific,excluded,,module-level,,owned by the explicitly named Macintosh-specific CODE module; no cross-platform equivalence claimed
CODE_01_Visos (Mac Specific).bin,0x00018D62,FacingTarget__11CGameObjectFv,platform_specific,excluded,,module-level,,owned by the explicitly named Macintosh-specific CODE module; no cross-platform equivalence claimed
CODE_01_Visos (Mac Specific).bin,0x00018D8B,TurnToFaceTarget__11CGameObjectFv,platform_specific,excluded,,module-level,,owned by the explicitly named Macintosh-specific CODE module; no cross-platform equivalence claimed
CODE_01_Visos (Mac Specific).bin,0x00018DBA,PossiblyOnLift__11CGameObjectFv,platform_specific,excluded,,module-level,,owned by the explicitly named Macintosh-specific CODE module; no cross-platform equivalence claimed
CODE_01_Visos (Mac Specific).bin,0x00018DE7,HasObject__11CGameObjectF11eObjectType,platform_specific,excluded,,module-level,,owned by the explicitly named Macintosh-specific CODE module; no cross-platform equivalence claimed
CODE_01_Visos (Mac Specific).bin,0x00018E1B,AddObject__11CGameObjectF11eObjectTypeP11CGameObject,platform_specific,excluded,,module-level,,owned by the explicitly named Macintosh-specific CODE module; no cross-platform equivalence claimed
CODE_01_Visos (Mac Specific).bin,0x00018E5A,ReNumberNode__11CGameObjectFii,platform_specific,excluded,,module-level,,owned by the explicitly named Macintosh-specific CODE module; no cross-platform equivalence claimed
CODE_01_Visos (Mac Specific).bin,0x00018E86,NeedsNode__11CGameObjectFi,platform_specific,excluded,,module-level,,owned by the explicitly named Macintosh-specific CODE module; no cross-platform equivalence claimed
CODE_01_Visos (Mac Specific).bin,0x00018EAD,ConvertVer0ToVer1__11CGameObjectFv,platform_specific,excluded,,module-level,,owned by the explicitly named Macintosh-specific CODE module; no cross-platform equivalence claimed
CODE_01_Visos (Mac Specific).bin,0x00018EDA,Delete__11CGameObjectFv,platform_specific,excluded,,module-level,,owned by the explicitly named Macintosh-specific CODE module; no cross-platform equivalence claimed
CODE_01_Visos (Mac Specific).bin,0x00018EFC,PickUpAmmo__11CGameObjectFUs,platform_specific,excluded,,module-level,,owned by the explicitly named Macintosh-specific CODE module; no cross-platform equivalence claimed
CODE_01_Visos (Mac Specific).bin,0x00018F25,ExternalControlEnd__11CGameObjectFv,platform_specific,excluded,,module-level,,owned by the explicitly named Macintosh-specific CODE module; no cross-platform equivalence claimed
CODE_01_Visos (Mac Specific).bin,0x00018F60,RequestBalloon__11CGameObjectFv,platform_specific,excluded,,module-level,,owned by the explicitly named Macintosh-specific CODE module; no cross-platform equivalence claimed
CODE_01_Visos (Mac Specific).bin,0x00018F96,StartBalloon__11CGameObjectFv,platform_specific,excluded,,module-level,,owned by the explicitly named Macintosh-specific CODE module; no cross-platform equivalence claimed
CODE_01_Visos (Mac Specific).bin,0x00018FCA,OnBalloon__11CGameObjectFv,platform_specific,excluded,,module-level,,owned by the explicitly named Macintosh-specific CODE module; no cross-platform equivalence claimed
CODE_01_Visos (Mac Specific).bin,0x00019006,QOnBalloon__11CGameObjectFv,platform_specific,excluded,,module-level,,owned by the explicitly named Macintosh-specific CODE module; no cross-platform equivalence claimed
CODE_01_Visos (Mac Specific).bin,0x0001902D,OnConveyor__11CGameObjectFUcP4CIceUc,platform_specific,excluded,,module-level,,owned by the explicitly named Macintosh-specific CODE module; no cross-platform equivalence claimed
CODE_01_Visos (Mac Specific).bin,0x0001905E,OnConveyor__11CGameObjectFv,platform_specific,excluded,,module-level,,owned by the explicitly named Macintosh-specific CODE module; no cross-platform equivalence claimed
CODE_01_Visos (Mac Specific).bin,0x00019086,Conveyor__11CGameObjectFv,platform_specific,excluded,,module-level,,owned by the explicitly named Macintosh-specific CODE module; no cross-platform equivalence claimed
CODE_01_Visos (Mac Specific).bin,0x000190AA,SendRemove__11CGameObjectFv,platform_specific,excluded,,module-level,,owned by the explicitly named Macintosh-specific CODE module; no cross-platform equivalence claimed
CODE_01_Visos (Mac Specific).bin,0x000190D0,SendCancel__11CGameObjectFv,platform_specific,excluded,,module-level,,owned by the explicitly named Macintosh-specific CODE module; no cross-platform equivalence claimed
CODE_01_Visos (Mac Specific).bin,0x000190F8,UsableState__11CGameObjectFv,platform_specific,excluded,,module-level,,owned by the explicitly named Macintosh-specific CODE module; no cross-platform equivalence claimed
CODE_01_Visos (Mac Specific).bin,0x0001912D,IsUsable__11CGameObjectF7eAction,platform_specific,excluded,,module-level,,owned by the explicitly named Macintosh-specific CODE module; no cross-platform equivalence claimed
CODE_01_Visos (Mac Specific).bin,0x0001916E,AddData__17CNetworkGameStageFv,platform_specific,excluded,,module-level,,owned by the explicitly named Macintosh-specific CODE module; no cross-platform equivalence claimed
CODE_01_Visos (Mac Specific).bin,0x000191AA,GetData__17CNetworkGameStageFv,platform_specific,excluded,,module-level,,owned by the explicitly named Macintosh-specific CODE module; no cross-platform equivalence claimed
CODE_01_Visos (Mac Specific).bin,0x00019206,__dt__17CNetworkGameStageFv,platform_specific,excluded,,module-level,,owned by the explicitly named Macintosh-specific CODE module; no cross-platform equivalence claimed
CODE_01_Visos (Mac Specific).bin,0x0001926A,__dt__18CGameRejectMessageFv,platform_specific,excluded,,module-level,,owned by the explicitly named Macintosh-specific CODE module; no cross-platform equivalence claimed
CODE_01_Visos (Mac Specific).bin,0x000192D0,__dt__18CGameAcceptMessageFv,platform_specific,excluded,,module-level,,owned by the explicitly named Macintosh-specific CODE module; no cross-platform equivalence claimed
CODE_01_Visos (Mac Specific).bin,0x00019302,Process__3CAIFv,platform_specific,excluded,,module-level,,owned by the explicitly named Macintosh-specific CODE module; no cross-platform equivalence claimed
CODE_01_Visos (Mac Specific).bin,0x00019374,__ct__7AICOORDFv,platform_specific,excluded,,module-level,,owned by the explicitly named Macintosh-specific CODE module; no cross-platform equivalence claimed
CODE_01_Visos (Mac Specific).bin,0x000193F6,__mi__FRC7CVectorRC7CVector,platform_specific,excluded,,module-level,,owned by the explicitly named Macintosh-specific CODE module; no cross-platform equivalence claimed
CODE_01_Visos (Mac Specific).bin,0x00019442,__mi__FRC6CFixedRC6CFixed,platform_specific,excluded,,module-level,,owned by the explicitly named Macintosh-specific CODE module; no cross-platform equivalence claimed
CODE_01_Visos (Mac Specific).bin,0x000194CA,FindNext__16CCollisionHolderFv,platform_specific,excluded,,module-level,,owned by the explicitly named Macintosh-specific CODE module; no cross-platform equivalence claimed
CODE_01_Visos (Mac Specific).bin,0x00019554,Pos__9CVMovePosFii,platform_specific,excluded,,module-level,,owned by the explicitly named Macintosh-specific CODE module; no cross-platform equivalence claimed
CODE_01_Visos (Mac Specific).bin,0x000195C8,Pos__6CVMoveFii,platform_specific,excluded,,module-level,,owned by the explicitly named Macintosh-specific CODE module; no cross-platform equivalence claimed
CODE_01_Visos (Mac Specific).bin,0x00019644,__ml__FRC7CVectori,platform_specific,excluded,,module-level,,owned by the explicitly named Macintosh-specific CODE module; no cross-platform equivalence claimed
CODE_01_Visos (Mac Specific).bin,0x000196AF,Delete__16CCollisionHolderFPC11CGameObject,platform_specific,excluded,,module-level,,owned by the explicitly named Macintosh-specific CODE module; no cross-platform equivalence claimed
CODE_01_Visos (Mac Specific).bin,0x00019716,__dt__5CBallFv,platform_specific,excluded,,module-level,,owned by the explicitly named Macintosh-specific CODE module; no cross-platform equivalence claimed
CODE_01_Visos (Mac Specific).bin,0x00019733,Receive__18CBaseObjectManagerFUsP17CGlobalGameObjectP15CNetworkMessage,platform_specific,excluded,,module-level,,owned by the explicitly named Macintosh-specific CODE module; no cross-platform equivalence claimed
CODE_01_Visos (Mac Specific).bin,0x00019784,Restart__18CBaseObjectManagerFv,platform_specific,excluded,,module-level,,owned by the explicitly named Macintosh-specific CODE module; no cross-platform equivalence claimed
CODE_01_Visos (Mac Specific).bin,0x000197B1,GetViewData__18CBaseObjectManagerFP9CViewData,platform_specific,excluded,,module-level,,owned by the explicitly named Macintosh-specific CODE module; no cross-platform equivalence claimed
CODE_01_Visos (Mac Specific).bin,0x000197EA,DoActivate__7CBulletFv,platform_specific,excluded,,module-level,,owned by the explicitly named Macintosh-specific CODE module; no cross-platform equivalence claimed
CODE_01_Visos (Mac Specific).bin,0x00019864,__dt__7CBulletFv,platform_specific,excluded,,module-level,,owned by the explicitly named Macintosh-specific CODE module; no cross-platform equivalence claimed
CODE_01_Visos (Mac Specific).bin,0x000198A8,Collected__12CCollectableFv,platform_specific,excluded,,module-level,,owned by the explicitly named Macintosh-specific CODE module; no cross-platform equivalence claimed
CODE_01_Visos (Mac Specific).bin,0x000198CE,SetSFX__12CCollectableFv,platform_specific,excluded,,module-level,,owned by the explicitly named Macintosh-specific CODE module; no cross-platform equivalence claimed
CODE_01_Visos (Mac Specific).bin,0x00019951,GetViewData__19CCollectableManagerFP9CViewData,platform_specific,excluded,,module-level,,owned by the explicitly named Macintosh-specific CODE module; no cross-platform equivalence claimed
CODE_01_Visos (Mac Specific).bin,0x000199BA,__dt__5CFlagFv,platform_specific,excluded,,module-level,,owned by the explicitly named Macintosh-specific CODE module; no cross-platform equivalence claimed
CODE_01_Visos (Mac Specific).bin,0x00019A04,__dt__6CBonusFv,platform_specific,excluded,,module-level,,owned by the explicitly named Macintosh-specific CODE module; no cross-platform equivalence claimed
CODE_01_Visos (Mac Specific).bin,0x00019A4E,__dt__10CTimeBonusFv,platform_specific,excluded,,module-level,,owned by the explicitly named Macintosh-specific CODE module; no cross-platform equivalence claimed
CODE_01_Visos (Mac Specific).bin,0x00019A6E,DoActivate__12CCollectableFv,platform_specific,excluded,,module-level,,owned by the explicitly named Macintosh-specific CODE module; no cross-platform equivalence claimed
CODE_01_Visos (Mac Specific).bin,0x00019ADB,SetCollision__12CGroundArrayFiii,platform_specific,excluded,,module-level,,owned by the explicitly named Macintosh-specific CODE module; no cross-platform equivalence claimed
CODE_01_Visos (Mac Specific).bin,0x00019B4F,ResetCollision__12CGroundArrayFiii,platform_specific,excluded,,module-level,,owned by the explicitly named Macintosh-specific CODE module; no cross-platform equivalence claimed
CODE_01_Visos (Mac Specific).bin,0x00019BBA,__dt__5CDoorFv,platform_specific,excluded,,module-level,,owned by the explicitly named Macintosh-specific CODE module; no cross-platform equivalence claimed
CODE_01_Visos (Mac Specific).bin,0x00019BD6,Usage__11CDuplicatorFv,platform_specific,excluded,,module-level,,owned by the explicitly named Macintosh-specific CODE module; no cross-platform equivalence claimed
CODE_01_Visos (Mac Specific).bin,0x00019C74,__ml__FRC6CFixedRC6CFixed,platform_specific,excluded,,module-level,,owned by the explicitly named Macintosh-specific CODE module; no cross-platform equivalence claimed
CODE_01_Visos (Mac Specific).bin,0x00019CCA,Abs__6CFixedCFv,platform_specific,excluded,,module-level,,owned by the explicitly named Macintosh-specific CODE module; no cross-platform equivalence claimed
CODE_01_Visos (Mac Specific).bin,0x00019CEC,IsHit__6CEnemyFv,platform_specific,excluded,,module-level,,owned by the explicitly named Macintosh-specific CODE module; no cross-platform equivalence claimed
CODE_01_Visos (Mac Specific).bin,0x00019D1A,__ct__7CVectorFv,platform_specific,excluded,,module-level,,owned by the explicitly named Macintosh-specific CODE module; no cross-platform equivalence claimed
CODE_01_Visos (Mac Specific).bin,0x00019DAE,Rotate__6VSTrigCFR7CVectori,platform_specific,excluded,,module-level,,owned by the explicitly named Macintosh-specific CODE module; no cross-platform equivalence claimed
CODE_01_Visos (Mac Specific).bin,0x00019EB1,Rotate__6VSTrigCF7CVectorR6CFixedR6CFixed,platform_specific,excluded,,module-level,,owned by the explicitly named Macintosh-specific CODE module; no cross-platform equivalence claimed
CODE_01_Visos (Mac Specific).bin,0x00019F0C,__pl__FRC6CFixedRC6CFixed,platform_specific,excluded,,module-level,,owned by the explicitly named Macintosh-specific CODE module; no cross-platform equivalence claimed
CODE_01_Visos (Mac Specific).bin,0x00019F5C,Cos__6VSTrigCFi,platform_specific,excluded,,module-level,,owned by the explicitly named Macintosh-specific CODE module; no cross-platform equivalence claimed
CODE_01_Visos (Mac Specific).bin,0x00019FC6,Sin__6VSTrigCFi,platform_specific,excluded,,module-level,,owned by the explicitly named Macintosh-specific CODE module; no cross-platform equivalence claimed
CODE_01_Visos (Mac Specific).bin,0x0001A000,__ct__12CInstructionFv,platform_specific,excluded,,module-level,,owned by the explicitly named Macintosh-specific CODE module; no cross-platform equivalence claimed
CODE_01_Visos (Mac Specific).bin,0x0001A0AA,__ml__FRC9C3DVectori,platform_specific,excluded,,module-level,,owned by the explicitly named Macintosh-specific CODE module; no cross-platform equivalence claimed
CODE_01_Visos (Mac Specific).bin,0x0001A0FD,CurrentCoord__16CInstructionListFv,platform_specific,excluded,,module-level,,owned by the explicitly named Macintosh-specific CODE module; no cross-platform equivalence claimed
CODE_01_Visos (Mac Specific).bin,0x0001A144,Coord__12CInstructionFv,platform_specific,excluded,,module-level,,owned by the explicitly named Macintosh-specific CODE module; no cross-platform equivalence claimed
CODE_01_Visos (Mac Specific).bin,0x0001A167,DoActivate__17CGlobalGameObjectFv,platform_specific,excluded,,module-level,,owned by the explicitly named Macintosh-specific CODE module; no cross-platform equivalence claimed
CODE_01_Visos (Mac Specific).bin,0x0001A1D2,__dt__17CRequestReplyMessFv,platform_specific,excluded,,module-level,,owned by the explicitly named Macintosh-specific CODE module; no cross-platform equivalence claimed
CODE_01_Visos (Mac Specific).bin,0x0001A236,__dt__18CRequestActionMessFv,platform_specific,excluded,,module-level,,owned by the explicitly named Macintosh-specific CODE module; no cross-platform equivalence claimed
CODE_01_Visos (Mac Specific).bin,0x0001A29D,__dt__22CObjectChangeStateMessFv,platform_specific,excluded,,module-level,,owned by the explicitly named Macintosh-specific CODE module; no cross-platform equivalence claimed
CODE_01_Visos (Mac Specific).bin,0x0001A306,__dt__14CObjectPosMessFv,platform_specific,excluded,,module-level,,owned by the explicitly named Macintosh-specific CODE module; no cross-platform equivalence claimed
CODE_01_Visos (Mac Specific).bin,0x0001A368,__dt__14CObjectHitMessFv,platform_specific,excluded,,module-level,,owned by the explicitly named Macintosh-specific CODE module; no cross-platform equivalence claimed
CODE_01_Visos (Mac Specific).bin,0x0001A3CA,__dt__15CObjectDiesMessFv,platform_specific,excluded,,module-level,,owned by the explicitly named Macintosh-specific CODE module; no cross-platform equivalence claimed
CODE_01_Visos (Mac Specific).bin,0x0001A408,Position__11CGameObjectFv,platform_specific,excluded,,module-level,,owned by the explicitly named Macintosh-specific CODE module; no cross-platform equivalence claimed
CODE_01_Visos (Mac Specific).bin,0x0001A4E2,Next__16CInstructionListFv,platform_specific,excluded,,module-level,,owned by the explicitly named Macintosh-specific CODE module; no cross-platform equivalence claimed
CODE_01_Visos (Mac Specific).bin,0x0001A629,GetViewData__14CPlayerLemmingFR9CViewData,platform_specific,excluded,,module-level,,owned by the explicitly named Macintosh-specific CODE module; no cross-platform equivalence claimed
CODE_01_Visos (Mac Specific).bin,0x0001A6D2,AlreadyOn__4CIceFP11CGameObject,platform_specific,excluded,,module-level,,owned by the explicitly named Macintosh-specific CODE module; no cross-platform equivalence claimed
CODE_01_Visos (Mac Specific).bin,0x0001A704,OnConveyor__14CPlayerLemmingFv,platform_specific,excluded,,module-level,,owned by the explicitly named Macintosh-specific CODE module; no cross-platform equivalence claimed
CODE_01_Visos (Mac Specific).bin,0x0001A72E,DoActivate__6CLaserFv,platform_specific,excluded,,module-level,,owned by the explicitly named Macintosh-specific CODE module; no cross-platform equivalence claimed
CODE_01_Visos (Mac Specific).bin,0x0001A74E,DoActivate__5CLiftFv,platform_specific,excluded,,module-level,,owned by the explicitly named Macintosh-specific CODE module; no cross-platform equivalence claimed
CODE_01_Visos (Mac Specific).bin,0x0001A786,AdvanceBit__5CMazeFRUc,platform_specific,excluded,,module-level,,owned by the explicitly named Macintosh-specific CODE module; no cross-platform equivalence claimed
CODE_01_Visos (Mac Specific).bin,0x0001A7DC,ChangeAddr__5CMazeFii,platform_specific,excluded,,module-level,,owned by the explicitly named Macintosh-specific CODE module; no cross-platform equivalence claimed
CODE_01_Visos (Mac Specific).bin,0x0001A830,ChangeNextAddr__5CMazeFii,platform_specific,excluded,,module-level,,owned by the explicitly named Macintosh-specific CODE module; no cross-platform equivalence claimed
CODE_01_Visos (Mac Specific).bin,0x0001A892,__dt__5CMineFv,platform_specific,excluded,,module-level,,owned by the explicitly named Macintosh-specific CODE module; no cross-platform equivalence claimed
CODE_01_Visos (Mac Specific).bin,0x0001A8BE,NextNode__6CMoverFv,platform_specific,excluded,,module-level,,owned by the explicitly named Macintosh-specific CODE module; no cross-platform equivalence claimed
CODE_01_Visos (Mac Specific).bin,0x0001A900,__pl__FRC6CFixedi,platform_specific,excluded,,module-level,,owned by the explicitly named Macintosh-specific CODE module; no cross-platform equivalence claimed
CODE_01_Visos (Mac Specific).bin,0x0001A91C,DoActivate__6CMoverFv,platform_specific,excluded,,module-level,,owned by the explicitly named Macintosh-specific CODE module; no cross-platform equivalence claimed
CODE_01_Visos (Mac Specific).bin,0x0001A962,__mi__FRC6CFixedi,platform_specific,excluded,,module-level,,owned by the explicitly named Macintosh-specific CODE module; no cross-platform equivalence claimed
CODE_01_Visos (Mac Specific).bin,0x0001A980,Usage__9CCatapultFv,platform_specific,excluded,,module-level,,owned by the explicitly named Macintosh-specific CODE module; no cross-platform equivalence claimed
CODE_01_Visos (Mac Specific).bin,0x0001A9E8,__dt__9CCatapultFv,platform_specific,excluded,,module-level,,owned by the explicitly named Macintosh-specific CODE module; no cross-platform equivalence claimed
CODE_01_Visos (Mac Specific).bin,0x0001AA08,Usage__5CAmmoFv,platform_specific,excluded,,module-level,,owned by the explicitly named Macintosh-specific CODE module; no cross-platform equivalence claimed
CODE_01_Visos (Mac Specific).bin,0x0001AA6C,__dt__5CAmmoFv,platform_specific,excluded,,module-level,,owned by the explicitly named Macintosh-specific CODE module; no cross-platform equivalence claimed
CODE_01_Visos (Mac Specific).bin,0x0001AAFC,__dt__6CCrateFv,platform_specific,excluded,,module-level,,owned by the explicitly named Macintosh-specific CODE module; no cross-platform equivalence claimed
CODE_01_Visos (Mac Specific).bin,0x0001AB18,Usage__6CCrateFv,platform_specific,excluded,,module-level,,owned by the explicitly named Macintosh-specific CODE module; no cross-platform equivalence claimed
CODE_01_Visos (Mac Specific).bin,0x0001AB34,DoActivate__6CTowerFv,platform_specific,excluded,,module-level,,owned by the explicitly named Macintosh-specific CODE module; no cross-platform equivalence claimed
CODE_01_Visos (Mac Specific).bin,0x0001AB56,Usage__6CTowerFv,platform_specific,excluded,,module-level,,owned by the explicitly named Macintosh-specific CODE module; no cross-platform equivalence claimed
CODE_01_Visos (Mac Specific).bin,0x0001ABBC,__dt__6CTowerFv,platform_specific,excluded,,module-level,,owned by the explicitly named Macintosh-specific CODE module; no cross-platform equivalence claimed
CODE_01_Visos (Mac Specific).bin,0x0001ABD8,Usage__7CSwitchFv,platform_specific,excluded,,module-level,,owned by the explicitly named Macintosh-specific CODE module; no cross-platform equivalence claimed
CODE_01_Visos (Mac Specific).bin,0x0001ACF5,GetViewData__7CSwitchFR9CViewData,platform_specific,excluded,,module-level,,owned by the explicitly named Macintosh-specific CODE module; no cross-platform equivalence claimed
CODE_01_Visos (Mac Specific).bin,0x0001AD24,Usage__4CKeyFv,platform_specific,excluded,,module-level,,owned by the explicitly named Macintosh-specific CODE module; no cross-platform equivalence claimed
CODE_01_Visos (Mac Specific).bin,0x0001AD88,__dt__4CKeyFv,platform_specific,excluded,,module-level,,owned by the explicitly named Macintosh-specific CODE module; no cross-platform equivalence claimed
CODE_01_Visos (Mac Specific).bin,0x0001ADA2,Usage__8CBalloonFv,platform_specific,excluded,,module-level,,owned by the explicitly named Macintosh-specific CODE module; no cross-platform equivalence claimed
CODE_01_Visos (Mac Specific).bin,0x0001AE0A,__dt__8CBalloonFv,platform_specific,excluded,,module-level,,owned by the explicitly named Macintosh-specific CODE module; no cross-platform equivalence claimed
CODE_01_Visos (Mac Specific).bin,0x0001AE26,DoActivate__9CPaintGunFv,platform_specific,excluded,,module-level,,owned by the explicitly named Macintosh-specific CODE module; no cross-platform equivalence claimed
CODE_01_Visos (Mac Specific).bin,0x0001AE6E,__dt__7CDrawerFv,platform_specific,excluded,,module-level,,owned by the explicitly named Macintosh-specific CODE module; no cross-platform equivalence claimed
CODE_01_Visos (Mac Specific).bin,0x0001AE8A,ShutDown__7CDrawerFv,platform_specific,excluded,,module-level,,owned by the explicitly named Macintosh-specific CODE module; no cross-platform equivalence claimed
CODE_01_Visos (Mac Specific).bin,0x0001AEAA,OnZoom__7CDrawerFRC7CVSRect,platform_specific,excluded,,module-level,,owned by the explicitly named Macintosh-specific CODE module; no cross-platform equivalence claimed
CODE_01_Visos (Mac Specific).bin,0x0001AED0,OnSize__7CDrawerFRC7CVSRect,platform_specific,excluded,,module-level,,owned by the explicitly named Macintosh-specific CODE module; no cross-platform equivalence claimed
CODE_01_Visos (Mac Specific).bin,0x0001AEF6,OnMove__7CDrawerFRC7CVSRect,platform_specific,excluded,,module-level,,owned by the explicitly named Macintosh-specific CODE module; no cross-platform equivalence claimed
CODE_01_Visos (Mac Specific).bin,0x0001AF1C,OnPause__7CDrawerFUc,platform_specific,excluded,,module-level,,owned by the explicitly named Macintosh-specific CODE module; no cross-platform equivalence claimed
CODE_01_Visos (Mac Specific).bin,0x0001AF3C,DestroyDrawer__7CDrawerFv,platform_specific,excluded,,module-level,,owned by the explicitly named Macintosh-specific CODE module; no cross-platform equivalence claimed
CODE_01_Visos (Mac Specific).bin,0x0001AF60,Process__7CDrawerFv,platform_specific,excluded,,module-level,,owned by the explicitly named Macintosh-specific CODE module; no cross-platform equivalence claimed
CODE_01_Visos (Mac Specific).bin,0x0001AF7E,Initialise__7CDrawerFv,platform_specific,excluded,,module-level,,owned by the explicitly named Macintosh-specific CODE module; no cross-platform equivalence claimed
CODE_01_Visos (Mac Specific).bin,0x0001AFA0,OnDriverChange__7CDrawerFv,platform_specific,excluded,,module-level,,owned by the explicitly named Macintosh-specific CODE module; no cross-platform equivalence claimed
CODE_01_Visos (Mac Specific).bin,0x0001AFC6,RefreshView__7CDrawerFv,platform_specific,excluded,,module-level,,owned by the explicitly named Macintosh-specific CODE module; no cross-platform equivalence claimed
CODE_01_Visos (Mac Specific).bin,0x0001AFEA,UseChangingCursor__7CDrawerFv,platform_specific,excluded,,module-level,,owned by the explicitly named Macintosh-specific CODE module; no cross-platform equivalence claimed
CODE_01_Visos (Mac Specific).bin,0x0001B01B,SetOptionSelection__19CReceiveWindowStateF17eOptionSelections,platform_specific,excluded,,module-level,,owned by the explicitly named Macintosh-specific CODE module; no cross-platform equivalence claimed
CODE_01_Visos (Mac Specific).bin,0x0001B067,GetPauser__19CReceiveWindowStateFv,platform_specific,excluded,,module-level,,owned by the explicitly named Macintosh-specific CODE module; no cross-platform equivalence claimed
CODE_01_Visos (Mac Specific).bin,0x0001B0A8,Bored__14CPlayerLemmingFv,platform_specific,excluded,,module-level,,owned by the explicitly named Macintosh-specific CODE module; no cross-platform equivalence claimed
CODE_01_Visos (Mac Specific).bin,0x0001B0D4,IsHit__14CPlayerLemmingFv,platform_specific,excluded,,module-level,,owned by the explicitly named Macintosh-specific CODE module; no cross-platform equivalence claimed
CODE_01_Visos (Mac Specific).bin,0x0001B112,GetHit__14CPlayerLemmingFv,platform_specific,excluded,,module-level,,owned by the explicitly named Macintosh-specific CODE module; no cross-platform equivalence claimed
CODE_01_Visos (Mac Specific).bin,0x0001B14E,HitBall__14CPlayerLemmingFv,platform_specific,excluded,,module-level,,owned by the explicitly named Macintosh-specific CODE module; no cross-platform equivalence claimed
CODE_01_Visos (Mac Specific).bin,0x0001B18E,PickUpAmmo__14CPlayerLemmingFUs,platform_specific,excluded,,module-level,,owned by the explicitly named Macintosh-specific CODE module; no cross-platform equivalence claimed
CODE_01_Visos (Mac Specific).bin,0x0001B1C0,Conveyor__14CPlayerLemmingFv,platform_specific,excluded,,module-level,,owned by the explicitly named Macintosh-specific CODE module; no cross-platform equivalence claimed
CODE_01_Visos (Mac Specific).bin,0x0001B1FE,QOnBalloon__14CPlayerLemmingFv,platform_specific,excluded,,module-level,,owned by the explicitly named Macintosh-specific CODE module; no cross-platform equivalence claimed
CODE_01_Visos (Mac Specific).bin,0x0001B345,GetViewData__7CRocketFR9CViewData,platform_specific,excluded,,module-level,,owned by the explicitly named Macintosh-specific CODE module; no cross-platform equivalence claimed
CODE_01_Visos (Mac Specific).bin,0x0001B3A4,__dt__6CSheepFv,platform_specific,excluded,,module-level,,owned by the explicitly named Macintosh-specific CODE module; no cross-platform equivalence claimed
CODE_01_Visos (Mac Specific).bin,0x0001B3F0,__dt__11CSheepGroupFv,platform_specific,excluded,,module-level,,owned by the explicitly named Macintosh-specific CODE module; no cross-platform equivalence claimed
CODE_01_Visos (Mac Specific).bin,0x0001B45F,FindNextRect__16CCollisionHolderFv,platform_specific,excluded,,module-level,,owned by the explicitly named Macintosh-specific CODE module; no cross-platform equivalence claimed
CODE_01_Visos (Mac Specific).bin,0x0001B4BE,__dt__7CSlinkyFv,platform_specific,excluded,,module-level,,owned by the explicitly named Macintosh-specific CODE module; no cross-platform equivalence claimed
CODE_01_Visos (Mac Specific).bin,0x0001B56A,__pl__FRC9C3DVectorRC9C3DVector,platform_specific,excluded,,module-level,,owned by the explicitly named Macintosh-specific CODE module; no cross-platform equivalence claimed
CODE_01_Visos (Mac Specific).bin,0x0001B5AF,CurrentMomentum__11CGameObjectFv,platform_specific,excluded,,module-level,,owned by the explicitly named Macintosh-specific CODE module; no cross-platform equivalence claimed
CODE_01_Visos (Mac Specific).bin,0x0001B5DA,DoActivate__11CTrampolineFv,platform_specific,excluded,,module-level,,owned by the explicitly named Macintosh-specific CODE module; no cross-platform equivalence claimed
CODE_01_Visos (Mac Specific).bin,0x0001B64A,__dt__9CTrapDoorFv,platform_specific,excluded,,module-level,,owned by the explicitly named Macintosh-specific CODE module; no cross-platform equivalence claimed
CODE_01_Visos (Mac Specific).bin,0x0001B66A,Usage__9CTrapDoorFv,platform_specific,excluded,,module-level,,owned by the explicitly named Macintosh-specific CODE module; no cross-platform equivalence claimed
CODE_01_Visos (Mac Specific).bin,0x0001B688,DoActivate__9CTrapDoorFv,platform_specific,excluded,,module-level,,owned by the explicitly named Macintosh-specific CODE module; no cross-platform equivalence claimed
CODE_01_Visos (Mac Specific).bin,0x0001B78A,__dt__8tagPRIMSFv,platform_specific,excluded,,module-level,,owned by the explicitly named Macintosh-specific CODE module; no cross-platform equivalence claimed
CODE_01_Visos (Mac Specific).bin,0x0001B7E3,__dt__Q214CPreviewDrawer8tagPRIMSFv,platform_specific,excluded,,module-level,,owned by the explicitly named Macintosh-specific CODE module; no cross-platform equivalence claimed
CODE_01_Visos (Mac Specific).bin,0x0001B885,__dt__Q215CSuccFailDrawer8tagPRIMSFv,platform_specific,excluded,,module-level,,owned by the explicitly named Macintosh-specific CODE module; no cross-platform equivalence claimed
CODE_01_Visos (Mac Specific).bin,0x0001B8DC,Lock__8CResBaseFv,platform_specific,excluded,,module-level,,owned by the explicitly named Macintosh-specific CODE module; no cross-platform equivalence claimed
CODE_01_Visos (Mac Specific).bin,0x0001B936,__dt__10CIntroAnimFv,platform_specific,excluded,,module-level,,owned by the explicitly named Macintosh-specific CODE module; no cross-platform equivalence claimed
CODE_01_Visos (Mac Specific).bin,0x0001B994,__dt__13CMainOptions1Fv,platform_specific,excluded,,module-level,,owned by the explicitly named Macintosh-specific CODE module; no cross-platform equivalence claimed
CODE_01_Visos (Mac Specific).bin,0x0001B9F4,__dt__13CMainOptions2Fv,platform_specific,excluded,,module-level,,owned by the explicitly named Macintosh-specific CODE module; no cross-platform equivalence claimed
CODE_01_Visos (Mac Specific).bin,0x0001BA54,__dt__8CPreviewFv,platform_specific,excluded,,module-level,,owned by the explicitly named Macintosh-specific CODE module; no cross-platform equivalence claimed
CODE_01_Visos (Mac Specific).bin,0x0001BAAE,__dt__9CSuccFailFv,platform_specific,excluded,,module-level,,owned by the explicitly named Macintosh-specific CODE module; no cross-platform equivalence claimed
CODE_01_Visos (Mac Specific).bin,0x0001BACD,Processing__20CBaseFrontendProcessFv,platform_specific,excluded,,module-level,,owned by the explicitly named Macintosh-specific CODE module; no cross-platform equivalence claimed
CODE_01_Visos (Mac Specific).bin,0x0001BAFF,ProcessMessages__20CBaseFrontendProcessFP10tagMESSAGE,platform_specific,excluded,,module-level,,owned by the explicitly named Macintosh-specific CODE module; no cross-platform equivalence claimed
CODE_01_Visos (Mac Specific).bin,0x0001BB7E,__dt__13CPasswordProcFv,platform_specific,excluded,,module-level,,owned by the explicitly named Macintosh-specific CODE module; no cross-platform equivalence claimed
CODE_01_Visos (Mac Specific).bin,0x0001BCDE,__ct__8tagPRIMSFv,platform_specific,excluded,,module-level,,owned by the explicitly named Macintosh-specific CODE module; no cross-platform equivalence claimed
CODE_01_Visos (Mac Specific).bin,0x0001BD46,__ct__10CBigBitmapFv,platform_specific,excluded,,module-level,,owned by the explicitly named Macintosh-specific CODE module; no cross-platform equivalence claimed
CODE_01_Visos (Mac Specific).bin,0x0001BD67,DrawText__19CBaseFrontendDrawerFv,platform_specific,excluded,,module-level,,owned by the explicitly named Macintosh-specific CODE module; no cross-platform equivalence claimed
CODE_01_Visos (Mac Specific).bin,0x0001BD95,DrawAnims__19CBaseFrontendDrawerFv,platform_specific,excluded,,module-level,,owned by the explicitly named Macintosh-specific CODE module; no cross-platform equivalence claimed
CODE_01_Visos (Mac Specific).bin,0x0001BDC3,DrawBackGround__19CBaseFrontendDrawerFv,platform_specific,excluded,,module-level,,owned by the explicitly named Macintosh-specific CODE module; no cross-platform equivalence claimed
CODE_01_Visos (Mac Specific).bin,0x0001BE40,__dv__8CVSPointFRC7CVSSize,platform_specific,excluded,,module-level,,owned by the explicitly named Macintosh-specific CODE module; no cross-platform equivalence claimed
CODE_01_Visos (Mac Specific).bin,0x0001BE92,toSize__8CVSPointFv,platform_specific,excluded,,module-level,,owned by the explicitly named Macintosh-specific CODE module; no cross-platform equivalence claimed
CODE_01_Visos (Mac Specific).bin,0x0001BEB3,ProcessMessages__19CBaseFrontendDrawerFP10tagMESSAGE,platform_specific,excluded,,module-level,,owned by the explicitly named Macintosh-specific CODE module; no cross-platform equivalence claimed
CODE_01_Visos (Mac Specific).bin,0x0001BEF3,Processing__19CBaseFrontendDrawerFv,platform_specific,excluded,,module-level,,owned by the explicitly named Macintosh-specific CODE module; no cross-platform equivalence claimed
CODE_01_Visos (Mac Specific).bin,0x0001BF25,ConfirmedAction__19CBaseFrontendDrawerF12eUserActions,platform_specific,excluded,,module-level,,owned by the explicitly named Macintosh-specific CODE module; no cross-platform equivalence claimed
CODE_01_Visos (Mac Specific).bin,0x0001BF98,__dt__18CUserActionMessageFv,platform_specific,excluded,,module-level,,owned by the explicitly named Macintosh-specific CODE module; no cross-platform equivalence claimed
CODE_01_Visos (Mac Specific).bin,0x0001BFC9,GetReturnState__19CBaseFrontendDrawerFv,platform_specific,excluded,,module-level,,owned by the explicitly named Macintosh-specific CODE module; no cross-platform equivalence claimed
CODE_01_Visos (Mac Specific).bin,0x0001C005,QuitYet__19CBaseFrontendDrawerFv,platform_specific,excluded,,module-level,,owned by the explicitly named Macintosh-specific CODE module; no cross-platform equivalence claimed
CODE_01_Visos (Mac Specific).bin,0x0001C059,OnSize__19CBaseFrontendDrawerFRC7CVSRect,platform_specific,excluded,,module-level,,owned by the explicitly named Macintosh-specific CODE module; no cross-platform equivalence claimed
CODE_01_Visos (Mac Specific).bin,0x0001C0AE,__ct__9CUsePointFv,platform_specific,excluded,,module-level,,owned by the explicitly named Macintosh-specific CODE module; no cross-platform equivalence claimed
CODE_01_Visos (Mac Specific).bin,0x0001C102,__ct__7CBitmapFv,platform_specific,excluded,,module-level,,owned by the explicitly named Macintosh-specific CODE module; no cross-platform equivalence claimed
CODE_01_Visos (Mac Specific).bin,0x0001C184,__pl__FRC7CVectorRC7CVector,platform_specific,excluded,,module-level,,owned by the explicitly named Macintosh-specific CODE module; no cross-platform equivalence claimed
CODE_01_Visos (Mac Specific).bin,0x0001C200,__dt__10CGunButtonFv,platform_specific,excluded,,module-level,,owned by the explicitly named Macintosh-specific CODE module; no cross-platform equivalence claimed
CODE_01_Visos (Mac Specific).bin,0x0001C2E1,DrawAnim__13CAnimsManagerFP4CGDIRC8CVSPointUlUlP14CAnimFrameBASEP6CRemap,platform_specific,excluded,,module-level,,owned by the explicitly named Macintosh-specific CODE module; no cross-platform equivalence claimed
CODE_01_Visos (Mac Specific).bin,0x0001C349,GetStyle__20CIntroAnimAnimWindowFv,platform_specific,excluded,,module-level,,owned by the explicitly named Macintosh-specific CODE module; no cross-platform equivalence claimed
CODE_01_Visos (Mac Specific).bin,0x0001C3B0,__dt__13CEntryHandlerFv,platform_specific,excluded,,module-level,,owned by the explicitly named Macintosh-specific CODE module; no cross-platform equivalence claimed
CODE_01_Visos (Mac Specific).bin,0x0001C3F4,__ct__13CEntryHandlerFv,platform_specific,excluded,,module-level,,owned by the explicitly named Macintosh-specific CODE module; no cross-platform equivalence claimed
CODE_01_Visos (Mac Specific).bin,0x0001C42B,ConnectionsChanged__15CNetworkManagerFv,platform_specific,excluded,,module-level,,owned by the explicitly named Macintosh-specific CODE module; no cross-platform equivalence claimed
CODE_01_Visos (Mac Specific).bin,0x0001C468,OnEnter__13CEntryHandlerFv,platform_specific,excluded,,module-level,,owned by the explicitly named Macintosh-specific CODE module; no cross-platform equivalence claimed
CODE_01_Visos (Mac Specific).bin,0x0001C496,OnExit__13CEntryHandlerFv,platform_specific,excluded,,module-level,,owned by the explicitly named Macintosh-specific CODE module; no cross-platform equivalence claimed
CODE_01_Visos (Mac Specific).bin,0x0001C4BB,Processing__19CNetworkOptionsProcFv,platform_specific,excluded,,module-level,,owned by the explicitly named Macintosh-specific CODE module; no cross-platform equivalence claimed
CODE_01_Visos (Mac Specific).bin,0x0001C593,__ct__Q215CSuccFailDrawer8tagPRIMSFv,platform_specific,excluded,,module-level,,owned by the explicitly named Macintosh-specific CODE module; no cross-platform equivalence claimed
CODE_01_Visos (Mac Specific).bin,0x0001C629,__ct__Q214CPreviewDrawer8tagPRIMSFv,platform_specific,excluded,,module-level,,owned by the explicitly named Macintosh-specific CODE module; no cross-platform equivalence claimed
CODE_01_Visos (Mac Specific).bin,0x0001C66E,GetStyle__12CTrackWindowFv,platform_specific,excluded,,module-level,,owned by the explicitly named Macintosh-specific CODE module; no cross-platform equivalence claimed
CODE_01_Visos (Mac Specific).bin,0x0001C6DC,__ct__7CGroundFv,platform_specific,excluded,,module-level,,owned by the explicitly named Macintosh-specific CODE module; no cross-platform equivalence claimed
CODE_01_Visos (Mac Specific).bin,0x0001C72A,__dt__19CNetworkGameMessageFv,platform_specific,excluded,,module-level,,owned by the explicitly named Macintosh-specific CODE module; no cross-platform equivalence claimed
CODE_01_Visos (Mac Specific).bin,0x0001C765,GetGameName__19CNetworkOptionsProcFv,platform_specific,excluded,,module-level,,owned by the explicitly named Macintosh-specific CODE module; no cross-platform equivalence claimed
CODE_01_Visos (Mac Specific).bin,0x0001C7A4,OnRestore__14CMain2DDisplayFv,platform_specific,excluded,,module-level,,owned by the explicitly named Macintosh-specific CODE module; no cross-platform equivalence claimed
CODE_01_Visos (Mac Specific).bin,0x0001C7D4,OnZoomBox__14CMain2DDisplayFUc,platform_specific,excluded,,module-level,,owned by the explicitly named Macintosh-specific CODE module; no cross-platform equivalence claimed
CODE_01_Visos (Mac Specific).bin,0x0001C854,__dt__13CToggleButtonFv,platform_specific,excluded,,module-level,,owned by the explicitly named Macintosh-specific CODE module; no cross-platform equivalence claimed
CODE_01_Visos (Mac Specific).bin,0x0001C890,Momentum__9CViewDataFv,platform_specific,excluded,,module-level,,owned by the explicitly named Macintosh-specific CODE module; no cross-platform equivalence claimed
CODE_01_Visos (Mac Specific).bin,0x0001C8CC,GetRemap__3C2DF14ePrimaryRemaps,platform_specific,excluded,,module-level,,owned by the explicitly named Macintosh-specific CODE module; no cross-platform equivalence claimed
CODE_01_Visos (Mac Specific).bin,0x0001C910,Coord__9CViewDataFv,platform_specific,excluded,,module-level,,owned by the explicitly named Macintosh-specific CODE module; no cross-platform equivalence claimed
CODE_01_Visos (Mac Specific).bin,0x0001C942,__ct__7CVSRectFv,platform_specific,excluded,,module-level,,owned by the explicitly named Macintosh-specific CODE module; no cross-platform equivalence claimed
CODE_01_Visos (Mac Specific).bin,0x0001C9AE,GetPos__11CBaseCursorFP6CPVWnd,platform_specific,excluded,,module-level,,owned by the explicitly named Macintosh-specific CODE module; no cross-platform equivalence claimed
CODE_01_Visos (Mac Specific).bin,0x0001C9EB,OnReleased__13CToggleButtonF12BUTTON_FLAGS,platform_specific,excluded,,module-level,,owned by the explicitly named Macintosh-specific CODE module; no cross-platform equivalence claimed
CODE_01_Visos (Mac Specific).bin,0x0001CA37,OnPressed__13CToggleButtonF12BUTTON_FLAGS,platform_specific,excluded,,module-level,,owned by the explicitly named Macintosh-specific CODE module; no cross-platform equivalence claimed
CODE_01_Visos (Mac Specific).bin,0x0001CA83,OnEnterButton__13CToggleButtonFv,platform_specific,excluded,,module-level,,owned by the explicitly named Macintosh-specific CODE module; no cross-platform equivalence claimed
CODE_01_Visos (Mac Specific).bin,0x0001CAC4,OnExitButton__13CToggleButtonFv,platform_specific,excluded,,module-level,,owned by the explicitly named Macintosh-specific CODE module; no cross-platform equivalence claimed
CODE_01_Visos (Mac Specific).bin,0x0001CB28,__ct__21CCopyColourToBackBuffFv,platform_specific,excluded,,module-level,,owned by the explicitly named Macintosh-specific CODE module; no cross-platform equivalence claimed
CODE_01_Visos (Mac Specific).bin,0x0001CB84,__ct__9CViewDataFv,platform_specific,excluded,,module-level,,owned by the explicitly named Macintosh-specific CODE module; no cross-platform equivalence claimed
CODE_01_Visos (Mac Specific).bin,0x0001CBA8,__ct__6CObjSqFv,platform_specific,excluded,,module-level,,owned by the explicitly named Macintosh-specific CODE module; no cross-platform equivalence claimed
CODE_01_Visos (Mac Specific).bin,0x0001CBC4,UseChangingCursor__3C2DFv,platform_specific,excluded,,module-level,,owned by the explicitly named Macintosh-specific CODE module; no cross-platform equivalence claimed
CODE_01_Visos (Mac Specific).bin,0x0001CBF0,QuitYet__3C2DFv,platform_specific,excluded,,module-level,,owned by the explicitly named Macintosh-specific CODE module; no cross-platform equivalence claimed
CODE_01_Visos (Mac Specific).bin,0x0001CC12,GetReturnState__3C2DFv,platform_specific,excluded,,module-level,,owned by the explicitly named Macintosh-specific CODE module; no cross-platform equivalence claimed
CODE_01_Visos (Mac Specific).bin,0x0001CC3C,GetPauser__3C2DFv,platform_specific,excluded,,module-level,,owned by the explicitly named Macintosh-specific CODE module; no cross-platform equivalence claimed
CODE_01_Visos (Mac Specific).bin,0x0001CD21,DrawAnim__13CAnimsManagerFiiUlUlP14CAnimFrameBASEP6CRemap,platform_specific,excluded,,module-level,,owned by the explicitly named Macintosh-specific CODE module; no cross-platform equivalence claimed
CODE_01_Visos (Mac Specific).bin,0x0001CDC8,__dt__17CPanelPauseButtonFv,platform_specific,excluded,,module-level,,owned by the explicitly named Macintosh-specific CODE module; no cross-platform equivalence claimed
CODE_01_Visos (Mac Specific).bin,0x0001CDEE,OnEnterButton__12CPanelButtonFv,platform_specific,excluded,,module-level,,owned by the explicitly named Macintosh-specific CODE module; no cross-platform equivalence claimed
CODE_01_Visos (Mac Specific).bin,0x0001CE18,OnExitButton__12CPanelButtonFv,platform_specific,excluded,,module-level,,owned by the explicitly named Macintosh-specific CODE module; no cross-platform equivalence claimed
CODE_01_Visos (Mac Specific).bin,0x0001CEC8,GetBL__7CVSRectCFv,platform_specific,excluded,,module-level,,owned by the explicitly named Macintosh-specific CODE module; no cross-platform equivalence claimed
CODE_01_Visos (Mac Specific).bin,0x0001CF22,GetTR__7CVSRectCFv,platform_specific,excluded,,module-level,,owned by the explicitly named Macintosh-specific CODE module; no cross-platform equivalence claimed
CODE_01_Visos (Mac Specific).bin,0x0001CFCB,SetTableEntry__10CSoundViewFR11tEffectSpec,platform_specific,excluded,,module-level,,owned by the explicitly named Macintosh-specific CODE module; no cross-platform equivalence claimed
CODE_02_Visos (Generic).bin,0x00000064,GetFrameNo__10CTimedAnimFv,accepted_x86_correlation,gap,0x00467170,high,src/Frontend/MENUSEL.CPP,"Exact 68K timing/state body, x86 field equations, distinct vtable slot and callers, ABI, and reccmp support this mapping."
CODE_02_Visos (Generic).bin,0x000000B2,StartAnim__11CRepeatAnimFUl,accepted_x86_correlation,gap,0x004671B0,high,src/Platform/Windows/Mixed/Level/STATE/LEVELSTAT.CPP,"Exact 68K timing/state body, x86 field equations, distinct vtable slot and callers, ABI, and reccmp support this mapping."
CODE_02_Visos (Generic).bin,0x00000100,StartAnim__13CPlayThruAnimFUl,accepted_x86_correlation,gap,0x004671E0,high,src/Frontend/MENUSEL.CPP,"Exact 68K timing/state body, x86 field equations, distinct vtable slot and callers, ABI, and reccmp support this mapping."
CODE_02_Visos (Generic).bin,0x0000017C,GetFrameNo__13CPlayThruAnimFv,accepted_x86_correlation,gap,0x00467210,high,src/Frontend/MENUSEL.CPP,"Exact 68K timing/state body, x86 field equations, distinct vtable slot and callers, ABI, and reccmp support this mapping."
CODE_02_Visos (Generic).bin,0x0000030D,__ct__13CAnimsManagerFP4CGDIUliiiUc,accepted_x86_correlation,gap,0x00467260,high,src/Platform/Windows/Mixed/Level/STATE/LEVELSTAT.CPP,"0x70-byte manager with matching vtable, CGDI owner, resource maps, queue capacities, double-buffer setup, and constructor callers"
CODE_02_Visos (Generic).bin,0x00000422,__dt__13CAnimsManagerFv,accepted_x86_correlation,gap,0x004673D0,high,src/Platform/Windows/Mixed/Level/STATE/LEVELSTAT.CPP,semantic destructor unloads sparse resources and frees matching maps and draw-entry arrays; deleting tail remains wrapper glue
CODE_02_Visos (Generic).bin,0x000004CA,LoadAnims__13CAnimsManagerFUl,accepted_x86_correlation,gap,0x00467490,high,src/Platform/Windows/Mixed/Level/STATE/LEVELSTAT.CPP,loads ANIM then ZRLE fallback into first free slot and records resource-to-slot mapping
CODE_02_Visos (Generic).bin,0x00000538,UnLoadAnims__13CAnimsManagerFUl,accepted_x86_correlation,gap,0x00467500,high,src/Platform/Windows/Mixed/Level/STATE/LEVELSTAT.CPP,"unloads mapped resource, clears slot, restores free sentinel, and decrements loaded count"
CODE_02_Visos (Generic).bin,0x00000598,GetnAnims__13CAnimsManagerFUl,accepted_x86_correlation,gap,0x00467540,high,src/Platform/Windows/Mixed/Level/STATE/LEVELSTAT.CPP,returns one frame for ZRLE or ANIM frame count; exact x86 reccmp
CODE_02_Visos (Generic).bin,0x00000629,GetAnimSize__13CAnimsManagerFUlUl,accepted_x86_correlation,gap,0x00467570,high,src/views/2d/LVRUNEXT.CPP,returns ZRLE extent or indexed ANIM-frame extent; exact x86 reccmp with hidden return storage
CODE_02_Visos (Generic).bin,0x00000837,DrawAnim__13CAnimsManagerFRC8CVSPointUlUlP14CAnimFrameBASEP6CRemap,accepted_x86_correlation,gap,0x00467730,high,src/Platform/Windows/Mixed/Level/STATE/LEVELSTAT.CPP,"selects ZRLE or ANIM frame, queues matching draw entry, handles double buffering, and returns frame rectangle"
CODE_02_Visos (Generic).bin,0x000008FB,ResetPrimitives__13CAnimsManagerFv,accepted_x86_correlation,gap,0x004678C0,high,src/Platform/Windows/Mixed/Level/STATE/LEVELSTAT.CPP,resets immediate queues or renders and flips double-buffered queues; exact x86 reccmp
CODE_02_Visos (Generic).bin,0x00000973,__ct__10CBaseRemapFUlPUc13ePaletteTypes,accepted_x86_correlation,gap,0x0046AA80,high,src/Platform/Windows/Mixed/Engine/GDI/WINDOW/VSWINDOWWindowsPhysicalSegments2.h,"8-byte remap/resource object; loads palette and dispatches direct, sparse-pair, or grayscale mode exactly as 68K"
CODE_02_Visos (Generic).bin,0x000009E4,__dt__10CBaseRemapFv,accepted_x86_correlation,gap,0x0046AAD0,high,src/Platform/Windows/Mixed/Engine/CORE/VSINIT.CPP,semantic destructor releases remap table and palette resource; Macintosh deleting tail remains wrapper glue
CODE_02_Visos (Generic).bin,0x00000A90,MapRemap__10CBaseRemapFPCUc,accepted_x86_correlation,gap,0x0046AAF0,high,src/AI/CBaseRemap.cpp,"loads palette, builds identity table, applies counted sparse source/target pairs, and releases temporary resource hold"
CODE_02_Visos (Generic).bin,0x00000C4D,CalculateGreyScale__10CBaseRemapFv,accepted_x86_correlation,gap,0x0046AB70,high,src/AI/CBaseRemap.cpp,"loads palette, collects grayscale entries, maps weighted 2:7:1 luminance to nearest gray, and releases scratch/resource hold"
CODE_02_Visos (Generic).bin,0x00000CB6,__ct__15CBasePalManagerFi,accepted_x86_correlation,gap,0x0046ACD0,high,src/Platform/Windows/Mixed/Engine/CORE/VSINIT.CPP,12-byte manager allocates and clears a capacity-sized CBaseRemap pointer table; exact 68K layout and 100% x86 reccmp
CODE_02_Visos (Generic).bin,0x00000D3E,__dt__15CBasePalManagerFv,accepted_x86_correlation,gap,0x0046AD10,high,src/Platform/Windows/Mixed/Engine/CORE/VSINIT.CPP,"destroys occupied remaps, clears slots, and frees the pointer table; Macintosh deleting tail remains wrapper glue"
CODE_02_Visos (Generic).bin,0x00000DB7,RegisterRemap__15CBasePalManagerFUlPUc13ePaletteTypes,accepted_x86_correlation,gap,0x0046AD70,high,src/Platform/Windows/Mixed/Engine/CORE/VSINIT.CPP,"finds first free slot, allocates 8-byte CBaseRemap, invokes constructor path, stores it, and increments active count"
CODE_02_Visos (Generic).bin,0x00000E55,UnRegisterRemap__15CBasePalManagerFP6CRemap,accepted_x86_correlation,gap,0x0046ADD0,high,src/Platform/Windows/Mixed/Engine/CORE/VSINIT.CPP,"scans occupied slots by active count, destroys matching remap, clears slot, and decrements active count"
CODE_02_Visos (Generic).bin,0x00000EB0,__ct__7CStringFv,accepted_x86_correlation,represented,0x0046E410,high,src/Visos/Generic/VSSTAT.CPP,8-byte heap string default constructor allocates one NUL byte and stores capacity 1
CODE_02_Visos (Generic).bin,0x00000F0A,__ct__7CStringFPc,accepted_x86_correlation,represented,0x0046E430,high,src/Visos/Generic/VSSTAT.CPP,C-string constructor allocates length plus terminator and copies the source
CODE_02_Visos (Generic).bin,0x00000F5C,__ct__7CStringFR7CString,accepted_x86_correlation,represented,0x0046E480,high,src/Visos/Generic/VSSTAT.CPP,copy constructor preserves capacity and deep-copies the NUL-terminated buffer
CODE_02_Visos (Generic).bin,0x00000FA8,__dt__7CStringFv,accepted_x86_correlation,represented,0x0046E500,high,src/Visos/Generic/VSSTAT.CPP,destructor frees the sole heap buffer
CODE_02_Visos (Generic).bin,0x00001008,__as__7CStringFR7CString,accepted_x86_correlation,represented,0x0046E510,high,src/Visos/Generic/VSSTAT.CPP,"CString assignment frees, reallocates to source capacity, deep-copies, and returns this"
CODE_02_Visos (Generic).bin,0x00001078,__as__7CStringFPCc,accepted_x86_correlation,represented,0x0046E570,high,src/Visos/Generic/VSSTAT.CPP,"C-string assignment grows only when needed, copies through the terminator, and returns this"
CODE_02_Visos (Generic).bin,0x00001150,__apl__7CStringFR7CString,accepted_x86_correlation,represented,0x0046E5D0,high,src/Visos/Generic/VSSTAT.CPP,"CString append concatenates both buffers, replaces this, and copy-constructs the hidden result"
CODE_02_Visos (Generic).bin,0x00001228,__apl__7CStringFPCc,accepted_x86_correlation,represented,0x0046E6E0,high,src/Visos/Generic/VSSTAT.CPP,"C-string append concatenates the suffix, replaces this, and copy-constructs the hidden result"
CODE_02_Visos (Generic).bin,0x0000125A,__ls__FR10CVSOStreamR7CString,accepted_x86_correlation,represented,0x0046E7F0,high,src/Visos/Generic/VSSTAT.CPP,free stream insertion passes the CString buffer to CVSOStream and returns the stream
CODE_02_Visos (Generic).bin,0x00001296,getlength__7CStringFv,accepted_x86_correlation,represented,0x0046EF00,high,src/Visos/Generic/VSSTAT.CPP,returns strlen of the buffer at object offset zero
CODE_02_Visos (Generic).bin,0x00001312,lower__7CStringFv,accepted_x86_correlation,represented,0x0046EFA0,high,src/Visos/Generic/VSSTAT.CPP,lowercases this in place and copy-constructs the hidden CString result
CODE_02_Visos (Generic).bin,0x00001357,__ct__12CMasterInputFP10CBaseQueue,accepted_x86_correlation,gap,0x00472070,high,src/Platform/Windows/Mixed/Engine/CORE/VSINIT.CPP,"Exact 68K/x86 0x18-byte lifecycle, list destruction, queue field, vtable slot, caller, and reccmp evidence agree."
CODE_02_Visos (Generic).bin,0x000013CE,__dt__12CMasterInputFv,accepted_x86_correlation,gap,0x00472090,high,src/Platform/Windows/Mixed/Engine/CORE/VSINIT.CPP,"Exact 68K/x86 0x18-byte lifecycle, list destruction, queue field, vtable slot, caller, and reccmp evidence agree."
CODE_02_Visos (Generic).bin,0x000013F5,StreamOut__12CMasterInputFR10CVSOStream,accepted_x86_correlation,gap,0x00472210,high,src/Platform/Windows/Mixed/Engine/CORE/VSINIT.CPP,"Exact 68K/x86 0x18-byte lifecycle, list destruction, queue field, vtable slot, caller, and reccmp evidence agree."
CODE_02_Visos (Generic).bin,0x00001570,_RES_Init__Fv,accepted_x86_correlation,gap,0x0045B900,high,src/Platform/Windows/Mixed/Engine/CORE/VSINIT.CPP,"Exact resource tag tables, palette manager lifecycle, startup/shutdown callers, signatures, and x86 behavior agree."
CODE_02_Visos (Generic).bin,0x00001608,_RES_Quit__Fv,accepted_x86_correlation,gap,0x0045BA50,high,src/Platform/Windows/Mixed/Engine/CORE/VSINIT.CPP,"Exact resource tag tables, palette manager lifecycle, startup/shutdown callers, signatures, and x86 behavior agree."
CODE_02_Visos (Generic).bin,0x00001634,__ls__FR10CVSOStream5RNAME,accepted_x86_correlation,gap,0x0045BAD0,high,src/Platform/Windows/Mixed/Level/IO/DRAWTEXT.CPP,"Exact stream insertion wrapper, RNAME payload width, sole caller, return identity, and 100% reccmp agree."
CODE_02_Visos (Generic).bin,0x000016E2,__nw__13CMogloadArenaFUl,accepted_x86_correlation,gap,0x0045BAF0,high,src/Visos/Generic/MogLoad.cpp,"Exact arena fallback, small-memory path, main-arena dispatch, callers, signatures, and 100% reccmp agree."
CODE_02_Visos (Generic).bin,0x00001758,__dl__13CMogloadArenaFPv,accepted_x86_correlation,gap,0x0045BB70,high,src/Visos/Generic/MogLoad.cpp,"Exact arena fallback, small-memory path, main-arena dispatch, callers, signatures, and 100% reccmp agree."
CODE_02_Visos (Generic).bin,0x000017A0,Open__8CRawReadFPcPc,accepted_x86_correlation,gap,0x0045BBC0,high,src/Visos/Generic/MogLoad.cpp,"Exact global archive handle, read widths, case-folded component comparison, callers, x86 ABI, and focused reccmp support this mapping."
CODE_02_Visos (Generic).bin,0x000017D8,InputByte__8CRawReadFv,accepted_x86_correlation,gap,0x0045BBE0,high,src/Visos/Generic/MogLoad.cpp,"Exact global archive handle, read widths, case-folded component comparison, callers, x86 ABI, and focused reccmp support this mapping."
CODE_02_Visos (Generic).bin,0x00001812,InputDword__8CRawReadFv,accepted_x86_correlation,gap,0x0045BC40,high,src/Visos/Generic/MogLoad.cpp,"Exact global archive handle, read widths, case-folded component comparison, callers, x86 ABI, and focused reccmp support this mapping."
CODE_02_Visos (Generic).bin,0x00001884,NameCmp__8CRawReadFPcPc,accepted_x86_correlation,gap,0x0045BD50,high,src/Visos/Generic/MogLoad.cpp,"Exact global archive handle, read widths, case-folded component comparison, callers, x86 ABI, and focused reccmp support this mapping."
CODE_02_Visos (Generic).bin,0x00001A54,__ct__7CMogDirFUl,accepted_x86_correlation,gap,0x0045BDA0,high,src/Visos/Generic/MogLoad.cpp,construct archive directory root and load entry/name tables
CODE_02_Visos (Generic).bin,0x00001B12,__dt__7CMogDirFv,accepted_x86_correlation,gap,0x0045BF10,high,src/Visos/Generic/MogLoad.cpp,semantic archive directory tree cleanup
CODE_02_Visos (Generic).bin,0x00001BBF,GetChunkInfo__7CMogDirFP12tagChunkInfo,accepted_x86_correlation,gap,0x0045BFA0,high,src/Visos/Generic/MogLoad.cpp,read and initialize one 36-byte archive entry record
CODE_02_Visos (Generic).bin,0x00001C2C,NewChunkInfo__7CMogDirFv,accepted_x86_correlation,gap,0x0045C030,high,src/Visos/Generic/MogLoad.cpp,allocate link and populate next archive entry
CODE_02_Visos (Generic).bin,0x00001DBC,GetNextDir__7CMogDirFv,accepted_x86_correlation,gap,0x0045C060,high,src/Visos/Generic/MogLoad.cpp,advance and lazily construct child directory cursor
CODE_02_Visos (Generic).bin,0x00001E71,FindNext__7CMogDirFR8tagCHUNK7CHUNKID,accepted_x86_correlation,gap,0x0045C200,high,src/Visos/Generic/MogLoad.cpp,advance archive cursor to next matching tag
CODE_02_Visos (Generic).bin,0x00001ECF,FindFirst__7CMogDirFR8tagCHUNK7CHUNKID,accepted_x86_correlation,gap,0x0045C2A0,high,src/Visos/Generic/MogLoad.cpp,reset then find first matching tag
CODE_02_Visos (Generic).bin,0x00001FA1,Find__7CMogDirFR8tagCHUNKUl7RECURSE,accepted_x86_correlation,gap,0x0045C2D0,high,src/Visos/Generic/MogLoad.cpp,recursive resource-ID lookup with cursor save/restore
CODE_02_Visos (Generic).bin,0x00002120,__ct__7CMogResFPcPPcUl,accepted_x86_correlation,gap,0x0045C630,high,src/Visos/Generic/MogLoad.cpp,"archive, cache, directory tree, arena and status initialization"
CODE_02_Visos (Generic).bin,0x000021EE,__dt__7CMogResFv,accepted_x86_correlation,gap,0x0045C770,high,src/Visos/Generic/MogLoad.cpp,"archive close, validation and owned tree, path and arena teardown"
CODE_02_Visos (Generic).bin,0x0000231C,SetWD__7CMogResFPc,accepted_x86_correlation,gap,0x0045C810,high,src/Visos/Generic/MogLoad.cpp,absolute or relative archive working-directory traversal with rollback
CODE_02_Visos (Generic).bin,0x000023DC,KillLeastResource__7CMogResFUl,accepted_x86_correlation,gap,0x0045C940,high,src/Visos/Generic/MogLoad.cpp,"unlocked loaded-resource eviction candidate ranking by size, references and age"
CODE_02_Visos (Generic).bin,0x00002462,GetFreeHandle__7CMogResFv,accepted_x86_correlation,gap,0x0045C9D0,high,src/Visos/Generic/MogLoad.cpp,sparse cache scan then zero-reference replacement slot selection
CODE_02_Visos (Generic).bin,0x0000251C,AllocateMainMem__7CMogResFUl,accepted_x86_correlation,gap,0x0045CA30,high,src/Visos/Generic/MogLoad.cpp,allocation with shortfall eviction and retry
CODE_02_Visos (Generic).bin,0x000025C0,Find__7CMogResFUl,accepted_x86_correlation,gap,0x0045CAB0,high,src/Visos/Generic/MogLoad.cpp,"resource-ID lookup, ensure-loaded dispatch, age reset and reference increment"
CODE_02_Visos (Generic).bin,0x00002625,Load__7CMogResFP8CResBase8tagCHUNK,accepted_x86_correlation,gap,0x0045CB50,high,src/Visos/Generic/MogLoad.cpp,"chunk tag, offset, size and descriptor attachment"
CODE_02_Visos (Generic).bin,0x000026EF,Load__7CMogResFUlP8CResBase7RECURSE,accepted_x86_correlation,gap,0x0045CB80,high,src/Visos/Generic/MogLoad.cpp,"recursive lookup, reusable-slot replacement and cache ownership transfer"
CODE_02_Visos (Generic).bin,0x0000276A,CheckAllUnloaded__7CMogResFv,accepted_x86_correlation,gap,0x0045CD60,high,src/Visos/Generic/MogLoad.cpp,all live cached resources have zero references
CODE_02_Visos (Generic).bin,0x000027EE,AgeResources__7CMogResFv,accepted_x86_correlation,gap,0x0045CDB0,high,src/Visos/Generic/MogLoad.cpp,conditional cached-resource age increment
CODE_02_Visos (Generic).bin,0x0000286B,Load__7CMogResFRC8CVSRangeRPUcP8CResBase,accepted_x86_correlation,gap,0x0045CE00,high,src/Visos/Generic/MogLoad.cpp,"range allocation, output assignment, offset seek and archive read"
CODE_02_Visos (Generic).bin,0x00002912,CleanUpResources__7CMogResFv,accepted_x86_correlation,gap,0x0045CE50,high,src/Visos/Generic/MogLoad.cpp,delete zero-reference cached objects and clear slots
CODE_02_Visos (Generic).bin,0x00002980,Remove__7CMogResFP8CResBase,accepted_x86_correlation,gap,0x0045CEB0,high,src/Visos/Generic/MogLoad.cpp,remove cache ownership without deleting the object
CODE_02_Visos (Generic).bin,0x000029AE,DeallocateMem__7CMogResFPUcUc,accepted_x86_correlation,gap,0x0045CF10,high,src/Visos/Generic/MogLoad.cpp,archive allocator free wrapper
CODE_02_Visos (Generic).bin,0x00002A32,DoLoad__8CResBaseFUl,accepted_x86_correlation,gap,0x0045CF20,high,src/Visos/Generic/MogLoad.cpp,initialize then archive-manager load by resource ID
CODE_02_Visos (Generic).bin,0x00002AB3,Direct__8CResBaseFRPUcP12CResBaseLIST,accepted_x86_correlation,gap,0x0045CF70,high,src/Platform/Windows/Mixed/Resource/VARLOAD.CPP,stream-descriptor direct load with list owner
CODE_02_Visos (Generic).bin,0x00002B89,Direct__8CResBaseFRPUcRPUcP12CResBaseLIST,accepted_x86_correlation,gap,0x0045CFB0,high,src/Platform/Windows/Mixed/Resource/VARLOAD.CPP,buffer-descriptor direct load with data output and list owner
CODE_02_Visos (Generic).bin,0x00002BE4,__dt__8CResBaseFv,accepted_x86_correlation,gap,0x0045D040,high,src/Visos/Generic/MogLoad.cpp,non-deleting destructor core restoring base vtable
CODE_02_Visos (Generic).bin,0x00002C58,Initialise__8CResBaseFv,accepted_x86_correlation,gap,0x0045D050,high,src/Visos/Generic/MogLoad.cpp,expanded Windows resource state initialization
CODE_02_Visos (Generic).bin,0x00002F01,StreamOut__8CResBaseFR10CVSOStream,platform_specific,gap,,high,,"Exact 655-byte Macintosh diagnostic formatter writes CResBase state through a global status stream; no Windows body, vtable slot, direct caller, or equivalent formatter is emitted."
CODE_02_Visos (Generic).bin,0x00002F90,OnRead__8CResBaseFPUcPPUcUl,accepted_x86_correlation,gap,0x0045D0A0,high,src/Visos/Generic/MogLoad.cpp,owned input transfer and loaded-state parse hook
CODE_02_Visos (Generic).bin,0x00003072,LoadData__8CResBaseFv,accepted_x86_correlation,gap,0x0045D100,high,src/Visos/Generic/MogLoad.cpp,archive range load into owned data through OnRead
CODE_02_Visos (Generic).bin,0x000030F2,UnLoad__8CResBaseFv,accepted_x86_correlation,gap,0x0045D180,high,src/Visos/Generic/MogLoad.cpp,"reference decrement, zero-reference unload and cached-object destruction"
CODE_02_Visos (Generic).bin,0x00003178,UnLoadData__8CResBaseFUc,accepted_x86_correlation,gap,0x0045D1C0,high,src/Visos/Generic/MogLoad.cpp,owned archive-data release and lifecycle hooks
CODE_02_Visos (Generic).bin,0x000031CA,UnLoadExtData__8CResBaseFUc,accepted_x86_correlation,gap,0x0045D220,high,src/Visos/Generic/MogLoad.cpp,external-data release and lock-count decrement
CODE_02_Visos (Generic).bin,0x0000323A,CheckError__8CResBaseFv,accepted_x86_correlation,gap,0x0045D250,high,src/Visos/Generic/MogLoad.cpp,loaded-result validation and error state finalization
CODE_02_Visos (Generic).bin,0x0000327A,SetHeader__12CResBaseLISTFv,accepted_x86_correlation,gap,0x0045D290,high,src/Platform/Windows/Mixed/Resource/VARLOAD.CPP,descriptor fields copied into expanded list header and entry cursor reset
CODE_02_Visos (Generic).bin,0x00003437,OnRead__12CResBaseLISTFPUcPPUcUl,accepted_x86_correlation,gap,0x0045D2B0,high,src/Platform/Windows/Mixed/Resource/VARLOAD.CPP,"shared header/data arrival, parse, free, loaded-state and OnLoad path"
CODE_02_Visos (Generic).bin,0x00003568,LoadData__12CResBaseLISTFv,accepted_x86_correlation,gap,0x0045D430,high,src/Platform/Windows/Mixed/Resource/VARLOAD.CPP,header then payload archive ranges through virtual OnRead
CODE_02_Visos (Generic).bin,0x000035F4,ForceLoadVram__12CResBaseLISTFv,accepted_x86_correlation,gap,0x0045D4F0,high,src/Platform/Windows/Mixed/Resource/VARLOAD.CPP,readiness-gated derived entry force-load loop
CODE_02_Visos (Generic).bin,0x000036AC,UnLoadData__12CResBaseLISTFUc,accepted_x86_correlation,gap,0x0045D540,high,src/Platform/Windows/Mixed/Resource/VARLOAD.CPP,payload release and derived per-entry unload loop
CODE_02_Visos (Generic).bin,0x00003729,UnLoadVramData__12CResBaseLISTFUc,accepted_x86_correlation,gap,0x0045D5C0,high,src/Platform/Windows/Mixed/Resource/VARLOAD.CPP,readiness-gated derived VRAM unload dispatch without stream-buffer release
CODE_02_Visos (Generic).bin,0x00003802,Load__8CResANIMFUl,accepted_x86_correlation,gap,0x0045D610,high,src/Platform/Windows/Mixed/Resource/VARLOAD.CPP,"resource cache lookup, LIST validation and derived object initialization"
CODE_02_Visos (Generic).bin,0x0000386A,AllocateResources__8CResANIMFUl,accepted_x86_correlation,gap,0x0045D6A0,high,src/Platform/Windows/Mixed/Resource/VARLOAD.CPP,counted CResZRLE entry-array allocation and construction
CODE_02_Visos (Generic).bin,0x000038B8,UnLoadVramData__8CResANIMFUlUc,accepted_x86_correlation,gap,0x0045D700,high,src/Platform/Windows/Mixed/Resource/VARLOAD.CPP,indexed CResZRLE entry unload dispatch
CODE_02_Visos (Generic).bin,0x00003932,ForceLoadVram__8CResANIMFUl,accepted_x86_correlation,gap,0x0045D720,high,src/Platform/Windows/Mixed/Resource/VARLOAD.CPP,indexed two-call force-load Boolean pattern
CODE_02_Visos (Generic).bin,0x000039BC,__ct__8CResFONTFUl,accepted_x86_correlation,gap,0x0045D7B0,high,src/Platform/Windows/Mixed/Resource/VARLOAD.CPP,resource-ID constructor initializes list/font arrays and loads ID
CODE_02_Visos (Generic).bin,0x00003A6A,__dt__8CResFONTFv,accepted_x86_correlation,gap,0x0045D810,high,src/Platform/Windows/Mixed/Resource/VARLOAD.CPP,semantic teardown of arrays and glyph table before base destruction
CODE_02_Visos (Generic).bin,0x00003AEE,Load__8CResFONTFUl,accepted_x86_correlation,gap,0x0045D850,high,src/Platform/Windows/Mixed/Resource/VARLOAD.CPP,LIST-tag font cache factory
CODE_02_Visos (Generic).bin,0x00003B90,AllocateResources__8CResFONTFUl,accepted_x86_correlation,gap,0x0045D8B0,high,src/AI/CResFONT.cpp,allocate paired ZRLE glyph and INT code arrays
CODE_02_Visos (Generic).bin,0x00003BD8,GetnVramEntries__8CResFONTFv,accepted_x86_correlation,gap,0x0045D970,high,src/Visos/Generic/TXTCNT.CPP,count loaded/data states across paired first entries
CODE_02_Visos (Generic).bin,0x00003C75,DirectResources__8CResFONTFUlRPUcRPUc,accepted_x86_correlation,gap,0x0045D990,high,src/AI/CResFONT.cpp,buffer overload directs INT then ZRLE with short circuit
CODE_02_Visos (Generic).bin,0x00003D13,DirectResources__8CResFONTFUlRPUc,accepted_x86_correlation,gap,0x0045D9F0,high,src/AI/CResFONT.cpp,stream overload directs INT then ZRLE with short circuit
CODE_02_Visos (Generic).bin,0x00003D80,UnLoadResources__8CResFONTFUlUc,accepted_x86_correlation,gap,0x0045DA50,high,src/AI/CResFONT.cpp,release paired indexed entries
CODE_02_Visos (Generic).bin,0x00003DCE,UnLoadVramData__8CResFONTFUlUc,accepted_x86_correlation,gap,0x0045DA90,high,src/AI/CResFONT.cpp,release indexed glyph VRAM data
CODE_02_Visos (Generic).bin,0x00003E48,ForceLoadVram__8CResFONTFUl,accepted_x86_correlation,gap,0x0045DAB0,high,src/AI/CResFONT.cpp,force indexed glyph VRAM load
CODE_02_Visos (Generic).bin,0x00003EA0,OnLoad__8CResFONTFv,accepted_x86_correlation,gap,0x0045DAF0,high,src/AI/CResFONT.cpp,lazy font-table allocation
CODE_02_Visos (Generic).bin,0x00003ED4,ASCIItoZRLE__8CResFONTCFUl,accepted_x86_correlation,gap,0x0045DB20,high,src/Platform/Windows/Mixed/Level/IO/DRAWTEXT.CPP,const glyph-table lookup dispatch
CODE_02_Visos (Generic).bin,0x00003FFE,GetSize__8CResFONTCFPCcUl,accepted_x86_correlation,gap,0x0045DB30,high,src/Platform/Windows/Mixed/Level/IO/DRAWTEXT.CPP,const glyph fallback and metric accumulation
CODE_02_Visos (Generic).bin,0x000040A0,Load__11CResPALETTEFUl,accepted_x86_correlation,gap,0x0045DD90,high,src/Platform/Windows/Mixed/Resource/VARLOAD.CPP,PAL-tag cache factory and expanded palette object
CODE_02_Visos (Generic).bin,0x00004140,Load__10CResSTRINGFUl,accepted_x86_correlation,gap,0x0045DE00,high,src/Visos/Generic/MogLoad.cpp,STRG-tag cache factory and expanded string object
CODE_02_Visos (Generic).bin,0x000041CA,Load__9CResMOVIEFUl,accepted_x86_correlation,gap,0x0045DE70,high,src/Platform/Windows/Mixed/Resource/VARLOAD.CPP,LIST-tag cache factory with paired string/int resource object
CODE_02_Visos (Generic).bin,0x00004246,__ct__9CResMOVIEFUl,accepted_x86_correlation,gap,0x0045DF20,high,src/Platform/Windows/Mixed/Resource/VARLOAD.CPP,ID constructor initializes base/list/movie layers and two arrays
CODE_02_Visos (Generic).bin,0x000042D0,__dt__9CResMOVIEFv,accepted_x86_correlation,gap,0x0045DF70,high,src/Platform/Windows/Mixed/Resource/VARLOAD.CPP,destroy paired arrays then base without deleting-wrapper ownership
CODE_02_Visos (Generic).bin,0x00004373,AllocateResources__9CResMOVIEFUl,accepted_x86_correlation,gap,0x0045DFA0,high,src/Platform/Windows/Mixed/Resource/VARLOAD.CPP,allocate and construct paired string/int arrays
CODE_02_Visos (Generic).bin,0x00004413,DirectResources__9CResMOVIEFUlRPUcRPUc,accepted_x86_correlation,gap,0x0045E060,high,src/Platform/Windows/Mixed/Resource/VARLOAD.CPP,buffer overload directs string then int with short-circuit error
CODE_02_Visos (Generic).bin,0x000044B1,DirectResources__9CResMOVIEFUlRPUc,accepted_x86_correlation,gap,0x0045E0C0,high,src/Platform/Windows/Mixed/Resource/VARLOAD.CPP,stream overload directs string then int with short-circuit error
CODE_02_Visos (Generic).bin,0x0000451F,UnLoadResources__9CResMOVIEFUlUc,accepted_x86_correlation,gap,0x0045E120,high,src/Platform/Windows/Mixed/Resource/VARLOAD.CPP,unload both paired child resources
CODE_02_Visos (Generic).bin,0x000045DC,Load__10CResBITMAPFUl,accepted_x86_correlation,gap,0x0045E210,high,src/Platform/Windows/Mixed/Resource/VARLOAD.CPP,BTMP-tag cache factory and expanded bitmap object
CODE_02_Visos (Generic).bin,0x00004634,SetHeader__10CResBITMAPFv,accepted_x86_correlation,gap,0x0045E290,high,src/Visos/Generic/MogLoad.cpp,bitmap descriptor fields copied into expanded header
CODE_02_Visos (Generic).bin,0x000046FE,Load__8CResZRLEFUl,accepted_x86_correlation,gap,0x0045E2B0,high,src/Platform/Windows/Mixed/Resource/VARLOAD.CPP,ZRLE-tag cache factory and expanded ZRLE object
CODE_02_Visos (Generic).bin,0x0000478E,SetHeader__8CResZRLEFv,accepted_x86_correlation,gap,0x0045E340,high,src/Platform/Windows/Mixed/Resource/VARLOAD.CPP,six ZRLE descriptor words copied into expanded header
CODE_02_Visos (Generic).bin,0x0000482E,Load__10CResEFFECTFUl,accepted_x86_correlation,gap,0x0045E380,high,src/Visos/Generic/MogLoad.cpp,EFF-tag cache factory and expanded effect object
CODE_02_Visos (Generic).bin,0x000048CC,Load__7CResBINFUl,accepted_x86_correlation,gap,0x0045E540,high,src/Platform/Windows/Mixed/Level/RUN/DEMO.CPP,BIN-tag cache factory and expanded binary object
CODE_02_Visos (Generic).bin,0x0000490C,__ct__17CBaseQueueHandlerFv,accepted_x86_correlation,gap,0x00462EA0,high,src/Control/CGame.cpp,"QHDR tag, vtable, counter fields and common derived-base construction"
CODE_02_Visos (Generic).bin,0x0000494D,ProcessMsg__17CBaseQueueHandlerFP10tagMESSAGE,accepted_x86_correlation,gap,0x00462EC0,high,src/Control/CGameVT.cpp,one-pointer virtual ABI and optimized counter increment
CODE_02_Visos (Generic).bin,0x0000498B,StreamOut__17CBaseQueueHandlerFR10CVSOStream,accepted_x86_correlation,gap,0x00462ED0,high,src/Platform/Windows/Mixed/Engine/NET/VSNETSTR.CPP,distinct handler vtable-owned stream identity body
CODE_02_Visos (Generic).bin,0x000049E2,PackParam__Fss,genuinely_missing_or_unresolved,gap,,unresolved,,no accepted address and no exact scoped spelling in current source
CODE_02_Visos (Generic).bin,0x00004A94,__ct__10CBaseQueueFUi,accepted_x86_correlation,gap,0x00463020,high,src/Platform/Windows/Mixed/Engine/CORE/VSINIT.CPP,"capacity-times-0x14 allocation and queue, lock, vtable initialization"
CODE_02_Visos (Generic).bin,0x00004B4C,__ct__10CBaseQueueFUiPc,accepted_x86_correlation,gap,0x004630A0,high,src/Platform/Windows/Mixed/Engine/CORE/VSINIT.CPP,two-argument construction with deliberately unused name
CODE_02_Visos (Generic).bin,0x00004BE2,__dt__10CBaseQueueFv,accepted_x86_correlation,gap,0x00463120,high,src/Platform/Windows/Mixed/Engine/CORE/VSINIT.CPP,"non-deleting queue, buffer, handler-node and lock teardown"
CODE_02_Visos (Generic).bin,0x00004CB5,Post__10CBaseQueueFR10tagMESSAGE,accepted_x86_correlation,gap,0x004631A0,high,src/Platform/Windows/Mixed/Engine/GDI/WINDOW/VSWING.CPP,"serial assignment, posted count and ring append with overflow drain"
CODE_02_Visos (Generic).bin,0x00004D45,Send__10CBaseQueueFR10tagMESSAGE,accepted_x86_correlation,gap,0x00463230,high,src/Platform/Windows/Mixed/Engine/GDI/WINDOW/VSWING.CPP,"serial assignment, sent count and immediate dispatch"
CODE_02_Visos (Generic).bin,0x00004D75,StreamOut__10CBaseQueueFR10CVSOStream,accepted_x86_correlation,gap,0x00463280,high,src/Platform/Windows/Mixed/Engine/GDI/WINDOW/VSWING.CPP,distinct queue vtable-owned stream identity body
CODE_02_Visos (Generic).bin,0x00004EB3,Attach__10CBaseQueueFP17CBaseQueueHandleri,accepted_x86_correlation,gap,0x004632A0,high,src/Control/CGame.cpp,stable signed-order handler-node insertion
CODE_02_Visos (Generic).bin,0x00004F91,Detach__10CBaseQueueFP17CBaseQueueHandleri,accepted_x86_correlation,gap,0x004633B0,high,src/Control/CGame.cpp,"handler and order match, unlink, free and count decrement"
CODE_02_Visos (Generic).bin,0x00005015,GetNth__10CBaseQueueFP10tagMESSAGEUi,accepted_x86_correlation,gap,0x00463570,high,src/Platform/Windows/Mixed/Engine/GDI/WINDOW/VSWING.CPP,locked peek then delete operation
CODE_02_Visos (Generic).bin,0x000050B3,PeekNth__10CBaseQueueFP10tagMESSAGEUi,accepted_x86_correlation,gap,0x004635B0,high,src/Platform/Windows/Mixed/Engine/GDI/WINDOW/VSWING.CPP,wrapped ring address and complete record copy
CODE_02_Visos (Generic).bin,0x000051D7,PutNth__10CBaseQueueFP10tagMESSAGEUi,accepted_x86_correlation,gap,0x00463610,high,src/Platform/Windows/Mixed/Engine/GDI/WINDOW/CBaseQueue.cpp,"wrapped record shift, insertion and tail/count advance"
CODE_02_Visos (Generic).bin,0x00005326,DeleteNth__10CBaseQueueFUi,accepted_x86_correlation,gap,0x004636E0,high,src/Platform/Windows/Mixed/Engine/GDI/WINDOW/VSWING.CPP,singleton/head handling and wrapped record compaction
CODE_02_Visos (Generic).bin,0x000053E2,ProcessNMsgs__10CBaseQueueFUi,accepted_x86_correlation,gap,0x00463810,high,src/Platform/Windows/Mixed/Engine/GDI/WINDOW/VSWING.CPP,snapshot-bounded repeated dequeue and process
CODE_02_Visos (Generic).bin,0x00005483,Process__10CBaseQueueFP10tagMESSAGE,accepted_x86_correlation,gap,0x004638A0,high,src/Platform/Windows/Mixed/Engine/GDI/WINDOW/VSWING.CPP,ordered handler dispatch and first-handled termination
CODE_02_Visos (Generic).bin,0x0000566C,__ct__12CTextManagerFUliiUi,accepted_x86_correlation,gap,0x00469C60,high,src/Platform/Windows/Mixed/Level/IO/DRAWTEXT.CPP,0x24 Windows manager; pointer/remap tables; pooled 0x44/0x4C draw entries; constructor callers
CODE_02_Visos (Generic).bin,0x00005748,__dt__12CTextManagerFv,accepted_x86_correlation,gap,0x00469E20,high,src/Platform/Windows/Mixed/Level/IO/DRAWTEXT.CPP,loaded-font release; remap arrays; pooled draw-entry teardown; destructor callers
CODE_02_Visos (Generic).bin,0x000057A4,LoadFont__12CTextManagerFUl,accepted_x86_correlation,gap,0x00469EB0,high,src/Platform/Windows/Mixed/Level/IO/DRAWTEXT.CPP,first empty font slot; CResFONT load; id-to-slot remap; loaded count
CODE_02_Visos (Generic).bin,0x000057F6,GetFont__12CTextManagerFUl,accepted_x86_correlation,gap,0x00469EF0,high,src/Platform/Windows/Mixed/Level/IO/DRAWTEXT.CPP,font_array[short_remap[id]] lookup; callers; 100% reccmp
CODE_02_Visos (Generic).bin,0x00005854,UnLoadFont__12CTextManagerFUl,accepted_x86_correlation,gap,0x00469F10,high,src/Platform/Windows/Mixed/Level/IO/DRAWTEXT.CPP,mapped font release; slot clear; loaded count decrement
CODE_02_Visos (Generic).bin,0x000058FF,DrawString__12CTextManagerFP4CGDIR8CVSPointRC7CVSSizeUlPcUlP6CRemap,accepted_x86_correlation,gap,0x00469F50,high,src/Platform/Windows/Mixed/Level/IO/DRAWTEXT.CPP,pooled primitive selection; optional relative point; font lookup; char-pointer draw dispatch
CODE_02_Visos (Generic).bin,0x000059ED,DrawString__12CTextManagerFP4CGDIR8CVSPointRC7CVSSizeUl7CStringUlP6CRemap,accepted_x86_correlation,gap,0x00469FD0,high,src/Platform/Windows/Mixed/Engine/GDI/RENDER/GDIVT.CPP,pooled primitive selection; optional relative point; CString copy/destruction; mapped font draw dispatch
CODE_02_Visos (Generic).bin,0x00005A4B,ResetPrimitives__12CTextManagerFv,accepted_x86_correlation,gap,0x0046A070,high,src/Platform/Windows/Mixed/Engine/GDI/RENDER/GDIVT.CPP,single current-primitive reset at +0x18; reset callers; 100% reccmp
CODE_02_Visos (Generic).bin,0x00005A8A,_VSRELassert,genuinely_missing_or_unresolved,gap,,unresolved,,no accepted address and no exact scoped spelling in current source
CODE_02_Visos (Generic).bin,0x00005B68,__ct__11CBaseCursorFv,accepted_x86_correlation,portable,0x0046AEC0,high,src/Visos/Windows/CGDI.cpp,"constructor/base init, vtable role, sequential family, caller allocation"
CODE_02_Visos (Generic).bin,0x00005C44,__dt__11CBaseCursorFv,accepted_x86_correlation,portable,0x0046AF30,high,src/Visos/Windows/CGDI.cpp,"destructor/resource release, vtable role, exact focused reccmp"
CODE_02_Visos (Generic).bin,0x00005DC4,Initialise__11CBaseCursorFv,accepted_x86_correlation,portable,0x0046AFD0,high,src/Visos/Windows/CGDI.cpp,"field defaults, render-entry pool setup, timer state"
CODE_02_Visos (Generic).bin,0x00006015,ProcessMsg__11CBaseCursorFP10tagMESSAGE,accepted_x86_correlation,portable,0x0046B0E0,high,src/Visos/Windows/CGDI.cpp,"input event filtering, packed position, key-motion state"
CODE_02_Visos (Generic).bin,0x00006085,SetPos__11CBaseCursorFRC8CVSPoint,accepted_x86_correlation,portable,0x0046B2C0,high,src/Visos/Windows/CGDI.cpp,position and fixed-point coordinate update
CODE_02_Visos (Generic).bin,0x00006116,SetMainID__11CBaseCursorFUl,accepted_x86_correlation,portable,0x0046B310,high,src/Platform/Windows/Mixed/Level/STATE/LEVELSTAT.CPP,ZRLE resource replacement and render-entry propagation
CODE_02_Visos (Generic).bin,0x000061AC,SetActive__11CBaseCursorFUc,accepted_x86_correlation,portable,0x0046B370,high,src/Platform/Windows/Mixed/Level/STATE/LEVELSTAT.CPP,"active transition, hide slot, timer reset, exact reccmp"
CODE_02_Visos (Generic).bin,0x00006262,SetMainID__11CBaseCursorFUli,accepted_x86_correlation,portable,0x0046B3B0,high,src/Platform/Windows/Mixed/Level/STATE/LEVELSTAT.CPP,"LIST resource plus entry selection and propagation, exact reccmp"
CODE_02_Visos (Generic).bin,0x0000644A,InWindow__11CBaseCursorFP5CGWnd,accepted_x86_correlation,portable,0x0046B460,high,src/Platform/Windows/Mixed/Engine/GDI/RENDER/GDISTATUSVT.CPP,window/render-entry bounds and cursor visibility semantics
CODE_02_Visos (Generic).bin,0x0000679A,Draw__11CBaseCursorFP5CGWnd,accepted_x86_correlation,portable,0x0046B5C0,high,src/Control/CGame.cpp,"window-relative cursor geometry, clipping, native-cursor arbitration"
CODE_02_Visos (Generic).bin,0x00006B7A,Process__11CBaseCursorFv,accepted_x86_correlation,portable,0x0046B810,high,src/Platform/Windows/Mixed/Level/STATE/LEVELSTAT.CPP,"timed fixed-point motion, clamp, position event dispatch"
CODE_02_Visos (Generic).bin,0x00006BDB,__as__19CFileNetworkAddressF15eBroadcastTypes,genuinely_missing_or_unresolved,gap,,unresolved,,no accepted address and no exact scoped spelling in current source
CODE_02_Visos (Generic).bin,0x00006C3B,__gt__19CFileNetworkAddressFR15CNetworkAddress,genuinely_missing_or_unresolved,gap,,unresolved,,no accepted address and no exact scoped spelling in current source
CODE_02_Visos (Generic).bin,0x00006CB6,__ct__14CHeaderMessageFv,accepted_x86_correlation,portable,0x00479540,high,src/Platform/Windows/Mixed/Engine/NET/VSNETFIL.CPP,"base stream init, vtable role, +0x30 payload extent, exact field layout, 100% reccmp"
CODE_02_Visos (Generic).bin,0x00006D28,AddData__14CHeaderMessageFv,accepted_x86_correlation,portable,0x00479580,high,src/Platform/Windows/Mixed/Engine/NET/VSNETFIL.CPP,"marker increment, u16/u32 writes and two 0x15-byte fields, 100% reccmp"
CODE_02_Visos (Generic).bin,0x00006DA6,GetData__14CHeaderMessageFv,accepted_x86_correlation,portable,0x004795D0,high,src/Platform/Windows/Mixed/Engine/NET/VSNETFIL.CPP,"marker compare, conditional reads and 0x2e skip, 100% reccmp"
CODE_02_Visos (Generic).bin,0x00006E6E,__ct__8CHeadersFi,accepted_x86_correlation,portable,0x00479620,high,src/Platform/Windows/Mixed/Engine/NET/VSNETFIL.CPP,"counted 0x60-byte slot array, u16 flags and constructor callers"
CODE_02_Visos (Generic).bin,0x00006ED8,__dt__8CHeadersFv,accepted_x86_correlation,portable,0x004796E0,high,src/Platform/Windows/Mixed/Engine/NET/VSNETFIL.CPP,"parallel flag free, counted-slot destruction and base teardown"
CODE_02_Visos (Generic).bin,0x00006F38,AddData__8CHeadersFv,accepted_x86_correlation,portable,0x00479790,high,src/Platform/Windows/Mixed/Engine/NET/VSNETFIL.CPP,ordered child copy loop and parent cursor advance
CODE_02_Visos (Generic).bin,0x00006F98,GetData__8CHeadersFv,accepted_x86_correlation,portable,0x004797D0,high,src/Platform/Windows/Mixed/Engine/NET/VSNETFIL.CPP,"ordered child Set loop, cursor update and reset"
CODE_02_Visos (Generic).bin,0x0000700E,__ct__13CPortsMessageFv,accepted_x86_correlation,portable,0x00479810,high,src/Platform/Windows/Mixed/Engine/NET/VSNETFIL.CPP,"base stream init, fixed 0x200-byte allocation, zero fill and layout adaptation"
CODE_02_Visos (Generic).bin,0x00007052,AnyUsed__13CPortsMessageFv,accepted_x86_correlation,portable,0x00479860,high,src/Platform/Windows/Mixed/Engine/NET/VSNETFIL.CPP,"exact 0x200-byte nonzero scan, caller gate and 100% reccmp"
CODE_02_Visos (Generic).bin,0x0000710F,CreateSocket__17CFileCommonSocketFPCc,accepted_x86_correlation,portable,0x00479880,high,src/Platform/Windows/Mixed/Engine/NET/VSNETFIL.CPP;src/Platform/Windows/Mixed/Engine/NET/VSNET.H,"two virtual open paths, 100ms retry and close-on-create-new behavior"
CODE_02_Visos (Generic).bin,0x0000715F,SysCloseSocket__17CFileCommonSocketFv,accepted_x86_correlation,portable,0x00479900,high,src/Platform/Windows/Mixed/Engine/NET/VSNETFIL.CPP;src/Platform/Windows/Mixed/Engine/NET/VSNET.H,virtual close callback with status 6 on failure and 0 on success
CODE_02_Visos (Generic).bin,0x0000719A,__ct__15CFileBaseSocketFv,accepted_x86_correlation,portable,0x00479920,high,src/Platform/Windows/Mixed/Engine/NET/VSNETFIL.CPP;src/Platform/Windows/Mixed/Engine/NET/VSNET.H,exact zero first-word constructor and embedded callers
CODE_02_Visos (Generic).bin,0x0000730A,__ct__15CFileReadSocketFv,accepted_x86_correlation,portable,0x00479930,high,src/Platform/Windows/Mixed/Engine/NET/VSNETFIL.CPP;src/Platform/Windows/Mixed/Engine/NET/VSNET.H,"embedded channel and stream construction, file-wrapper vtables and sentinel"
CODE_02_Visos (Generic).bin,0x000073FD,Read__15CFileReadSocketFR15CNetworkMessageUcUc,accepted_x86_correlation,portable,0x00479A40,high,src/Platform/Windows/Mixed/Engine/NET/VSNETFIL.CPP;src/Platform/Windows/Mixed/Engine/NET/VSNET.H,"range lock timeout, buffered message load, conditional unlock"
CODE_02_Visos (Generic).bin,0x0000752C,ReadBuff__15CFileReadSocketFi,accepted_x86_correlation,portable,0x00479B30,high,src/Platform/Windows/Mixed/Engine/NET/VSNETFIL.CPP;src/Platform/Windows/Mixed/Engine/NET/VSNET.H,"slot payload read, source selection and packet processing"
CODE_02_Visos (Generic).bin,0x000077CA,Process__15CFileReadSocketFv,accepted_x86_correlation,portable,0x00479C10,high,src/Platform/Windows/Mixed/Engine/NET/VSNETFIL.CPP;src/Platform/Windows/Mixed/Engine/NET/VSNET.H,"pending marker scan, one-payload service, latch and cursor state"
CODE_02_Visos (Generic).bin,0x0000793C,__ct__16CFileWriteSocketFv,accepted_x86_correlation,portable,0x00479E20,high,src/Platform/Windows/Mixed/Engine/NET/VSNETFIL.CPP;src/Platform/Windows/Mixed/Engine/NET/VSNET.H,embedded channel/timed-stream construction and final vtables
CODE_02_Visos (Generic).bin,0x00007A6E,__dt__16CFileWriteSocketFv,accepted_x86_correlation,portable,0x00479F40,high,src/Platform/Windows/Mixed/Engine/NET/VSNETFIL.CPP;src/Platform/Windows/Mixed/Engine/NET/VSNET.H,destructor core vtable restoration with generated teardown split
CODE_02_Visos (Generic).bin,0x00007B87,Write__16CFileWriteSocketFR15CNetworkMessageUcUc,accepted_x86_correlation,portable,0x00479FA0,high,src/Platform/Windows/Mixed/Engine/NET/VSNETFIL.CPP;src/Platform/Windows/Mixed/Engine/NET/VSNET.H,"framing, 100ms lock retry, payload write and conditional unlock"
CODE_02_Visos (Generic).bin,0x00007BD5,SetDestAddr__16CFileWriteSocketFP15CNetworkAddress,accepted_x86_correlation,portable,0x0047A090,high,src/Platform/Windows/Mixed/Engine/NET/VSNETFIL.CPP;src/Platform/Windows/Mixed/Engine/NET/VSNET.H,adjusted embedded CWriteSocket destination forwarding
CODE_02_Visos (Generic).bin,0x00007D71,SendPacket__16CFileWriteSocketFPCUci,accepted_x86_correlation,portable,0x0047A0B0,high,src/Platform/Windows/Mixed/Engine/NET/VSNETFIL.CPP;src/Platform/Windows/Mixed/Engine/NET/VSNET.H,"slot metadata and payload writes, advance, timestamp and unlock"
CODE_02_Visos (Generic).bin,0x0000800A,__ct__13CFileRWSocketFv,accepted_x86_correlation,portable,0x0047A220,high,src/Platform/Windows/Mixed/Engine/NET/VSNETFIL.CPP;src/Platform/Windows/Mixed/Engine/NET/VSNET.H,"embedded channel state, write/read sockets, file wrapper, CFileReadSocket and CFileWriteSocket construction with adjusted vtables"
CODE_02_Visos (Generic).bin,0x00008071,SendPacket__13CFileRWSocketFPCUci,accepted_x86_correlation,portable,0x0047A420,high,src/Platform/Windows/Mixed/Engine/NET/VSNETFIL.CPP;src/Platform/Windows/Mixed/Engine/NET/VSNET.H,forwards payload and size to CFileWriteSocket::SendPacket then wraps the current slot index modulo header count
CODE_02_Visos (Generic).bin,0x0000811F,IncOpenCount__19CFileOpenManagementFv,accepted_x86_correlation,portable,0x0047A470,high,src/Platform/Windows/Mixed/Engine/NET/VSNETFIL.CPP;src/Platform/Windows/Mixed/Engine/NET/VSNET.H,"reads the shared header under lock, increments its 16-bit open count, then writes it back while retaining the lock"
CODE_02_Visos (Generic).bin,0x000081D1,DecOpenCount__19CFileOpenManagementFv,accepted_x86_correlation,portable,0x0047A4D0,high,src/Platform/Windows/Mixed/Engine/NET/VSNETFIL.CPP;src/Platform/Windows/Mixed/Engine/NET/VSNET.H,"reads the shared header under lock, decrements its 16-bit open count, then writes it back while retaining the lock"
CODE_02_Visos (Generic).bin,0x0000824D,SysCloseSocket__19CFileOpenManagementFv,accepted_x86_correlation,portable,0x0047A530,high,src/Platform/Windows/Mixed/Engine/NET/VSNETFIL.CPP;src/Platform/Windows/Mixed/Engine/NET/VSNET.H,"decrements open count, maps close status, and invokes the underlying close only when count reaches zero"
CODE_02_Visos (Generic).bin,0x000088B0,__ct__14CFileBroadcastFv,accepted_x86_correlation,portable,0x0047A570,high,src/Platform/Windows/Mixed/Engine/NET/VSNETFIL.CPP;src/Platform/Windows/Mixed/Engine/NET/VSNET.H,"expanded shared channel stack, network message, global CPortsMessage and 20-slot CHeaders construction"
CODE_02_Visos (Generic).bin,0x00008D28,__dt__14CFileBroadcastFv,accepted_x86_correlation,portable,0x0047A910,high,src/Platform/Windows/Mixed/Engine/NET/VSNETFIL.CPP;src/Platform/Windows/Mixed/Engine/NET/VSNET.H,"restores composite vtables and releases header table, configured path, global ports state and runtime buffers"
CODE_02_Visos (Generic).bin,0x00008E11,InitialiseFile__14CFileBroadcastFv,accepted_x86_correlation,portable,0x0047AA10,high,src/Platform/Windows/Mixed/Engine/NET/VSNETFIL.CPP;src/Platform/Windows/Mixed/Engine/NET/VSNET.H,"writes outer, ports and header streams then zero-fills each configured payload slot"
CODE_02_Visos (Generic).bin,0x00008E3F,GetSpecificAddr__14CFileBroadcastFPCc,accepted_x86_correlation,portable,0x0047AB10,high,src/Platform/Windows/Mixed/Engine/NET/VSNETFIL.CPP;src/Platform/Windows/Mixed/Engine/NET/VSNET.H,portable no-op virtual with unused address argument
CODE_02_Visos (Generic).bin,0x00008F92,Start__14CFileBroadcastFPCc,accepted_x86_correlation,portable,0x0047AB20,high,src/Platform/Windows/Mixed/Engine/NET/VSNETFIL.CPP;src/Platform/Windows/Mixed/Engine/NET/VSNET.H,"prepares path, opens file, increments open count, configures stream state and posts startup event"
CODE_02_Visos (Generic).bin,0x00009079,ReadPortInfo__14CFileBroadcastFv,accepted_x86_correlation,portable,0x0047AC50,high,src/Platform/Windows/Mixed/Engine/NET/VSNETFIL.CPP;src/Platform/Windows/Mixed/Engine/NET/VSNET.H,"seeks, locks and reads the shared 0x200-byte port table, retaining lock on success"
CODE_02_Visos (Generic).bin,0x00009171,WritePortInfo__14CFileBroadcastFv,accepted_x86_correlation,portable,0x0047ACE0,high,src/Platform/Windows/Mixed/Engine/NET/VSNETFIL.CPP;src/Platform/Windows/Mixed/Engine/NET/VSNET.H,writes shared port table and releases its locked file range
CODE_02_Visos (Generic).bin,0x00009254,FindPort__14CFileBroadcastFPCUc,accepted_x86_correlation,portable,0x0047AD70,high,src/Platform/Windows/Mixed/Engine/NET/VSNETFIL.CPP;src/Platform/Windows/Mixed/Engine/NET/VSNET.H,"finds first free port byte, increments it under lock, writes table and returns slot or -1"
CODE_02_Visos (Generic).bin,0x0000933E,ResetPort__14CFileBroadcastFs,accepted_x86_correlation,portable,0x0047AE00,high,src/Platform/Windows/Mixed/Engine/NET/VSNETFIL.CPP;src/Platform/Windows/Mixed/Engine/NET/VSNET.H,"clears local slot, decrements shared port use and closes file when no ports remain"
CODE_02_Visos (Generic).bin,0x00009370,StartListen__14CFileBroadcastFv,accepted_x86_correlation,portable,0x0047AED0,high,src/Platform/Windows/Mixed/Engine/NET/VSNETFIL.CPP;src/Platform/Windows/Mixed/Engine/NET/VSNET.H,sets the listening flag
CODE_02_Visos (Generic).bin,0x000093A2,StopListen__14CFileBroadcastFv,accepted_x86_correlation,portable,0x0047AEE0,high,src/Platform/Windows/Mixed/Engine/NET/VSNETFIL.CPP;src/Platform/Windows/Mixed/Engine/NET/VSNET.H,clears the listening flag
CODE_02_Visos (Generic).bin,0x0000940C,Process__14CFileBroadcastFv,accepted_x86_correlation,portable,0x0047AEF0,high,src/Platform/Windows/Mixed/Engine/NET/VSNETFIL.CPP;src/Platform/Windows/Mixed/Engine/NET/VSNET.H,100ms cadence for read-socket processing followed by common connection service
CODE_02_Visos (Generic).bin,0x00009A3E,__ct__12CFileConnectFv,accepted_x86_correlation,portable,0x0047AF30,high,src/Platform/Windows/Mixed/Engine/NET/VSNETFIL.CPP;src/Platform/Windows/Mixed/Engine/NET/VSNET.H,expanded CFileRWSocket and CConnect composition with two three-slot CHeaders tables
CODE_02_Visos (Generic).bin,0x00009E98,__dt__12CFileConnectFv,accepted_x86_correlation,portable,0x0047B2A0,high,src/Platform/Windows/Mixed/Engine/NET/VSNETFIL.CPP;src/Platform/Windows/Mixed/Engine/NET/VSNET.H,"restores vtables, deletes both header tables and destroys CConnect and message bases"
CODE_02_Visos (Generic).bin,0x00009EF3,InitialiseFile__12CFileConnectFv,accepted_x86_correlation,portable,0x0047B370,high,src/Platform/Windows/Mixed/Engine/NET/VSNETFIL.CPP;src/Platform/Windows/Mixed/Engine/NET/VSNET.H,seeks to zero and writes the outer file-backed stream header
CODE_02_Visos (Generic).bin,0x00009F82,Start__12CFileConnectFPCcPCc,accepted_x86_correlation,portable,0x0047B3B0,high,src/Platform/Windows/Mixed/Engine/NET/VSNETFIL.CPP;src/Platform/Windows/Mixed/Engine/NET/VSNET.H,allocates and copies both connection path strings
CODE_02_Visos (Generic).bin,0x0000A02C,InitSocket__12CFileConnectFv,accepted_x86_correlation,portable,0x0047B440,high,src/Platform/Windows/Mixed/Engine/NET/VSNETFIL.CPP;src/Platform/Windows/Mixed/Engine/NET/VSNET.H,"derives configured path, opens file, increments open count and positions payload base"
CODE_02_Visos (Generic).bin,0x0000A0E7,Listen__12CFileConnectFP15CNetworkAddress,accepted_x86_correlation,portable,0x0047B4D0,high,src/Platform/Windows/Mixed/Engine/NET/VSNETFIL.CPP;src/Platform/Windows/Mixed/Engine/NET/VSNET.H,initializes socket state and destination address with listening timestamps and flags
CODE_02_Visos (Generic).bin,0x0000A16A,Connect__12CFileConnectFv,accepted_x86_correlation,portable,0x0047B540,high,src/Platform/Windows/Mixed/Engine/NET/VSNETFIL.CPP;src/Platform/Windows/Mixed/Engine/NET/VSNET.H,initializes socket state and marks connected with timestamp
CODE_02_Visos (Generic).bin,0x0000A466,ConnectSetup__12CFileConnectFv,accepted_x86_correlation,portable,0x0047B580,high,src/Platform/Windows/Mixed/Engine/NET/VSNETFIL.CPP;src/Platform/Windows/Mixed/Engine/NET/VSNET.H,"computes paired slot ranges, extends file under lock and finalizes ready or failure state"
CODE_02_Visos (Generic).bin,0x0000A4AC,Initialise__15CNetworkMessageFv,accepted_x86_correlation,gap,0x0045EE80,high,src/Platform/Windows/Mixed/Engine/MEDIA/EFFSTRM.CPP,expanded stream state reset
CODE_02_Visos (Generic).bin,0x0000A558,__dt__15CNetworkMessageFv,accepted_x86_correlation,gap,0x0045EEA0,high,src/Platform/Windows/Mixed/Engine/NET/VSNETSTR.CPP,"base vtable restore, bounded runtime pump and owned buffer free"
CODE_02_Visos (Generic).bin,0x0000A590,Add__15CNetworkMessageFUl,accepted_x86_correlation,gap,0x0045EF10,high,src/Platform/Windows/Mixed/Engine/NET/VSNETSTR.CPP,32-bit big-endian append
CODE_02_Visos (Generic).bin,0x0000A5C8,Add__15CNetworkMessageFUs,accepted_x86_correlation,gap,0x0045EF40,high,src/Platform/Windows/Mixed/Engine/NET/VSNETSTR.CPP,16-bit big-endian append
CODE_02_Visos (Generic).bin,0x0000A5FC,Add__15CNetworkMessageFUc,accepted_x86_correlation,gap,0x0045EF60,high,src/Platform/Windows/Mixed/Engine/NET/VSNETSTR.CPP,byte append
CODE_02_Visos (Generic).bin,0x0000A652,Add__15CNetworkMessageFPCc,accepted_x86_correlation,gap,0x0045EF70,high,src/Platform/Windows/Mixed/Engine/NET/VSNETSTR.CPP,NUL-terminated string append
CODE_02_Visos (Generic).bin,0x0000A6A6,Add__15CNetworkMessageFPCUci,accepted_x86_correlation,gap,0x0045EFC0,high,src/Platform/Windows/Mixed/Engine/NET/VSNETSTR.CPP,fixed byte-range append
CODE_02_Visos (Generic).bin,0x0000A6E0,GetDWORD__15CNetworkMessageFv,accepted_x86_correlation,gap,0x0045EFF0,high,src/Platform/Windows/Mixed/Engine/NET/VSNETSTR.CPP,32-bit value-return read wrapper
CODE_02_Visos (Generic).bin,0x0000A71E,Get__15CNetworkMessageFRUl,accepted_x86_correlation,gap,0x0045F010,high,src/Platform/Windows/Mixed/Engine/NET/VSNETSTR.CPP,32-bit big-endian read and advance
CODE_02_Visos (Generic).bin,0x0000A74D,ConvertDWORD__15CNetworkMessageFv,accepted_x86_correlation,gap,0x0045F040,high,src/Platform/Windows/Mixed/Engine/NET/VSNETSTR.CPP,in-place 32-bit endian conversion and advance
CODE_02_Visos (Generic).bin,0x0000A78C,GetWORD__15CNetworkMessageFv,accepted_x86_correlation,gap,0x0045F070,high,src/Platform/Windows/Mixed/Engine/NET/VSNETSTR.CPP,16-bit value-return read wrapper
CODE_02_Visos (Generic).bin,0x0000A7CA,Get__15CNetworkMessageFRUs,accepted_x86_correlation,gap,0x0045F090,high,src/Platform/Windows/Mixed/Engine/NET/VSNETSTR.CPP,16-bit big-endian read and advance
CODE_02_Visos (Generic).bin,0x0000A7F9,ConvertWORD__15CNetworkMessageFv,accepted_x86_correlation,gap,0x0045F0B0,high,src/Platform/Windows/Mixed/Engine/NET/VSNETSTR.CPP,in-place 16-bit endian conversion and advance
CODE_02_Visos (Generic).bin,0x0000A836,GetBYTE__15CNetworkMessageFv,accepted_x86_correlation,gap,0x0045F0D0,high,src/Platform/Windows/Mixed/Engine/NET/VSNETSTR.CPP,byte value-return read wrapper
CODE_02_Visos (Generic).bin,0x0000A870,Get__15CNetworkMessageFRUc,accepted_x86_correlation,gap,0x0045F0F0,high,src/Platform/Windows/Mixed/Engine/NET/VSNETSTR.CPP,byte read and advance
CODE_02_Visos (Generic).bin,0x0000A89F,ConvertBYTE__15CNetworkMessageFv,accepted_x86_correlation,gap,0x0045F110,high,src/Platform/Windows/Mixed/Engine/NET/VSNETSTR.CPP,single-byte cursor advance
CODE_02_Visos (Generic).bin,0x0000A8F0,Get__15CNetworkMessageFRPCc,accepted_x86_correlation,gap,0x0045F120,high,src/Platform/Windows/Mixed/Engine/NET/VSNETSTR.CPP,interior string alias and NUL advance
CODE_02_Visos (Generic).bin,0x0000A92A,Get__15CNetworkMessageFRPCUci,accepted_x86_correlation,gap,0x0045F140,high,src/Platform/Windows/Mixed/Engine/NET/VSNETSTR.CPP,interior byte-range alias and fixed advance
CODE_02_Visos (Generic).bin,0x0000A980,GetCopy__15CNetworkMessageFPc,accepted_x86_correlation,gap,0x0045F160,high,src/Platform/Windows/Mixed/Engine/NET/VSNETSTR.CPP,copy NUL string and advance
CODE_02_Visos (Generic).bin,0x0000A9D6,GetCopy__15CNetworkMessageFPUci,accepted_x86_correlation,gap,0x0045F1B0,high,src/Platform/Windows/Mixed/Engine/NET/VSNETSTR.CPP,copy fixed byte range and advance
CODE_02_Visos (Generic).bin,0x0000AA7D,OpenDataStream__15CNetworkMessageFv,accepted_x86_correlation,gap,0x0045F1E0,high,src/Platform/Windows/Mixed/Engine/MEDIA/EFFSTRM.CPP,nesting and outermost serialization buffer setup
CODE_02_Visos (Generic).bin,0x0000AAB5,CloseDataStream__15CNetworkMessageFv,accepted_x86_correlation,gap,0x0045F240,high,src/Platform/Windows/Mixed/Engine/MEDIA/EFFSTRM.CPP,serialization nesting decrement
CODE_02_Visos (Generic).bin,0x0000AB2D,CopyDataStream__15CNetworkMessageFPUci,accepted_x86_correlation,gap,0x0045F250,high,src/Platform/Windows/Mixed/Engine/NET/VSNETSTR.CPP,serialize into borrowed output range
CODE_02_Visos (Generic).bin,0x0000AB96,Set__15CNetworkMessageFPUc,accepted_x86_correlation,gap,0x0045F280,high,src/Platform/Windows/Mixed/Engine/MEDIA/EFFSTRM.CPP,borrow input pointer and dispatch header and body readers
CODE_02_Visos (Generic).bin,0x0000AC19,Send__15CNetworkMessageFP8CConnect,accepted_x86_correlation,gap,0x0045F2B0,high,src/Platform/Windows/Mixed/Engine/MEDIA/EFFSTRM.CPP,open stream and queue transport event for peer
CODE_02_Visos (Generic).bin,0x0000AC57,AddHeader__17CBroadcastMessageFv,accepted_x86_correlation,portable,0x0045F360,high,src/Platform/Windows/Mixed/Engine/NET/VSNET.CPP;src/Platform/Windows/Mixed/Engine/NET/VSNET.H,writes the NUL-terminated control-stream name stored at +0x2c
CODE_02_Visos (Generic).bin,0x0000ACC5,GetHeader__17CBroadcastMessageFv,accepted_x86_correlation,portable,0x0045F370,high,src/Platform/Windows/Mixed/Engine/NET/VSNET.CPP;src/Platform/Windows/Mixed/Engine/NET/VSNET.H,compares the stream prefix with the stored name and advances input cursor by name length
CODE_02_Visos (Generic).bin,0x0000AD50,__ct__15CMessReqConnectFPCc,accepted_x86_correlation,portable,0x0045F3D0,high,src/Platform/Windows/Mixed/Engine/NET/VSNET.CPP;src/Platform/Windows/Mixed/Engine/NET/VSNET.H,"constructs named request-connect stream and reserves 16-bit, 0x200-byte and string fields"
CODE_02_Visos (Generic).bin,0x0000ADA4,GetData__15CMessReqConnectFv,accepted_x86_correlation,portable,0x0045F430,high,src/Platform/Windows/Mixed/Engine/NET/VSNET.CPP;src/Platform/Windows/Mixed/Engine/NET/VSNET.H,"loads port value, 0x200-byte port map and host string"
CODE_02_Visos (Generic).bin,0x0000ADFC,AddData__15CMessReqConnectFv,accepted_x86_correlation,portable,0x0045F460,high,src/Platform/Windows/Mixed/Engine/NET/VSNET.CPP;src/Platform/Windows/Mixed/Engine/NET/VSNET.H,"writes port value, 0x200-byte port map and host string"
CODE_02_Visos (Generic).bin,0x0000AE48,__ct__15CMessReqNewPortFPCc,accepted_x86_correlation,portable,0x0045F490,high,src/Platform/Windows/Mixed/Engine/NET/VSNET.CPP;src/Platform/Windows/Mixed/Engine/NET/VSNET.H,extends request-connect stream with one dword field
CODE_02_Visos (Generic).bin,0x0000AE88,GetData__15CMessReqNewPortFv,accepted_x86_correlation,portable,0x0045F4B0,high,src/Platform/Windows/Mixed/Engine/NET/VSNET.CPP;src/Platform/Windows/Mixed/Engine/NET/VSNET.H,loads inherited request fields then new-port dword
CODE_02_Visos (Generic).bin,0x0000AECC,AddData__15CMessReqNewPortFv,accepted_x86_correlation,portable,0x0045F4D0,high,src/Platform/Windows/Mixed/Engine/NET/VSNET.CPP;src/Platform/Windows/Mixed/Engine/NET/VSNET.H,writes inherited request fields then new-port dword
CODE_02_Visos (Generic).bin,0x0000AF4C,__ct__14CMessOKConnectFPCc,accepted_x86_correlation,portable,0x0045F4F0,high,src/Platform/Windows/Mixed/Engine/NET/VSNET.CPP;src/Platform/Windows/Mixed/Engine/NET/VSNET.H,constructs named authorization stream with word and dword fields
CODE_02_Visos (Generic).bin,0x0000AF90,GetData__14CMessOKConnectFv,accepted_x86_correlation,portable,0x0045F540,high,src/Platform/Windows/Mixed/Engine/NET/VSNET.CPP;src/Platform/Windows/Mixed/Engine/NET/VSNET.H,loads authorization word and dword
CODE_02_Visos (Generic).bin,0x0000AFD6,AddData__14CMessOKConnectFv,accepted_x86_correlation,portable,0x0045F560,high,src/Platform/Windows/Mixed/Engine/NET/VSNET.CPP;src/Platform/Windows/Mixed/Engine/NET/VSNET.H,writes authorization word and dword
CODE_02_Visos (Generic).bin,0x0000B054,__ct__14CMessGOConnectFPCc,accepted_x86_correlation,portable,0x0045F580,high,src/Platform/Windows/Mixed/Engine/NET/VSNET.CPP;src/Platform/Windows/Mixed/Engine/NET/VSNET.H,constructs named go-ahead stream with word and dword fields
CODE_02_Visos (Generic).bin,0x0000B098,GetData__14CMessGOConnectFv,accepted_x86_correlation,portable,0x0045F5D0,high,src/Platform/Windows/Mixed/Engine/NET/VSNET.CPP;src/Platform/Windows/Mixed/Engine/NET/VSNET.H,loads go-ahead word and dword
CODE_02_Visos (Generic).bin,0x0000B0DE,AddData__14CMessGOConnectFv,accepted_x86_correlation,portable,0x0045F5F0,high,src/Platform/Windows/Mixed/Engine/NET/VSNET.CPP;src/Platform/Windows/Mixed/Engine/NET/VSNET.H,writes go-ahead word and dword
CODE_02_Visos (Generic).bin,0x0000B156,__ct__18CMessFAILEDConnectFPCc,accepted_x86_correlation,portable,0x0045F610,high,src/Platform/Windows/Mixed/Engine/NET/VSNET.CPP;src/Platform/Windows/Mixed/Engine/NET/VSNET.H,constructs named failed-connect stream with 0x101-byte string allowance
CODE_02_Visos (Generic).bin,0x0000B190,GetData__18CMessFAILEDConnectFv,accepted_x86_correlation,portable,0x0045F660,high,src/Platform/Windows/Mixed/Engine/NET/VSNET.CPP;src/Platform/Windows/Mixed/Engine/NET/VSNET.H,loads failed-connect string
CODE_02_Visos (Generic).bin,0x0000B1CA,AddData__18CMessFAILEDConnectFv,accepted_x86_correlation,portable,0x0045F670,high,src/Platform/Windows/Mixed/Engine/NET/VSNET.CPP;src/Platform/Windows/Mixed/Engine/NET/VSNET.H,writes failed-connect string
CODE_02_Visos (Generic).bin,0x0000B23C,__ct__17CBaseCommonSocketFv,accepted_x86_correlation,portable,0x0045F680,high,src/Platform/Windows/Mixed/Engine/NET/VSNETTCP.CPP;src/Platform/Windows/Mixed/Engine/NET/VSNET.H,"initializes async channel state, sentinel fields and 0x10-byte side buffer"
CODE_02_Visos (Generic).bin,0x0000B294,__dt__17CBaseCommonSocketFv,accepted_x86_correlation,portable,0x0045F6C0,high,src/Platform/Windows/Mixed/Engine/NET/VSNETTCP.CPP;src/Platform/Windows/Mixed/Engine/NET/VSNET.H,restores channel vtable and releases the side buffer; deleting wrappers remain generated
CODE_02_Visos (Generic).bin,0x0000B2FF,SocketError__17CBaseCommonSocketF13NetworkErrors,accepted_x86_correlation,portable,0x0045F6E0,high,src/Platform/Windows/Mixed/Engine/NET/VSNETTCP.CPP;src/Platform/Windows/Mixed/Engine/NET/VSNET.H,stores channel/global error and cancels active operation through virtual cleanup
CODE_02_Visos (Generic).bin,0x0000B37F,CloseSocket__17CBaseCommonSocketFv,accepted_x86_correlation,portable,0x0045F720,high,src/Platform/Windows/Mixed/Engine/MEDIA/EFFSTRM.CPP;src/Platform/Windows/Mixed/Engine/NET/VSNET.H,"standalone close-state wrapper clears active fields, invokes virtual close and falls back to SocketError on -1"
CODE_02_Visos (Generic).bin,0x0000B3E6,__ct__11CBaseSocketFv,accepted_x86_correlation,portable,0x0045F750,high,src/Platform/Windows/Mixed/Engine/NET/VSNETTCP.CPP;src/Platform/Windows/Mixed/Engine/NET/VSNET.H,"constructs network-message stream, reserves 0x10-byte tagged header and clears latch fields"
CODE_02_Visos (Generic).bin,0x0000B464,AddData__11CBaseSocketFv,accepted_x86_correlation,portable,0x0045F790,high,src/Platform/Windows/Mixed/Engine/NET/VSNETTCP.CPP;src/Platform/Windows/Mixed/Engine/NET/VSNET.H,"serializes two dwords, three words and one byte from tagged header"
CODE_02_Visos (Generic).bin,0x0000B4B8,GetData__11CBaseSocketFv,accepted_x86_correlation,portable,0x0045F7F0,high,src/Platform/Windows/Mixed/Engine/NET/VSNETTCP.CPP;src/Platform/Windows/Mixed/Engine/NET/VSNET.H,"converts two dwords, three words and one byte in the tagged header"
CODE_02_Visos (Generic).bin,0x0000B556,__ct__11CReadSocketFv,accepted_x86_correlation,gap,0x0045F820,high,src/Platform/Windows/Mixed/Engine/NET/VSNETSTR.CPP,construct read socket and embedded channel state
CODE_02_Visos (Generic).bin,0x0000B5E6,__dt__11CReadSocketFv,accepted_x86_correlation,gap,0x0045F8A0,high,src/Platform/Windows/Mixed/Engine/NET/VSNETSTR.CPP,semantic read-socket teardown
CODE_02_Visos (Generic).bin,0x0000B65F,DeleteNCBuffers__11CReadSocketFv,accepted_x86_correlation,gap,0x0045F8D0,high,src/Platform/Windows/Mixed/Engine/NET/VSNETSTR.CPP,release noncritical receive tables
CODE_02_Visos (Generic).bin,0x0000B6E2,DeleteCBuffers__11CReadSocketFv,accepted_x86_correlation,gap,0x0045F900,high,src/Platform/Windows/Mixed/Engine/NET/VSNETSTR.CPP,release critical receive tables
CODE_02_Visos (Generic).bin,0x0000B783,SetNCBuffers__11CReadSocketFUlUli,accepted_x86_correlation,gap,0x0045F930,high,src/Platform/Windows/Mixed/Engine/NET/VSNETSTR.CPP,configure shifted noncritical and reassembly tables
CODE_02_Visos (Generic).bin,0x0000B83C,SetCBuffers__11CReadSocketFii,accepted_x86_correlation,gap,0x0045F9B0,high,src/Platform/Windows/Mixed/Engine/NET/VSNETSTR.CPP,configure ordered critical receive tables
CODE_02_Visos (Generic).bin,0x0000BA56,ProcessPacket__11CReadSocketFv,accepted_x86_correlation,gap,0x0045FA40,high,src/Platform/Windows/Mixed/Engine/NET/VSNET.CPP,parse transport header and dispatch packet kinds
CODE_02_Visos (Generic).bin,0x0000BB0A,Process__11CReadSocketFv,accepted_x86_correlation,gap,0x0045FBB0,high,src/Platform/Windows/Mixed/Engine/NET/VSNET.CPP,service read-side idle timeout
CODE_02_Visos (Generic).bin,0x0000BB51,IsChanged__11CReadSocketFR15CNetworkMessage,accepted_x86_correlation,gap,0x0045FC30,high,src/Platform/Windows/Mixed/Engine/MEDIA/EFFSTRM.CPP,test changed shifted record payload
CODE_02_Visos (Generic).bin,0x0000BBD9,GetLatest__11CReadSocketFR15CNetworkMessage,accepted_x86_correlation,gap,0x0045FC50,high,src/Platform/Windows/Mixed/Engine/MEDIA/EFFSTRM.CPP,load latest shifted payload and clear state
CODE_02_Visos (Generic).bin,0x0000BC1E,UnUseAllNC__11CReadSocketFv,accepted_x86_correlation,gap,0x0045FCC0,high,src/Platform/Windows/Mixed/Level/RUN/LEVELRUN.CPP,clear all noncritical payload flags
CODE_02_Visos (Generic).bin,0x0000BC52,UnUseAllC__11CReadSocketFv,accepted_x86_correlation,gap,0x0045FCD0,high,src/Platform/Windows/Mixed/Level/RUN/LEVELRUN.CPP,clear all critical payload flags
CODE_02_Visos (Generic).bin,0x0000BD12,__ct__12CWriteSocketFv,accepted_x86_correlation,gap,0x0045FCE0,high,src/Platform/Windows/Mixed/Engine/NET/VSNETSTR.CPP,construct timed write socket and embedded channel state
CODE_02_Visos (Generic).bin,0x0000BDBE,__dt__12CWriteSocketFv,accepted_x86_correlation,gap,0x0045FD80,high,src/Platform/Windows/Mixed/Engine/NET/VSNETSTR.CPP,semantic write-socket teardown
CODE_02_Visos (Generic).bin,0x0000BDF7,_SetDestAddr__12CWriteSocketFP15CNetworkAddress,accepted_x86_correlation,gap,0x0045FDE0,high,src/Platform/Windows/Mixed/Engine/NET/VSNETSTR.CPP,invoke destination-address service callback
CODE_02_Visos (Generic).bin,0x0000BE63,DeleteNCBuffers__12CWriteSocketFv,accepted_x86_correlation,gap,0x0045FDF0,high,src/Platform/Windows/Mixed/Engine/NET/VSNETSTR.CPP,release noncritical write tables
CODE_02_Visos (Generic).bin,0x0000BEED,DeleteCBuffers__12CWriteSocketFv,accepted_x86_correlation,gap,0x0045FE10,high,src/Platform/Windows/Mixed/Engine/NET/VSNETSTR.CPP,release critical write tables
CODE_02_Visos (Generic).bin,0x0000BF21,SetNCBuffers__12CWriteSocketFUlUli,accepted_x86_correlation,gap,0x0045FE50,high,src/Platform/Windows/Mixed/Engine/NET/VSNETSTR.CPP,portable delete-only noncritical configuration wrapper
CODE_02_Visos (Generic).bin,0x0000BF8A,SetCBuffers__12CWriteSocketFii,accepted_x86_correlation,gap,0x0045FE60,high,src/Platform/Windows/Mixed/Engine/NET/VSNETSTR.CPP,configure timed critical write table
CODE_02_Visos (Generic).bin,0x0000C04F,SendCritical__12CWriteSocketFR15CNetworkMessage,accepted_x86_correlation,gap,0x0045FEA0,high,src/Platform/Windows/Mixed/Engine/NET/VSNET.CPP,record and send reliable transport payload
CODE_02_Visos (Generic).bin,0x0000C0E1,ResendCritical__12CWriteSocketFP12CWritePacket,accepted_x86_correlation,gap,0x0045FF20,high,src/Platform/Windows/Mixed/Engine/NET/VSNET.CPP,retry pending reliable transport record
CODE_02_Visos (Generic).bin,0x0000C263,SendNCMS__12CWriteSocketFR15CNetworkMessage,accepted_x86_correlation,gap,0x0045FF70,high,src/Platform/Windows/Mixed/Engine/NET/VSNET.CPP,fragment noncritical payload with header preservation
CODE_02_Visos (Generic).bin,0x0000C385,Send__12CWriteSocketFR15CNetworkMessage,accepted_x86_correlation,gap,0x004600D0,high,src/Platform/Windows/Mixed/Engine/NET/VSNET.CPP,send stream payload with transport header
CODE_02_Visos (Generic).bin,0x0000C3DB,SendAcknowledgement__12CWriteSocketFv,accepted_x86_correlation,gap,0x004601B0,high,src/Platform/Windows/Mixed/Engine/NET/VSNET.CPP,write acknowledgement through global stream session
CODE_02_Visos (Generic).bin,0x0000C4A1,ReceiveAcknowledgement__12CWriteSocketFv,accepted_x86_correlation,gap,0x004601E0,high,src/Platform/Windows/Mixed/Engine/NET/VSNET.CPP,claim matching acknowledged critical payload
CODE_02_Visos (Generic).bin,0x0000C4EE,Closed__12CWriteSocketFUc,accepted_x86_correlation,gap,0x00460260,high,src/Platform/Windows/Mixed/Engine/NET/VSNET.CPP,adjusted-body close clears fragmented-send busy state
CODE_02_Visos (Generic).bin,0x0000C5F2,Process__12CWriteSocketFv,accepted_x86_correlation,gap,0x00460280,high,src/Platform/Windows/Mixed/Engine/NET/VSNET.CPP,service timed retries and keepalive acknowledgements
CODE_02_Visos (Generic).bin,0x0000C794,__ct__10CBroadcastFv,accepted_x86_correlation,portable,0x00460350,high,src/Platform/Windows/Mixed/Engine/NET/VSNET.CPP;src/Platform/Windows/Mixed/Engine/NET/VSNET.H,"composes common/read/write socket views, installs adjusted vtables, allocates and zeros 0x200-byte port map"
CODE_02_Visos (Generic).bin,0x0000C8FC,__dt__10CBroadcastFv,accepted_x86_correlation,portable,0x004604E0,high,src/Platform/Windows/Mixed/Engine/NET/VSNET.CPP;src/Platform/Windows/Mixed/Engine/NET/VSNET.H,restores adjusted vtables and releases local/global broadcast buffers
CODE_02_Visos (Generic).bin,0x0000C93C,Closed__10CBroadcastFUc,accepted_x86_correlation,portable,0x004605B0,high,src/Platform/Windows/Mixed/Engine/NET/VSNET.CPP;src/Platform/Windows/Mixed/Engine/NET/VSNET.H,resolves adjusted peer key and closes matching active peer
CODE_02_Visos (Generic).bin,0x0000C99A,FindPort__10CBroadcastFPCUc,accepted_x86_correlation,portable,0x004605D0,high,src/Platform/Windows/Mixed/Engine/NET/VSNET.CPP;src/Platform/Windows/Mixed/Engine/NET/VSNET.H,searches 0x200-byte port map and claims first matching free slot
CODE_02_Visos (Generic).bin,0x0000C9FF,SetSpecificAddr__10CBroadcastFPCc,accepted_x86_correlation,portable,0x00460610,high,src/Platform/Windows/Mixed/Engine/NET/VSNET.CPP;src/Platform/Windows/Mixed/Engine/NET/VSNET.H,replaces specific host state and invokes address callback
CODE_02_Visos (Generic).bin,0x0000CB34,Initialise__10CBroadcastFPCc,accepted_x86_correlation,portable,0x00460650,high,src/Platform/Windows/Mixed/Engine/NET/VSNET.CPP;src/Platform/Windows/Mixed/Engine/NET/VSNET.H,configures buffers and builds versioned broadcast-status payload
CODE_02_Visos (Generic).bin,0x0000CB88,Stop__10CBroadcastFv,accepted_x86_correlation,portable,0x004607F0,high,src/Platform/Windows/Mixed/Engine/NET/VSNET.CPP;src/Platform/Windows/Mixed/Engine/NET/VSNET.H,releases global host buffer and resets peer handle group
CODE_02_Visos (Generic).bin,0x0000CC77,PostRead__10CBroadcastF13NetworkEventsP11CBasePacket,accepted_x86_correlation,portable,0x00460830,high,src/Platform/Windows/Mixed/Engine/NET/VSNET.CPP;src/Platform/Windows/Mixed/Engine/NET/VSNET.H,checks broadcast prefix then dispatches stripped connect-control payload
CODE_02_Visos (Generic).bin,0x0000CCD3,AddToMessage__10CBroadcastFR17CBroadcastMessage,accepted_x86_correlation,portable,0x004608F0,high,src/Platform/Windows/Mixed/Engine/NET/VSNET.CPP;src/Platform/Windows/Mixed/Engine/NET/VSNET.H,loads broadcast message from global payload range
CODE_02_Visos (Generic).bin,0x0000CDFA,Process__10CBroadcastFv,accepted_x86_correlation,portable,0x00460910,high,src/Platform/Windows/Mixed/Engine/NET/VSNET.CPP;src/Platform/Windows/Mixed/Engine/NET/VSNET.H,services read/write sockets and retries connect/new-port requests once per second
CODE_02_Visos (Generic).bin,0x0000CE43,SendFailedInit__10CBroadcastF13NetworkErrors,accepted_x86_correlation,portable,0x004609F0,high,src/Platform/Windows/Mixed/Engine/NET/VSNET.CPP;src/Platform/Windows/Mixed/Engine/NET/VSNET.H,queues failed-initialisation event with network error
CODE_02_Visos (Generic).bin,0x0000CE94,Run__10CBroadcastFv,accepted_x86_correlation,portable,0x00460A20,high,src/Platform/Windows/Mixed/Engine/NET/VSNET.CPP;src/Platform/Windows/Mixed/Engine/NET/VSNET.H,enables send gate and primes retry timestamp
CODE_02_Visos (Generic).bin,0x0000CEBA,Suspend__10CBroadcastFv,accepted_x86_correlation,portable,0x00460A40,high,src/Platform/Windows/Mixed/Engine/NET/VSNET.CPP;src/Platform/Windows/Mixed/Engine/NET/VSNET.H,clears send gate
CODE_02_Visos (Generic).bin,0x0000CF13,Send__10CBroadcastFP15CNetworkAddressR17CBroadcastMessage,accepted_x86_correlation,portable,0x00460A50,high,src/Platform/Windows/Mixed/Engine/NET/VSNET.CPP;src/Platform/Windows/Mixed/Engine/NET/VSNET.H,"loads broadcast payload, sets peer address and submits through write socket"
CODE_02_Visos (Generic).bin,0x0000D0B2,__ct__8CConnectFv,accepted_x86_correlation,gap,0x00460A90,high,src/Platform/Windows/Mixed/Engine/NET/VSNETTCP.CPP,construct virtual-base connection composite and initialize tick
CODE_02_Visos (Generic).bin,0x0000D1AE,__dt__8CConnectFv,accepted_x86_correlation,gap,0x00460C00,high,src/Platform/Windows/Mixed/Engine/NET/VSNETTCP.CPP,semantic connection composite destructor body
CODE_02_Visos (Generic).bin,0x0000D22D,InitConnect__8CConnectFPCcP15CNetworkAddresss,accepted_x86_correlation,gap,0x00460C60,high,src/Platform/Windows/Mixed/Engine/NET/VSNET.CPP,copy peer name then forward port and peer key
CODE_02_Visos (Generic).bin,0x0000D296,CheckConnectTime__8CConnectFv,accepted_x86_correlation,gap,0x00460CE0,high,src/Platform/Windows/Mixed/Engine/NET/VSNET.CPP,enforce four-second incomplete-connect timeout
CODE_02_Visos (Generic).bin,0x0000D2CC,SetConnectTime__8CConnectFv,accepted_x86_correlation,gap,0x00460D10,high,src/Platform/Windows/Mixed/Engine/NET/VSNET.CPP,store current connection activity tick
CODE_02_Visos (Generic).bin,0x0000D334,Stop__8CConnectFv,accepted_x86_correlation,gap,0x00460D20,high,src/Platform/Windows/Mixed/Engine/NET/VSNET.CPP,free owned peer state and reset transport handles
CODE_02_Visos (Generic).bin,0x0000D3F8,FirstReceive__8CConnectFv,accepted_x86_correlation,gap,0x00460D70,high,src/Platform/Windows/Mixed/Engine/NET/VSNET.CPP,mark connected seed timing and post first-receive event
CODE_02_Visos (Generic).bin,0x0000D4C5,Send__8CConnectFR15CNetworkMessage,accepted_x86_correlation,gap,0x00460E40,high,src/Platform/Windows/Mixed/Engine/NET/VSNET.CPP,gate stream send and post typed failure events
CODE_02_Visos (Generic).bin,0x0000D53E,Closed__8CConnectFUc,accepted_x86_correlation,gap,0x00460F00,high,src/Platform/Windows/Mixed/Engine/NET/VSNET.CPP,mark closed clear pending write and optionally post close event
CODE_02_Visos (Generic).bin,0x0000D5A5,ReceiveAcknowledgement__8CConnectFv,accepted_x86_correlation,gap,0x00460F60,high,src/Platform/Windows/Mixed/Engine/NET/VSNET.CPP,claim acknowledged reliable payload and post event
CODE_02_Visos (Generic).bin,0x0000D626,Kill__8CConnectFv,accepted_x86_correlation,gap,0x00460FB0,high,src/Platform/Windows/Mixed/Engine/NET/VSNET.CPP,reset active handles invoke close callback and mark closed
CODE_02_Visos (Generic).bin,0x0000D673,PostRead__8CConnectF13NetworkEventsP11CBasePacket,accepted_x86_correlation,gap,0x00460FF0,high,src/Platform/Windows/Mixed/Engine/NET/VSNET.CPP,post supplied network event and packet to secondary queue
CODE_02_Visos (Generic).bin,0x0000D702,Process__8CConnectFv,accepted_x86_correlation,gap,0x00461030,high,src/Platform/Windows/Mixed/Engine/NET/VSNET.CPP,service connection timeout idle processing and retries
CODE_02_Visos (Generic).bin,0x0000D786,__ct__11CReadPacketFUs,accepted_x86_correlation,gap,0x00461090,high,src/Platform/Windows/Mixed/Engine/NET/VSNET.CPP,construct locked/read packet slot
CODE_02_Visos (Generic).bin,0x0000D7F0,__dt__11CReadPacketFv,accepted_x86_correlation,gap,0x004610F0,high,src/Platform/Windows/Mixed/Engine/NET/VSNET.CPP,destroy locked/read packet slot
CODE_02_Visos (Generic).bin,0x0000D85E,Fill__11CReadPacketFPCUcUs,accepted_x86_correlation,gap,0x00461140,high,src/Platform/Windows/Mixed/Engine/NET/VSNET.CPP,locked packet copy and payload-present transition
CODE_02_Visos (Generic).bin,0x0000D8BA,__ct__12CWritePacketFUs,accepted_x86_correlation,gap,0x00461190,high,src/Platform/Windows/Mixed/Engine/NET/VSNET.CPP,construct simple/write packet slot
CODE_02_Visos (Generic).bin,0x0000D918,__dt__12CWritePacketFv,accepted_x86_correlation,gap,0x004611C0,high,src/Platform/Windows/Mixed/Engine/NET/VSNET.CPP,destroy simple/write packet slot
CODE_02_Visos (Generic).bin,0x0000D96F,Fill__12CWritePacketFPCUcUsP15CNetworkMessage,accepted_x86_correlation,gap,0x004611E0,high,src/Platform/Windows/Mixed/Engine/NET/VSNET.CPP,copy serialized packet and retain network-message owner; exact raw 0x80 trailer remainder
CODE_02_Visos (Generic).bin,0x0000D9E2,__ct__15CBasePacketBuffFiUs,accepted_x86_correlation,portable,0x00461210,high,src/Platform/Windows/Mixed/Engine/NET/VSNET.CPP;src/Platform/Windows/Mixed/Engine/NET/VSNET.H,stores slot count and 16-bit payload size then allocates pointer array
CODE_02_Visos (Generic).bin,0x0000DA6E,__dt__15CBasePacketBuffFv,accepted_x86_correlation,portable,0x00461250,high,src/Platform/Windows/Mixed/Engine/NET/VSNET.CPP;src/Platform/Windows/Mixed/Engine/NET/VSNET.H,deletes each non-null packet slot then frees pointer array
CODE_02_Visos (Generic).bin,0x0000DAE8,__ct__15CReadPacketBuffFiUs,accepted_x86_correlation,portable,0x00461290,high,src/Platform/Windows/Mixed/Engine/NET/VSNET.CPP;src/Platform/Windows/Mixed/Engine/NET/VSNET.H,constructs base table then allocates one 0x2c-byte CReadPacket per slot
CODE_02_Visos (Generic).bin,0x0000DB48,FillPacket__15CReadPacketBuffFi,accepted_x86_correlation,portable,0x004612F0,high,src/Platform/Windows/Mixed/Engine/NET/VSNET.CPP;src/Platform/Windows/Mixed/Engine/NET/VSNET.H,copies current global network packet into indexed read slot
CODE_02_Visos (Generic).bin,0x0000DB90,UnUseAll__15CReadPacketBuffFv,accepted_x86_correlation,portable,0x00461310,high,src/Platform/Windows/Mixed/Engine/NET/VSNET.CPP;src/Platform/Windows/Mixed/Engine/NET/VSNET.H,clears payload-present flag on every read slot
CODE_02_Visos (Generic).bin,0x0000DC0E,__ct__16CWritePacketBuffFiUs,accepted_x86_correlation,portable,0x00461340,high,src/Platform/Windows/Mixed/Engine/NET/VSNET.CPP;src/Platform/Windows/Mixed/Engine/NET/VSNET.H,constructs base table then allocates one 0x18-byte CWritePacket per slot
CODE_02_Visos (Generic).bin,0x0000DC57,FillPacket__16CWritePacketBuffFiPCUcUsP15CNetworkMessage,accepted_x86_correlation,portable,0x004613A0,high,src/Platform/Windows/Mixed/Engine/NET/VSNET.CPP;src/Platform/Windows/Mixed/Engine/NET/VSNET.H,copies caller payload and network-message pointer into indexed write slot
CODE_02_Visos (Generic).bin,0x0000DCFE,__ct__11CReadMSBuffFiiUs,accepted_x86_correlation,portable,0x004613D0,high,src/Visos/Generic/CReadMSBuff.cpp;src/Platform/Windows/Mixed/Engine/NET/VSNET.CPP;src/Platform/Windows/Mixed/Engine/NET/VSNET.H,initializes fragment buffer metadata and allocates payload storage with 0x10-byte header slack
CODE_02_Visos (Generic).bin,0x0000DD62,__dt__11CReadMSBuffFv,accepted_x86_correlation,portable,0x00461440,high,src/Visos/Generic/CReadMSBuff.cpp;src/Platform/Windows/Mixed/Engine/NET/VSNET.CPP;src/Platform/Windows/Mixed/Engine/NET/VSNET.H,releases owned serialized payload and restores base vtable
CODE_02_Visos (Generic).bin,0x0000DE7E,FillPacket__11CReadMSBuffFv,accepted_x86_correlation,portable,0x00461470,high,src/Visos/Generic/CReadMSBuff.cpp;src/Platform/Windows/Mixed/Engine/NET/VSNET.CPP;src/Platform/Windows/Mixed/Engine/NET/VSNET.H,assembles global packet fragments while preserving first 0x10-byte header
CODE_02_Visos (Generic).bin,0x0000DECE,__ct__11CReadNCBuffFUlUs,accepted_x86_correlation,portable,0x00461560,high,src/Visos/Generic/CReadNCBuff.cpp;src/Platform/Windows/Mixed/Engine/NET/VSNET.CPP;src/Platform/Windows/Mixed/Engine/MEDIA/EFFSTRM.CPP,constructs shifted locked-slot table for packet ids with three reserved low ids
CODE_02_Visos (Generic).bin,0x0000DF74,UpdatePacket__11CReadNCBuffFv,accepted_x86_correlation,portable,0x00461580,high,src/Visos/Generic/CReadNCBuff.cpp;src/Platform/Windows/Mixed/Engine/NET/VSNET.CPP;src/Platform/Windows/Mixed/Engine/MEDIA/EFFSTRM.CPP,claims current packet by shifted id and rejects stale sequence values before copying
CODE_02_Visos (Generic).bin,0x0000DFBA,GetPacket__11CReadNCBuffFUl,accepted_x86_correlation,portable,0x004615F0,high,src/Visos/Generic/CReadNCBuff.cpp;src/Platform/Windows/Mixed/Engine/NET/VSNET.CPP;src/Platform/Windows/Mixed/Engine/MEDIA/EFFSTRM.CPP,returns shifted locked packet slot by packet id
CODE_02_Visos (Generic).bin,0x0000E084,__ct__13CReadNCMSBuffFUlUliUs,accepted_x86_correlation,portable,0x00461610,high,src/Platform/Windows/Mixed/Engine/NET/VSNET.CPP,constructs range-indexed child fragment buffers and tracks first packet id
CODE_02_Visos (Generic).bin,0x0000E126,__dt__13CReadNCMSBuffFv,accepted_x86_correlation,portable,0x004616B0,high,src/Platform/Windows/Mixed/Engine/NET/VSNET.CPP,deletes each child fragment buffer then destroys inherited buffer
CODE_02_Visos (Generic).bin,0x0000E1ED,UpdateSubPacket__13CReadNCMSBuffFv,accepted_x86_correlation,portable,0x00461700,high,src/Platform/Windows/Mixed/Engine/NET/VSNET.CPP,appends current packet to range child with stale and expected-sequence rejection
CODE_02_Visos (Generic).bin,0x0000E23E,__ct__10CReadCBuffFiUs,accepted_x86_correlation,portable,0x00461780,high,src/Platform/Windows/Mixed/Engine/NET/VSNET.CPP,constructs locked packet ring and clears sequence and overflow state
CODE_02_Visos (Generic).bin,0x0000E2D2,StorePacket__10CReadCBuffFv,accepted_x86_correlation,portable,0x004617A0,high,src/Platform/Windows/Mixed/Engine/NET/VSNET.CPP,stores current packet by sequence modulo capacity and marks gaps unavailable
CODE_02_Visos (Generic).bin,0x0000E336,NextPacketReady__10CReadCBuffFv,accepted_x86_correlation,portable,0x00461810,high,src/Platform/Windows/Mixed/Engine/NET/VSNET.CPP,returns next contiguous ready packet and advances expected sequence
CODE_02_Visos (Generic).bin,0x0000E3E6,__ct__12CReadCMSBuffFiiUs,accepted_x86_correlation,portable,0x00461840,high,src/Platform/Windows/Mixed/Engine/NET/VSNET.CPP,constructs ring-indexed child fragment buffers
CODE_02_Visos (Generic).bin,0x0000E484,__dt__12CReadCMSBuffFv,accepted_x86_correlation,portable,0x004618E0,high,src/Platform/Windows/Mixed/Engine/NET/VSNET.CPP,deletes each ring child fragment buffer then destroys inherited buffer
CODE_02_Visos (Generic).bin,0x0000E4E7,StoreSubPacket__12CReadCMSBuffFv,accepted_x86_correlation,portable,0x00461930,high,src/Platform/Windows/Mixed/Engine/NET/VSNET.CPP,stores current fragment by sequence modulo ring capacity
CODE_02_Visos (Generic).bin,0x0000E526,__ct__11CWriteCBuffFiUs,accepted_x86_correlation,portable,0x00461970,high,src/Platform/Windows/Mixed/Engine/NET/VSNET.CPP,constructs write-slot table with ring capacity
CODE_02_Visos (Generic).bin,0x0000E595,StorePacket__11CWriteCBuffFUsPCUciP15CNetworkMessage,accepted_x86_correlation,portable,0x00461990,high,src/Platform/Windows/Mixed/Engine/NET/VSNET.CPP,claims packet-id modulo slot and copies payload message context
CODE_02_Visos (Generic).bin,0x0000E5F5,IsPacketAvailable__11CWriteCBuffFUs,accepted_x86_correlation,portable,0x004619D0,high,src/Platform/Windows/Mixed/Engine/NET/VSNET.CPP,returns next packet slot availability modulo capacity
CODE_02_Visos (Generic).bin,0x0000E6E2,__ct__12CBaseNetworkFv,accepted_x86_correlation,portable,0x004619F0,high,src/Platform/Windows/Mixed/Engine/NET/VSNET.CPP,constructs queue-backed network runtime and initializes transport state
CODE_02_Visos (Generic).bin,0x0000E864,Initialise__12CBaseNetworkFPCci,accepted_x86_correlation,portable,0x00461AA0,high,src/Platform/Windows/Mixed/Engine/NET/VSNET.CPP,starts transport runtime and waits for initialized connection readiness
CODE_02_Visos (Generic).bin,0x0000EA62,DoInitialise__12CBaseNetworkFv,accepted_x86_correlation,portable,0x00461BD0,high,src/Platform/Windows/Mixed/Engine/NET/VSNET.CPP,allocates control messages and global streams then starts broadcast transport
CODE_02_Visos (Generic).bin,0x0000EB36,__dt__12CBaseNetworkFv,accepted_x86_correlation,portable,0x00461DB0,high,src/Platform/Windows/Mixed/Engine/NET/VSNET.CPP,detaches and deletes transport dispatch queues before base destruction
CODE_02_Visos (Generic).bin,0x0000ED82,ShutDown__12CBaseNetworkFv,accepted_x86_correlation,portable,0x00461E10,high,src/Platform/Windows/Mixed/Engine/NET/VSNET.CPP,stops connections and broadcast then releases global transport resources
CODE_02_Visos (Generic).bin,0x0000EE4D,Delete__12CBaseNetworkFP8CConnect,accepted_x86_correlation,portable,0x00461FC0,high,src/Platform/Windows/Mixed/Engine/NET/VSNET.CPP,unlinks peer from doubly linked list releases port and deletes connection
CODE_02_Visos (Generic).bin,0x0000EF52,NewConnect__12CBaseNetworkFv,accepted_x86_correlation,portable,0x00462040,high,src/Platform/Windows/Mixed/Engine/NET/VSNET.CPP,removes closed peers allocates a connection and configures socket buffers
CODE_02_Visos (Generic).bin,0x0000EFC7,Exists__12CBaseNetworkFP8CConnect,accepted_x86_correlation,portable,0x00462130,high,src/Platform/Windows/Mixed/Engine/NET/VSNET.CPP,finds live connection refreshes timeout and reports existence
CODE_02_Visos (Generic).bin,0x0000F039,FindConnection__12CBaseNetworkFP15CNetworkAddress,accepted_x86_correlation,portable,0x00462180,high,src/Platform/Windows/Mixed/Engine/NET/VSNET.CPP,finds first active connection matching network address
CODE_02_Visos (Generic).bin,0x0000F097,KillUnBornConnection__12CBaseNetworkFP15CNetworkAddress,accepted_x86_correlation,portable,0x004621C0,high,src/Platform/Windows/Mixed/Engine/NET/VSNET.CPP,finds and kills matching not-yet-established connection
CODE_02_Visos (Generic).bin,0x0000F193,CtoSRequestConnect__12CBaseNetworkFP15CNetworkAddress,accepted_x86_correlation,portable,0x004621E0,high,src/Platform/Windows/Mixed/Engine/NET/VSNET.CPP,allocates peer and replies with authorised port
CODE_02_Visos (Generic).bin,0x0000F2C3,CtoSRequestNewPort__12CBaseNetworkFP15CNetworkAddress,accepted_x86_correlation,portable,0x00462280,high,src/Platform/Windows/Mixed/Engine/NET/VSNET.CPP,refreshes peer rate-limits port requests and replies with new port
CODE_02_Visos (Generic).bin,0x0000F449,StoCOKConnect__12CBaseNetworkFP15CNetworkAddress,accepted_x86_correlation,portable,0x00462340,high,src/Platform/Windows/Mixed/Engine/NET/VSNET.CPP,accepts authorised port or requests another then sends go-ahead
CODE_02_Visos (Generic).bin,0x0000F49B,StoCFAILEDConnect__12CBaseNetworkFP15CNetworkAddress,accepted_x86_correlation,portable,0x00462460,high,src/Platform/Windows/Mixed/Engine/NET/VSNET.CPP,forwards failed-connect control stream to peer
CODE_02_Visos (Generic).bin,0x0000F509,CtoSGOConnect__12CBaseNetworkFP15CNetworkAddress,accepted_x86_correlation,portable,0x00462480,high,src/Platform/Windows/Mixed/Engine/NET/VSNET.CPP,validates referenced peer and completes connection
CODE_02_Visos (Generic).bin,0x0000F5FF,Establish__12CBaseNetworkFP15CNetworkAddressPUc,accepted_x86_correlation,portable,0x004624A0,high,src/Platform/Windows/Mixed/Engine/NET/VSNET.CPP,dispatches connect-control payload to matching protocol handler
CODE_02_Visos (Generic).bin,0x0000F651,SetNCBuffers__12CBaseNetworkFUlUli,accepted_x86_correlation,portable,0x00462550,high,src/Platform/Windows/Mixed/Engine/MEDIA/EFFSTRM.CPP,stores non-contiguous buffer count stride and mode
CODE_02_Visos (Generic).bin,0x0000F68E,SetCBuffers__12CBaseNetworkFii,accepted_x86_correlation,portable,0x00462570,high,src/Platform/Windows/Mixed/Engine/MEDIA/EFFSTRM.CPP,stores contiguous buffer count and stride
CODE_02_Visos (Generic).bin,0x0000F6D5,AttachMessageQueue__12CBaseNetworkFP17CBaseQueueHandler,accepted_x86_correlation,portable,0x00462590,high,src/Platform/Windows/Mixed/Engine/MEDIA/EFFSTRM.CPP,registers queue handler with secondary dispatch queue
CODE_02_Visos (Generic).bin,0x0000F741,DetachMessageQueue__12CBaseNetworkFv,accepted_x86_correlation,portable,0x004625B0,high,src/Platform/Windows/Mixed/Engine/MEDIA/EFFSTRM.CPP,unregisters stored queue handler and clears it
CODE_02_Visos (Generic).bin,0x0000F84A,Process__12CBaseNetworkFv,accepted_x86_correlation,portable,0x004625E0,high,src/Platform/Windows/Mixed/Engine/NET/VSNET.CPP,transitions dispatch clients and initializes shuts down or processes peers
CODE_02_Visos (Generic).bin,0x0000F8C3,SendAll__12CBaseNetworkFR15CNetworkMessage,accepted_x86_correlation,portable,0x00462720,high,src/Platform/Windows/Mixed/Engine/NET/VSNET.CPP,sends message to every active connection until blocked
CODE_02_Visos (Generic).bin,0x0000F969,ProcessMsg__12CBaseNetworkFP10tagMESSAGE,accepted_x86_correlation,portable,0x004627B0,high,src/Platform/Windows/Mixed/Engine/NET/VSNET.CPP,dispatches single-peer or all-peer queued send events
CODE_02_Visos (Generic).bin,0x0000FA51,__ct__9CPVButtonFRC7CVSRectP7CPVGWnd,accepted_x86_correlation,portable,0x00467C10,high,src/Frontend/MENUSEL.CPP,constructs button window from rectangle and parent then initializes button state
CODE_02_Visos (Generic).bin,0x0000FAFC,__ct__9CPVButtonFP7CPVGWnd,accepted_x86_correlation,portable,0x00467CD0,high,src/Frontend/MENUSEL.CPP,constructs empty button window for parent then initializes button state
CODE_02_Visos (Generic).bin,0x0000FB7E,Initialise__9CPVButtonFv,accepted_x86_correlation,portable,0x00467D50,high,src/Frontend/MENUSEL.CPP,sets draw press and hover state defaults and allocates helper
CODE_02_Visos (Generic).bin,0x0000FC58,__dt__9CPVButtonFv,accepted_x86_correlation,portable,0x00467DD0,high,src/Frontend/MENUSEL.CPP,releases button helper and restores parent window ownership
CODE_02_Visos (Generic).bin,0x0000FC80,SetAutoDraw__9CPVButtonFUc,accepted_x86_correlation,portable,0x00467E40,high,src/Frontend/MENUSEL.CPP,stores automatic draw flag in shared button state
CODE_02_Visos (Generic).bin,0x0000FDA2,CheckForceDraw__9CPVButtonFv,accepted_x86_correlation,portable,0x00467E50,high,src/Frontend/MENUSEL.CPP,refreshes force-draw countdown rectangle and dirty target
CODE_02_Visos (Generic).bin,0x0000FE00,_DrawButton__9CPVButtonFv,accepted_x86_correlation,portable,0x00467EF0,high,src/Frontend/MENUSEL.CPP,marks changed button frame dirty then performs forced draw check
CODE_02_Visos (Generic).bin,0x0000FE7C,Draw__9CPVButtonFUc,accepted_x86_correlation,portable,0x00467F30,high,src/Frontend/MENUSEL.CPP,temporarily forces draw dispatch and clears pending redraw state
CODE_02_Visos (Generic).bin,0x0000FECC,OnEnter__9CPVButtonFv,accepted_x86_correlation,portable,0x00467FA0,high,src/Frontend/MENUSEL.CPP,sets hover latch emits enter event and dispatches virtual handler
CODE_02_Visos (Generic).bin,0x0000FF10,OnExit__9CPVButtonFv,accepted_x86_correlation,portable,0x00467FD0,high,src/Frontend/MENUSEL.CPP,clears hover latch emits exit event and dispatches virtual handler
CODE_02_Visos (Generic).bin,0x0000FF61,ConvertDoubleClick__9CPVButtonF12BUTTON_FLAGS,accepted_x86_correlation,portable,0x00468000,high,src/Frontend/MENUSEL.CPP,normalizes single and double click flags to button state slots
CODE_02_Visos (Generic).bin,0x00010019,OnButtonDown__9CPVButtonFRC8CVSPoint12BUTTON_FLAGS,accepted_x86_correlation,portable,0x00468050,high,src/Frontend/MENUSEL.CPP,latches press local point emits pressed event and dispatches handler
CODE_02_Visos (Generic).bin,0x000100CD,OnButtonUp__9CPVButtonFRC8CVSPoint12BUTTON_FLAGS,accepted_x86_correlation,portable,0x004680C0,high,src/Frontend/MENUSEL.CPP,releases latched press emits release event and dispatches handler
CODE_02_Visos (Generic).bin,0x00010163,OnExternalButtonUp__9CPVButtonFRC8CVSPoint12BUTTON_FLAGS,accepted_x86_correlation,portable,0x00468130,high,src/Frontend/MENUSEL.CPP,records local point and clears per-button press state
CODE_02_Visos (Generic).bin,0x0001020B,_OnReleased__9CPVButtonF12BUTTON_FLAGS,accepted_x86_correlation,portable,0x00468180,high,src/Frontend/MENUSEL.CPP,marks redraw and emits timestamped release notification
CODE_02_Visos (Generic).bin,0x000102A1,_OnPressed__9CPVButtonF12BUTTON_FLAGS,accepted_x86_correlation,portable,0x004681F0,high,src/Frontend/MENUSEL.CPP,marks redraw and emits timestamped press notification
CODE_02_Visos (Generic).bin,0x00010310,_OnEnterButton__9CPVButtonFv,accepted_x86_correlation,portable,0x00468260,high,src/Frontend/MENUSEL.CPP,emits timestamped enter-button notification
CODE_02_Visos (Generic).bin,0x00010376,_OnExitButton__9CPVButtonFv,accepted_x86_correlation,portable,0x004682B0,high,src/Frontend/MENUSEL.CPP,emits timestamped exit-button notification
CODE_02_Visos (Generic).bin,0x000103F1,_DrawButton__16CDepressedButtonFv,accepted_x86_correlation,portable,0x00468300,high,src/Frontend/MENUSEL.CPP,tracks depressed-state changes marks target dirty then checks forced drawing
CODE_02_Visos (Generic).bin,0x000104E7,OnPaint__16CDepressedButtonFRC7CVSRect,accepted_x86_correlation,portable,0x00468360,high,src/Frontend/MENUSEL.CPP,queues button primitive when depressed draw state or geometry is dirty
CODE_02_Visos (Generic).bin,0x00010659,__ct__14CGraphicButtonFRC8CVSPointP7CPVGWndUlUl,accepted_x86_correlation,portable,0x00468530,high,src/Frontend/MENUSEL.CPP,constructs CPVButton-derived graphic at point with animation and alignment flags
CODE_02_Visos (Generic).bin,0x000108E4,Initialise__14CGraphicButtonFv,accepted_x86_correlation,portable,0x004686E0,high,src/Frontend/MENUSEL.CPP,allocates draw primitive loads animation computes extent and alignment
CODE_02_Visos (Generic).bin,0x00010944,SetAnimID__14CGraphicButtonFUl,accepted_x86_correlation,portable,0x004688E0,high,src/Frontend/MENUSEL.CPP,unloads prior animation loads replacement and marks redraw
CODE_02_Visos (Generic).bin,0x00010A0E,__dt__14CGraphicButtonFv,accepted_x86_correlation,portable,0x00468920,high,src/Frontend/MENUSEL.CPP,restores vtables destroys embedded draw state and CPVButton base
CODE_02_Visos (Generic).bin,0x00010A50,OnDestroy__14CGraphicButtonFv,accepted_x86_correlation,portable,0x00468980,high,src/Frontend/MENUSEL.CPP,unloads active animation resource and clears handle
CODE_02_Visos (Generic).bin,0x00010B46,DrawButton__14CGraphicButtonFv,accepted_x86_correlation,portable,0x004689A0,high,src/Frontend/MENUSEL.CPP,populates and queues aligned animation draw primitive
CODE_02_Visos (Generic).bin,0x00010BF4,__ct__10CFontTableFP8CResFONT,accepted_x86_correlation,gap,0x00473650,high,src/Visos/Generic/CSurface.cpp,construct 256-slot glyph table from CResFONT entries; independent exact 68K and x86 ABI/layout/vtable/caller/lifetime audit
CODE_02_Visos (Generic).bin,0x00010C2C,GetZRLE__10CFontTableCFi,accepted_x86_correlation,gap,0x00473700,high,src/Visos/Generic/CSurface.cpp,index glyph pointer table by character code; independent exact 68K and x86 ABI/layout/vtable/caller/lifetime audit
CODE_02_Visos (Generic).bin,0x00010C79,GetChar__10CFontTableCFP8CResZRLE,accepted_x86_correlation,gap,0x00473710,high,src/Visos/Generic/CSurface.cpp,scan 256 glyph pointers and return character index or 0xFF; independent exact 68K and x86 ABI/layout/vtable/caller/lifetime audit
CODE_02_Visos (Generic).bin,0x00010CE0,__dt__10CFontTableFv,accepted_x86_correlation,gap,0x00473730,high,src/Visos/Generic/CSurface.cpp,free glyph pointer table without owning glyph entries; independent exact 68K and x86 ABI/layout/vtable/caller/lifetime audit
CODE_02_Visos (Generic).bin,0x00010E23,__ct__11CChangeListFi7CVSSize7CVSSize,accepted_x86_correlation,represented,0x004669A0,high,src/Visos/Generic/CChangeList.cpp,construct aligned change-map item storage and grid
CODE_02_Visos (Generic).bin,0x00010E7C,FreeMap__11CChangeListFv,accepted_x86_correlation,represented,0x00466A90,high,src/Visos/Generic/CChangeList.cpp,free map then reset change-list state
CODE_02_Visos (Generic).bin,0x00010ECE,AllocMap__11CChangeListFv,accepted_x86_correlation,represented,0x00466AC0,high,src/Visos/Generic/CChangeList.cpp,allocate grid-width times grid-height bytes
CODE_02_Visos (Generic).bin,0x00010F78,Resize__11CChangeListF7CVSSize,accepted_x86_correlation,represented,0x00466AF0,high,src/Visos/Generic/CChangeList.cpp,resize truncating grid and grow map only when required
CODE_02_Visos (Generic).bin,0x00010FF8,Reset__11CChangeListFv,accepted_x86_correlation,represented,0x00466B60,high,src/Visos/Generic/CChangeList.cpp,clear area rectangle lazy count cursor and marker
CODE_02_Visos (Generic).bin,0x00011058,__dt__11CChangeListFv,accepted_x86_correlation,represented,0x00466B90,high,src/Visos/Generic/CChangeList.cpp,semantic item-array and map destructor body
CODE_02_Visos (Generic).bin,0x000110AE,PushActive__11CChangeListFUc,accepted_x86_correlation,represented,0x00466BC0,high,src/Visos/Generic/CChangeList.cpp,push current marker on embedded active stack
CODE_02_Visos (Generic).bin,0x000110E8,PopActive__11CChangeListFv,accepted_x86_correlation,represented,0x00466BD0,high,src/Visos/Generic/CChangeList.cpp,pop and restore current marker
CODE_02_Visos (Generic).bin,0x0001120A,Add__11CChangeListFRC7CVSRect,accepted_x86_correlation,represented,0x00466BE0,high,src/Visos/Generic/CChangeList.cpp,quantize clip mark cells and accumulate rectangle area
CODE_02_Visos (Generic).bin,0x0001126C,SetDrawMark__11CChangeListFv,accepted_x86_correlation,represented,0x00466CE0,high,src/Visos/Generic/CChangeList.cpp,temporarily set marker add rectangle then restore marker
CODE_02_Visos (Generic).bin,0x0001129C,GetArea__11CChangeListFv,accepted_x86_correlation,represented,0x00466D10,high,src/Visos/Generic/CChangeList.cpp,promote pending marker state to active state
CODE_02_Visos (Generic).bin,0x000114DF,GetNextArea__11CChangeListFUcUcUc,accepted_x86_correlation,represented,0x00466D40,high,src/Visos/Generic/CChangeList.cpp,scan consume and emit quantized equal-width map run
CODE_02_Visos (Generic).bin,0x00011610,GetNumItems__11CChangeListFv,accepted_x86_correlation,represented,0x00466EF0,high,src/Visos/Generic/CChangeList.cpp,lazily build item list and draw-mark boundary
CODE_02_Visos (Generic).bin,0x0001165E,GetNItem__11CChangeListFi,accepted_x86_correlation,represented,0x00467000,high,src/Visos/Generic/CChangeList.cpp,lazily return aligned item at index times twelve
CODE_02_Visos (Generic).bin,0x000116A8,GetDrawMark__11CChangeListFv,accepted_x86_correlation,represented,0x00467020,high,src/Visos/Generic/CChangeList.cpp,lazily build and return draw-mark index
CODE_02_Visos (Generic).bin,0x000116DE,vsOpen__FPcPc,accepted_x86_correlation,portable,0x00462EE0,high,src/Platform/Windows/Mixed/Level/RUN/DEMO.CPP,delegates filename and mode to CRT fopen
CODE_02_Visos (Generic).bin,0x00011700,vsClose__FP6_Filet,accepted_x86_correlation,portable,0x00462F20,high,src/Platform/Windows/Mixed/Level/RUN/DEMO.CPP,delegates file handle to CRT fclose
CODE_02_Visos (Generic).bin,0x00011734,vsRead__FP6_FiletPvUl,accepted_x86_correlation,portable,0x00462F30,high,src/Platform/Windows/Mixed/Level/RUN/DEMO.CPP,reads requested byte count through CRT fread
CODE_02_Visos (Generic).bin,0x0001177C,vsWrite__FP6_FiletPvUl,accepted_x86_correlation,portable,0x00462F50,high,src/Platform/Windows/Mixed/Engine/NET/VSNETFIL.CPP,writes requested byte count and flushes the stream
CODE_02_Visos (Generic).bin,0x000117BA,vsSeek__FP6_Filetli,accepted_x86_correlation,portable,0x00462F80,high,src/Platform/Windows/Mixed/Level/RUN/DEMO.CPP,seeks file and returns resulting position
CODE_02_Visos (Generic).bin,0x000117E2,vsTell__FP6_Filet,accepted_x86_correlation,portable,0x00462FB0,high,src/Platform/Windows/Mixed/Level/RUN/DEMO.CPP,returns current file position through CRT ftell
CODE_02_Visos (Generic).bin,0x00011830,vsGetFileSize__FP6_Filet,accepted_x86_correlation,portable,0x00462FC0,high,src/Platform/Windows/Mixed/Level/RUN/DEMO.CPP,seeks to end and restores original file position
CODE_02_Visos (Generic).bin,0x000118C1,__ct__4CGDIFRC7CVSRectiP8CSurface,accepted_x86_correlation,represented,0x00467060,high,src/Visos/Windows/CGDI.cpp,"accepted mapping 0x00467060 (exact trailer offset): contiguous four-function family start; constructs the 0x10-byte Windows render queue from a rectangle, entry count, and CSurface allocation"
CODE_02_Visos (Generic).bin,0x0001192C,__dt__4CGDIFv,accepted_x86_correlation,represented,0x004670D0,high,src/Visos/Windows/CGDI.cpp,accepted mapping 0x004670D0 (exact trailer offset): contiguous family order; frees the queue storage and releases its CSurface
CODE_02_Visos (Generic).bin,0x00011958,AddToList__4CGDIFP10CPrimitive,accepted_x86_correlation,represented,0x004670F0,high,src/Visos/Windows/CGDI.cpp,accepted mapping 0x004670F0 (exact trailer offset): contiguous family order; appends one render-entry pointer and increments the queue count
CODE_02_Visos (Generic).bin,0x000119DC,Render__4CGDIFv,accepted_x86_correlation,represented,0x00467110,high,src/Visos/Windows/CGDI.cpp,"accepted mapping 0x00467110 (exact trailer offset): contiguous family end; validates and dispatches each queued primitive through virtual slot 2, then presents the target surface"
CODE_02_Visos (Generic).bin,0x00011AC4,NextPos__5CTextFv,accepted_x86_correlation,portable,0x004749C0,high,src/Platform/Windows/Mixed/Level/IO/DRAWTEXT.CPP,advances text cursor by glyph or fixed cell extent under direction flags
CODE_02_Visos (Generic).bin,0x00011C72,Render__5CTextFP4CGDI,accepted_x86_correlation,portable,0x00474A20,high,src/Platform/Windows/Mixed/Level/IO/DRAWTEXT.CPP,loads font resolves glyphs renders each glyph and advances cursor
CODE_02_Visos (Generic).bin,0x00011D03,__ct__15CHotAreaHandlerFRC7CVSRect,accepted_x86_correlation,portable,0x0046A290,high,src/Platform/Windows/Mixed/Engine/GDI/WINDOW/VSWINDOW.CPP,constructs initialized active handler from rectangle
CODE_02_Visos (Generic).bin,0x00011D68,__ct__15CHotAreaHandlerFv,accepted_x86_correlation,portable,0x0046A300,high,src/Platform/Windows/Mixed/Engine/GDI/WINDOW/VSWINDOW.CPP,constructs initialized handler with empty rectangle
CODE_02_Visos (Generic).bin,0x00011DAC,Initialise__15CHotAreaHandlerFv,accepted_x86_correlation,portable,0x0046A330,high,src/Platform/Windows/Mixed/Engine/GDI/WINDOW/VSWINDOW.CPP,clears owner dispatch and transient state
CODE_02_Visos (Generic).bin,0x00011E0C,Reset__15CHotAreaHandlerFv,accepted_x86_correlation,portable,0x0046A350,high,src/Platform/Windows/Mixed/Engine/GDI/WINDOW/VSWINDOW.CPP,releases active transition and clears six button states
CODE_02_Visos (Generic).bin,0x00012013,ProcessArea__15CHotAreaHandlerFP10tagMESSAGERC8CVSPointP15CHotAreaHandler,accepted_x86_correlation,portable,0x0046A380,high,src/Platform/Windows/Mixed/Engine/GDI/WINDOW/VSWINDOW.CPP,dispatches button and pointer events through bounds and transition callbacks
CODE_02_Visos (Generic).bin,0x00012094,SetActive__15CHotAreaHandlerFUc,accepted_x86_correlation,portable,0x0046A530,high,src/Platform/Windows/Mixed/Engine/GDI/WINDOW/VSWINDOW.CPP,updates enabled state resets when disabled and redispatches parent when enabled
CODE_02_Visos (Generic).bin,0x000120D3,SetParent__15CHotAreaHandlerFP12CHotAreaList,accepted_x86_correlation,portable,0x0046A560,high,src/Platform/Windows/Mixed/Engine/GDI/WINDOW/VSWINDOW.CPP,stores parent list and requests pointer redispatch
CODE_02_Visos (Generic).bin,0x000121E5,__ct__12CHotAreaListFRC7CVSRectRC8CVSPointRC8CVSPoint,accepted_x86_correlation,portable,0x0046A580,high,src/Platform/Windows/Mixed/Engine/GDI/WINDOW/VSWINDOW.CPP,constructs handler root queue client list geometry and shared pointer state
CODE_02_Visos (Generic).bin,0x000122DA,__dt__12CHotAreaListFv,accepted_x86_correlation,portable,0x0046A650,high,src/Platform/Windows/Mixed/Engine/GDI/WINDOW/VSWINDOW.CPP,deletes list nodes detaches queue and releases shared pointer state
CODE_02_Visos (Generic).bin,0x0001230F,UpdateHandlers__12CHotAreaListFv,accepted_x86_correlation,portable,0x0046A6D0,high,src/Platform/Windows/Mixed/Engine/GDI/WINDOW/VSWINDOW.CPP,redispatches cached pointer state through handlers
CODE_02_Visos (Generic).bin,0x0001237D,DeleteEntry__12CHotAreaListFP15CHotAreaElement,accepted_x86_correlation,portable,0x0046A6E0,high,src/Platform/Windows/Mixed/Engine/GDI/WINDOW/VSWINDOW.CPP,unlinks doubly linked handler entry and frees node
CODE_02_Visos (Generic).bin,0x0001242B,ProcessMsg__12CHotAreaListFP10tagMESSAGE,accepted_x86_correlation,portable,0x0046A710,high,src/Platform/Windows/Mixed/Engine/GDI/WINDOW/VSWINDOW.CPP,filters pointer messages caches coordinates and dispatches handlers
CODE_02_Visos (Generic).bin,0x000126F3,ProcessHandlers__12CHotAreaListFRC8CVSPointP10tagMESSAGE,accepted_x86_correlation,portable,0x0046A770,high,src/Platform/Windows/Mixed/Engine/GDI/WINDOW/VSWINDOW.CPP,normalizes coordinates performs bounds hit testing and dispatches selected handler
CODE_02_Visos (Generic).bin,0x000127A1,AddToList__12CHotAreaListFP15CHotAreaHandler,accepted_x86_correlation,portable,0x0046A9A0,high,src/Platform/Windows/Mixed/Engine/GDI/WINDOW/VSWINDOW.CPP,appends linked entry and assigns handler parent
CODE_02_Visos (Generic).bin,0x00012815,RemoveFromList__12CHotAreaListFP15CHotAreaHandler,accepted_x86_correlation,portable,0x0046AA00,high,src/Platform/Windows/Mixed/Engine/GDI/WINDOW/VSWINDOW.CPP,finds handler clears selection and deletes linked entry
CODE_02_Visos (Generic).bin,0x000128B0,__ct__12CPVGDIBitmapFv,accepted_x86_correlation,represented,0x00472290,high,src/Visos/Windows/CGDI.cpp,accepted mapping 0x00472290 (exact trailer offset): family order; constructor behavior; 0x40-byte object
CODE_02_Visos (Generic).bin,0x00012902,__dt__12CPVGDIBitmapFv,accepted_x86_correlation,represented,0x004722D0,high,src/Visos/Windows/CGDI.cpp,accepted mapping 0x004722D0 (exact trailer offset): family order; destructor behavior
CODE_02_Visos (Generic).bin,0x00012948,Free__12CPVGDIBitmapFv,accepted_x86_correlation,represented,0x004722E0,high,src/Visos/Windows/CGDI.cpp,accepted mapping 0x004722E0 (exact trailer offset): family order; releases line-pointer storage
CODE_02_Visos (Generic).bin,0x00012994,Initialise__12CPVGDIBitmapFv,accepted_x86_correlation,represented,0x00472310,high,src/Visos/Windows/CGDI.cpp,accepted mapping 0x00472310 (exact trailer offset): family order; clears bitmap state
CODE_02_Visos (Generic).bin,0x00012A23,CreateLinePtrs__12CPVGDIBitmapFv,accepted_x86_correlation,represented,0x00472340,high,src/Visos/Windows/CGDI.cpp,accepted mapping 0x00472340 (exact trailer offset): family order; allocates row-pointer index
CODE_02_Visos (Generic).bin,0x00012AC6,ResetLinePtrs__12CPVGDIBitmapFv,accepted_x86_correlation,represented,0x004723A0,high,src/Visos/Windows/CGDI.cpp,accepted mapping 0x004723A0 (exact trailer offset): family order; resets rows and border storage
CODE_02_Visos (Generic).bin,0x00012B3E,SetLinePtrs__12CPVGDIBitmapFv,accepted_x86_correlation,represented,0x00472400,high,src/Visos/Windows/CGDI.cpp,accepted mapping 0x00472400 (exact trailer offset): family order; rebuilds row-pointer table
CODE_02_Visos (Generic).bin,0x00012C21,Scroll__12CPVGDIBitmapFRC7CVSRectRC8CVSPoint,accepted_x86_correlation,represented,0x00472440,high,src/Visos/Windows/CGDI.cpp,accepted mapping 0x00472440 (exact trailer offset): family order; rectangle row scrolling
CODE_02_Visos (Generic).bin,0x00012CF1,SetSize__12CPVGDIBitmapFRC7CVSSizei,accepted_x86_correlation,represented,0x004725F0,high,src/Visos/Windows/CGDI.cpp,accepted mapping 0x004725F0 (exact trailer offset): family order; backing dimensions
CODE_02_Visos (Generic).bin,0x00012D67,SetBitsBase__12CPVGDIBitmapFPUci,accepted_x86_correlation,represented,0x00472670,high,src/Visos/Windows/CGDI.cpp,accepted mapping 0x00472670 (exact trailer offset): family order; base pointer and stride
CODE_02_Visos (Generic).bin,0x00012E5B,GetRects__12CPVGDIBitmapFRC7CVSRectRP7CVSRectRP7CVSRect,accepted_x86_correlation,represented,0x004726B0,high,src/Visos/Windows/CGDI.cpp,accepted mapping 0x004726B0 (exact trailer offset): family order; splits wrapped rectangle
CODE_02_Visos (Generic).bin,0x00012EA6,ResetScroll__12CPVGDIBitmapFv,accepted_x86_correlation,represented,0x00472760,high,src/Visos/Windows/CGDI.cpp,accepted mapping 0x00472760 (exact trailer offset): family order; reset-scroll thunk
CODE_02_Visos (Generic).bin,0x00012F39,Post__11CTimedQueueFR10tagMESSAGE,likely_inlined_or_merged,portable,,high,src/Platform/Windows/Mixed/Engine/GDI/WINDOW/VSWING.CPP,Macintosh CTimedQueue::Post counter/forwarding override is merged into Windows CBaseQueue::Post at 0x004631A0; no distinct x86 body
CODE_02_Visos (Generic).bin,0x00012F89,Send__11CTimedQueueFR10tagMESSAGE,likely_inlined_or_merged,portable,,high,src/Platform/Windows/Mixed/Engine/GDI/WINDOW/VSWING.CPP,Macintosh CTimedQueue::Send counter/forwarding override is merged into Windows CBaseQueue::Send at 0x00463230; no distinct x86 body
CODE_02_Visos (Generic).bin,0x00012FCA,OkFailed__FUc,accepted_x86_correlation,portable,0x00458F10,high,src/Platform/Windows/Mixed/Engine/CORE/VSINIT.CPP,returns the shared Ok string for nonzero and Failed for zero; exact 68K branch and x86 callers during subsystem initialization
CODE_02_Visos (Generic).bin,0x0001301E,strtol__FPcPPci,genuinely_missing_or_unresolved,gap,,unresolved,,no accepted address and no exact scoped spelling in current source
CODE_02_Visos (Generic).bin,0x00013164,_STRM_Init__Fv,accepted_x86_correlation,portable,0x00458F70,high,src/Platform/Windows/Mixed/Engine/CORE/VSINIT.CPP,allocates three debug stream buffers and three output streams
CODE_02_Visos (Generic).bin,0x00013246,_STRM_Quit__Fv,accepted_x86_correlation,portable,0x004590B0,high,src/Platform/Windows/Mixed/Engine/CORE/VSINIT.CPP,destroys output streams then backing debug buffers
CODE_02_Visos (Generic).bin,0x0001331E,_INP_Init__Fv,accepted_x86_correlation,portable,0x00459130,high,src/Platform/Windows/Mixed/Engine/CORE/VSINIT.CPP,creates shared queue master input and queue handler then attaches input runtime
CODE_02_Visos (Generic).bin,0x000133CC,_INP_Quit__Fv,accepted_x86_correlation,portable,0x004591F0,high,src/Platform/Windows/Mixed/Engine/CORE/VSINIT.CPP,clears input flags detaches handler and destroys shared input objects
CODE_02_Visos (Generic).bin,0x00013792,INIT_SubSystems__Fv,accepted_x86_correlation,portable,0x00459250,high,src/Platform/Windows/Mixed/Engine/CORE/VSINIT.CPP,initializes core subsystems in dependency order and reports each status
CODE_02_Visos (Generic).bin,0x000138A4,INIT_QuitSubSystems__Fv,accepted_x86_correlation,portable,0x00459520,high,src/Platform/Windows/Mixed/Engine/CORE/VSINIT.CPP,shuts down subsystems in reverse order and checks memory leak state
CODE_02_Visos (Generic).bin,0x000139AE,INIT_CheckOptions__FPc,accepted_x86_correlation,portable,0x004595D0,high,src/Platform/Windows/Mixed/Engine/CORE/VSINIT.CPP,matches command option table and toggles or parses selected option
CODE_02_Visos (Generic).bin,0x00013B0A,INIT_CmdLine__FPc,accepted_x86_correlation,portable,0x004596B0,high,src/Platform/Windows/Mixed/Engine/CORE/VSINIT.CPP,tokenizes lowercases filters options and compacts remaining arguments
CODE_02_Visos (Generic).bin,0x00013C28,INIT_Main__FPc,accepted_x86_correlation,portable,0x00459860,high,src/Platform/Windows/Mixed/Engine/CORE/VSINIT.CPP,parses options initializes runs game session handles startup jumps and shuts down
CODE_02_Visos (Generic).bin,0x00013C44,_VSExit__Fi,accepted_x86_correlation,portable,0x00459970,high,src/Platform/Windows/Mixed/Engine/CORE/VSINIT.CPP,nonreturning longjmp to startup exception frame
CODE_02_Visos (Generic).bin,0x00013C68,__ct__12CVSStreambufFPci,accepted_x86_correlation,gap,0x004583E0,high,src/Platform/Windows/Mixed/Engine/CORE/VSINIT.CPP,"exact base-stream vtable installation, this return, and RET 8 for two unused portable arguments"
CODE_02_Visos (Generic).bin,0x00013CB0,__dt__12CVSStreambufFv,accepted_x86_correlation,gap,0x00458400,high,src/Platform/Windows/Mixed/Engine/CORE/VSINIT.CPP,exact semantic base-stream vtable restoration; delete-flag/free wrapper remains separate
CODE_02_Visos (Generic).bin,0x00013D00,__ct__6CVSIOsFP12CVSStreambuf,genuinely_missing_or_unresolved,gap,,unresolved,,no accepted address and no exact scoped spelling in current source
CODE_02_Visos (Generic).bin,0x00013D4C,__dt__6CVSIOsFv,genuinely_missing_or_unresolved,gap,,unresolved,,no accepted address and no exact scoped spelling in current source
CODE_02_Visos (Generic).bin,0x00013DA1,__ct__10CVSOStreamFP12CVSStreambuf,accepted_x86_correlation,gap,0x00458450,high,src/Platform/Windows/Mixed/Engine/CORE/VSINIT.CPP,conditional target construction and adjusted format-subobject vtable
CODE_02_Visos (Generic).bin,0x00013E12,__dt__10CVSOStreamFv,accepted_x86_correlation,gap,0x004584A0,high,src/Platform/Windows/Mixed/Engine/CORE/VSINIT.CPP,semantic adjusted-subobject destructor; scalar deleting wrapper excluded
CODE_02_Visos (Generic).bin,0x00013F0E,_FormatNum__10CVSOStreamFv,accepted_x86_correlation,gap,0x004584C0,high,src/Platform/Windows/Mixed/Engine/CORE/VSINIT.CPP,"exact sign-preserving width, fill, alignment and padding behavior"
CODE_02_Visos (Generic).bin,0x00013F50,__ls__10CVSOStreamFPCc,accepted_x86_correlation,gap,0x004585B0,high,src/Platform/Windows/Mixed/Engine/CORE/VSINIT.CPP,exact c-string downstream slot dispatch
CODE_02_Visos (Generic).bin,0x00013F8E,__ls__10CVSOStreamFc,accepted_x86_correlation,gap,0x004585D0,high,src/Platform/Windows/Mixed/Engine/CORE/VSINIT.CPP,exact character downstream slot dispatch
CODE_02_Visos (Generic).bin,0x00013FDE,__ls__10CVSOStreamFl,accepted_x86_correlation,gap,0x004585F0,high,src/Platform/Windows/Mixed/Engine/CORE/VSINIT.CPP,exact signed long radix conversion lane
CODE_02_Visos (Generic).bin,0x0001402E,__ls__10CVSOStreamFi,accepted_x86_correlation,gap,0x00458630,high,src/Platform/Windows/Mixed/Engine/CORE/VSINIT.CPP,exact signed int radix conversion lane
CODE_02_Visos (Generic).bin,0x000140A0,__ls__10CVSOStreamFPCv,accepted_x86_correlation,gap,0x00458670,high,src/Platform/Windows/Mixed/Engine/CORE/VSINIT.CPP,exact null literal or 0x-prefixed pointer formatting
CODE_02_Visos (Generic).bin,0x000140F2,__ls__10CVSOStreamFUl,accepted_x86_correlation,gap,0x004586E0,high,src/Platform/Windows/Mixed/Engine/CORE/VSINIT.CPP,canonical unsigned long radix conversion lane
CODE_02_Visos (Generic).bin,0x0001416C,__ls__10CVSOStreamF3HEX,accepted_x86_correlation,gap,0x00458780,high,src/Platform/Windows/Mixed/Engine/CORE/VSINIT.CPP,exact radix-16 flags wrapper with state restore
CODE_02_Visos (Generic).bin,0x00014224,__ls__10CVSOStreamF4HEX8,accepted_x86_correlation,gap,0x004589C0,high,src/Platform/Windows/Mixed/Engine/CORE/VSINIT.CPP,exact zero-fill width-8 hexadecimal wrapper with state restore
CODE_02_Visos (Generic).bin,0x00014280,__ls__10CVSOStreamF5CHAR4,accepted_x86_correlation,gap,0x00458D40,high,src/Platform/Windows/Mixed/Engine/CORE/VSINITWindowsPhysicalSegments2.h,exact four-byte high-to-low character emitter
CODE_02_Visos (Generic).bin,0x000142D8,vsLtoa__FlPci,genuinely_missing_or_unresolved,gap,,unresolved,,no accepted address and no exact scoped spelling in current source
CODE_02_Visos (Generic).bin,0x000143B4,vsULtoa__FUlPci,genuinely_missing_or_unresolved,gap,,unresolved,,no accepted address and no exact scoped spelling in current source
CODE_02_Visos (Generic).bin,0x00014421,__ct__17CVSDebugStreambufFPciPFPc_Uc,accepted_x86_correlation,gap,0x0045AD70,high,src/Platform/Windows/Mixed/Engine/CORE/VSINIT.CPP,"base construction, derived vtable and exact 0x1C callback-buffer layout"
CODE_02_Visos (Generic).bin,0x00014480,__dt__17CVSDebugStreambufFv,accepted_x86_correlation,gap,0x0045ADC0,high,src/Platform/Windows/Mixed/Engine/CORE/VSINIT.CPP,derived vtable restore and verified CVSStreambuf base destruction
CODE_02_Visos (Generic).bin,0x000144E4,flush__17CVSDebugStreambufFv,accepted_x86_correlation,gap,0x0045ADD0,high,src/Platform/Windows/Mixed/Engine/CORE/VSINIT.CPP,"callback flush, cursor/count reset, tab width 8 and full-buffer clearing"
CODE_02_Visos (Generic).bin,0x0001464A,sputc__17CVSDebugStreambufFc,accepted_x86_correlation,gap,0x0045AE10,high,src/Platform/Windows/Mixed/Engine/CORE/VSINIT.H,"exact newline, tab and full-buffer state machine"
CODE_02_Visos (Generic).bin,0x000146A8,sputs__17CVSDebugStreambufFPc,accepted_x86_correlation,gap,0x0045AF20,high,src/Platform/Windows/Mixed/Engine/CORE/VSINIT.H,string length traversal through virtual sputc
CODE_02_Visos (Generic).bin,0x000147AC,SqRoot__7CVSMathFUi,accepted_x86_correlation,represented,0x0045A9B0,high,src/Visos/Generic/CVSMath.cpp,genuine one-class translation unit; accepted mapping 0x0045A9B0 (exact trailer offset): integer square-root bounds and binary-search behavior
CODE_02_Visos (Generic).bin,0x00014827,__ct__6CArenaFUlPcP6CArenaP6CArena,accepted_x86_correlation,gap,0x004599F0,high,src/Visos/Generic/Memory.cpp,constructor lifecycle; matching lock and arena-list initialization
CODE_02_Visos (Generic).bin,0x000148DC,DeleteLists__6CArenaFv,accepted_x86_correlation,represented,0x00459A40,high,src/Visos/Generic/Memory.cpp,accepted mapping 0x00459A40 (correlation offset 0x00014888 differs from raw 0x000148DC): destroys block and child-arena lists under the arena lock
CODE_02_Visos (Generic).bin,0x0001491C,__dt__6CArenaFv,accepted_x86_correlation,represented,0x00459AA0,high,src/Visos/Generic/Memory.cpp,accepted mapping 0x00459AA0 (correlation offset 0x00014916 differs from raw 0x0001491C): destructor lifecycle; restores base vtables and releases lock state
CODE_02_Visos (Generic).bin,0x000149CB,CheckAndAmalgamate__6CArenaFP7CMBlockP7CMBlock,accepted_x86_correlation,gap,0x00459B10,high,src/Visos/Generic/Memory.cpp,adjacent free-block coalescing and header-size accounting
CODE_02_Visos (Generic).bin,0x00014A37,AddToFreeList__6CArenaFP7CMBlock,accepted_x86_correlation,represented,0x00459BD0,high,src/Visos/Generic/Memory.cpp,accepted mapping 0x00459BD0 (correlation offset 0x000149B4 differs from raw 0x00014A37): appends a CMBlock to the free-list links
CODE_02_Visos (Generic).bin,0x00014AA7,AddToBlockList__6CArenaFP7CMBlockP7CMBlock,accepted_x86_correlation,gap,0x00459C00,high,src/Visos/Generic/Memory.cpp,inserts a CMBlock after the supplied block-list node
CODE_02_Visos (Generic).bin,0x00014B1D,AddToArenaList__6CArenaFP6CArena,accepted_x86_correlation,represented,0x00459C40,high,src/Visos/Generic/Memory.cpp,accepted mapping 0x00459C40 (correlation offset 0x00014A44 differs from raw 0x00014B1D): sorted child-arena insertion
CODE_02_Visos (Generic).bin,0x00014B83,RemoveFromFreeList__6CArenaFP7CMBlock,accepted_x86_correlation,represented,0x00459C80,high,src/Visos/Generic/Memory.cpp,accepted mapping 0x00459C80 (correlation offset 0x00014AA6 differs from raw 0x00014B83): unlinks free-list neighbors
CODE_02_Visos (Generic).bin,0x00014BEF,RemoveFromBlockList__6CArenaFP7CMBlock,accepted_x86_correlation,represented,0x00459CB0,high,src/Visos/Generic/Memory.cpp,accepted mapping 0x00459CB0 (correlation offset 0x00014ADE differs from raw 0x00014BEF): unlinks block-list neighbors
CODE_02_Visos (Generic).bin,0x00014C67,RemoveFromArenaList__6CArenaFP6CArena,accepted_x86_correlation,represented,0x00459CE0,high,src/Visos/Generic/Memory.cpp,accepted mapping 0x00459CE0 (correlation offset 0x00014B24 differs from raw 0x00014C67): unlinks a child arena from the arena list
CODE_02_Visos (Generic).bin,0x00014CF0,FindSmallestBlock__6CArenaFUlPc,accepted_x86_correlation,gap,0x00459D20,high,src/Visos/Generic/Memory.cpp,best-fit free-block scan
CODE_02_Visos (Generic).bin,0x00014F4C,Allocate__6CArenaFPPUcUlPc,accepted_x86_correlation,gap,0x00459D70,high,src/Visos/Generic/Memory.cpp,best-fit allocation; split and list relinking behavior
CODE_02_Visos (Generic).bin,0x000150CC,Shrink__6CArenaFPUcUl,accepted_x86_correlation,gap,0x0045A180,high,src/Visos/Generic/MemoryWindowsPhysicalSegments2.h,"exact owning-child arena search, used-block validation, and delegated block shrink"
CODE_02_Visos (Generic).bin,0x000151BA,Free__6CArenaFPUc,accepted_x86_correlation,gap,0x00459F70,high,src/Visos/Generic/Memory.cpp,pointer validation; free-list insertion and adjacent coalescing
CODE_02_Visos (Generic).bin,0x0001527B,AllocateArena__6CArenaFPP6CArenaUlPc,accepted_x86_correlation,gap,0x0045A010,high,src/Visos/Generic/Memory.cpp,allocates storage then constructs and links a child CArena
CODE_02_Visos (Generic).bin,0x00015300,FreeArena__6CArenaFP6CArena,accepted_x86_correlation,represented,0x0045A0A0,high,src/Visos/Generic/Memory.cpp,accepted mapping 0x0045A0A0 (correlation offset 0x00015026 differs from raw 0x00015300): unlinks and frees a child CArena
CODE_02_Visos (Generic).bin,0x0001537C,CheckValidPointer__6CArenaFPv,accepted_x86_correlation,represented,0x0045A0E0,high,src/Visos/Generic/Memory.cpp,accepted mapping 0x0045A0E0 (correlation offset 0x0001510A differs from raw 0x0001537C): arena-storage bounds and block validation
CODE_02_Visos (Generic).bin,0x000153B5,CheckMemoryBlock__6CArenaFP7CMBlock,accepted_x86_correlation,gap,0x0045A1E0,high,src/Visos/Generic/Memory.cpp,exact RMBL memory-block magic test
CODE_02_Visos (Generic).bin,0x0001540D,CheckFreeMemoryBlock__6CArenaFP7CMBlock,accepted_x86_correlation,gap,0x0045A230,high,src/Visos/Generic/Memory.cpp,exact memory-block magic plus free-bit test
CODE_02_Visos (Generic).bin,0x0001555B,StreamOut__6CArenaFR10CVSOStream,accepted_x86_correlation,gap,0x0045A260,high,src/Visos/Generic/Memory.cpp,matching arena diagnostics and aggregate counters
CODE_02_Visos (Generic).bin,0x00015588,CheckIntegrity__6CArenaFv,likely_inlined_or_merged,portable,,high,src/Visos/Generic/Memory.cpp,"exact 68K body [0x1557E,0x15588) is constant success; Windows emits no standalone body and uses specific block validators instead"
CODE_02_Visos (Generic).bin,0x000155B4,GetFreeSize__6CArenaFv,accepted_x86_correlation,represented,0x0045A350,high,src/Visos/Generic/Memory.cpp,accepted mapping 0x0045A350 (correlation offset 0x0001561A differs from raw 0x000155B4): returns available arena bytes
CODE_02_Visos (Generic).bin,0x00015612,GetAllocSize__6CArenaFv,accepted_x86_correlation,represented,0x0045A340,high,src/Visos/Generic/Memory.cpp,accepted mapping 0x0045A340 (exact trailer offset): returns allocated payload counter
CODE_02_Visos (Generic).bin,0x00015638,__nw__6CArenaFUlPv,accepted_x86_correlation,represented,0x0045A390,high,src/Visos/Generic/Memory.cpp,accepted mapping 0x0045A390 (correlation offset 0x00015642 differs from raw 0x00015638): placement allocation returns supplied storage
CODE_02_Visos (Generic).bin,0x0001566C,MemSet__6CArenaFPUcUcUl,accepted_x86_correlation,gap,0x0045A3A0,high,src/Visos/Generic/Memory.cpp,byte fill implementation and signature
CODE_02_Visos (Generic).bin,0x000156A0,MemCopy__6CArenaFPUcPUcUl,accepted_x86_correlation,gap,0x0045A3D0,high,src/Visos/Generic/Memory.cpp,byte copy implementation and signature
CODE_02_Visos (Generic).bin,0x0001578D,__ct__9CRAMArenaFUlPcP6CArenaP6CArena,accepted_x86_correlation,gap,0x0045A3F0,high,src/Visos/Generic/Memory.cpp,"exact CArena construction, RARN magic, 0x50/0x28 accounting, initial free block, and list linkage"
CODE_02_Visos (Generic).bin,0x000157F2,__dt__9CRAMArenaFv,accepted_x86_correlation,gap,0x0045A480,high,src/Visos/Generic/Memory.cpp,"exact derived vtable restoration, list deletion, and CArena teardown"
CODE_02_Visos (Generic).bin,0x00015812,GetSizeOf__9CRAMArenaFv,accepted_x86_correlation,gap,0x0045A4A0,high,src/Visos/Generic/Memory.cpp,exact constant arena header size 0x50
CODE_02_Visos (Generic).bin,0x00015836,GetSizeOfBlock__9CRAMArenaFv,accepted_x86_correlation,gap,0x0045A4B0,high,src/Visos/Generic/Memory.cpp,exact constant memory-block header size 0x28
CODE_02_Visos (Generic).bin,0x00015891,CreateNew__9CRAMArenaFPUcUlPcP6CArenaP6CArena,accepted_x86_correlation,gap,0x0045A4C0,high,src/Visos/Generic/Memory.cpp,exact 0x50-byte placement allocation and arena construction
CODE_02_Visos (Generic).bin,0x00015901,CreateNewBlock__9CRAMArenaFPUcP6CArenaP7CMBlockPcUl,accepted_x86_correlation,gap,0x0045A500,high,src/Visos/Generic/Memory.cpp,exact 0x28-byte placement allocation and memory-block construction
CODE_02_Visos (Generic).bin,0x00015973,__ct__7CMBlockFP6CArenaP7CMBlockPcUl,accepted_x86_correlation,gap,0x0045A540,high,src/Visos/Generic/Memory.cpp,"exact vtable, arena/link initialization and RET 0x10; desc and size intentionally unused"
CODE_02_Visos (Generic).bin,0x000159B4,__dt__7CMBlockFv,accepted_x86_correlation,gap,0x0045A570,high,src/Visos/Generic/Memory.cpp,exact core destructor vtable restoration; return-this wrapper remains separate
CODE_02_Visos (Generic).bin,0x00015A4B,StreamOut__7CMBlockFR10CVSOStream,accepted_x86_correlation,gap,0x0045A5B0,high,src/Visos/Generic/Memory.h,"exact payload address, hexadecimal size, free/new status stream sequence and vtable slot"
CODE_02_Visos (Generic).bin,0x00015A78,SetDesc__7CMBlockFPc,accepted_x86_correlation,gap,0x0045A610,high,src/Visos/Generic/Memory.cpp,exact no-op with one unused stack argument and CArena allocation callers
CODE_02_Visos (Generic).bin,0x00015A9C,__nw__7CMBlockFUlPv,accepted_x86_correlation,gap,0x0045A630,high,src/Visos/Generic/Memory.cpp,exact placement allocation returning supplied storage; 0x28 caller size
CODE_02_Visos (Generic).bin,0x00015B03,__ct__10CMRAMBlockFP6CArenaP7CMBlockPcUl,accepted_x86_correlation,gap,0x0045A640,high,src/Visos/Generic/Memory.cpp,"exact derived block construction, base forwarding, RMBL magic, payload this+0x28, size minus 0x28 and RET 0x10"
CODE_02_Visos (Generic).bin,0x00015BCC,InternalNew__FUl,accepted_x86_correlation,portable,0x0045A6B0,high,src/Visos/Generic/Memory.cpp,small bucket first then main arena allocation with failure assertion
CODE_02_Visos (Generic).bin,0x00015C48,InternalDelete__FPv,accepted_x86_correlation,portable,0x0045A730,high,src/Visos/Generic/Memory.cpp,small bucket return first then main arena free with failure assertion
CODE_02_Visos (Generic).bin,0x00015C6E,__nw__FUl,accepted_x86_correlation,portable,0x0045A780,high,src/Visos/Generic/Memory.cpp,global allocation wrapper forwards to InternalNew
CODE_02_Visos (Generic).bin,0x00015C8A,__dl__FPv,accepted_x86_correlation,portable,0x0045A790,high,src/Visos/Generic/Memory.cpp,global deletion wrapper forwards to InternalDelete
CODE_02_Visos (Generic).bin,0x00015CE2,CheckValidPointer__FPv,accepted_x86_correlation,portable,0x0045A800,high,src/Visos/Generic/Memory.cpp,checks every enabled small-memory bucket then the main arena for pointer ownership
CODE_02_Visos (Generic).bin,0x00015DBE,INIT_PreInit__Fv,accepted_x86_correlation,portable,0x0046F060,high,src/Visos/Generic/Memory.cpp,allocates and locks master RAM storage constructs main arena and conditionally initializes small-memory buckets
CODE_02_Visos (Generic).bin,0x00015E5E,__ct__10CPVSurfaceFv,accepted_x86_correlation,represented,0x004663D0,high,src/Visos/Windows/CGDI.cpp,accepted mapping 0x004663D0 (correlation offset 0x00014F8C differs from raw 0x00015E5E): initializes the shared 0x44 CPVSurface virtual base; field order and final CSurface constructor lifecycle agree
CODE_02_Visos (Generic).bin,0x00015EA4,__dt__10CPVSurfaceFv,accepted_x86_correlation,represented,0x00466430,high,src/Visos/Windows/CGDI.cpp,accepted mapping 0x00466430 (exact trailer offset): immediate constructor successor restores the CPVSurface vtable
CODE_02_Visos (Generic).bin,0x00015F18,__ct__18CPVBackBuffSurfaceFv,accepted_x86_correlation,represented,0x00466440,high,src/Visos/Windows/CGDI.cpp,accepted mapping 0x00466440 (exact trailer offset): constructs shared CPVSurface virtual base when most-derived; embeds CPVGDIBitmap; byte backing buffer family
CODE_02_Visos (Generic).bin,0x00015F96,__dt__18CPVBackBuffSurfaceFv,accepted_x86_correlation,represented,0x004664B0,high,src/Visos/Windows/CGDI.cpp,accepted mapping 0x004664B0 (exact trailer offset): restores back-buffer tables and destroys embedded CPVGDIBitmap
CODE_02_Visos (Generic).bin,0x00015FF3,HasBackBuff__18CPVBackBuffSurfaceFv,accepted_x86_correlation,represented,0x004664E0,high,src/Visos/Windows/CGDI.cpp,accepted mapping 0x004664E0 (exact trailer offset): CPVSurface slot 15 override; returns byte back-buffer active state and follows linked CSurface
CODE_02_Visos (Generic).bin,0x00016055,FreeBackBuff__18CPVBackBuffSurfaceFv,accepted_x86_correlation,represented,0x00466510,high,src/Visos/Windows/CGDI.cpp,accepted mapping 0x00466510 (exact trailer offset): frees byte backing storage and CPVGDIBitmap line pointers
CODE_02_Visos (Generic).bin,0x00016177,AllocateBackBuff__18CPVBackBuffSurfaceFv,accepted_x86_correlation,represented,0x00466540,high,src/Platform/Windows/Primary.cpp,accepted mapping 0x00466540 (exact trailer offset): allocates width*height byte backing and binds embedded CPVGDIBitmap
CODE_02_Visos (Generic).bin,0x000161D5,EnableBackBuff__18CPVBackBuffSurfaceFUc,accepted_x86_correlation,represented,0x00466630,high,src/Platform/Windows/Primary.cpp,accepted mapping 0x00466630 (exact trailer offset): enable flag allocates; disable path frees byte back buffer
CODE_02_Visos (Generic).bin,0x00016211,ResizeBackBuff__18CPVBackBuffSurfaceFv,accepted_x86_correlation,represented,0x00466660,high,src/Visos/Windows/CGDI.cpp,accepted mapping 0x00466660 (exact trailer offset): back-buffer virtual forwards to allocation/resize body
CODE_02_Visos (Generic).bin,0x00016296,__ct__15CPVZBuffSurfaceFv,accepted_x86_correlation,represented,0x00466670,high,src/Visos/Windows/CGDI.cpp,accepted mapping 0x00466670 (exact trailer offset): constructs shared CPVSurface virtual base when most-derived; embeds CPVGDIBitmap; 16-bit backing family
CODE_02_Visos (Generic).bin,0x00016310,__dt__15CPVZBuffSurfaceFv,accepted_x86_correlation,represented,0x004666E0,high,src/Visos/Windows/CGDI.cpp,accepted mapping 0x004666E0 (exact trailer offset): restores z-buffer tables and destroys embedded CPVGDIBitmap
CODE_02_Visos (Generic).bin,0x00016366,FreeZBuff__15CPVZBuffSurfaceFv,accepted_x86_correlation,represented,0x00466710,high,src/Visos/Windows/CGDI.cpp,accepted mapping 0x00466710 (exact trailer offset): frees 16-bit backing storage and CPVGDIBitmap line pointers
CODE_02_Visos (Generic).bin,0x00016491,AllocateZBuff__15CPVZBuffSurfaceFv,accepted_x86_correlation,represented,0x00466740,high,src/Visos/Windows/CGDI.cpp,accepted mapping 0x00466740 (exact trailer offset): doubles row width and allocates width*height*2 backing
CODE_02_Visos (Generic).bin,0x000164E9,EnableZBuff__15CPVZBuffSurfaceFUc,accepted_x86_correlation,represented,0x00466840,high,src/Visos/Windows/CGDI.cpp,accepted mapping 0x00466840 (exact trailer offset): enable flag allocates; disable path frees 16-bit z buffer
CODE_02_Visos (Generic).bin,0x0001651F,ResizeZBuff__15CPVZBuffSurfaceFv,accepted_x86_correlation,represented,0x00466870,high,src/Visos/Windows/CGDI.cpp,accepted mapping 0x00466870 (exact trailer offset): z-buffer virtual forwards to allocation/resize body
CODE_02_Visos (Generic).bin,0x0001657B,SetDontUpdateRect__10CPVSurfaceFRC7CVSRect,accepted_x86_correlation,represented,0x00466880,high,src/Visos/Windows/CGDI.cpp,accepted mapping 0x00466880 (correlation offset 0x00015F08 differs from raw 0x0001657B): empty-extent conditional copies the complete rectangle tuple
CODE_02_Visos (Generic).bin,0x000165FB,SetWorldWidth__20CPVScrollableSurfaceFi,accepted_x86_correlation,represented,0x004668D0,high,src/Visos/Generic/CSurface.cpp,accepted mapping 0x004668D0 (correlation offset 0x000160EA differs from raw 0x000165FB): stores changed world width and propagates the paired point
CODE_02_Visos (Generic).bin,0x000168DC,Clear__7CPVGWndFi,genuinely_missing_or_unresolved,gap,,unresolved,,no accepted address and no exact scoped spelling in current source
CODE_02_Visos (Generic).bin,0x00016907,SetInnerWindow__7CPVGWndFRC7CVSRect,genuinely_missing_or_unresolved,gap,,unresolved,,no accepted address and no exact scoped spelling in current source
CODE_02_Visos (Generic).bin,0x0001697C,_OnZoom__7CPVGWndFi,genuinely_missing_or_unresolved,gap,,unresolved,,no accepted address and no exact scoped spelling in current source
CODE_02_Visos (Generic).bin,0x00016A3E,__ct__6CPVWndFv,genuinely_missing_or_unresolved,gap,,unresolved,,no accepted address and no exact scoped spelling in current source
CODE_02_Visos (Generic).bin,0x00016ADC,__dt__6CPVWndFv,genuinely_missing_or_unresolved,gap,,unresolved,,no accepted address and no exact scoped spelling in current source
CODE_02_Visos (Generic).bin,0x00016B39,SetInnerWindow__6CPVWndFRC7CVSRect,genuinely_missing_or_unresolved,gap,,unresolved,,no accepted address and no exact scoped spelling in current source
CODE_02_Visos (Generic).bin,0x00016B7A,SetRect__6CPVWndFRC7CVSRect,genuinely_missing_or_unresolved,gap,,unresolved,,no accepted address and no exact scoped spelling in current source
CODE_02_Visos (Generic).bin,0x00016C1D,SetRectInnerZoom__6CPVWndFRC7CVSRectRC7CVSRecti,genuinely_missing_or_unresolved,gap,,unresolved,,no accepted address and no exact scoped spelling in current source
CODE_02_Visos (Generic).bin,0x00016D72,InitHotAreaList__6CPVWndFv,genuinely_missing_or_unresolved,gap,,unresolved,,no accepted address and no exact scoped spelling in current source
CODE_02_Visos (Generic).bin,0x00016DFE,_OnCreate__6CPVWndFv,genuinely_missing_or_unresolved,gap,,unresolved,,no accepted address and no exact scoped spelling in current source
CODE_02_Visos (Generic).bin,0x00016EC4,_OnDestroy__6CPVWndFv,genuinely_missing_or_unresolved,gap,,unresolved,,no accepted address and no exact scoped spelling in current source
CODE_02_Visos (Generic).bin,0x0001700E,_OnSize__6CPVWndFv,genuinely_missing_or_unresolved,gap,,unresolved,,no accepted address and no exact scoped spelling in current source
CODE_02_Visos (Generic).bin,0x00017156,_OnMove__6CPVWndFv,genuinely_missing_or_unresolved,gap,,unresolved,,no accepted address and no exact scoped spelling in current source
CODE_02_Visos (Generic).bin,0x000171AE,_OnMove__6CPVWndF8CVSPoint,genuinely_missing_or_unresolved,gap,,unresolved,,no accepted address and no exact scoped spelling in current source
CODE_02_Visos (Generic).bin,0x00017212,_OnZoom__6CPVWndFi,genuinely_missing_or_unresolved,gap,,unresolved,,no accepted address and no exact scoped spelling in current source
CODE_02_Visos (Generic).bin,0x0001728E,SetZoom__6CPVWndFi,genuinely_missing_or_unresolved,gap,,unresolved,,no accepted address and no exact scoped spelling in current source
CODE_02_Visos (Generic).bin,0x00017400,VSQSort,accepted_x86_correlation,portable,0x00463960,high,src/Platform/Windows/Mixed/Engine/CORE/VSINIT.CPP,iterative quicksort with explicit deferred-partition stack and shortsort fallback
CODE_02_Visos (Generic).bin,0x00017460,shortsort,accepted_x86_correlation,portable,0x00463AC0,high,src/Platform/Windows/Mixed/Engine/CORE/VSINIT.CPP,small-partition selection sort with comparator and byte swap
CODE_02_Visos (Generic).bin,0x00017494,swap,accepted_x86_correlation,portable,0x00463B20,high,src/Control/CGame.cpp,byte-counted record swap helper
CODE_02_Visos (Generic).bin,0x000175A2,__ct__7CBucketFiiPUcPUl,accepted_x86_correlation,gap,0x00472CE0,high,src/Visos/Generic/Memory.cpp,"exact slot/count initialization, ownership flags, optional storage/bitmap allocation, and cursor/counter setup"
CODE_02_Visos (Generic).bin,0x00017652,__dt__7CBucketFv,accepted_x86_correlation,gap,0x00472DC0,high,src/Visos/Generic/Memory.cpp,"exact child removal, owned storage/bitmap release, recursion disable, and lock teardown"
CODE_02_Visos (Generic).bin,0x00017772,Allocate__7CBucketFPPUc,accepted_x86_correlation,gap,0x00472E40,high,src/Visos/Generic/Memory.cpp,"exact child traversal, bitmap allocation, packed-cursor advance, slot address, and counters"
CODE_02_Visos (Generic).bin,0x0001788A,Free__7CBucketFPUc,accepted_x86_correlation,gap,0x00472F00,high,src/Visos/Generic/Memory.cpp,"exact owner search, slot division, bitmap clear, cursor/counters, and empty-child removal"
CODE_02_Visos (Generic).bin,0x0001791F,FindFreeOffset__7CBucketF10tagBOFFSET,accepted_x86_correlation,gap,0x00472FD0,high,src/Visos/Generic/Memory.cpp,"exact packed word/bit scan, wrap, mask search, and hidden-result adaptation"
CODE_02_Visos (Generic).bin,0x000179F6,NewChild__7CBucketFv,accepted_x86_correlation,gap,0x00473050,high,src/Visos/Generic/Memory.cpp,"exact 0x54 Windows child allocation, construction, and bidirectional linkage"
CODE_02_Visos (Generic).bin,0x00017A5A,RemoveChild__7CBucketFv,accepted_x86_correlation,gap,0x004730E0,high,src/Visos/Generic/Memory.cpp,"exact child teardown/free, diagnostic snapshots, and pointer clear"
CODE_02_Visos (Generic).bin,0x00017A8A,RemoveThis__7CBucketFv,accepted_x86_correlation,gap,0x00473120,high,src/Visos/Generic/Memory.cpp,exact parent forwarding tail adapter to RemoveChild
CODE_02_Visos (Generic).bin,0x00017AEA,CheckValidPointer__7CBucketFPUc,accepted_x86_correlation,gap,0x00473140,high,src/Visos/Generic/Memory.cpp,exact half-open storage-range validation across child chain
CODE_02_Visos (Generic).bin,0x00017BDA,__ct__12CSmallMemoryFv,accepted_x86_correlation,gap,0x00473180,high,src/Visos/Generic/Memory.cpp,"exact seven-class clamp, table clear, size-limit generation, CBucket construction, and upper-bound update"
CODE_02_Visos (Generic).bin,0x00017C4C,__dt__12CSmallMemoryFv,accepted_x86_correlation,gap,0x00473280,high,src/Visos/Generic/Memory.cpp,exact recursion disable and configured CBucket teardown; Windows caller owns freeing
CODE_02_Visos (Generic).bin,0x00017CC4,Allocate__12CSmallMemoryFiPc,accepted_x86_correlation,gap,0x004732D0,high,src/Visos/Generic/Memory.cpp,"exact size-interval selection, bucket dispatch, unused tag ABI argument, and null fallback"
CODE_02_Visos (Generic).bin,0x00017D34,Free__12CSmallMemoryFPUc,accepted_x86_correlation,gap,0x00473340,high,src/Visos/Generic/Memory.cpp,"exact bucket-chain pointer search, bucket free dispatch, and Boolean result"
CODE_02_Visos (Generic).bin,0x00017D5D,__ls__FR10CVSOStreamR12CSmallMemory,likely_inlined_or_merged,portable,,high,src/Visos/Generic/Memory.cpp,"exact 68K body [0x17D50,0x17D5D) returns the CVSOStream argument unchanged; Windows emits no standalone body or caller-visible work"
CODE_02_Visos (Generic).bin,0x00017D9A,__ct__16CBaseSoundDeviceFv,genuinely_missing_or_unresolved,gap,,unresolved,,no accepted address and no exact scoped spelling in current source
CODE_02_Visos (Generic).bin,0x00017DE4,__dt__16CBaseSoundDeviceFv,genuinely_missing_or_unresolved,gap,,unresolved,,no accepted address and no exact scoped spelling in current source
CODE_02_Visos (Generic).bin,0x00017E0F,GetMasterVolume__16CBaseSoundDeviceFv,genuinely_missing_or_unresolved,gap,,unresolved,,no accepted address and no exact scoped spelling in current source
CODE_02_Visos (Generic).bin,0x00017E41,SetMasterVolume__16CBaseSoundDeviceFUc,genuinely_missing_or_unresolved,gap,,unresolved,,no accepted address and no exact scoped spelling in current source
CODE_02_Visos (Generic).bin,0x00017E77,GetMusicVolume__16CBaseSoundDeviceFv,genuinely_missing_or_unresolved,gap,,unresolved,,no accepted address and no exact scoped spelling in current source
CODE_02_Visos (Generic).bin,0x00017EA7,SetMusicVolume__16CBaseSoundDeviceFUc,genuinely_missing_or_unresolved,gap,,unresolved,,no accepted address and no exact scoped spelling in current source
CODE_02_Visos (Generic).bin,0x00017EDD,GetEffectVolume__16CBaseSoundDeviceFv,genuinely_missing_or_unresolved,gap,,unresolved,,no accepted address and no exact scoped spelling in current source
CODE_02_Visos (Generic).bin,0x00017F0F,SetEffectVolume__16CBaseSoundDeviceFUc,genuinely_missing_or_unresolved,gap,,unresolved,,no accepted address and no exact scoped spelling in current source
CODE_02_Visos (Generic).bin,0x00017F43,SetVolume__16CBaseSoundDeviceFUliUc,genuinely_missing_or_unresolved,gap,,unresolved,,no accepted address and no exact scoped spelling in current source
CODE_02_Visos (Generic).bin,0x00017F73,MusicPlayNote__16CBaseSoundDeviceFUcUcUc,genuinely_missing_or_unresolved,gap,,unresolved,,no accepted address and no exact scoped spelling in current source
CODE_02_Visos (Generic).bin,0x00017FA7,MusicSetNoteVolume__16CBaseSoundDeviceFUcUcUc,genuinely_missing_or_unresolved,gap,,unresolved,,no accepted address and no exact scoped spelling in current source
CODE_02_Visos (Generic).bin,0x00017FE1,MusicStopNote__16CBaseSoundDeviceFUcUcUc,genuinely_missing_or_unresolved,gap,,unresolved,,no accepted address and no exact scoped spelling in current source
CODE_02_Visos (Generic).bin,0x00018017,MusicSetChannelVolume__16CBaseSoundDeviceFUcUc,genuinely_missing_or_unresolved,gap,,unresolved,,no accepted address and no exact scoped spelling in current source
CODE_02_Visos (Generic).bin,0x00018051,MusicSetChannelPatch__16CBaseSoundDeviceFUcUl,genuinely_missing_or_unresolved,gap,,unresolved,,no accepted address and no exact scoped spelling in current source
CODE_02_Visos (Generic).bin,0x0001808B,MusicSetPitchWheel__16CBaseSoundDeviceFUcUs,genuinely_missing_or_unresolved,gap,,unresolved,,no accepted address and no exact scoped spelling in current source
CODE_02_Visos (Generic).bin,0x000180C3,MusicMiscControlMessage__16CBaseSoundDeviceFUcUcUc,genuinely_missing_or_unresolved,gap,,unresolved,,no accepted address and no exact scoped spelling in current source
CODE_02_Visos (Generic).bin,0x00018103,EffectPlay__16CBaseSoundDeviceFUlUsUc,genuinely_missing_or_unresolved,gap,,unresolved,,no accepted address and no exact scoped spelling in current source
CODE_02_Visos (Generic).bin,0x00018137,EffectPlay__16CBaseSoundDeviceFUlUcUc,genuinely_missing_or_unresolved,gap,,unresolved,,no accepted address and no exact scoped spelling in current source
CODE_02_Visos (Generic).bin,0x0001816B,EffectStop__16CBaseSoundDeviceFUcUc,genuinely_missing_or_unresolved,gap,,unresolved,,no accepted address and no exact scoped spelling in current source
CODE_02_Visos (Generic).bin,0x00018341,__ct__13CSoundManagerFUcUcUciP4CWnd,accepted_x86_correlation,gap,0x0045AF80,high,src/Platform/Windows/Mixed/Engine/MEDIA/VSSOUND.CPP,"five-argument construction, backend selection and 0xC90 layout"
CODE_02_Visos (Generic).bin,0x00018450,__dt__13CSoundManagerFv,accepted_x86_correlation,gap,0x0045B110,high,src/Platform/Windows/Mixed/Engine/MEDIA/VSSOUND.CPP,complete backend and control-object teardown
CODE_02_Visos (Generic).bin,0x000184B0,SetResId__13CSoundManagerFUl,accepted_x86_correlation,gap,0x0045B190,high,src/Platform/Windows/Mixed/Engine/MEDIA/VSSOUND.CPP,resource context storage and effect-backend forwarding
CODE_02_Visos (Generic).bin,0x00018512,Background__13CSoundManagerFv,accepted_x86_correlation,gap,0x0045B1D0,high,src/Platform/Windows/Mixed/Engine/MEDIA/VSSOUND.CPP,stopped-state transition and backend shutdown
CODE_02_Visos (Generic).bin,0x000185E2,Foreground__13CSoundManagerFv,accepted_x86_correlation,gap,0x0045B210,high,src/Platform/Windows/Mixed/Engine/MEDIA/VSSOUND.CPP,foreground-state transition and backend handle refresh
CODE_02_Visos (Generic).bin,0x0001865B,PrepareMusic__13CSoundManagerFUlUc,accepted_x86_correlation,gap,0x0045B2E0,high,src/Platform/Windows/Mixed/Engine/MEDIA/VSSOUND.CPP,music handle allocation and control-object prepare slot; unused byte retained by RET 8
CODE_02_Visos (Generic).bin,0x0001868D,StreamOut__13CSoundManagerFR10CVSOStream,accepted_x86_correlation,gap,0x0045B320,high,src/Platform/Windows/Mixed/Engine/CORE/VSRETURN.CPP,exact virtual stream identity body
CODE_02_Visos (Generic).bin,0x000186F4,PlayMusic__13CSoundManagerFUl,accepted_x86_correlation,gap,0x0045B330,high,src/Platform/Windows/Mixed/Engine/MEDIA/VSSOUND.CPP,music handle validation and control play slot
CODE_02_Visos (Generic).bin,0x0001873B,ProcessMusic__13CSoundManagerFUl,accepted_x86_correlation,portable,0x0045B350,high,src/Platform/Windows/Mixed/Engine/MEDIA/VSSOUND.CPP,both gate on active music and dispatch backend processing; Macintosh passes its stored current-music identifier while Windows uses a no-argument backend slot and leaves the explicit duration unused
CODE_02_Visos (Generic).bin,0x00018794,StopMusic__13CSoundManagerFUl,accepted_x86_correlation,gap,0x0045B3B0,high,src/Platform/Windows/Mixed/Engine/MEDIA/VSSOUND.CPP,music control stop slot
CODE_02_Visos (Generic).bin,0x000187F0,FreeMusic__13CSoundManagerFUl,accepted_x86_correlation,gap,0x0045B3D0,high,src/Platform/Windows/Mixed/Engine/MEDIA/VSSOUND.CPP,music handle validation and control free slot
CODE_02_Visos (Generic).bin,0x0001889B,PrepareEffect__13CSoundManagerFUl,accepted_x86_correlation,gap,0x0045B3F0,high,src/Platform/Windows/Mixed/Engine/MEDIA/VSSOUND.CPP,effect resource load and backend instance creation
CODE_02_Visos (Generic).bin,0x00018902,PlayEffect__13CSoundManagerFUl,accepted_x86_correlation,gap,0x0045B460,high,src/Platform/Windows/Mixed/Engine/MEDIA/VSSOUND.CPP,effect playback with backend master volume
CODE_02_Visos (Generic).bin,0x00018955,PlayEffect__13CSoundManagerFUlUc,accepted_x86_correlation,gap,0x0045B490,high,src/Platform/Windows/Mixed/Engine/MEDIA/VSSOUND.CPP,effect playback with explicit volume
CODE_02_Visos (Generic).bin,0x000189A0,FreeEffect__13CSoundManagerFUl,accepted_x86_correlation,gap,0x0045B4F0,high,src/Platform/Windows/Mixed/Engine/MEDIA/VSSOUND.CPP,active effect backend free slot
CODE_02_Visos (Generic).bin,0x00018A3C,SetVolumes__13CSoundManagerFii,accepted_x86_correlation,gap,0x0045B510,high,src/Platform/Windows/Mixed/Engine/MEDIA/VSSOUND.CPP,music and effect volume dispatch
CODE_02_Visos (Generic).bin,0x00018A85,GetEffectVolume__13CSoundManagerFv,accepted_x86_correlation,gap,0x0045B560,high,src/Platform/Windows/Mixed/Engine/MEDIA/VSSOUND.CPP,effect backend master-volume query
CODE_02_Visos (Generic).bin,0x00018AC9,SetEffectsWnd__13CSoundManagerFP4CWnd,accepted_x86_correlation,gap,0x0045B580,high,src/Platform/Windows/Mixed/Engine/MEDIA/VSSOUND.CPP,effect backend context forwarding
CODE_02_Visos (Generic).bin,0x00018B19,SetMusicWnd__13CSoundManagerFP4CWnd,accepted_x86_correlation,gap,0x0045B5A0,high,src/Platform/Windows/Mixed/Engine/MEDIA/VSSOUND.CPP,music backend context forwarding
CODE_02_Visos (Generic).bin,0x00018B56,UseMusicCD__13CSoundManagerFUc,accepted_x86_correlation,gap,0x0045B5F0,high,src/Platform/Windows/Mixed/Engine/MEDIA/VSSOUND.CPP,music-control mode flag update
CODE_02_Visos (Generic).bin,0x00018BB4,_STAT_Init__Fv,genuinely_missing_or_unresolved,gap,,unresolved,,no accepted address and no exact scoped spelling in current source
CODE_02_Visos (Generic).bin,0x00018C08,_STAT_Quit__Fv,genuinely_missing_or_unresolved,gap,,unresolved,,no accepted address and no exact scoped spelling in current source
CODE_02_Visos (Generic).bin,0x00018C5A,__ct__12CStatManagerFi,genuinely_missing_or_unresolved,gap,,unresolved,,no accepted address and no exact scoped spelling in current source
CODE_02_Visos (Generic).bin,0x00018CE6,__dt__12CStatManagerFv,genuinely_missing_or_unresolved,gap,,unresolved,,no accepted address and no exact scoped spelling in current source
CODE_02_Visos (Generic).bin,0x00018D29,Register__12CStatManagerFP9CBaseStat,genuinely_missing_or_unresolved,gap,,unresolved,,no accepted address and no exact scoped spelling in current source
CODE_02_Visos (Generic).bin,0x00018DCD,StreamOut__12CStatManagerFR10CVSOStream,genuinely_missing_or_unresolved,gap,,unresolved,,no accepted address and no exact scoped spelling in current source
CODE_02_Visos (Generic).bin,0x00018E48,__ct__9CBaseStatFPc,genuinely_missing_or_unresolved,gap,,unresolved,,no accepted address and no exact scoped spelling in current source
CODE_02_Visos (Generic).bin,0x00018E9C,__dt__9CBaseStatFv,genuinely_missing_or_unresolved,gap,,unresolved,,no accepted address and no exact scoped spelling in current source
CODE_02_Visos (Generic).bin,0x00018EFC,Update__9CBaseStatFUl,genuinely_missing_or_unresolved,gap,,unresolved,,no accepted address and no exact scoped spelling in current source
CODE_02_Visos (Generic).bin,0x0001906F,StreamOut__9CBaseStatFR10CVSOStream,genuinely_missing_or_unresolved,gap,,unresolved,,no accepted address and no exact scoped spelling in current source
CODE_02_Visos (Generic).bin,0x00019118,__ct__6VSTrigFv,genuinely_missing_or_unresolved,gap,,unresolved,,no accepted address and no exact scoped spelling in current source
CODE_06_AI.bin,0x00000048,__ct__17CGameStateMessageFv,genuinely_missing_or_unresolved,gap,,unresolved,,no accepted address and no exact scoped spelling in current source
CODE_06_AI.bin,0x000000B2,AddData__17CGameStateMessageFv,genuinely_missing_or_unresolved,gap,,unresolved,,no accepted address and no exact scoped spelling in current source
CODE_06_AI.bin,0x00000118,GetData__17CGameStateMessageFv,genuinely_missing_or_unresolved,gap,,unresolved,,no accepted address and no exact scoped spelling in current source
CODE_06_AI.bin,0x00000270,__ct__3CAIFP5CGame,accepted_x86_correlation,gap,0x00410C10,unresolved,src/Platform/Windows/Mixed/Level/RUN/LEVELRUN.CPP,"accepted mapping in data/macintosh-x86-correlations.csv; exact trailer offset; constructs bases and owner +0x154, allocates the 100-entry table, then calls Restart"
CODE_06_AI.bin,0x00000C38,Restart__3CAIFv,accepted_x86_correlation,gap,0x00410D00,unresolved,src/Control/CGame.cpp,accepted mapping in data/macintosh-x86-correlations.csv; exact trailer offset; resets clocks and registries and constructs every manager at +0x158..+0x1CC
CODE_06_AI.bin,0x00000CEE,OnLoaded__3CAIFv,genuinely_missing_or_unresolved,gap,,unresolved,,no accepted address and no exact scoped spelling in current source
CODE_06_AI.bin,0x00001160,__dt__3CAIFv,accepted_x86_correlation,gap,0x004117A0,unresolved,src/Control/CGame.cpp,accepted mapping in data/macintosh-x86-correlations.csv; exact trailer offset; real non-deleting teardown unregisters and destroys every manager and owned table
CODE_06_AI.bin,0x000011DC,Start__3CAIFv,accepted_x86_correlation,gap,0x00411B10,unresolved,src/Control/CGame.cpp,accepted mapping in data/macintosh-x86-correlations.csv; exact trailer offset; initializes network/demo session timing and requests initial state
CODE_06_AI.bin,0x0000129F,SendGameState__3CAIF11eGameStates16eGameStateStages,accepted_x86_correlation,gap,0x00411B70,unresolved,src/Control/CGame.cpp,accepted mapping in data/macintosh-x86-correlations.csv; exact trailer offset; writes state/stage plus time and score to the network stream
CODE_06_AI.bin,0x0000153D,RemoteGameState__3CAIFP17CGameStateMessage,accepted_x86_correlation,gap,0x00411C10,unresolved,src/Control/CGame.cpp,accepted mapping in data/macintosh-x86-correlations.csv; exact trailer offset; decodes and acknowledges received state/stage messages
CODE_06_AI.bin,0x000016B8,GameState__3CAIF11eGameStatus,accepted_x86_correlation,gap,0x00411F20,unresolved,src/Control/CGame.cpp,accepted mapping in data/macintosh-x86-correlations.csv; exact trailer offset; maps local game statuses to the network/offline state machine
CODE_06_AI.bin,0x0000175A,SetPlayerIDs__3CAIFv,accepted_x86_correlation,gap,0x00412080,unresolved,src/Platform/Windows/Mixed/Level/RUN/LEVELRUN.CPP,accepted mapping in data/macintosh-x86-correlations.csv; exact trailer offset; assigns free slot ids to two four-player arrays by network side
CODE_06_AI.bin,0x00001896,DecideAnimsRequired__3CAIFv,accepted_x86_correlation,gap,0x00412100,unresolved,src/Platform/Windows/Mixed/Level/ENTITY/LVCHFLAGS.CPP,accepted mapping in data/macintosh-x86-correlations.csv; exact trailer offset; derives enabled chunk types from entities and managers
CODE_06_AI.bin,0x000018C8,AddTime__3CAIFi,accepted_x86_correlation,gap,0x004121E0,unresolved,src/Platform/Windows/Mixed/Level/VTABLE/LEVELVT.CPP,accepted mapping in data/macintosh-x86-correlations.csv; exact trailer offset; adds the integer argument to CAI field +0xE8
CODE_06_AI.bin,0x00001B74,Process__3CAIFUc,accepted_x86_correlation,gap,0x004121F0,unresolved,src/Control/CGame.cpp,"accepted mapping in data/macintosh-x86-correlations.csv; exact trailer offset; services one frame using its byte mode, clock, state, managers, and stream"
CODE_06_AI.bin,0x00001C3C,GetData__3CAIFP9CViewData,accepted_x86_correlation,gap,0x004124D0,unresolved,src/Platform/Windows/Mixed/Level/RUN/LEVELRUN.CPP,accepted mapping in data/macintosh-x86-correlations.csv; exact trailer offset; emits sequential 0x4C-byte view records and returns the count
CODE_06_AI.bin,0x00001C77,HitTrampoline__3CAIFRC7AICOORDP11CGameObject,accepted_x86_correlation,gap,0x004125C0,unresolved,src/Platform/Windows/Mixed/Level/RUN/LEVELRUN.CPP,accepted mapping in data/macintosh-x86-correlations.csv; exact trailer offset; forwards AICOORD and CGameObject to manager +0x1B4
CODE_06_AI.bin,0x00001CC1,IsLemmingPlayerControlled__3CAIFP14CPlayerLemming,accepted_x86_correlation,gap,0x004125E0,unresolved,src/Platform/Windows/Mixed/Level/RUN/LEVELRUN.CPP,accepted mapping in data/macintosh-x86-correlations.csv; exact trailer offset; queries player-lemming manager +0x15C for the supplied object
CODE_06_AI.bin,0x00001D59,FireBullet__3CAIFUs11eBulletType6eOwneri7AICOORD7AICOORD,accepted_x86_correlation,gap,0x00412600,unresolved,src/Platform/Windows/Mixed/Level/RUN/LEVELRUN.CPP,accepted mapping in data/macintosh-x86-correlations.csv; exact trailer offset; copies two AICOORDs and forwards bullet type owner and id to manager +0x168
CODE_06_AI.bin,0x00001E8A,ProcessMsg__3CAIFP10tagMESSAGE,accepted_x86_correlation,gap,0x00412660,unresolved,src/Platform/Windows/Mixed/Level/RUN/LEVELRUN.CPP,accepted mapping in data/macintosh-x86-correlations.csv; exact trailer offset; dispatches tagMESSAGE ids 2..8 to move clear door previous next and select actions
CODE_06_AI.bin,0x00001ED1,PlayerCheckGroupIntersection__3CAIFP7CVSRectP7AICOORD,accepted_x86_correlation,gap,0x00412780,unresolved,src/Platform/Windows/Mixed/Level/RUN/LEVELRUN.CPP,accepted mapping in data/macintosh-x86-correlations.csv; exact trailer offset; forwards rect/output through player manager +0x15C vslot 0x50
CODE_06_AI.bin,0x00001F2F,EnemyCheckGroupIntersection__3CAIFP7CVSRectP7AICOORD,accepted_x86_correlation,gap,0x004127A0,unresolved,src/Platform/Windows/Mixed/Level/RUN/LEVELRUN.CPP,accepted mapping in data/macintosh-x86-correlations.csv; exact trailer offset; forwards rect/output through enemy manager +0x174 vslot 0x50
CODE_06_AI.bin,0x00001F8B,SheepCheckGroupIntersection__3CAIFP7CVSRectP7AICOORD,accepted_x86_correlation,gap,0x004127C0,unresolved,src/Platform/Windows/Mixed/Level/RUN/LEVELRUN.CPP,accepted mapping in data/macintosh-x86-correlations.csv; exact trailer offset; forwards rect/output through sheep manager +0x170 vslot 0x50
CODE_06_AI.bin,0x00001FE1,BulletCheckGroupIntersection__3CAIFP7CVSRectP7AICOORD,accepted_x86_correlation,gap,0x004127E0,unresolved,src/Platform/Windows/Mixed/Level/RUN/LEVELRUN.CPP,accepted mapping in data/macintosh-x86-correlations.csv; exact trailer offset; forwards rect/output through projectile manager +0x168 vslot 0x50
CODE_06_AI.bin,0x00002255,StepOn__3CAIFRC7AICOORDP11CGameObjectUs,accepted_x86_correlation,gap,0x00412890,unresolved,src/Platform/Windows/Mixed/Level/RUN/LEVELRUN.CPP,accepted mapping in data/macintosh-x86-correlations.csv; exact trailer offset; samples terrain then dispatches mine lift rock hand laser ice and invisible contacts by mask
CODE_06_AI.bin,0x00002307,OpenDoor__3CAIFRC7AICOORDP11CGameObjectUs,accepted_x86_correlation,gap,0x00412AD0,unresolved,src/Platform/Windows/Mixed/Level/RUN/LEVELRUN.CPP,accepted mapping in data/macintosh-x86-correlations.csv; exact trailer offset; tests blocking tile 0x8000 and mask 0x20 then forwards to door manager +0x190
CODE_06_AI.bin,0x00002374,GetNodePosition__3CAIFi,accepted_x86_correlation,gap,0x00412B60,unresolved,src/AI/LVNODE.CPP,accepted mapping in data/macintosh-x86-correlations.csv; exact trailer offset; indexed node query returns a three-dword AICOORD through the hidden aggregate pointer
CODE_06_AI.bin,0x000023F0,AddData__3CAIFv,genuinely_missing_or_unresolved,gap,,unresolved,,no accepted address and no exact scoped spelling in current source
CODE_06_AI.bin,0x0000245E,GetData__3CAIFv,genuinely_missing_or_unresolved,gap,,unresolved,,no accepted address and no exact scoped spelling in current source
CODE_06_AI.bin,0x00002486,LemmingsSFXChanged__3CAIFv,genuinely_missing_or_unresolved,gap,,unresolved,,no accepted address and no exact scoped spelling in current source
CODE_06_AI.bin,0x000024D4,QuitGame__3CAIFv,accepted_x86_correlation,gap,0x00412C60,unresolved,src/Platform/Windows/Mixed/Level/STATE/LVQUIT.CPP,"accepted mapping in data/macintosh-x86-correlations.csv; exact trailer offset; clears end latch, writes status 5, and requests game state 5"
CODE_06_AI.bin,0x000025A9,SwitchMessage__3CAIF9swMessageiii,accepted_x86_correlation,gap,0x00412C80,unresolved,src/Platform/Windows/Mixed/Level/RUN/LEVELRUN.CPP,accepted mapping in data/macintosh-x86-correlations.csv; exact trailer offset; dispatches message kind plus three ints to lift door move and ice managers
CODE_06_AI.bin,0x0000262E,GetPlayerPos__3CAIFiR7AICOORD,accepted_x86_correlation,gap,0x00412DC0,unresolved,src/AI/LVPOSCOPY.CPP,accepted mapping in data/macintosh-x86-correlations.csv; exact trailer offset; finds player by 16-bit id and copies x y z fields into AICOORD
CODE_06_AI.bin,0x0000266E,GetOrigin__3CAIFR7AICOORDRUc,accepted_x86_correlation,gap,0x00412E20,unresolved,src/AI/LVPOSCOPY.CPP,accepted mapping in data/macintosh-x86-correlations.csv; exact trailer offset; fills coordinate and status outputs from the active player manager
CODE_06_AI.bin,0x0000270C,AddNewTrapDoor__3CAIFiiiUl,accepted_x86_correlation,gap,0x00412EB0,unresolved,src/Platform/Windows/Mixed/Level/RUN/LEVELRUN.CPP,"accepted mapping in data/macintosh-x86-correlations.csv; exact trailer offset; shifts three coordinates by 12, allocates an id, and appends type 0x18"
CODE_06_AI.bin,0x0000273C,LevelName__3CAIFv,genuinely_missing_or_unresolved,gap,,unresolved,,no accepted address and no exact scoped spelling in current source
CODE_06_AI.bin,0x00002800,LoadLevel__3CAIFPUciUc,accepted_x86_correlation,gap,0x00412F10,unresolved,src/Platform/Windows/Mixed/Level/RUN/LEVELRUN.CPP,"accepted mapping in data/macintosh-x86-correlations.csv; exact trailer offset; decodes AI version, dimensions, time, and player-count fields from buffer"
CODE_06_AI.bin,0x0000287E,FixUpLevel__3CAIFv,accepted_x86_correlation,gap,0x00412FB0,unresolved,src/Platform/Windows/Mixed/Level/RUN/LEVELRUN.CPP,accepted mapping in data/macintosh-x86-correlations.csv; exact trailer offset; post-load pass assigns missing 0xFFFF entity ids and fixes type 0x14 children
CODE_06_AI.bin,0x000028AE,DoorId__3CAIFi,accepted_x86_correlation,gap,0x00413000,unresolved,src/Platform/Windows/Mixed/Level/ENTITY/LVMODESLOT.CPP,accepted mapping in data/macintosh-x86-correlations.csv; exact trailer offset; indexed id query through door manager +0x190
CODE_06_AI.bin,0x000028DA,LiftId__3CAIFi,accepted_x86_correlation,gap,0x00413020,unresolved,src/Platform/Windows/Mixed/Level/RUN/LEVELRUN.CPP,accepted mapping in data/macintosh-x86-correlations.csv; exact trailer offset; indexed id query through lift manager +0x18C
CODE_06_AI.bin,0x00002902,GetDead__3CAIFv,accepted_x86_correlation,gap,0x00413040,unresolved,src/Platform/Windows/Mixed/Level/RUN/LEVELRUN.CPP,accepted mapping in data/macintosh-x86-correlations.csv; exact trailer offset; destructive no-argument read from player-lemming history
CODE_06_AI.bin,0x0000291F,GetObjectRequired__3CAIF11eObjectType,accepted_x86_correlation,gap,0x00413090,unresolved,src/Platform/Windows/Mixed/Level/STATE/LEVELSTAT.CPP,accepted mapping in data/macintosh-x86-correlations.csv; exact trailer offset; constant-true object-type query paired with the adjacent setter
CODE_06_AI.bin,0x0000297B,SetObjectRequired__3CAIF11eObjectTypeUc,accepted_x86_correlation,gap,0x004130A0,unresolved,src/Platform/Windows/Mixed/Level/ENTITY/LVCHFLAGS.CPP,accepted mapping in data/macintosh-x86-correlations.csv; exact trailer offset; writes flags[type] for the enum and byte value except special types 0x211..0x212
CODE_06_AI.bin,0x000029C8,FindMoverHeight__3CAIFiiRi,accepted_x86_correlation,gap,0x004130D0,unresolved,src/Platform/Windows/Mixed/Level/VTABLE/LEVELVT.CPP,accepted mapping in data/macintosh-x86-correlations.csv; exact trailer offset; forwards two coordinates and output reference to move manager +0x1C0
CODE_06_AI.bin,0x000029F8,NLemmings__3CAIFi,genuinely_missing_or_unresolved,gap,,unresolved,,no accepted address and no exact scoped spelling in current source
CODE_06_AI.bin,0x00002A36,AddANetworkStart__3CAIFiiii,accepted_x86_correlation,gap,0x00413180,unresolved,src/Platform/Windows/Mixed/Level/ENTITY/LVMODESLOT.CPP,accepted mapping in data/macintosh-x86-correlations.csv; exact trailer offset; stores indexed x y z into parallel arrays +0x90 +0xA0 +0xB0
CODE_06_AI.bin,0x00002AE8,SetNetworkTrapDoors__3CAIFiiiii,accepted_x86_correlation,gap,0x004131E0,unresolved,src/Platform/Windows/Mixed/Level/RUN/LEVELRUN.CPP,accepted mapping in data/macintosh-x86-correlations.csv; exact trailer offset; stores network profile ranges and clamps marker arrays to 0..0x400
CODE_06_AI.bin,0x00002BA8,LoadFlagInfo__3CAIFPUci,accepted_x86_correlation,gap,0x00413300,unresolved,src/Platform/Windows/Mixed/Level/RUN/LEVELRUN.CPP,accepted mapping in data/macintosh-x86-correlations.csv; exact trailer offset; decodes two flag/team words and swaps them according to game/network mode
CODE_06_AI.bin,0x00002BD6,nDead__3CAIFv,accepted_x86_correlation,gap,0x00413370,unresolved,src/Platform/Windows/Mixed/Level/VTABLE/LEVELVT.CPP,accepted mapping in data/macintosh-x86-correlations.csv; exact trailer offset; non-destructive no-argument player history count paired with GetDead
CODE_06_AI.bin,0x00002C0C,Score__3CAIFi,accepted_x86_correlation,gap,0x00413390,unresolved,src/Platform/Windows/Mixed/Level/VTABLE/LEVELVT.CPP,accepted mapping in data/macintosh-x86-correlations.csv; exact trailer offset; adds to score +0xF0 and clamps at distinctive 9999999
CODE_06_AI.bin,0x00002C48,AnimSpCmp__FPCvPCv,genuinely_missing_or_unresolved,gap,,unresolved,,no accepted address and no exact scoped spelling in current source
CODE_06_AI.bin,0x00002EE9,Initialise__12CAnimSpecialFP4CMap,genuinely_missing_or_unresolved,gap,,unresolved,,no accepted address and no exact scoped spelling in current source
CODE_06_AI.bin,0x00002FE2,__ct__12CBalloonPostFP3CAI,accepted_x86_correlation,gap,0x00429F50,high,src/Platform/Windows/Mixed/Engine/CORE/LINKSCF.CPP;src/Platform/Windows/Mixed/Level/RUN/LEVELRUN.CPP,accepted mapping in data/macintosh-x86-correlations.csv; exact trailer offset; initializes four post positions and allocates four typed balloon objects
CODE_06_AI.bin,0x00003056,Restart__12CBalloonPostFv,accepted_x86_correlation,gap,0x0042A030,high,src/Platform/Windows/Mixed/Engine/CORE/LINKSCF.CPP;src/Platform/Windows/Mixed/Level/RUN/LEVELRUN.CPP,accepted mapping in data/macintosh-x86-correlations.csv; exact trailer offset; clears active mask and restarts all four owned balloon objects
CODE_06_AI.bin,0x00003112,__dt__12CBalloonPostFv,accepted_x86_correlation,gap,0x0042A070,high,src/Platform/Windows/Mixed/Engine/CORE/LINKSCF.CPP;src/Platform/Windows/Mixed/Level/RUN/LEVELRUN.CPP,accepted mapping in data/macintosh-x86-correlations.csv; exact trailer offset; deletes the four owned balloon objects
CODE_06_AI.bin,0x000031CB,FindPost__12CBalloonPostF11eObjectTypeR7AICOORD,accepted_x86_correlation,gap,0x0042A0B0,high,src/Platform/Windows/Mixed/Engine/CORE/LINKSCF.CPP;src/Platform/Windows/Mixed/Level/RUN/LEVELRUN.CPP,accepted mapping in data/macintosh-x86-correlations.csv; exact trailer offset; selects typed post copies its coordinate and returns active mask bit
CODE_06_AI.bin,0x0000336A,Process__12CBalloonPostFv,accepted_x86_correlation,gap,0x0042A170,high,src/Platform/Windows/Mixed/Engine/CORE/LINKSCF.CPP;src/Platform/Windows/Mixed/Level/RUN/LEVELRUN.CPP,accepted mapping in data/macintosh-x86-correlations.csv; exact trailer offset; samples terrain height for each active post and updates child coordinates
CODE_06_AI.bin,0x0000345B,GetViewData__12CBalloonPostFP9CViewData,accepted_x86_correlation,gap,0x0042A320,high,src/Platform/Windows/Mixed/Engine/CORE/LINKSCF.CPP;src/Platform/Windows/Mixed/Level/RUN/LEVELRUN.CPP,accepted mapping in data/macintosh-x86-correlations.csv; exact trailer offset; emits one child view record per active post bit
CODE_06_AI.bin,0x000035C7,LoadLevel__12CBalloonPostFPUciUc,accepted_x86_correlation,gap,0x0042A4E0,high,src/Platform/Windows/Mixed/Engine/CORE/LINKSCF.CPP;src/Platform/Windows/Mixed/Level/RUN/LEVELRUN.CPP,accepted mapping in data/macintosh-x86-correlations.csv; exact trailer offset; loads active mask and four fixed-point post coordinates
CODE_06_AI.bin,0x0000361F,__ct__15CTheBalloonPostF11eObjectTypeUc,genuinely_missing_or_unresolved,gap,,unresolved,,no accepted address and no exact scoped spelling in current source
CODE_06_AI.bin,0x00003696,__ct__5CBallFv,accepted_x86_correlation,gap,0x00421660,high,src/Platform/Windows/Mixed/Level/VTABLE/LEVELVT.CPP;src/Platform/Windows/Mixed/Level/RUN/LEVELRUN.CPP,accepted mapping in data/macintosh-x86-correlations.csv; exact trailer offset; constructs 0x13c CBall on managed-entity base type 9 and installs CBall vtable
CODE_06_AI.bin,0x000036DC,Restart__5CBallFv,accepted_x86_correlation,gap,0x00421690,high,src/Platform/Windows/Mixed/Level/VTABLE/LEVELVT.CPP;src/Platform/Windows/Mixed/Level/RUN/LEVELRUN.CPP,accepted mapping in data/macintosh-x86-correlations.csv; exact trailer offset; restarts managed-entity base then restores state 0x25 and default speed
CODE_06_AI.bin,0x000037A0,Set__5CBallF7AICOORD7AICOORDi,accepted_x86_correlation,gap,0x004216C0,high,src/Platform/Windows/Mixed/Level/VTABLE/LEVELVT.CPP;src/Platform/Windows/Mixed/Level/RUN/LEVELRUN.CPP,"accepted mapping in data/macintosh-x86-correlations.csv; exact trailer offset; stores current and endpoint AICOORD values, state, speed and direction"
CODE_06_AI.bin,0x0000390A,StartMovement__5CBallFUc,accepted_x86_correlation,gap,0x00421770,high,src/Platform/Windows/Mixed/Level/VTABLE/LEVELVT.CPP;src/Platform/Windows/Mixed/Level/RUN/LEVELRUN.CPP,accepted mapping in data/macintosh-x86-correlations.csv; exact trailer offset; arms selected endpoint segment from fixed-point coordinates and speed
CODE_06_AI.bin,0x00003A86,Move__5CBallFv,accepted_x86_correlation,gap,0x00421870,high,src/Platform/Windows/Mixed/Level/VTABLE/LEVELVT.CPP;src/Platform/Windows/Mixed/Level/RUN/LEVELRUN.CPP,"accepted mapping in data/macintosh-x86-correlations.csv; exact trailer offset; advances segment, samples terrain and resolves managed-entity collisions"
CODE_06_AI.bin,0x00003AB0,HitBullet__5CBallFP7CBullet,accepted_x86_correlation,gap,0x00421AA0,high,src/Platform/Windows/Mixed/Level/VTABLE/LEVELVT.CPP;src/Platform/Windows/Mixed/Level/RUN/LEVELRUN.CPP,accepted mapping in data/macintosh-x86-correlations.csv; exact trailer offset; dispatches CBall vtable slot 0xc8 for bullet interaction
CODE_06_AI.bin,0x00003B12,Delete__5CBallFv,accepted_x86_correlation,gap,0x00421AB0,high,src/Platform/Windows/Mixed/Level/VTABLE/LEVELVT.CPP;src/Platform/Windows/Mixed/Level/RUN/LEVELRUN.CPP,accepted mapping in data/macintosh-x86-correlations.csv; exact trailer offset; removes CBall from level and manager active lists then clears slot id
CODE_06_AI.bin,0x00003B74,SetHeightCorrect__5CBallFv,accepted_x86_correlation,gap,0x00421B40,high,src/Platform/Windows/Mixed/Level/VTABLE/LEVELVT.CPP;src/Platform/Windows/Mixed/Level/RUN/LEVELRUN.CPP,accepted mapping in data/macintosh-x86-correlations.csv; exact trailer offset; samples CMap terrain height and stores fixed-point Z
CODE_06_AI.bin,0x00003D42,Process__5CBallFv,accepted_x86_correlation,gap,0x00421BC0,high,src/Platform/Windows/Mixed/Level/VTABLE/LEVELVT.CPP;src/Platform/Windows/Mixed/Level/RUN/LEVELRUN.CPP,accepted mapping in data/macintosh-x86-correlations.csv; exact trailer offset; runs CBall state machine and updates managed-entity bounds
CODE_06_AI.bin,0x00003EDC,LoadLevel__5CBallFRPUc,accepted_x86_correlation,gap,0x00421DA0,high,src/Platform/Windows/Mixed/Level/VTABLE/LEVELVT.CPP;src/Platform/Windows/Mixed/Level/RUN/LEVELRUN.CPP,accepted mapping in data/macintosh-x86-correlations.csv; exact trailer offset; consumes BALL payload by pointer reference then calls Set
CODE_06_AI.bin,0x00003F16,__ct__12CBallManagerFP3CAIi,accepted_x86_correlation,gap,0x00421EA0,high,src/Platform/Windows/Mixed/Level/RUN/LEVELRUN.CPP,"accepted mapping in data/macintosh-x86-correlations.csv; exact trailer offset; constructs manager with CAI owner, null pointer array, capacity and published global"
CODE_06_AI.bin,0x00003F70,Restart__12CBallManagerFv,accepted_x86_correlation,gap,0x00421EC0,high,src/Platform/Windows/Mixed/Level/RUN/LEVELRUN.CPP,accepted mapping in data/macintosh-x86-correlations.csv; exact trailer offset; iterates capacity and invokes each CBall Restart through vtable slot 0x104
CODE_06_AI.bin,0x00004014,Initialise__12CBallManagerFi,accepted_x86_correlation,gap,0x00421EF0,high,src/Platform/Windows/Mixed/Level/RUN/LEVELRUN.CPP,accepted mapping in data/macintosh-x86-correlations.csv; exact trailer offset; allocates pointer array and capacity CBall objects of Windows size 0x13c
CODE_06_AI.bin,0x000040A4,__dt__12CBallManagerFv,accepted_x86_correlation,gap,0x00421F80,high,src/Platform/Windows/Mixed/Level/RUN/LEVELRUN.CPP,accepted mapping in data/macintosh-x86-correlations.csv; exact trailer offset; deletes every allocated CBall then frees pointer array
CODE_06_AI.bin,0x000040F6,Process__12CBallManagerFv,accepted_x86_correlation,gap,0x00421FC0,high,src/Platform/Windows/Mixed/Level/RUN/LEVELRUNWindowsPhysicalSegments1.h,accepted mapping in data/macintosh-x86-correlations.csv; exact trailer offset; processes active prefix through CBall vtable slot 0x14 and returns true
CODE_06_AI.bin,0x0000416E,Delete__12CBallManagerFP5CBall,accepted_x86_correlation,gap,0x00421FF0,high,src/Platform/Windows/Mixed/Level/RUN/LEVELRUN.CPP,accepted mapping in data/macintosh-x86-correlations.csv; exact trailer offset; removes matching CBall from active prefix and compacts pointers
CODE_06_AI.bin,0x000041EB,LoadLevel__12CBallManagerFPUciUc,accepted_x86_correlation,gap,0x00422060,high,src/Platform/Windows/Mixed/Level/RUN/LEVELRUN.CPP,accepted mapping in data/macintosh-x86-correlations.csv; exact trailer offset; initialises count from BALL payload then loads each active CBall
CODE_06_AI.bin,0x000042CF,Add__18CBaseObjectManagerFP15CNetworkMessage,genuinely_missing_or_unresolved,gap,,unresolved,,no accepted address and no exact scoped spelling in current source
CODE_06_AI.bin,0x00004306,AddData__18CBaseObjectManagerFv,genuinely_missing_or_unresolved,gap,,unresolved,,no accepted address and no exact scoped spelling in current source
CODE_06_AI.bin,0x0000446D,ProcessNetwork__18CBaseObjectManagerFv,genuinely_missing_or_unresolved,gap,,unresolved,,no accepted address and no exact scoped spelling in current source
CODE_06_AI.bin,0x00004550,GetData__18CBaseObjectManagerFv,genuinely_missing_or_unresolved,gap,,unresolved,,no accepted address and no exact scoped spelling in current source
CODE_06_AI.bin,0x00004656,__ct__7CBulletFv,accepted_x86_correlation,gap,0x0041A510,high,src/Platform/Windows/Mixed/Level/VTABLE/LEVELVT.CPP;src/Platform/Windows/Mixed/Engine/CORE/LINKSCF.CPP,accepted mapping in data/macintosh-x86-correlations.csv; exact trailer offset; constructs managed-entity bullet with embedded network stream and 0x1a4 Windows layout
CODE_06_AI.bin,0x0000468E,Restart__7CBulletFv,accepted_x86_correlation,gap,0x0041A5A0,high,src/Platform/Windows/Mixed/Level/VTABLE/LEVELVT.CPP;src/Platform/Windows/Mixed/Engine/CORE/LINKSCF.CPP,"accepted mapping in data/macintosh-x86-correlations.csv; exact trailer offset; restarts base, clears active flag and sets inactive state 8"
CODE_06_AI.bin,0x00004765,Set__7CBulletFUs11eBulletType6eOwneri7AICOORD7AICOORD,accepted_x86_correlation,gap,0x0041A5C0,high,src/Platform/Windows/Mixed/Level/VTABLE/LEVELVT.CPP;src/Platform/Windows/Mixed/Engine/CORE/LINKSCF.CPP,"accepted mapping in data/macintosh-x86-correlations.csv; exact trailer offset; stores slot/type/owner/start/end coordinates, terrain height and direction"
CODE_06_AI.bin,0x0000481E,TriggerBullet__7CBulletFv,accepted_x86_correlation,gap,0x0041A6D0,high,src/Platform/Windows/Mixed/Level/VTABLE/LEVELVT.CPP;src/Platform/Windows/Mixed/Engine/CORE/LINKSCF.CPP,accepted mapping in data/macintosh-x86-correlations.csv; exact trailer offset; initializes fixed-point segment interpolator and arms projectile state
CODE_06_AI.bin,0x00004880,FireBullet__7CBulletFv,accepted_x86_correlation,gap,0x0041A760,high,src/Platform/Windows/Mixed/Level/VTABLE/LEVELVT.CPP;src/Platform/Windows/Mixed/Engine/CORE/LINKSCF.CPP,"accepted mapping in data/macintosh-x86-correlations.csv; exact trailer offset; records start tick, triggers path and publishes network payload"
CODE_06_AI.bin,0x00004B0A,Process__7CBulletFv,accepted_x86_correlation,gap,0x0041A7A0,high,src/Platform/Windows/Mixed/Level/VTABLE/LEVELVT.CPP;src/Platform/Windows/Mixed/Engine/CORE/LINKSCF.CPP,"accepted mapping in data/macintosh-x86-correlations.csv; exact trailer offset; advances segment, checks terrain and entities, and updates bullet position"
CODE_06_AI.bin,0x00004C38,AddData__7CBulletFv,accepted_x86_correlation,gap,0x0041AAA0,high,src/Platform/Windows/Mixed/Level/VTABLE/LEVELVT.CPP;src/Platform/Windows/Mixed/Engine/CORE/LINKSCF.CPP,accepted mapping in data/macintosh-x86-correlations.csv; exact trailer offset; serializes bullet network payload in big-endian stream fields
CODE_06_AI.bin,0x00004DA8,GetData__7CBulletFv,accepted_x86_correlation,gap,0x0041AB80,high,src/Platform/Windows/Mixed/Level/VTABLE/LEVELVT.CPP;src/Platform/Windows/Mixed/Engine/CORE/LINKSCF.CPP,accepted mapping in data/macintosh-x86-correlations.csv; exact trailer offset; deserializes bullet network payload and activates remote state
CODE_06_AI.bin,0x00004E00,Free__7CBulletFv,accepted_x86_correlation,gap,0x0041AC70,high,src/Platform/Windows/Mixed/Level/VTABLE/LEVELVT.CPP;src/Platform/Windows/Mixed/Engine/CORE/LINKSCF.CPP,accepted mapping in data/macintosh-x86-correlations.csv; exact trailer offset; clears active and remote flags and returns bullet to inactive state
CODE_06_AI.bin,0x00004E89,Receive__7CBulletFUsP15CNetworkMessage,accepted_x86_correlation,gap,0x0041ACA0,high,src/Platform/Windows/Mixed/Level/VTABLE/LEVELVT.CPP;src/Platform/Windows/Mixed/Engine/CORE/LINKSCF.CPP,accepted mapping in data/macintosh-x86-correlations.csv; exact trailer offset; dispatches bullet packet type 0x2b and delegates other messages
CODE_06_AI.bin,0x00004FA6,__ct__14CBulletManagerFv,accepted_x86_correlation,gap,0x00417D80,high,src/Platform/Windows/Mixed/Level/VTABLE/LEVELVT.CPP;src/Platform/Windows/Mixed/Engine/CORE/LINKSCF.CPP,accepted mapping in data/macintosh-x86-correlations.csv; exact trailer offset; constructs stream-backed 40-object projectile pool with 0x1a4 stride and slot ownership
CODE_06_AI.bin,0x0000500E,Restart__14CBulletManagerFv,accepted_x86_correlation,gap,0x00417E80,high,src/Platform/Windows/Mixed/Level/VTABLE/LEVELVT.CPP;src/Platform/Windows/Mixed/Engine/CORE/LINKSCF.CPP,accepted mapping in data/macintosh-x86-correlations.csv; exact trailer offset; clears active iteration fields and restarts all forty pooled bullets
CODE_06_AI.bin,0x00005084,__dt__14CBulletManagerFv,accepted_x86_correlation,gap,0x00417EC0,high,src/Platform/Windows/Mixed/Level/VTABLE/LEVELVT.CPP;src/Platform/Windows/Mixed/Engine/CORE/LINKSCF.CPP,accepted mapping in data/macintosh-x86-correlations.csv; exact trailer offset; destroys owned bullet array and inherited stream base
CODE_06_AI.bin,0x000050EF,NextFreeBullet__14CBulletManagerFv,accepted_x86_correlation,gap,0x00417EE0,high,src/Platform/Windows/Mixed/Level/VTABLE/LEVELVT.CPP;src/Platform/Windows/Mixed/Engine/CORE/LINKSCF.CPP,accepted mapping in data/macintosh-x86-correlations.csv; exact trailer offset; finds inactive bullet in rotating twenty-slot request window
CODE_06_AI.bin,0x00005129,GetFirstBullet__14CBulletManagerFv,accepted_x86_correlation,gap,0x00417F40,high,src/Platform/Windows/Mixed/Level/VTABLE/LEVELVT.CPP;src/Platform/Windows/Mixed/Engine/CORE/LINKSCF.CPP,accepted mapping in data/macintosh-x86-correlations.csv; exact trailer offset; resets iterator and returns first active bullet
CODE_06_AI.bin,0x00005175,GetNextBullet__14CBulletManagerFv,accepted_x86_correlation,gap,0x00417F50,high,src/Platform/Windows/Mixed/Level/VTABLE/LEVELVT.CPP;src/Platform/Windows/Mixed/Engine/CORE/LINKSCF.CPP,accepted mapping in data/macintosh-x86-correlations.csv; exact trailer offset; advances active bullet iterator with count bound
CODE_06_AI.bin,0x000051B5,RequestRemoteBullet__14CBulletManagerFP7CBullet,accepted_x86_correlation,gap,0x00417F80,high,src/Platform/Windows/Mixed/Level/VTABLE/LEVELVT.CPP;src/Platform/Windows/Mixed/Engine/CORE/LINKSCF.CPP,accepted mapping in data/macintosh-x86-correlations.csv; exact trailer offset; appends remote bullet pointer to active table
CODE_06_AI.bin,0x00005289,RequestBullet__14CBulletManagerFUs11eBulletType6eOwneri7AICOORD7AICOORD,accepted_x86_correlation,gap,0x00417FA0,high,src/Platform/Windows/Mixed/Level/VTABLE/LEVELVT.CPP;src/Platform/Windows/Mixed/Engine/CORE/LINKSCF.CPP,"accepted mapping in data/macintosh-x86-correlations.csv; exact trailer offset; allocates free pooled bullet, sets and fires it"
CODE_06_AI.bin,0x00005322,Process__14CBulletManagerFv,accepted_x86_correlation,gap,0x00418040,high,src/Platform/Windows/Mixed/Level/VTABLE/LEVELVT.CPP;src/Platform/Windows/Mixed/Engine/CORE/LINKSCF.CPP,accepted mapping in data/macintosh-x86-correlations.csv; exact trailer offset; processes active bullets and removes completed ones
CODE_06_AI.bin,0x00005397,RemoveBullet__14CBulletManagerFP7CBullet,accepted_x86_correlation,gap,0x00418080,high,src/Platform/Windows/Mixed/Level/VTABLE/LEVELVT.CPP;src/Platform/Windows/Mixed/Engine/CORE/LINKSCF.CPP,accepted mapping in data/macintosh-x86-correlations.csv; exact trailer offset; deactivates matching bullet and compacts active table
CODE_06_AI.bin,0x00005417,GetViewData__14CBulletManagerFP9CViewData,accepted_x86_correlation,gap,0x004180E0,high,src/Platform/Windows/Mixed/Level/VTABLE/LEVELVT.CPP;src/Platform/Windows/Mixed/Engine/CORE/LINKSCF.CPP,accepted mapping in data/macintosh-x86-correlations.csv; exact trailer offset; emits one view record per active bullet
CODE_06_AI.bin,0x000054E9,CheckGroupIntersection__14CBulletManagerFP7CVSRectP7AICOORD,accepted_x86_correlation,gap,0x00418120,high,src/Platform/Windows/Mixed/Level/VTABLE/LEVELVT.CPP;src/Platform/Windows/Mixed/Engine/CORE/LINKSCF.CPP,accepted mapping in data/macintosh-x86-correlations.csv; exact trailer offset; tests active bullet positions against rectangle and returns AICOORD
CODE_06_AI.bin,0x00005599,__ct__19CCollectableManagerFP3CAIi,accepted_x86_correlation,gap,0x004223C0,high,src/Platform/Windows/Mixed/Engine/CORE/LINKSCF.CPP;src/Platform/Windows/Mixed/Level/VTABLE/LEVELVT.CPP;src/AI/CHUNKOBJVT.CPP,"accepted mapping in data/macintosh-x86-correlations.csv; exact trailer offset; constructs network stream-backed manager and initializes CAI owner, capacity and object array fields"
CODE_06_AI.bin,0x00005605,Restart__19CCollectableManagerFv,accepted_x86_correlation,gap,0x00422420,high,src/Platform/Windows/Mixed/Engine/CORE/LINKSCF.CPP;src/Platform/Windows/Mixed/Level/VTABLE/LEVELVT.CPP;src/AI/CHUNKOBJVT.CPP,accepted mapping in data/macintosh-x86-correlations.csv; exact trailer offset; iterates capacity and invokes each CCollectable Restart through vtable slot 0x104
CODE_06_AI.bin,0x0000567D,Initialise__19CCollectableManagerFi,accepted_x86_correlation,gap,0x00422460,high,src/Platform/Windows/Mixed/Engine/CORE/LINKSCFWindowsPhysicalSegments1.h,accepted mapping in data/macintosh-x86-correlations.csv; exact trailer offset; stores capacity then allocates and zeroes pointer slots
CODE_06_AI.bin,0x00005734,__dt__19CCollectableManagerFv,accepted_x86_correlation,gap,0x004224C0,high,src/Platform/Windows/Mixed/Engine/CORE/LINKSCF.CPP;src/Platform/Windows/Mixed/Level/VTABLE/LEVELVT.CPP;src/AI/CHUNKOBJVT.CPP,"accepted mapping in data/macintosh-x86-correlations.csv; exact trailer offset; deletes collectables, frees pointer table and destroys inherited stream base"
CODE_06_AI.bin,0x00005799,Process__19CCollectableManagerFv,accepted_x86_correlation,gap,0x00422550,high,src/Platform/Windows/Mixed/Engine/CORE/LINKSCF.CPP;src/Platform/Windows/Mixed/Level/VTABLE/LEVELVT.CPP;src/AI/CHUNKOBJVT.CPP,accepted mapping in data/macintosh-x86-correlations.csv; exact trailer offset; marks active collectables and dispatches their Process vtable slot
CODE_06_AI.bin,0x00005921,Add__19CCollectableManagerFUsiii11eObjectType,accepted_x86_correlation,gap,0x00422590,high,src/Platform/Windows/Mixed/Engine/CORE/LINKSCF.CPP;src/Platform/Windows/Mixed/Level/VTABLE/LEVELVT.CPP;src/AI/CHUNKOBJVT.CPP,"accepted mapping in data/macintosh-x86-correlations.csv; exact trailer offset; constructs subtype-specific collectable, assigns slot and appends it"
CODE_06_AI.bin,0x00005AE3,LoadLevel__19CCollectableManagerFPUciUc,accepted_x86_correlation,gap,0x00422790,high,src/Platform/Windows/Mixed/Engine/CORE/LINKSCF.CPP;src/Platform/Windows/Mixed/Level/VTABLE/LEVELVT.CPP;src/AI/CHUNKOBJVT.CPP,"accepted mapping in data/macintosh-x86-correlations.csv; exact trailer offset; parses COLL count, slot, subtype and coordinate records and calls Add"
CODE_06_AI.bin,0x00005B93,__ct__12CCollectableFiii11eObjectType,accepted_x86_correlation,gap,0x00422870,high,src/Platform/Windows/Mixed/Engine/CORE/LINKSCF.CPP;src/Platform/Windows/Mixed/Level/VTABLE/LEVELVT.CPP;src/AI/CHUNKOBJVT.CPP,accepted mapping in data/macintosh-x86-correlations.csv; exact trailer offset; constructs managed-entity base and stores fixed-point initial position
CODE_06_AI.bin,0x00005BF8,Restart__12CCollectableFv,accepted_x86_correlation,gap,0x004228B0,high,src/Platform/Windows/Mixed/Level/VTABLE/LEVELVTWindowsPhysicalSegments1.h,"accepted mapping in data/macintosh-x86-correlations.csv; exact trailer offset; restarts base state, copies initial position and selects collectable state"
CODE_06_AI.bin,0x00005C5A,__dt__12CCollectableFv,accepted_x86_correlation,gap,0x004228F0,high,src/Platform/Windows/Mixed/Engine/CORE/LINKSCF.CPP;src/Platform/Windows/Mixed/Level/VTABLE/LEVELVT.CPP;src/AI/CHUNKOBJVT.CPP,accepted mapping in data/macintosh-x86-correlations.csv; exact trailer offset; restores CCollectable vtable and destroys managed-entity base
CODE_06_AI.bin,0x00005E38,Process__12CCollectableFv,accepted_x86_correlation,gap,0x00422900,high,src/Platform/Windows/Mixed/Engine/CORE/LINKSCF.CPP;src/Platform/Windows/Mixed/Level/VTABLE/LEVELVT.CPP;src/AI/CHUNKOBJVT.CPP,"accepted mapping in data/macintosh-x86-correlations.csv; exact trailer offset; runs subtype collectable state machine, target acquisition and terrain adjustment"
CODE_06_AI.bin,0x00005E70,SetSFX__5CFlagFv,genuinely_missing_or_unresolved,gap,,unresolved,,no accepted address and no exact scoped spelling in current source
CODE_06_AI.bin,0x00005F1A,Process__5CFlagFv,genuinely_missing_or_unresolved,gap,,unresolved,,no accepted address and no exact scoped spelling in current source
CODE_06_AI.bin,0x00005F74,Collected__5CFlagFv,genuinely_missing_or_unresolved,gap,,unresolved,,no accepted address and no exact scoped spelling in current source
CODE_06_AI.bin,0x00005FA4,Collected__6CBonusFv,genuinely_missing_or_unresolved,gap,,unresolved,,no accepted address and no exact scoped spelling in current source
CODE_06_AI.bin,0x00005FD8,SetSFX__6CBonusFv,genuinely_missing_or_unresolved,gap,,unresolved,,no accepted address and no exact scoped spelling in current source
CODE_06_AI.bin,0x00006008,SetSFX__10CTimeBonusFv,genuinely_missing_or_unresolved,gap,,unresolved,,no accepted address and no exact scoped spelling in current source
CODE_06_AI.bin,0x0000604C,Collected__10CTimeBonusFv,genuinely_missing_or_unresolved,gap,,unresolved,,no accepted address and no exact scoped spelling in current source
CODE_06_AI.bin,0x000060C0,__ct__9CAICursorFP3CAIii,accepted_x86_correlation,gap,0x00414DA0,high,src/Platform/Windows/Mixed/Engine/CORE/LINKSCF.CPP,"constructs cursor node, stores CAI and bounds, and registers it with the render queue"
CODE_06_AI.bin,0x00006128,__dt__9CAICursorFv,accepted_x86_correlation,gap,0x00414DE0,high,src/AI/CGameObjectLifecycle.cpp,restores cursor vtable and unregisters the cursor node from its saved render queue
CODE_06_AI.bin,0x00006164,SetCursorXY__9CAICursorFii,accepted_x86_correlation,gap,0x00414E00,high,src/Platform/Windows/Mixed/Level/VTABLE/LEVELVT.CPP,stores x and y then dispatches the shared bounds clamp
CODE_06_AI.bin,0x000061C7,CheckAndClipCursorBounds__9CAICursorFv,accepted_x86_correlation,gap,0x00414E20,high,src/Platform/Windows/Mixed/Level/VTABLE/LEVELVT.CPP,clamps x and y independently to zero and configured maxima
CODE_06_AI.bin,0x0000620D,GetCursorSurfaceCoordinates__9CAICursorFRiRi,accepted_x86_correlation,gap,0x00414E60,high,src/Platform/Windows/Mixed/Level/VTABLE/LEVELVT.CPP,copies cursor x and y into two integer references
CODE_06_AI.bin,0x00006289,ProcessMsg__9CAICursorFP10tagMESSAGE,accepted_x86_correlation,gap,0x00414E80,high,src/AI/CAICursor.cpp,handles message type one by setting coordinates and increments fallback counter otherwise
CODE_06_AI.bin,0x000062DE,__ct__5CDoorFv,accepted_x86_correlation,represented,0x0040D470,high,src/AI/CDoorCtor.cpp,accepted mapping 0x0040D470 (exact trailer offset): door type 0x19 base construction and door vtable lifecycle
CODE_06_AI.bin,0x00006302,Restart__5CDoorFv,accepted_x86_correlation,gap,0x0040D490,high,src/AI/LVRSTTH.CPP,restarts the managed entity base runtime state
CODE_06_AI.bin,0x0000659A,Set__5CDoorF11eObjectTypeUsiii,accepted_x86_correlation,gap,0x0040D4A0,high,src/AI/CDoorAct.cpp,initializes type key position sequence state and vertical or horizontal tile footprint
CODE_06_AI.bin,0x000066AE,Delete__5CDoorFv,accepted_x86_correlation,gap,0x0040D760,high,unreconstructed,clears occupancy flags across the door footprint
CODE_06_AI.bin,0x0000677A,SetCollision__5CDoorFv,accepted_x86_correlation,gap,0x0040D910,high,src/AI/CDoorAct.cpp,sets blocking flags on vertical or horizontal door footprint tiles
CODE_06_AI.bin,0x0000684C,ResetCollision__5CDoorFv,accepted_x86_correlation,gap,0x0040DA40,high,src/AI/CDoorAct.cpp,clears blocking flags on vertical or horizontal door footprint tiles
CODE_06_AI.bin,0x000069E0,Process__5CDoorFv,accepted_x86_correlation,gap,0x0040DB80,high,src/AI/CDoorAct.cpp,services delayed open and close states timestamps and collision transitions
CODE_06_AI.bin,0x00006A40,Unlock__5CDoorFv,accepted_x86_correlation,gap,0x0040DD00,high,src/AI/CDoorAct.cpp,states 0x1c or 0x1d delay 0x14 trigger 0x0b and state request 0x20
CODE_06_AI.bin,0x00006A7A,IsUsable__5CDoorF7eAction,accepted_x86_correlation,gap,0x0040DD30,high,src/Platform/Windows/Mixed/Level/VTABLE/LEVELVT.CPP,accepts idle closed and unlocked door action states
CODE_06_AI.bin,0x00006BBF,Hits__5CDoorFRC7AICOORDP11CGameObject,accepted_x86_correlation,gap,0x0040DD80,high,src/AI/CDoorAct.cpp,tests overlap consults key callback and requests door transitions
CODE_06_AI.bin,0x00006C5A,DoActivate__5CDoorFv,accepted_x86_correlation,represented,0x0040DEC0,high,src/AI/CDoorAct.cpp,sets active state and timestamps deadline before awarding type-dependent score
CODE_06_AI.bin,0x00006CDE,__ct__12CDoorManagerFP3CAIi,accepted_x86_correlation,gap,0x0040DF30,high,src/Platform/Windows/Mixed/Engine/CORE/LINKSCF.CPP,constructs stream type 0x13 payload 8 and stores owner and capacity
CODE_06_AI.bin,0x00006D42,Restart__12CDoorManagerFv,accepted_x86_correlation,gap,0x0040DF90,high,src/AI/CDoorAct.cpp,restarts every allocated 0x14c-stride door
CODE_06_AI.bin,0x00006E12,Initialise__12CDoorManagerFi,accepted_x86_correlation,gap,0x0040DFC0,high,src/AI/CDoorAct.cpp,allocates constructs binds and restarts the door array
CODE_06_AI.bin,0x00006E90,__dt__12CDoorManagerFv,accepted_x86_correlation,gap,0x0040E060,high,src/AI/CDoorManager.cpp,destroys the door array then inherited stream state
CODE_06_AI.bin,0x00006EFF,GetViewData__12CDoorManagerFP9CViewData,accepted_x86_correlation,gap,0x0040E080,high,src/AI/CDoorManager.cpp,emits one 0x4c-byte view record per active door
CODE_06_AI.bin,0x00006FB9,Add__12CDoorManagerFUs11eObjectTypeUsiii,accepted_x86_correlation,gap,0x0040E0C0,high,src/AI/CDoorAct.cpp,assigns a slot initializes a door and returns its array index
CODE_06_AI.bin,0x00007035,Open__12CDoorManagerFRC7AICOORDP11CGameObject,accepted_x86_correlation,gap,0x0040E500,high,src/AI/CDoorAct.cpp,dispatches overlap handling until one active door opens
CODE_06_AI.bin,0x000070E4,Process__12CDoorManagerFv,accepted_x86_correlation,gap,0x0040E550,high,src/AI/CDoorManager.cpp,marks and services doors with active or delayed state
CODE_06_AI.bin,0x0000716F,Switch__12CDoorManagerF9swMessagei,accepted_x86_correlation,represented,0x0040E5A0,high,src/AI/CDoorAct.cpp,accepted mapping 0x0040E5A0 (exact trailer offset): manager selects door by slot and dispatches switch action
CODE_06_AI.bin,0x000071CC,Id__12CDoorManagerFi,accepted_x86_correlation,represented,0x0040E600,high,src/AI/CDoorSlot.cpp,accepted mapping 0x0040E600 (exact trailer offset): manager index-to-door-slot identifier lookup
CODE_06_AI.bin,0x000072DB,LoadLevel__12CDoorManagerFPUciUc,accepted_x86_correlation,gap,0x0040E630,high,src/AI/CDoorAct.cpp,loads versioned slot key type and position records
CODE_06_AI.bin,0x00007346,__ct__11CDuplicatorFRC7AICOORD,accepted_x86_correlation,gap,0x004275B0,high,src/AI/CInvisibleSwitch.cpp,"type 0x1C construction, 0x144 allocation, vtable 0x00496050, and exact initial-coordinate layout"
CODE_06_AI.bin,0x000073AE,__dt__11CDuplicatorFv,accepted_x86_correlation,gap,0x004275E0,high,src/Platform/Windows/Mixed/Level/VTABLE/LEVELVT.CPP,semantic vtable/base teardown; scalar deleting wrapper remains separate
CODE_06_AI.bin,0x00007404,Restart__11CDuplicatorFv,accepted_x86_correlation,gap,0x004275F0,high,src/AI/CDuplicator.cpp,"exact base restart, idle state 0x18, runtime/footprint reset, and Set dispatch"
CODE_06_AI.bin,0x000074BE,Set__11CDuplicatorFRC7AICOORD,accepted_x86_correlation,gap,0x00427630,high,src/AI/CDuplicator.cpp,"exact coordinate copy, fixed-point tile conversion, and two-cell footprint marking"
CODE_06_AI.bin,0x0000755A,Delete__11CDuplicatorFv,accepted_x86_correlation,gap,0x004276F0,high,src/AI/CDuplicator.cpp,exact two-cell footprint clearing; semantic Delete not memory destruction
CODE_06_AI.bin,0x0000769C,Process__11CDuplicatorFv,accepted_x86_correlation,gap,0x00427780,high,src/AI/CHUNKOBJVT.CPP,"exact network/state flow, expiry duplication, y offset 0x34000, group attach, and return one"
CODE_06_AI.bin,0x00007711,ActivatePosition__11CDuplicatorFv,accepted_x86_correlation,gap,0x00427890,high,src/AI/CHUNKOBJVT.CPP,exact hidden-result coordinate copy with y offset 0x8000
CODE_06_AI.bin,0x0000778F,Activate__11CDuplicatorFP11CGameObject,accepted_x86_correlation,gap,0x004278C0,high,src/AI/CHUNKOBJVT.CPP,"exact history/type/state eligibility, target save, expiry 0x52, and state 0x1A"
CODE_06_AI.bin,0x00007866,DoActivate__11CDuplicatorFv,accepted_x86_correlation,gap,0x00427910,high,src/AI/CDuplicator.cpp,"exact timing, held-child promotion, y offset 0x3C000, action 0x0C, and score 100"
CODE_06_AI.bin,0x000079BC,__ct__6CEnemyFP3CAIiiii,accepted_x86_correlation,gap,0x0041FBA0,unresolved,src/Platform/Windows/Mixed/Level/VTABLE/LEVELVT.CPP,"accepted mapping in data/macintosh-x86-correlations.csv; exact trailer offset; constructs ENMY object, binds CAI owner, scales xyz, samples terrain, and assigns slot id"
CODE_06_AI.bin,0x00007A88,Restart__6CEnemyFv,accepted_x86_correlation,gap,0x0041FCD0,unresolved,src/Platform/Windows/Mixed/Level/VTABLE/LEVELVT.CPP,"accepted mapping in data/macintosh-x86-correlations.csv; exact trailer offset; resets base state, restores position/heading, registers the object, and resets descriptors"
CODE_06_AI.bin,0x00007B4C,__dt__6CEnemyFv,accepted_x86_correlation,gap,0x0041FDA0,unresolved,src/Platform/Windows/Mixed/Level/VTABLE/LEVELVT.CPP,accepted mapping in data/macintosh-x86-correlations.csv; exact trailer offset; real teardown frees three behavior descriptors then destroys the level object base
CODE_06_AI.bin,0x00007B8F,SetEnemy,genuinely_missing_or_unresolved,gap,,unresolved,,no accepted address and no exact scoped spelling in current source
CODE_06_AI.bin,0x00007B98,ype__6CEnemyF18eEnemyStateActions16eEnemyStateRules18eEnemyStateActions16eEnemyState,genuinely_missing_or_unresolved,gap,,unresolved,,no accepted address and no exact scoped spelling in current source; clipped MacsBug spelling/signature prevents ABI-safe acceptance
CODE_06_AI.bin,0x00007CBC,Process__6CEnemyFv,accepted_x86_correlation,gap,0x0041FEC0,unresolved,src/Platform/Windows/Mixed/Level/VTABLE/LEVELVT.CPP,accepted mapping in data/macintosh-x86-correlations.csv; exact trailer offset; services selected descriptor then dispatches player state and terrain contacts
CODE_06_AI.bin,0x00007D79,ProcessAction__6CEnemyF16eEnemyStateRules18eEnemyStateActionsP18tEnemyLemmingUnion,accepted_x86_correlation,gap,0x0041FF60,unresolved,src/Platform/Windows/Mixed/Level/VTABLE/LEVELVT.CPP,accepted mapping in data/macintosh-x86-correlations.csv; exact trailer offset; evaluates rule and dispatches patrol or delayed-fire actions
CODE_06_AI.bin,0x00007E55,ProcessRule__6CEnemyF16eEnemyStateRules,accepted_x86_correlation,gap,0x00420000,unresolved,src/Platform/Windows/Mixed/Level/VTABLE/LEVELVTWindowsPhysicalSegments1.h,"accepted mapping in data/macintosh-x86-correlations.csv; exact trailer offset; switches rule enum to constant, radius, inverse, and line-of-sight results"
CODE_06_AI.bin,0x00007EB4,EnemyRule_RADIUS50__6CEnemyFv,accepted_x86_correlation,gap,0x00420070,unresolved,src/Platform/Windows/Mixed/Level/VTABLE/LEVELVT.CPP,accepted mapping in data/macintosh-x86-correlations.csv; exact trailer offset; probes player and sheep boxes at radius 0x32
CODE_06_AI.bin,0x00007F3B,EnemyRule_RADIUS50ANDLINEOFSIGHT__6CEnemyFv,accepted_x86_correlation,gap,0x00420090,unresolved,src/Platform/Windows/Mixed/Level/VTABLE/LEVELVT.CPP,accepted mapping in data/macintosh-x86-correlations.csv; exact trailer offset; combines radius-50 probe with directional line-of-sight band
CODE_06_AI.bin,0x00008049,EnemyAction_PATROL__6CEnemyFP18tEnemyLemmingUnion,accepted_x86_correlation,gap,0x004200F0,unresolved,src/Platform/Windows/Mixed/Level/VTABLE/LEVELVT.CPP,accepted mapping in data/macintosh-x86-correlations.csv; exact trailer offset; reads descriptor node ids and appends movement command with loop/reverse handling
CODE_06_AI.bin,0x00008095,EnemyAction_TURNANDFIRERAPID__6CEnemyFP18tEnemyLemmingUnion,accepted_x86_correlation,gap,0x004201A0,unresolved,src/Platform/Windows/Mixed/Level/VTABLE/LEVELVT.CPP,accepted mapping in data/macintosh-x86-correlations.csv; exact trailer offset; arms fire request with distinctive 100-tick delay
CODE_06_AI.bin,0x000080EB,EnemyAction_TURNANDFIRESLOW__6CEnemyFP18tEnemyLemmingUnion,accepted_x86_correlation,gap,0x004201B0,unresolved,src/Platform/Windows/Mixed/Level/VTABLE/LEVELVT.CPP,accepted mapping in data/macintosh-x86-correlations.csv; exact trailer offset; arms fire request with distinctive 800-tick delay
CODE_06_AI.bin,0x00008171,EnemyAction_TURNANDFIRERANDOM__6CEnemyFP18tEnemyLemmingUnion,accepted_x86_correlation,gap,0x004201C0,unresolved,src/Platform/Windows/Mixed/Level/VTABLE/LEVELVT.CPP,accepted mapping in data/macintosh-x86-correlations.csv; exact trailer offset; uses session RNG for 150..1149 tick delay
CODE_06_AI.bin,0x00008260,CheckRadius__6CEnemyFi,accepted_x86_correlation,gap,0x00420200,unresolved,src/Platform/Windows/Mixed/Level/VTABLE/LEVELVT.CPP,accepted mapping in data/macintosh-x86-correlations.csv; exact trailer offset; builds square from enemy position/radius and queries player/sheep managers
CODE_06_AI.bin,0x00008376,LineOfSight__6CEnemyF7AICOORD,accepted_x86_correlation,gap,0x004202A0,unresolved,src/Platform/Windows/Mixed/Level/VTABLE/LEVELVT.CPP,accepted mapping in data/macintosh-x86-correlations.csv; exact trailer offset; compares target offset against fixed-point directional bounds 0x6A0 and 0x1350
CODE_06_AI.bin,0x0000844C,TurnToFaceTarget__6CEnemyFv,accepted_x86_correlation,gap,0x00420350,unresolved,src/Platform/Windows/Mixed/Level/VTABLE/LEVELVT.CPP,accepted mapping in data/macintosh-x86-correlations.csv; exact trailer offset; rotates heading one octant toward saved target and schedules update
CODE_06_AI.bin,0x00008482,IsRequestingFire__6CEnemyFv,accepted_x86_correlation,gap,0x004203D0,unresolved,src/Platform/Windows/Mixed/Level/VTABLE/LEVELVT.CPP,accepted mapping in data/macintosh-x86-correlations.csv; exact trailer offset; returns whether fire-request state +0x168 equals one
CODE_06_AI.bin,0x000084E8,RequestFire__6CEnemyFi,accepted_x86_correlation,gap,0x004203E0,unresolved,src/Platform/Windows/Mixed/Level/VTABLE/LEVELVT.CPP,accepted mapping in data/macintosh-x86-correlations.csv; exact trailer offset; copies target coordinates and records caller delay
CODE_06_AI.bin,0x000085AE,Fire__6CEnemyFv,accepted_x86_correlation,gap,0x00420430,unresolved,src/Platform/Windows/Mixed/Level/VTABLE/LEVELVT.CPP,accepted mapping in data/macintosh-x86-correlations.csv; exact trailer offset; spawns enemy projectile toward saved target then advances request state
CODE_06_AI.bin,0x000085D8,StartFiring__6CEnemyFv,accepted_x86_correlation,gap,0x004204D0,high,src/Platform/Windows/Mixed/Level/VTABLE/LEVELVT.CPP,"accepted mapping in data/macintosh-x86-correlations.csv; exact trailer offset; vtable slot +0x8C starts firing phase with frame tick plus distinctive 10; signature, vtable slot, fields/constants, callers, and family semantics corroborate ownership"
CODE_06_AI.bin,0x000086B8,EndFiring__6CEnemyFv,accepted_x86_correlation,gap,0x004204E0,high,src/Platform/Windows/Mixed/Level/VTABLE/LEVELVT.CPP,"accepted mapping in data/macintosh-x86-correlations.csv; exact trailer offset; vtable slot +0x90 clears fire request and resumes a facing-directed step when height/tile flags permit; signature, vtable slot, fields/constants, callers, and family semantics corroborate ownership"
CODE_06_AI.bin,0x00008712,HitBullet__6CEnemyFP7CBullet,accepted_x86_correlation,gap,0x00420600,high,src/Platform/Windows/Mixed/Level/VTABLE/LEVELVT.CPP,"accepted mapping in data/macintosh-x86-correlations.csv; exact trailer offset; pointer-taking hit hook reads hitter state/facing, schedules 60 ticks, and turns opposite the hitter; signature, vtable slot, fields/constants, callers, and family semantics corroborate ownership"
CODE_06_AI.bin,0x0000879A,FacingTarget__6CEnemyFv,accepted_x86_correlation,gap,0x00420650,high,src/Platform/Windows/Mixed/Level/VTABLE/LEVELVT.CPP,"accepted mapping in data/macintosh-x86-correlations.csv; exact trailer offset; vtable slot +0x98 compares heading with octant toward saved target; signature, vtable slot, fields/constants, callers, and family semantics corroborate ownership"
CODE_06_AI.bin,0x0000880A,HitMine__6CEnemyFv,accepted_x86_correlation,gap,0x004206A0,high,src/Platform/Windows/Mixed/Level/VTABLE/LEVELVT.CPP,"accepted mapping in data/macintosh-x86-correlations.csv; exact trailer offset; vtable slot +0x64 marks mine hit/removal, awards 300, and emits upward impact callback; signature, vtable slot, fields/constants, callers, and family semantics corroborate ownership"
CODE_06_AI.bin,0x0000884E,HitBall__6CEnemyFv,accepted_x86_correlation,gap,0x004206F0,high,src/Platform/Windows/Mixed/Level/VTABLE/LEVELVT.CPP,"accepted mapping in data/macintosh-x86-correlations.csv; exact trailer offset; no-argument vtable slot +0x58 marks hit state, sets 60-tick timer, and awards 300; signature, vtable slot, fields/constants, callers, and family semantics corroborate ownership"
CODE_06_AI.bin,0x00008898,GetHit__6CEnemyFv,accepted_x86_correlation,gap,0x00420720,high,src/Platform/Windows/Mixed/Level/VTABLE/LEVELVT.CPP,"accepted mapping in data/macintosh-x86-correlations.csv; exact trailer offset; terminal hit lifecycle removes enemy from active array and awards distinctive 500; signature, vtable slot, fields/constants, callers, and family semantics corroborate ownership"
CODE_06_AI.bin,0x000088E7,__ct__11CEnemyGroupFP3CAIP14CObjectManagerP17CFormationManager,accepted_x86_correlation,represented,0x00420AE0,high,src/AI/CEnemyGrp.cpp,"accepted mapping 0x00420AE0 (exact trailer offset): enemy load/create callers allocate the 0x168-byte group, pass the three shared AI/object/formation contexts, invoke this constructor through its ILT, and install the enemy-group vtable"
CODE_06_AI.bin,0x0000893A,ENEMY_GetLONG__FPUl,genuinely_missing_or_unresolved,gap,,unresolved,,no accepted address and no exact scoped spelling in current source
CODE_06_AI.bin,0x000089EF,__ct__18CEnemyGroupManagerFP3CAIP14CObjectManagerP17CFormationManager,genuinely_missing_or_unresolved,gap,,unresolved,,no accepted address and no exact scoped spelling in current source
CODE_06_AI.bin,0x00008A72,__dt__18CEnemyGroupManagerFv,genuinely_missing_or_unresolved,gap,,unresolved,,no accepted address and no exact scoped spelling in current source
CODE_06_AI.bin,0x00008AE4,Restart__18CEnemyGroupManagerFv,genuinely_missing_or_unresolved,gap,,unresolved,,no accepted address and no exact scoped spelling in current source
CODE_06_AI.bin,0x00008C7F,LoadLevel__18CEnemyGroupManagerFP16tagLoadEnemyDataUlUc,genuinely_missing_or_unresolved,gap,,unresolved,,no accepted address and no exact scoped spelling in current source
CODE_06_AI.bin,0x00008D6F,LoadLevelAdditional_Waypoint__18CEnemyGroupManagerFP32tagLoadEnemyDataAdditionalActionRP22tagWaypointInformation,genuinely_missing_or_unresolved,gap,,unresolved,,no accepted address and no exact scoped spelling in current source
CODE_06_AI.bin,0x00008E74,__ct__17CFormationManagerFv,accepted_x86_correlation,represented,0x0041A140,high,src/AI/CFormationManager.cpp,genuine constructor initializes three eight-vector fixed-point formation blocks and transformed output
CODE_06_AI.bin,0x00008EA2,Restart__17CFormationManagerFv,accepted_x86_correlation,represented,0x0041A1B0,high,src/AI/CFormationManager.cpp,genuine member clears transformed-vector cursor at offset 0x100
CODE_06_AI.bin,0x00008EEA,__dt__17CFormationManagerFv,accepted_x86_correlation,represented,0x0041A1C0,high,src/AI/CFormationManager.cpp,genuine no-op destructor matching value-only formation table
CODE_06_AI.bin,0x00008F77,TransformFormation__17CFormationManagerFii,accepted_x86_correlation,represented,0x0041A1D0,high,src/AI/CFormationManager.cpp,genuine member rotates selected eight-vector formation block by signed table angle
CODE_06_AI.bin,0x00008FC7,GetAVector__17CFormationManagerFi,accepted_x86_correlation,represented,0x0041A320,high,src/AI/CFormationManager.cpp,genuine member wraps index and returns transformed vector at offset 0xc0
CODE_06_AI.bin,0x000091DD,__ct__11CGameObjectF11eObjectTypeUsUs,accepted_x86_correlation,represented,0x00414F30,high,src/AI/CGameObject.cpp,"accepted mapping 0x00414F30 (exact trailer offset): constructor installs base table, allocates destination queue, and registers object"
CODE_06_AI.bin,0x000092BE,Restart__11CGameObjectFv,accepted_x86_correlation,represented,0x004150D0,high,src/AI/CGameObjectLifecycle.cpp,genuine member resets runtime and command state
CODE_06_AI.bin,0x00009352,__dt__11CGameObjectFv,accepted_x86_correlation,represented,0x00415160,high,src/AI/CGameObjectLifecycle.cpp,"accepted mapping 0x00415160 (exact trailer offset): paired destructor releases id, registration, and destination queue"
CODE_06_AI.bin,0x000093C6,Initialise__11CGameObjectFv,accepted_x86_correlation,represented,0x004151B0,high,src/AI/CGameObjectLifecycle.cpp,genuine member clears the complete shared object state field set
CODE_06_AI.bin,0x0000949B,StartFly__11CGameObjectFR9C3DVectorP9C3DVector,accepted_x86_correlation,represented,0x00415240,high,src/Platform/Windows/Mixed/Level/VTABLE/LEVELVT.CPP,accepted mapping 0x00415240 (exact trailer offset): two vector-shaped inputs initialize flight motion state
CODE_06_AI.bin,0x000097B4,Fly__11CGameObjectFv,accepted_x86_correlation,represented,0x00415300,high,src/AI/CHUNKOBJVT.CPP,accepted mapping 0x00415300 (exact trailer offset): advances gravity and flight motion state
CODE_06_AI.bin,0x000097EB,RotateClockwise__11CGameObjectFv,accepted_x86_correlation,represented,0x00415520,high,src/Platform/Windows/Mixed/Level/VTABLE/LEVELVT.CPP,accepted mapping 0x00415520 (exact trailer offset): increments and wraps the eight-way heading
CODE_06_AI.bin,0x0000982B,RotateAnticlockwise__11CGameObjectFv,accepted_x86_correlation,represented,0x00415550,high,src/Platform/Windows/Mixed/Level/VTABLE/LEVELVT.CPP,accepted mapping 0x00415550 (exact trailer offset): decrements and wraps the eight-way heading
CODE_06_AI.bin,0x00009A90,StartMoving__11CGameObjectFv,accepted_x86_correlation,represented,0x00415580,high,src/AI/CGameObjectMove.cpp,accepted mapping 0x00415580 (exact trailer offset): advances the queued movement path and motion state
CODE_06_AI.bin,0x00009ADE,StopMoving__11CGameObjectFv,accepted_x86_correlation,represented,0x00415780,high,src/AI/CGameObjectMove.cpp,genuine CGameObject member; removes the first command and resets motion timing
CODE_06_AI.bin,0x00009B9C,MapCheck__11CGameObjectFii,accepted_x86_correlation,represented,0x004157B0,high,src/AI/CGameObjectMove.cpp,accepted mapping 0x004157B0 (exact trailer offset): samples map tile flags for the supplied coordinates
CODE_06_AI.bin,0x00009C7E,StartRoute__11CGameObjectFv,accepted_x86_correlation,represented,0x00415830,high,src/AI/CHUNKOBJVT.CPP,accepted mapping 0x00415830 (exact trailer offset): starts shared tile reachability search
CODE_06_AI.bin,0x00009EB2,SearchRoute__11CGameObjectFv,accepted_x86_correlation,represented,0x004158B0,high,src/Platform/Windows/Mixed/Level/VTABLE/LEVELVT.CPP,accepted mapping 0x004158B0 (exact trailer offset): services the active reachability search
CODE_06_AI.bin,0x00009EF0,Blocked__11CGameObjectFv,genuinely_missing_or_unresolved,gap,,unresolved,,no accepted address and no exact scoped spelling in current source
CODE_06_AI.bin,0x0000A24E,Move__11CGameObjectFv,accepted_x86_correlation,represented,0x00415A30,high,src/Platform/Windows/Mixed/Level/VTABLE/LEVELVT.CPP,accepted mapping 0x00415A30 (exact trailer offset): performs queued path motion with height and collision checks
CODE_06_AI.bin,0x0000A321,TurnToFaceDestination__11CGameObjectFv,accepted_x86_correlation,represented,0x00415D90,high,src/AI/CGameObjectMove.cpp,genuine CGameObject member; derives the destination octant and rotates toward the first queued point
CODE_06_AI.bin,0x0000A3BB,FacingDestination__11CGameObjectFv,accepted_x86_correlation,represented,0x00415E20,high,src/AI/CGameObjectMove.cpp,genuine CGameObject member; compares heading with the first queued destination octant
CODE_06_AI.bin,0x0000A46D,DeleteFirstEntryFromDestinationList__11CGameObjectFv,accepted_x86_correlation,represented,0x00415E80,high,src/AI/CGameObjectMove.cpp,genuine CGameObject member; removes the first destination-list entry
CODE_06_AI.bin,0x0000A4F1,AddDestination__11CGameObjectFRC7AICOORD,accepted_x86_correlation,represented,0x00415EF0,high,src/AI/CGameObjectMove.cpp,genuine CGameObject member with exact const-reference ABI; appends one coordinate to the destination queue
CODE_06_AI.bin,0x0000A5F9,AlterDestination__11CGameObjectFRC7AICOORD,accepted_x86_correlation,represented,0x00415F30,high,src/AI/CGameObjectMove.cpp,accepted mapping 0x00415F30 (exact trailer offset): prepends/changes destination then advances command state
CODE_06_AI.bin,0x0000A68E,GetDestination__11CGameObjectFv,accepted_x86_correlation,represented,0x00416000,high,src/AI/CGameObjectMove.cpp,genuine CGameObject member; returns the first destination or current position
CODE_06_AI.bin,0x0000A6CD,DestinationExists__11CGameObjectFv,accepted_x86_correlation,represented,0x004160C0,high,src/AI/CGameObjectMove.cpp,genuine CGameObject member; tests destination queue count
CODE_06_AI.bin,0x0000A705,EmptyDestinationList__11CGameObjectFv,accepted_x86_correlation,represented,0x004160E0,high,src/AI/CGameObjectMove.cpp,genuine CGameObject member; clears destination queue count
CODE_06_AI.bin,0x0000A76B,GetBoundingBox__11CGameObjectFR7CVSRect,accepted_x86_correlation,represented,0x004160F0,high,src/AI/CGameObjectMove.cpp,genuine CGameObject member; writes the evidenced centered 48 by 48 CVSRect
CODE_06_AI.bin,0x0000A8AE,Jump__11CGameObjectFv,accepted_x86_correlation,gap,0x00416130,high,src/AI/CGameObjectMove.cpp,"rising trajectory, terrain clamp, saved-position restore, and lift/contact handling match"
CODE_06_AI.bin,0x0000AA94,Fall__11CGameObjectFv,accepted_x86_correlation,gap,0x00416220,high,src/Platform/Windows/Mixed/Level/VTABLE/LEVELVT.CPP,"falling trajectory, tile-centering, landing cleanup, and lift/contact handling match"
CODE_06_AI.bin,0x0000AB53,OnLift__11CGameObjectFR8tCoord3d,accepted_x86_correlation,represented,0x00416340,high,src/AI/CGameObjectLift.cpp,genuine point-bounds member updates object height inside lift bounds
CODE_06_AI.bin,0x0000AB93,OffLift__11CGameObjectFR8tCoord3d,accepted_x86_correlation,represented,0x00416410,high,src/AI/CGameObjectLift.cpp,genuine one-reference member forwarder preserves virtual slot and RET 4 ABI
CODE_06_AI.bin,0x0000AC61,OnLift__11CGameObjectFR8tCoord3dR8tCoord3d,accepted_x86_correlation,represented,0x00416420,high,src/AI/CGameObjectLift.cpp,genuine two-point bounds member updates object height inside lift rectangle
CODE_06_AI.bin,0x0000ACAF,OffLift__11CGameObjectFR8tCoord3dR8tCoord3d,accepted_x86_correlation,represented,0x004164F0,high,src/AI/CGameObjectLift.cpp,genuine two-reference member forwarder preserves virtual slot and RET 8 ABI
CODE_06_AI.bin,0x0000AD53,StartSommersault__11CGameObjectFv,accepted_x86_correlation,represented,0x00416510,high,src/AI/LVRANDVT.CPP,genuine CGameObject member with exact RNG recurrence deadline and alternating phase algorithm
CODE_06_AI.bin,0x0000ADA0,IsSelectable__11CGameObjectFv,accepted_x86_correlation,represented,0x00416570,high,src/AI/CGameObjectMove.cpp,genuine CGameObject member; excludes states 7 8 and 0x15
CODE_06_AI.bin,0x0000AE37,ResetInstructions__11CGameObjectFv,accepted_x86_correlation,represented,0x00416590,high,src/AI/CGameObjectMove.cpp,genuine CGameObject member; clears interruptible child command and pending state
CODE_06_AI.bin,0x0000AE96,Init__11CGameObjectFP3CAI,accepted_x86_correlation,represented,0x004165E0,high,src/AI/CGameObjectId.cpp,genuine static CGameObject initializer; clears global object-id tables and records the active AI owner
CODE_06_AI.bin,0x0000AEC2,GetId__11CGameObjectFv,accepted_x86_correlation,represented,0x00416610,high,src/AI/CGameObjectId.cpp,genuine CGameObject member; returns the shared 16-bit object id
CODE_06_AI.bin,0x0000AEF8,SetId__11CGameObjectFUs,accepted_x86_correlation,represented,0x00416620,high,src/AI/CGameObjectId.cpp,genuine CGameObject member; stores and claims the supplied object id
CODE_06_AI.bin,0x0000AF76,ReSetId__11CGameObjectFv,accepted_x86_correlation,represented,0x00416640,high,src/AI/CGameObjectId.cpp,genuine CGameObject member; releases its object-id bitmap slot
CODE_06_AI.bin,0x0000AFEC,NextId__11CGameObjectFv,accepted_x86_correlation,represented,0x00416670,high,src/AI/CGameObjectId.cpp,genuine CGameObject allocator; scans free object ids low to high
CODE_06_AI.bin,0x0000B05E,NextLoadingId__11CGameObjectFv,accepted_x86_correlation,represented,0x004166A0,high,src/AI/CGameObjectId.cpp,genuine CGameObject allocator; scans free object ids high to low
CODE_06_AI.bin,0x0000B126,RegisterId__11CGameObjectFv,accepted_x86_correlation,represented,0x00416740,high,src/AI/CGameObjectId.cpp,genuine CGameObject member; registers current object id in the shared bitmap
CODE_06_AI.bin,0x0000B1C3,UpdateCollision__11CGameObjectFv,accepted_x86_correlation,represented,0x004167C0,high,src/AI/CGameObjectCollision.cpp,genuine CGameObject member; rebuilds six collision bounds fields from position
CODE_06_AI.bin,0x0000B21C,StartLand__11CGameObjectFv,accepted_x86_correlation,represented,0x00416820,high,src/AI/CGameObjectMove.cpp,accepted mapping 0x00416820 (exact trailer offset): dispatches terrain and object contacts from current tile
CODE_06_AI.bin,0x0000B274,__ct__15CGameObjectMessFUl,genuinely_missing_or_unresolved,gap,,unresolved,,no accepted address and no exact scoped spelling in current source
CODE_06_AI.bin,0x0000B2BB,Send__15CGameObjectMessFP17CGlobalGameObject,genuinely_missing_or_unresolved,gap,,unresolved,,no accepted address and no exact scoped spelling in current source
CODE_06_AI.bin,0x0000B31E,AddData__15CGameObjectMessFv,genuinely_missing_or_unresolved,gap,,unresolved,,no accepted address and no exact scoped spelling in current source
CODE_06_AI.bin,0x0000B346,GetData__15CGameObjectMessFv,genuinely_missing_or_unresolved,gap,,unresolved,,no accepted address and no exact scoped spelling in current source
CODE_06_AI.bin,0x0000B393,__ct__22CObjectChangeStateMessFv,genuinely_missing_or_unresolved,gap,,unresolved,,no accepted address and no exact scoped spelling in current source
CODE_06_AI.bin,0x0000B413,AddData__22CObjectChangeStateMessFv,genuinely_missing_or_unresolved,gap,,unresolved,,no accepted address and no exact scoped spelling in current source
CODE_06_AI.bin,0x0000B525,GetData__22CObjectChangeStateMessFv,genuinely_missing_or_unresolved,gap,,unresolved,,no accepted address and no exact scoped spelling in current source
CODE_06_AI.bin,0x0000B576,__ct__18CRequestActionMessFv,genuinely_missing_or_unresolved,gap,,unresolved,,no accepted address and no exact scoped spelling in current source
CODE_06_AI.bin,0x0000B5C4,AddData__18CRequestActionMessFv,genuinely_missing_or_unresolved,gap,,unresolved,,no accepted address and no exact scoped spelling in current source
CODE_06_AI.bin,0x0000B678,GetData__18CRequestActionMessFv,genuinely_missing_or_unresolved,gap,,unresolved,,no accepted address and no exact scoped spelling in current source
CODE_06_AI.bin,0x0000B6C4,__ct__17CRequestReplyMessFv,genuinely_missing_or_unresolved,gap,,unresolved,,no accepted address and no exact scoped spelling in current source
CODE_06_AI.bin,0x0000B710,AddData__17CRequestReplyMessFv,genuinely_missing_or_unresolved,gap,,unresolved,,no accepted address and no exact scoped spelling in current source
CODE_06_AI.bin,0x0000B7B8,GetData__17CRequestReplyMessFv,genuinely_missing_or_unresolved,gap,,unresolved,,no accepted address and no exact scoped spelling in current source
CODE_06_AI.bin,0x0000B800,__ct__18CRequestCancelMessFv,genuinely_missing_or_unresolved,gap,,unresolved,,no accepted address and no exact scoped spelling in current source
CODE_06_AI.bin,0x0000B846,__ct__17CRemoveObjectMessFv,genuinely_missing_or_unresolved,gap,,unresolved,,no accepted address and no exact scoped spelling in current source
CODE_06_AI.bin,0x0000B890,__ct__14CObjectPosMessFv,genuinely_missing_or_unresolved,gap,,unresolved,,no accepted address and no exact scoped spelling in current source
CODE_06_AI.bin,0x0000B940,AddData__14CObjectPosMessFv,genuinely_missing_or_unresolved,gap,,unresolved,,no accepted address and no exact scoped spelling in current source
CODE_06_AI.bin,0x0000BA00,GetData__14CObjectPosMessFv,genuinely_missing_or_unresolved,gap,,unresolved,,no accepted address and no exact scoped spelling in current source
CODE_06_AI.bin,0x0000BA48,__ct__14CObjectHitMessFv,genuinely_missing_or_unresolved,gap,,unresolved,,no accepted address and no exact scoped spelling in current source
CODE_06_AI.bin,0x0000BA92,AddData__14CObjectHitMessFv,genuinely_missing_or_unresolved,gap,,unresolved,,no accepted address and no exact scoped spelling in current source
CODE_06_AI.bin,0x0000BAD2,GetData__14CObjectHitMessFv,genuinely_missing_or_unresolved,gap,,unresolved,,no accepted address and no exact scoped spelling in current source
CODE_06_AI.bin,0x0000BB1A,__ct__15CObjectDiesMessFv,genuinely_missing_or_unresolved,gap,,unresolved,,no accepted address and no exact scoped spelling in current source
CODE_06_AI.bin,0x0000BB46,AddData__15CObjectDiesMessFv,genuinely_missing_or_unresolved,gap,,unresolved,,no accepted address and no exact scoped spelling in current source
CODE_06_AI.bin,0x0000BB6E,GetData__15CObjectDiesMessFv,genuinely_missing_or_unresolved,gap,,unresolved,,no accepted address and no exact scoped spelling in current source
CODE_06_AI.bin,0x0000BBC3,__ct__17CGlobalGameObjectF11eObjectTypeUsUs,accepted_x86_correlation,gap,0x00416D20,high,src/AI/CGameObjectLifecycle.cpp,"constructs common object with type and two ushort arguments, installs vtable, and clears stream pointer"
CODE_06_AI.bin,0x0000BC24,Restart__17CGlobalGameObjectFv,accepted_x86_correlation,represented,0x00416D50,high,src/AI/CGlobalGameObject.cpp,genuine member resets inherited state and seeds action request and usable fields
CODE_06_AI.bin,0x0000BC67,UsableState__17CGlobalGameObjectFv,accepted_x86_correlation,represented,0x00416D90,high,src/AI/CGlobalGameObject.cpp,genuine CGlobalGameObject member returns prior usable state and clears it when nonzero
CODE_06_AI.bin,0x0000BCC1,Action__17CGlobalGameObjectF7eAction,accepted_x86_correlation,gap,0x00416DB0,high,src/AI/CHUNKOBJVT.CPP,stores action and emits object-change packet on network path
CODE_06_AI.bin,0x0000BD0F,Action__17CGlobalGameObjectF7eActioni,accepted_x86_correlation,gap,0x00416DE0,high,src/AI/CHUNKOBJVT.CPP,stores 16-bit variant then dispatches one-argument Action
CODE_06_AI.bin,0x0000BD89,RequestAction__17CGlobalGameObjectF7eAction,accepted_x86_correlation,gap,0x00416E20,high,src/Platform/Windows/Mixed/Level/IO/LVNETVT.CPP,network request packet or local action activation with usable state two
CODE_06_AI.bin,0x0000BDD9,CancelRequest__17CGlobalGameObjectFv,accepted_x86_correlation,represented,0x00416E70,high,src/AI/CGlobalGameObject.cpp,genuine member clears active request and expanded runtime fields
CODE_06_AI.bin,0x0000BF15,Receive__17CGlobalGameObjectFUsP15CNetworkMessage,accepted_x86_correlation,gap,0x00416E90,high,src/AI/CGlobalGameObject.cpp,dispatches packet types 0x23 through 0x29 with matching rejection and cursor updates
CODE_06_AI.bin,0x0000BF69,SendRemove__17CGlobalGameObjectFv,accepted_x86_correlation,represented,0x00416FC0,high,src/AI/CGlobalGameObject.cpp,genuine member binds shared remove-object packet 0x2A
CODE_06_AI.bin,0x0000BFAD,SendCancel__17CGlobalGameObjectFv,accepted_x86_correlation,represented,0x00416FD0,high,src/AI/CGlobalGameObject.cpp,genuine member binds shared request-cancel packet 0x29
CODE_06_AI.bin,0x0000C10F,SetMessages__17CGlobalGameObjectFv,accepted_x86_correlation,gap,0x00416FE0,high,src/AI/CGlobalGameObject.cpp,allocates and constructs the nine shared object message helpers
CODE_06_AI.bin,0x0000C26F,DeleteMessages__17CGlobalGameObjectFv,accepted_x86_correlation,gap,0x00417150,high,src/Platform/Windows/Mixed/Level/RUN/LEVELRUNWindowsPhysicalSegments2.h,destroys the nine shared object message helpers in matching order
CODE_06_AI.bin,0x0000C365,__ct__13CGenericGroupFP3CAIP14CObjectManagerP17CFormationManagerii,accepted_x86_correlation,gap,0x0041DDA0,high,src/AI/CGenericGroup.cpp,"accepted mapping in data/macintosh-x86-correlations.csv; exact trailer offset; constructs managed group base with CAI/object/formation contexts, ten child slots, and sentinel bounds"
CODE_06_AI.bin,0x0000C432,__dt__13CGenericGroupFv,accepted_x86_correlation,gap,0x0041DE40,high,src/AI/CGenericGroup.cpp,"accepted mapping in data/macintosh-x86-correlations.csv; exact trailer offset; real non-deleting destructor restores group vtable, destroys ten children, then base"
CODE_06_AI.bin,0x0000C482,Restart__13CGenericGroupFv,accepted_x86_correlation,represented,0x0041DE80,high,src/AI/CGenericGroup.cpp,genuine member resets runtime state then clears the ten typed child slots and count
CODE_06_AI.bin,0x0000C4EC,Process__13CGenericGroupFv,accepted_x86_correlation,represented,0x0041DEB0,high,src/AI/CGenericGroup.cpp,genuine member requests state 0x18 and services each typed child through virtual slot 0x14
CODE_06_AI.bin,0x0000C51B,GetElementsInGroup__13CGenericGroupFv,accepted_x86_correlation,represented,0x0041DEF0,high,src/AI/CGenericGroup.cpp,genuine exact member returns element count at +0x124
CODE_06_AI.bin,0x0000C55B,GetFirstElementInGroup__13CGenericGroupFv,accepted_x86_correlation,represented,0x0041DF00,high,src/AI/CGenericGroup.cpp,genuine exact member resets iterator +0x150 and returns first typed element
CODE_06_AI.bin,0x0000C5B3,GetNextElementInGroup__13CGenericGroupFv,accepted_x86_correlation,represented,0x0041DF20,high,src/AI/CGenericGroup.cpp,genuine exact member advances bounded element iterator
CODE_06_AI.bin,0x0000C605,GetCurrentElementInGroup__13CGenericGroupFv,accepted_x86_correlation,represented,0x0041DF40,high,src/AI/CGenericGroup.cpp,genuine exact member returns current bounded typed element
CODE_06_AI.bin,0x0000C661,GetNthElementInGroup__13CGenericGroupFi,accepted_x86_correlation,represented,0x0041DF60,high,src/AI/CGenericGroup.cpp,genuine exact member sets iterator and returns bounded typed element
CODE_06_AI.bin,0x0000C6DF,SwapElements__13CGenericGroupFP11CGameObjectP11CGameObject,accepted_x86_correlation,represented,0x0041DFC0,high,src/AI/CGenericGroup.cpp,genuine member finds two exact object pointers and swaps their typed slots
CODE_06_AI.bin,0x0000C741,AddElementToGroup__13CGenericGroupFP11CGameObject,accepted_x86_correlation,represented,0x0041E020,high,src/AI/CGenericGroup.cpp,genuine exact member appends typed object pointer and marks group dirty
CODE_06_AI.bin,0x0000C7DB,RemoveElementFromGroup__13CGenericGroupFP11CGameObject,accepted_x86_correlation,represented,0x0041E050,high,src/AI/CGenericGroup.cpp,"genuine exact member finds object, compacts ten-slot table, decrements count, and marks group dirty"
CODE_06_AI.bin,0x0000C845,ConfirmElementIsInGroup__13CGenericGroupFP11CGameObject,accepted_x86_correlation,represented,0x0041E0C0,high,src/AI/CGenericGroup.cpp,genuine member scans typed element table for exact object pointer
CODE_06_AI.bin,0x0000C8C1,ConfirmElementIsInGroup__13CGenericGroupFUs,accepted_x86_correlation,represented,0x0041E100,high,src/AI/CGenericGroup.cpp,genuine member scans typed elements for matching evidenced 16-bit field at +0x6A
CODE_06_AI.bin,0x0000C94F,GetBoundingBox__13CGenericGroupFv,accepted_x86_correlation,represented,0x0041E140,high,src/AI/CGenericGroup.cpp,genuine aggregate-return member returns the evidenced four-short group bounds at +0x158
CODE_06_AI.bin,0x0000C9AF,GetBoundingBox__13CGenericGroupFR7CVSRect,accepted_x86_correlation,represented,0x0041E180,high,src/AI/CGenericGroup.cpp,genuine reference overload copies the evidenced four-short group bounds into CVSRect
CODE_06_AI.bin,0x0000CAD9,CalculateBoundingBox__13CGenericGroupFi,accepted_x86_correlation,represented,0x0041E1C0,high,src/AI/CGenericGroup.cpp,genuine member scans typed element fixed-point positions and stores radius-expanded short bounds
CODE_06_AI.bin,0x0000CB57,AddNewWaypoint__13CGenericGroupF7AICOORDP17CFormationManager,accepted_x86_correlation,represented,0x0041E290,high,src/AI/CGenericGroup.cpp,genuine member stores shared formation context and appends a typed 20-byte movement command when queue capacity permits
CODE_06_AI.bin,0x0000CCD7,SendNewWaypoint__13CGenericGroupF7AICOORD,accepted_x86_correlation,represented,0x0041E2E0,high,src/AI/CGenericGroup.cpp,genuine member rotates the shared CFormationManager and appends typed per-element destinations through virtual group iteration
CODE_06_AI.bin,0x0000CD0D,OverideExistingWaypoints__13CGenericGroupF7AICOORD,accepted_x86_correlation,represented,0x0041E3C0,high,src/AI/CGenericGroup.cpp,genuine exact no-op member preserves evidenced by-value AICOORD signature
CODE_06_AI.bin,0x0000CD8F,ClearExistingWaypoints__13CGenericGroupFv,accepted_x86_correlation,represented,0x0041E3D0,high,src/AI/CGenericGroup.cpp,genuine effective-exact member clears the group command count and invokes CGameObject::ResetInstructions through first/next virtual iteration
CODE_06_AI.bin,0x0000CDCF,SetFormationIndex__13CGenericGroupFi,accepted_x86_correlation,represented,0x0041E400,high,src/AI/CGenericGroup.cpp,genuine exact member stores formation index at +0x160
CODE_06_AI.bin,0x0000CE07,GetFormationIndex__13CGenericGroupFv,accepted_x86_correlation,represented,0x0041E410,high,src/AI/CGenericGroup.cpp,genuine exact member returns formation index from +0x160
CODE_06_AI.bin,0x0000CFB7,ReformAlteredGroup__13CGenericGroupFP17CFormationManager,accepted_x86_correlation,gap,0x0041E420,high,src/AI/CGenericGroup.cpp,"accepted mapping in data/macintosh-x86-correlations.csv; exact trailer offset; when dirty, rotates supplied formation and prepends offset commands to all children"
CODE_06_AI.bin,0x0000D10D,CheckGroupIntersection__13CGenericGroupFP7CVSRectP7AICOORD,accepted_x86_correlation,represented,0x0041E530,high,src/AI/CGenericGroup.cpp,genuine member bounds-rejects the rectangle then scans typed children and copies the first matching fixed-point position
CODE_06_AI.bin,0x0000D1AF,GetViewData__13CGenericGroupFP9CViewData,accepted_x86_correlation,represented,0x0041E640,high,src/AI/CGenericGroup.cpp,genuine member iterates typed children through group vslots and emits one 0x4C-byte view record per child
CODE_06_AI.bin,0x0000D227,__ct__20CGenericGroupManagerFP3CAIP14CObjectManagerP17CFormationManager,accepted_x86_correlation,gap,0x0041E8F0,high,src/Platform/Windows/Mixed/Engine/CORE/LINKSCF.CPP; src/Platform/Windows/Mixed/Level/RUN/LEVELRUN.CPP,"accepted mapping in data/macintosh-x86-correlations.csv; exact trailer offset; constructs manager with shared AI/object/formation contexts, 40 inline group slots, count/iterator, and active flag"
CODE_06_AI.bin,0x0000D2D4,__dt__20CGenericGroupManagerFv,accepted_x86_correlation,gap,0x0041E940,high,src/Platform/Windows/Mixed/Engine/CORE/LINKSCF.CPP; src/Platform/Windows/Mixed/Level/RUN/LEVELRUN.CPP,accepted mapping in data/macintosh-x86-correlations.csv; exact trailer offset; real destructor restores manager vtable and destroys all 40 cached group slots
CODE_06_AI.bin,0x0000D343,Restart__20CGenericGroupManagerFv,accepted_x86_correlation,gap,0x0041E970,high,src/Platform/Windows/Mixed/Engine/CORE/LINKSCF.CPP; src/Platform/Windows/Mixed/Level/RUN/LEVELRUN.CPP,accepted mapping in data/macintosh-x86-correlations.csv; exact trailer offset; iterates groups through manager slots and invokes each group Restart vslot 0x104
CODE_06_AI.bin,0x0000D3B7,Process__20CGenericGroupManagerFv,accepted_x86_correlation,gap,0x0041E9F0,high,src/Platform/Windows/Mixed/Engine/CORE/LINKSCF.CPP; src/Platform/Windows/Mixed/Level/RUN/LEVELRUN.CPP,accepted mapping in data/macintosh-x86-correlations.csv; exact trailer offset; iterates groups through manager slots and invokes each group Process vslot 0x14
CODE_06_AI.bin,0x0000D3ED,GetNumberOfGroups__20CGenericGroupManagerFv,accepted_x86_correlation,represented,0x0041EA20,high,src/Platform/Windows/Mixed/Engine/CORE/LINKSCF.CPP,genuine member returns group count at +0xA4
CODE_06_AI.bin,0x0000D439,GetFirstGroup__20CGenericGroupManagerFv,accepted_x86_correlation,represented,0x0041EA30,high,src/Platform/Windows/Mixed/Engine/CORE/LINKSCF.CPP,genuine member resets group iterator and returns first slot when count is nonzero
CODE_06_AI.bin,0x0000D48B,GetNextGroup__20CGenericGroupManagerFv,accepted_x86_correlation,represented,0x0041EA50,high,src/Platform/Windows/Mixed/Engine/CORE/LINKSCF.CPP,genuine member increments group iterator and returns next bounded slot
CODE_06_AI.bin,0x0000D4DD,GetNthGroup__20CGenericGroupManagerFi,accepted_x86_correlation,represented,0x0041EA70,high,src/Platform/Windows/Mixed/Engine/CORE/LINKSCF.CPP,genuine member sets group iterator and returns bounded slot
CODE_06_AI.bin,0x0000D529,GetCurrentGroup__20CGenericGroupManagerFv,accepted_x86_correlation,represented,0x0041EA90,high,src/Platform/Windows/Mixed/Engine/CORE/LINKSCF.CPP,genuine member returns current bounded group slot without advancing
CODE_06_AI.bin,0x0000D5A9,GetNumberOfElements__20CGenericGroupManagerFv,accepted_x86_correlation,represented,0x0041EAB0,high,src/Platform/Windows/Mixed/Engine/CORE/LINKSCF.CPP,genuine member iterates groups and sums each CGenericGroup element count vslot 0x108
CODE_06_AI.bin,0x0000D613,GetFirstElement__20CGenericGroupManagerFv,accepted_x86_correlation,represented,0x0041EAE0,high,src/Platform/Windows/Mixed/Engine/CORE/LINKSCF.CPP,genuine member gets first group then invokes its first-element vslot 0x114
CODE_06_AI.bin,0x0000D6B7,GetNextElement__20CGenericGroupManagerFv,accepted_x86_correlation,represented,0x0041EB00,high,src/Platform/Windows/Mixed/Engine/CORE/LINKSCF.CPP,genuine member advances current group child then advances group when exhausted
CODE_06_AI.bin,0x0000D721,GetCurrentElement__20CGenericGroupManagerFv,accepted_x86_correlation,represented,0x0041EB40,high,src/Platform/Windows/Mixed/Engine/CORE/LINKSCF.CPP,genuine member gets current group and returns its current-element vslot 0x11C result
CODE_06_AI.bin,0x0000D79D,GetNthElement__20CGenericGroupManagerFi,accepted_x86_correlation,represented,0x0041EB60,high,src/Platform/Windows/Mixed/Engine/CORE/LINKSCF.CPP,genuine member starts first element then advances global nested iterator to supplied index
CODE_06_AI.bin,0x0000D827,GetGroupElementIsMemberOf__20CGenericGroupManagerFP11CGameObject,accepted_x86_correlation,represented,0x0041EB90,high,src/Platform/Windows/Mixed/Engine/CORE/LINKSCF.CPP,genuine member iterates groups and returns first whose membership vslot 0x130 confirms supplied object
CODE_06_AI.bin,0x0000D90F,CreateNewGroup__20CGenericGroupManagerFUsPUs,accepted_x86_correlation,gap,0x0041EBE0,high,src/Platform/Windows/Mixed/Engine/CORE/LINKSCF.CPP,"accepted mapping in data/macintosh-x86-correlations.csv; exact trailer offset; exact ushort count/id-list ABI allocates 0x168 CGenericGroup, appends it, resolves registry IDs, and attaches members"
CODE_06_AI.bin,0x0000D961,AddNewGroup__20CGenericGroupManagerFP13CGenericGroup,accepted_x86_correlation,represented,0x0041EC80,high,src/Platform/Windows/Mixed/Engine/CORE/LINKSCF.CPP,genuine member appends supplied group pointer to 40-slot table under capacity and increments count
CODE_06_AI.bin,0x0000D9A1,CreateNewGroup__20CGenericGroupManagerFv,accepted_x86_correlation,represented,0x0041ECA0,high,src/Platform/Windows/Mixed/Engine/CORE/LINKSCF.CPP,genuine exact no-op virtual body proven by manager vtable slot and family position
CODE_06_AI.bin,0x0000DA2F,DeleteGroup__20CGenericGroupManagerFP13CGenericGroup,accepted_x86_correlation,represented,0x0041ECB0,high,src/Platform/Windows/Mixed/Engine/CORE/LINKSCF.CPP,"genuine member finds exact group pointer, invokes deleting slot 0x00, decrements count, compacts the 40-slot table, and clears the tail"
CODE_06_AI.bin,0x0000DA97,AddElementToGroup__20CGenericGroupManagerFP11CGameObjectP13CGenericGroup,accepted_x86_correlation,represented,0x0041ED20,high,src/Platform/Windows/Mixed/Engine/CORE/LINKSCF.CPP,genuine member removes prior membership then invokes group add-element slot 0x124
CODE_06_AI.bin,0x0000DB81,RemoveElementFromGroup__20CGenericGroupManagerFP11CGameObjectP13CGenericGroup,accepted_x86_correlation,represented,0x0041ED40,high,src/Platform/Windows/Mixed/Engine/CORE/LINKSCF.CPP,"genuine member invokes group remove slot, deletes empty group when configured, decrements and compacts manager slots"
CODE_06_AI.bin,0x0000DC13,FindElementInGroupAndRemoveIt__20CGenericGroupManagerFP11CGameObject,accepted_x86_correlation,represented,0x0041EDE0,high,src/Platform/Windows/Mixed/Engine/CORE/LINKSCF.CPP,genuine member finds containing group through vslot 0x2C then forwards object/group pair through removal vslot 0x40
CODE_06_AI.bin,0x0000DD0F,GetAllBoundingBoxes__20CGenericGroupManagerFP5tRect,accepted_x86_correlation,represented,0x0041EE00,high,src/Platform/Windows/Mixed/Engine/CORE/LINKSCF.CPP,"genuine member iterates groups, gets four 16-bit bounds through slot 0x48, emits four-int rectangles, and returns count"
CODE_06_AI.bin,0x0000DDAB,GetViewData__20CGenericGroupManagerFP9CViewData,accepted_x86_correlation,represented,0x0041EE90,high,src/Platform/Windows/Mixed/Engine/CORE/LINKSCF.CPP,"genuine member iterates groups, emits each child view records through slot 0x158 with exact 0x4C stride, and sums count"
CODE_06_AI.bin,0x0000DE45,CheckGroupIntersection__20CGenericGroupManagerFP7CVSRectP7AICOORD,accepted_x86_correlation,represented,0x0041EED0,high,src/Platform/Windows/Mixed/Engine/CORE/LINKSCF.CPP,genuine member iterates groups and returns true on first slot-0x15C rect/point query success
CODE_06_AI.bin,0x0000DF44,__ct__11CGodManagerFi,genuinely_missing_or_unresolved,gap,,unresolved,,no accepted address and no exact scoped spelling in current source
CODE_06_AI.bin,0x0000DFEC,__dt__11CGodManagerFv,genuinely_missing_or_unresolved,gap,,unresolved,,no accepted address and no exact scoped spelling in current source
CODE_06_AI.bin,0x0000E044,Restart__11CGodManagerFv,genuinely_missing_or_unresolved,gap,,unresolved,,no accepted address and no exact scoped spelling in current source
CODE_06_AI.bin,0x0000E0AB,Register__11CGodManagerFP18CBaseObjectManager,genuinely_missing_or_unresolved,gap,,unresolved,,no accepted address and no exact scoped spelling in current source
CODE_06_AI.bin,0x0000E165,ProcessMsg__11CGodManagerFP10tagMESSAGE,genuinely_missing_or_unresolved,gap,,unresolved,,no accepted address and no exact scoped spelling in current source
CODE_06_AI.bin,0x0000E1F1,TransportReceive__11CGodManagerFP11CReadPacket,genuinely_missing_or_unresolved,gap,,unresolved,,no accepted address and no exact scoped spelling in current source
CODE_06_AI.bin,0x0000E26F,GetViewData__11CGodManagerFP9CViewData,genuinely_missing_or_unresolved,gap,,unresolved,,no accepted address and no exact scoped spelling in current source
CODE_06_AI.bin,0x0000E2F2,Process__11CGodManagerFv,genuinely_missing_or_unresolved,gap,,unresolved,,no accepted address and no exact scoped spelling in current source
CODE_06_AI.bin,0x0000E31A,__ct__11CGroundAnimFv,genuinely_missing_or_unresolved,gap,,unresolved,,no accepted address and no exact scoped spelling in current source
CODE_06_AI.bin,0x0000E352,Restart__11CGroundAnimFv,genuinely_missing_or_unresolved,gap,,unresolved,,no accepted address and no exact scoped spelling in current source
CODE_06_AI.bin,0x0000E394,__dt__11CGroundAnimFv,genuinely_missing_or_unresolved,gap,,unresolved,,no accepted address and no exact scoped spelling in current source
CODE_06_AI.bin,0x0000E482,CheckAllAnims__11CGroundAnimFv,genuinely_missing_or_unresolved,gap,,unresolved,,no accepted address and no exact scoped spelling in current source
CODE_06_AI.bin,0x0000E592,Process__11CGroundAnimFv,genuinely_missing_or_unresolved,gap,,unresolved,,no accepted address and no exact scoped spelling in current source
CODE_06_AI.bin,0x0000E607,Check__11CGroundAnimFRC8tCoord3d,genuinely_missing_or_unresolved,gap,,unresolved,,no accepted address and no exact scoped spelling in current source
CODE_06_AI.bin,0x0000E743,Add__11CGroundAnimFRC8tCoord3dUsUs,genuinely_missing_or_unresolved,gap,,unresolved,,no accepted address and no exact scoped spelling in current source
CODE_06_AI.bin,0x0000E7F8,LoadLevel__11CGroundAnimFPUciUc,genuinely_missing_or_unresolved,gap,,unresolved,,no accepted address and no exact scoped spelling in current source
CODE_06_AI.bin,0x0000E855,__ct__19CPlayerLemmingGroupFP3CAIP14CObjectManagerP17CFormationManager,accepted_x86_correlation,gap,0x00414010,high,src/AI/PlasChild.cpp,accepted mapping in data/macintosh-x86-correlations.csv; exact trailer offset; temporary constructor adapter remains pending genuine CGenericGroup constructor ownership
CODE_06_AI.bin,0x0000E8C9,Restart__19CPlayerLemmingGroupFv,accepted_x86_correlation,represented,0x00414040,high,src/AI/CPlayerLemmingGroup.cpp,genuine derived member resets base and player-group state; 100% match
CODE_06_AI.bin,0x0000E926,__dt__19CPlayerLemmingGroupFv,accepted_x86_correlation,gap,0x00414070,high,src/Platform/Windows/Mixed/Level/VTABLE/LEVELVT.CPP,accepted mapping in data/macintosh-x86-correlations.csv; exact trailer offset; restores player-group vtable and delegates non-deleting base child destruction
CODE_06_AI.bin,0x0000E9B5,GetViewData__19CPlayerLemmingGroupFP9CViewData,accepted_x86_correlation,gap,0x00414080,high,src/Platform/Windows/Mixed/Level/VTABLE/LEVELVT.CPP,"accepted mapping in data/macintosh-x86-correlations.csv; exact trailer offset; iterates player lemmings, skips state 12, emits exact 0x4C CViewData records, and returns count"
CODE_06_AI.bin,0x0000EA52,CloseTo__F7AICOORD7AICOORD,genuinely_missing_or_unresolved,gap,,unresolved,,no accepted address and no exact scoped spelling in current source
CODE_06_AI.bin,0x0000EA90,Delete__19CPlayerLemmingGroupFv,accepted_x86_correlation,represented,0x00414130,high,src/AI/CPlayerLemmingGroup.cpp,genuine member clears target back-reference and field 0x170; 100% match
CODE_06_AI.bin,0x0000F0CF,Process__19CPlayerLemmingGroupFv,accepted_x86_correlation,gap,0x00414150,high,src/Platform/Windows/Mixed/Level/VTABLE/LEVELVT.CPP,accepted mapping in data/macintosh-x86-correlations.csv; exact trailer offset; services children and executes player-group command/use-object state machine over fields 0x160..0x170
CODE_06_AI.bin,0x0000F161,AddLemmingToGroup__19CPlayerLemmingGroupFP14CPlayerLemming,accepted_x86_correlation,represented,0x00414600,high,src/AI/CPlayerLemmingGroup.cpp,"genuine typed member appends child, binds owner, and updates control flags; 100% match"
CODE_06_AI.bin,0x0000F27D,AddUseObject__19CPlayerLemmingGroupFi,accepted_x86_correlation,gap,0x00414660,high,src/Platform/Windows/Mixed/Level/VTABLE/LEVELVT.CPP,accepted mapping in data/macintosh-x86-correlations.csv; exact trailer offset; resolves 16-bit level entity ID and queues paired move/use-object commands
CODE_06_AI.bin,0x0000F355,AddUseObject__19CPlayerLemmingGroupFP11CGameObjecti,accepted_x86_correlation,gap,0x00414730,high,src/Platform/Windows/Mixed/Level/VTABLE/LEVELVT.CPP,accepted mapping in data/macintosh-x86-correlations.csv; exact trailer offset; accepts object pointer plus ID and queues paired move/use-object commands
CODE_06_AI.bin,0x0000F3DD,RemoveLemmingFromGroup__19CPlayerLemmingGroupFP14CPlayerLemming,accepted_x86_correlation,gap,0x004147D0,high,src/Platform/Windows/Mixed/Level/VTABLE/LEVELVT.CPP,"accepted mapping in data/macintosh-x86-correlations.csv; exact trailer offset; removes exact child, restores first child player control when active, and marks group dirty"
CODE_06_AI.bin,0x0000F4A3,SetPlayerControlled__19CPlayerLemmingGroupFUcP14CPlayerLemming,accepted_x86_correlation,represented,0x00414810,high,src/AI/CPlayerLemmingGroup.cpp,accepted mapping in data/macintosh-x86-correlations.csv; genuine class member with target int ABI; exact trailer offset; sets all child control flags
CODE_06_AI.bin,0x0000F4F5,CheckPlayerControlled__19CPlayerLemmingGroupFv,accepted_x86_correlation,represented,0x00414880,high,src/AI/CPlayerLemmingGroup.cpp,genuine exact getter for player-controlled state at offset 0x168; 100% match
CODE_06_AI.bin,0x0000F567,GetFirstDeadLemming__19CPlayerLemmingGroupFv,accepted_x86_correlation,represented,0x00414890,high,src/AI/CPlayerLemmingGroup.cpp,genuine member virtually iterates typed children for state 8; 37.84% match
CODE_06_AI.bin,0x0000F637,ClearExistingWaypoints__19CPlayerLemmingGroupFv,accepted_x86_correlation,gap,0x004148F0,high,src/Platform/Windows/Mixed/Level/VTABLE/LEVELVT.CPP,accepted mapping in data/macintosh-x86-correlations.csv; exact trailer offset; clears child pending commands and active use-object target then caches current child count
CODE_06_AI.bin,0x0000F6BB,HasSFXChanged__19CPlayerLemmingGroupFv,accepted_x86_correlation,represented,0x00414960,high,src/AI/CPlayerLemmingGroup.cpp,genuine member virtually walks child stream-dirty state; 77.55% match
CODE_06_AI.bin,0x0000F7F9,__ct__26CPlayerLemmingGroupManagerFP3CAIP14CObjectManagerP17CFormationManager,accepted_x86_correlation,gap,0x00418400,high,src/Platform/Windows/Mixed/Engine/CORE/LINKSCF.CPP; src/Platform/Windows/Mixed/Level/VTABLE/LEVELVT.CPP,"accepted mapping in data/macintosh-x86-correlations.csv; exact trailer offset; constructs PLAS manager and EFF stream, initializes manager fields, and allocates five 0x174 child groups"
CODE_06_AI.bin,0x0000F865,Restart__26CPlayerLemmingGroupManagerFv,accepted_x86_correlation,gap,0x00418520,high,src/Platform/Windows/Mixed/Engine/CORE/LINKSCF.CPP; src/Platform/Windows/Mixed/Level/VTABLE/LEVELVT.CPP,accepted mapping in data/macintosh-x86-correlations.csv; exact trailer offset; activates cached group children and clears detach cache through the embedded stream this-adjustment
CODE_06_AI.bin,0x0000F985,__dt__26CPlayerLemmingGroupManagerFv,accepted_x86_correlation,gap,0x00418540,high,src/Platform/Windows/Mixed/Engine/CORE/LINKSCF.CPP; src/Platform/Windows/Mixed/Level/VTABLE/LEVELVT.CPP,"accepted mapping in data/macintosh-x86-correlations.csv; exact trailer offset; real non-deleting destructor restores manager/stream vtables, destroys group/profile children, then stream and manager base"
CODE_06_AI.bin,0x0000F9D5,GetDead__26CPlayerLemmingGroupManagerFv,accepted_x86_correlation,represented,0x004185D0,high,src/AI/CPlayerLemmingGroupManager.cpp,genuine exact member pops the last dead CPlayerLemming pointer from count/table fields and returns null when empty
CODE_06_AI.bin,0x0000FA53,GetLeaderPos__26CPlayerLemmingGroupManagerFR7AICOORD,accepted_x86_correlation,represented,0x004185F0,high,src/AI/CPlayerLemmingGroupManager.cpp,genuine exact member gets the first active group then first child and copies its fixed-point AICOORD position
CODE_06_AI.bin,0x0000FA93,ProcessDead__26CPlayerLemmingGroupManagerFv,accepted_x86_correlation,represented,0x00418640,high,src/AI/CPlayerLemmingGroupManager.cpp,genuine exact no-op member called after state-8 removal pass and proven by family position/caller
CODE_06_AI.bin,0x0000FBA9,Process__26CPlayerLemmingGroupManagerFv,accepted_x86_correlation,gap,0x00418650,high,src/Platform/Windows/Mixed/Engine/CORE/LINKSCF.CPP; src/Platform/Windows/Mixed/Level/VTABLE/LEVELVT.CPP,"accepted mapping in data/macintosh-x86-correlations.csv; exact trailer offset; vtable process services groups, removes state-8 lemmings, records dead lemming pointers, repairs selection, then calls ProcessDead"
CODE_06_AI.bin,0x0000FBED,DeleteGroup__26CPlayerLemmingGroupManagerFP19CPlayerLemmingGroup,accepted_x86_correlation,gap,0x004187F0,high,src/Platform/Windows/Mixed/Engine/CORE/LINKSCF.CPP; src/Platform/Windows/Mixed/Level/VTABLE/LEVELVT.CPP,accepted mapping in data/macintosh-x86-correlations.csv; exact trailer offset; removes supplied group through manager base and selects previous valid group when needed
CODE_06_AI.bin,0x0000FD01,CreateNewGroup__26CPlayerLemmingGroupManagerFUsPUs,accepted_x86_correlation,gap,0x00418730,high,src/Platform/Windows/Mixed/Engine/CORE/LINKSCF.CPP; src/Platform/Windows/Mixed/Level/VTABLE/LEVELVT.CPP,"accepted mapping in data/macintosh-x86-correlations.csv; exact trailer offset; exact ushort count/id-list ABI selects empty group, resolves registry IDs, attaches lemmings, clears commands, and selects group"
CODE_06_AI.bin,0x0000FD63,AddPlayerLemmingToGroup__26CPlayerLemmingGroupManagerFP14CPlayerLemmingP19CPlayerLemmingGroup,accepted_x86_correlation,represented,0x00418820,high,src/AI/CPlayerLemmingGroupManager.cpp,genuine member removes the lemming from any existing manager group then attaches it to the supplied player group
CODE_06_AI.bin,0x0000FDF5,IsLemmingPlayerControlled__26CPlayerLemmingGroupManagerFP14CPlayerLemming,accepted_x86_correlation,represented,0x00418840,high,src/AI/CPlayerLemmingGroupManager.cpp,genuine typed member finds the lemming group and returns its active state; accepted CAI caller forwards here
CODE_06_AI.bin,0x0000FEC1,MakeNextGroupPlayerControlled__26CPlayerLemmingGroupManagerFv,accepted_x86_correlation,represented,0x00418860,high,src/AI/CPlayerLemmingGroupManager.cpp,accepted mapping in data/macintosh-x86-correlations.csv; genuine exact class member; exact trailer offset; clears active states
CODE_06_AI.bin,0x0000FF89,MakePreviousGroupPlayerControlled__26CPlayerLemmingGroupManagerFv,accepted_x86_correlation,represented,0x004188E0,high,src/AI/CPlayerLemmingGroupManager.cpp,accepted mapping in data/macintosh-x86-correlations.csv; genuine exact class member; exact trailer offset; inverse selection path with negative-index wrap and validity checks
CODE_06_AI.bin,0x0001003D,MakeParticularGroupPlayerControlled__26CPlayerLemmingGroupManagerFP19CPlayerLemmingGroup,accepted_x86_correlation,represented,0x00418960,high,src/AI/CPlayerLemmingGroupManager.cpp,accepted mapping in data/macintosh-x86-correlations.csv; genuine exact class member; exact trailer offset; locates supplied group
CODE_06_AI.bin,0x000100D3,MakeNoGroupsPlayerControlled__26CPlayerLemmingGroupManagerFv,accepted_x86_correlation,represented,0x004189C0,high,src/AI/CPlayerLemmingGroupManager.cpp,accepted mapping in data/macintosh-x86-correlations.csv; genuine exact class member; exact trailer offset; iterates manager group table and clears each controlled state
CODE_06_AI.bin,0x00010151,GetPlayerControlledGroup__26CPlayerLemmingGroupManagerFv,accepted_x86_correlation,represented,0x004189F0,high,src/AI/CPlayerLemmingGroupManager.cpp,genuine member returns the first group whose active-state getter is one
CODE_06_AI.bin,0x0001021D,AddNewWaypointToCurrentGroup__26CPlayerLemmingGroupManagerFii,accepted_x86_correlation,represented,0x00418A30,high,src/AI/CPlayerLemmingGroupManager.cpp,"genuine exact member shifts coordinates by 12, packages AICOORD, and invokes the typed controlled-group waypoint slot 0x144 with the shared formation manager"
CODE_06_AI.bin,0x0001028B,RemoveWaypointsFromCurrentGroup__26CPlayerLemmingGroupManagerFv,accepted_x86_correlation,represented,0x00418A90,high,src/AI/CPlayerLemmingGroupManager.cpp,genuine member finds the controlled group and invokes complementary clear-waypoints slot 0x150
CODE_06_AI.bin,0x00010361,UseObject__26CPlayerLemmingGroupManagerFi,accepted_x86_correlation,gap,0x00418AB0,high,src/Platform/Windows/Mixed/Engine/CORE/LINKSCF.CPP; src/Platform/Windows/Mixed/Level/VTABLE/LEVELVT.CPP,"accepted mapping in data/macintosh-x86-correlations.csv; exact trailer offset; uses object/entity ID, queues on current group or transfers control to owner, rejecting dead state 8"
CODE_06_AI.bin,0x000103E1,ReformAlteredGroups__26CPlayerLemmingGroupManagerFP19CPlayerLemmingGroup,accepted_x86_correlation,gap,0x00418B20,high,src/Platform/Windows/Mixed/Engine/CORE/LINKSCF.CPP; src/Platform/Windows/Mixed/Level/VTABLE/LEVELVT.CPP,accepted mapping in data/macintosh-x86-correlations.csv; exact trailer offset; iterates groups except supplied one and invokes reform slot 0x154
CODE_06_AI.bin,0x00010483,PlayerGroupRequestFire__26CPlayerLemmingGroupManagerFii,accepted_x86_correlation,gap,0x00418B60,high,src/Platform/Windows/Mixed/Engine/CORE/LINKSCF.CPP; src/Platform/Windows/Mixed/Level/VTABLE/LEVELVT.CPP,accepted mapping in data/macintosh-x86-correlations.csv; exact trailer offset; exact coordinate pair applies target tile to every lemming in controlled group
CODE_06_AI.bin,0x0001056B,InitialiseNetwork__26CPlayerLemmingGroupManagerFv,accepted_x86_correlation,represented,0x00418CA0,high,src/AI/CPlayerLemmingGroupManager.cpp,genuine member performs network-gated allocation and restart of exactly four 0x22C player lemmings bound to the manager stream subobject
CODE_06_AI.bin,0x00010875,LoadLevel__26CPlayerLemmingGroupManagerFPUcUlUc,accepted_x86_correlation,gap,0x00418D20,high,src/Platform/Windows/Mixed/Engine/CORE/LINKSCF.CPP; src/Platform/Windows/Mixed/Level/VTABLE/LEVELVT.CPP,"accepted mapping in data/macintosh-x86-correlations.csv; exact trailer offset; compatible buffer/length/reuse ABI parses start, creates/reuses lemmings, forms/selects group, and emits type 0x18"
CODE_06_AI.bin,0x00010C09,LoadAdditionalPlayerStartPositions__26CPlayerLemmingGroupManagerFPUcUlUc,accepted_x86_correlation,gap,0x00419060,high,src/Platform/Windows/Mixed/Engine/CORE/LINKSCF.CPP; src/Platform/Windows/Mixed/Level/VTABLE/LEVELVT.CPP,"accepted mapping in data/macintosh-x86-correlations.csv; exact trailer offset; same loader ABI parses counted network starts/groups, creates/reuses lemmings, forms groups, and selects first"
CODE_06_AI.bin,0x00010C95,HasSFXChanged__26CPlayerLemmingGroupManagerFv,accepted_x86_correlation,represented,0x004193F0,high,src/AI/CPlayerLemmingGroupManager.cpp,genuine member OR-reduces player-group stream/SFX dirty predicates and is reached by the accepted CAI caller
CODE_06_AI.bin,0x00010D29,GetViewData__26CPlayerLemmingGroupManagerFP9CViewData,accepted_x86_correlation,gap,0x00419490,high,src/Platform/Windows/Mixed/Engine/CORE/LINKSCF.CPP; src/Platform/Windows/Mixed/Level/VTABLE/LEVELVT.CPP,accepted mapping in data/macintosh-x86-correlations.csv; exact trailer offset; vtable view slot emits network then ordinary group records with exact 0x4C stride
CODE_06_AI.bin,0x00010D90,__ct__5CHandFv,accepted_x86_correlation,represented,0x00427AD0,high,src/AI/CHand.cpp,accepted mapping at 0x00427AD0 (exact trailer offset): constructs level chunk type 0x1f and installs hand vtable
CODE_06_AI.bin,0x00010DBA,Initialise__5CHandFv,accepted_x86_correlation,represented,0x00427AF0,high,src/AI/CHand.cpp,accepted mapping at 0x00427AF0 (exact trailer offset): clears runtime timestamp activation and configured flags
CODE_06_AI.bin,0x00010E08,Restart__5CHandFv,accepted_x86_correlation,represented,0x00427B10,high,src/AI/CHand.cpp,accepted mapping at 0x00427B10 (exact trailer offset): restarts managed base and restores configured position
CODE_06_AI.bin,0x00010E62,__dt__5CHandFv,accepted_x86_correlation,represented,0x00427B40,high,src/AI/CHand.cpp,accepted mapping at 0x00427B40 (exact trailer offset): restores hand vtable and destroys level chunk base
CODE_06_AI.bin,0x00010F3E,Set__5CHandFUsRC7AICOORD,accepted_x86_correlation,represented,0x00427B50,high,src/AI/CHand.cpp,"accepted mapping in data/macintosh-x86-correlations.csv; exact trailer offset; stores slot and coordinate, enters state 0x18 and marks terrain cells"
CODE_06_AI.bin,0x000110A2,Process__5CHandFv,accepted_x86_correlation,represented,0x00427C40,high,src/AI/CHand.cpp,accepted mapping in data/macintosh-x86-correlations.csv; exact trailer offset; advances capture release states and network transitions
CODE_06_AI.bin,0x00011175,StepOn__5CHandFRC7AICOORDP11CGameObject,accepted_x86_correlation,represented,0x00427D70,high,src/AI/CHand.cpp,accepted mapping in data/macintosh-x86-correlations.csv; exact trailer offset; tests entity type and capture band then arms state 0x19
CODE_06_AI.bin,0x000111DC,DoActivate__5CHandFv,accepted_x86_correlation,represented,0x00427E10,high,src/AI/CHand.cpp,accepted mapping in data/macintosh-x86-correlations.csv; exact trailer offset; preserves target and converts relative delays to frame ticks
CODE_06_AI.bin,0x00011260,__ct__12CHandManagerFP3CAIi,accepted_x86_correlation,represented,0x00427E60,high,src/AI/CHandManager.cpp,accepted mapping at 0x00427E60 (exact trailer offset): constructs EFF-backed hand manager and stores owner capacity
CODE_06_AI.bin,0x000112C4,Restart__12CHandManagerFv,accepted_x86_correlation,represented,0x00427EC0,high,src/AI/CHandManager.cpp,accepted mapping at 0x00427EC0 (exact trailer offset): restarts all capacity-counted hand children with 0x144 stride
CODE_06_AI.bin,0x0001138C,Initialise__12CHandManagerFi,accepted_x86_correlation,represented,0x00427EF0,high,src/AI/CHandManager.cpp,accepted mapping in data/macintosh-x86-correlations.csv; exact trailer offset; allocates counted 0x144-byte hand array and links manager owner
CODE_06_AI.bin,0x00011408,__dt__12CHandManagerFv,accepted_x86_correlation,represented,0x00427FA0,high,src/AI/CHandManager.cpp,accepted mapping at 0x00427FA0 (exact trailer offset): destroys owned hand array and EFF stream base
CODE_06_AI.bin,0x000114AF,StepOn__12CHandManagerFRC7AICOORDP11CGameObject,accepted_x86_correlation,represented,0x00428360,high,src/AI/CHandManager.cpp,accepted mapping in data/macintosh-x86-correlations.csv; exact trailer offset; dispatches contact to active unarmed hand children
CODE_06_AI.bin,0x0001155E,Process__12CHandManagerFv,accepted_x86_correlation,represented,0x004283C0,high,src/AI/CHandManager.cpp,accepted mapping in data/macintosh-x86-correlations.csv; exact trailer offset; refreshes active and remote hand state machines
CODE_06_AI.bin,0x000115CD,GetViewData__12CHandManagerFP9CViewData,accepted_x86_correlation,represented,0x00428410,high,src/AI/CHandManager.cpp,accepted mapping in data/macintosh-x86-correlations.csv; exact trailer offset; emits one view record per live hand
CODE_06_AI.bin,0x0001167C,Add__12CHandManagerFUsiii,accepted_x86_correlation,represented,0x00428460,high,src/AI/CHandManager.cpp,accepted mapping in data/macintosh-x86-correlations.csv; exact trailer offset; converts level coordinates to fixed point and seeds next hand
CODE_06_AI.bin,0x00011749,LoadLevel__12CHandManagerFPUciUc,accepted_x86_correlation,represented,0x004284C0,high,src/AI/CHandManager.cpp,accepted mapping in data/macintosh-x86-correlations.csv; exact trailer offset; loads count slot ids and coordinate records by level version
CODE_06_AI.bin,0x0001179A,__ct__4CIceFv,accepted_x86_correlation,gap,0x0042CA70,high,src/Platform/Windows/Mixed/Engine/CORE/LINKSCF.CPP,constructs level chunk type 0x33 and installs ICE vtable
CODE_06_AI.bin,0x000117C6,Restart__4CIceFv,accepted_x86_correlation,gap,0x0042CA90,high,src/Platform/Windows/Mixed/Engine/CORE/LINKSCF.CPP,restarts inherited runtime then calls CIce Initialise
CODE_06_AI.bin,0x00011804,Initialise__4CIceFv,accepted_x86_correlation,gap,0x0042CAB0,high,src/Platform/Windows/Mixed/Engine/CORE/LINKSCF.CPP,clears runtime flags attached count and records current tick
CODE_06_AI.bin,0x00011860,__dt__4CIceFv,accepted_x86_correlation,gap,0x0042CAF0,high,src/Platform/Windows/Mixed/Engine/CORE/LINKSCF.CPP,restores ICE vtable and destroys level chunk base
CODE_06_AI.bin,0x00011A19,Set__4CIceFUsRC8tCoord3dRC8tCoord3diiUc,accepted_x86_correlation,gap,0x0042CB00,high,src/AI/CIce.cpp,stores endpoints movement and activation marks covered terrain and samples heights
CODE_06_AI.bin,0x00011FF8,Process__4CIceFv,accepted_x86_correlation,gap,0x0042CD70,high,src/AI/CHUNKOBJVT.CPP,moves attached entities toggles activation and redispatches terrain contacts
CODE_06_AI.bin,0x00012151,StepOn__4CIceFRC7AICOORDP11CGameObject,accepted_x86_correlation,gap,0x0042D380,high,src/AI/CIce.cpp,attaches eligible entities inside bounds to the ten-entry held list
CODE_06_AI.bin,0x000121EC,Leave__4CIceFP14CPlayerLemming,accepted_x86_correlation,gap,0x0042D4D0,high,src/AI/CIce.cpp,removes the matching lemming from the attached entity list
CODE_06_AI.bin,0x00012224,Switch__4CIceFv,accepted_x86_correlation,represented,0x0042D550,high,src/AI/CIce.cpp,accepted mapping 0x0042D550 (exact trailer offset): ice object requests its switched state transition
CODE_06_AI.bin,0x00012434,Switched__4CIceFv,accepted_x86_correlation,gap,0x0042D560,high,src/AI/CIce.cpp,releases held entities when disabled and refreshes activation timestamp when enabled
CODE_06_AI.bin,0x000124B4,__ct__11CIceManagerFP3CAIi,accepted_x86_correlation,represented,0x0042D7A0,high,src/AI/CIceManager.cpp,constructs EFF stream 0x19 payload 0x0e and records owner capacity
CODE_06_AI.bin,0x00012518,Restart__11CIceManagerFv,accepted_x86_correlation,represented,0x0042D800,high,src/AI/CIceManager.cpp,restarts every child using 0x188 byte stride
CODE_06_AI.bin,0x000125E0,Initialise__11CIceManagerFi,accepted_x86_correlation,gap,0x0042D830,high,src/AI/CIceManager.cpp,allocates constructs and owns the 0x188 byte child array
CODE_06_AI.bin,0x0001265A,__dt__11CIceManagerFv,accepted_x86_correlation,represented,0x0042D8E0,high,src/AI/CIceManager.cpp,deletes child array and destroys EFF stream base
CODE_06_AI.bin,0x000126B2,Process__11CIceManagerFv,accepted_x86_correlation,represented,0x0042DD00,high,src/AI/CIceManager.cpp,processes every configured child
CODE_06_AI.bin,0x000126DF,GetViewData__11CIceManagerFP9CViewData,accepted_x86_correlation,represented,0x0042DD30,high,src/AI/CIceManager.cpp,exact constant-zero Macintosh view method
CODE_06_AI.bin,0x00012759,StepOn__11CIceManagerFRC7AICOORDP11CGameObject,accepted_x86_correlation,gap,0x0042DD40,high,src/AI/CIceManager.cpp,tries each child until one accepts the entity
CODE_06_AI.bin,0x000127F9,Switch__11CIceManagerF9swMessagei,accepted_x86_correlation,represented,0x0042DD90,high,src/AI/CIceManager.cpp,accepted mapping 0x0042DD90 (exact trailer offset): manager selects ice object by slot and dispatches switch action
CODE_06_AI.bin,0x00012871,Add__11CIceManagerFUsRC8tCoord3dRC8tCoord3diiUc,accepted_x86_correlation,gap,0x0042DDF0,high,src/AI/CIceManager.cpp,appends one bounded moving ICE rectangle
CODE_06_AI.bin,0x000129C8,LoadLevel__11CIceManagerFPUciUc,accepted_x86_correlation,gap,0x0042DEA0,high,src/AI/CIceManager.cpp,loads versioned endpoints movement activation and slot records through Add
CODE_06_AI.bin,0x00012A18,__ct__16CInvisibleSwitchFv,accepted_x86_correlation,represented,0x00409CA0,high,src/AI/CInvisibleSwitch.cpp,genuine CInvisibleSwitch constructor in the Macintosh class file; constructs chunk type 0x36 and installs the invisible-switch vtable
CODE_06_AI.bin,0x00012A52,Restart__16CInvisibleSwitchFv,accepted_x86_correlation,represented,0x00409CC0,high,src/AI/CInvisibleSwitch.cpp,genuine CInvisibleSwitch member in the Macintosh class file; resets inherited state then invisible-switch runtime fields
CODE_06_AI.bin,0x00012A9D,Initialise__16CInvisibleSwitchFv,accepted_x86_correlation,represented,0x00409CE0,high,src/AI/CInvisibleSwitch.cpp,genuine CInvisibleSwitch member in the Macintosh class file; clears trigger action tracked-object and sound state
CODE_06_AI.bin,0x00012B06,__dt__16CInvisibleSwitchFv,accepted_x86_correlation,represented,0x00409D10,high,src/AI/CInvisibleSwitch.cpp,genuine CInvisibleSwitch destructor in the Macintosh class file; restores the class vtable and destroys the chunk-object base
CODE_06_AI.bin,0x00012C63,Set__16CInvisibleSwitchFRC8tCoord3dRC8tCoord3d,accepted_x86_correlation,represented,0x00409D70,high,src/AI/CInvisibleSwitch.cpp,genuine CInvisibleSwitch member in the Macintosh class file; normalizes two coordinate bounds marks grid cells and resets tracked objects
CODE_06_AI.bin,0x00012D61,VerifyObjects__16CInvisibleSwitchFv,accepted_x86_correlation,represented,0x00409EC0,high,src/AI/CInvisibleSwitch.cpp,genuine CInvisibleSwitch member in the Macintosh class file; prunes tracked objects outside the expanded switch bounds
CODE_06_AI.bin,0x00012DCF,AddObject__16CInvisibleSwitchFP11CGameObject,accepted_x86_correlation,represented,0x00409F70,high,src/AI/CInvisibleSwitch.cpp,genuine CInvisibleSwitch member in the Macintosh class file; appends a tracked object and records this switch slot id
CODE_06_AI.bin,0x00012E8B,StepOn__16CInvisibleSwitchFRC7AICOORDP11CGameObject,accepted_x86_correlation,represented,0x00409FA0,high,src/AI/CInvisibleSwitch.cpp,genuine CInvisibleSwitch member with the Macintosh signature; tests contact bounds and requests activation for a new object
CODE_06_AI.bin,0x00012EF1,DoActivate__16CInvisibleSwitchFv,accepted_x86_correlation,represented,0x0040A020,high,src/AI/CInvisibleSwitch.cpp,genuine CInvisibleSwitch member in the Macintosh class file; dispatches the activation score or sound action once
CODE_06_AI.bin,0x00012FF6,Process__16CInvisibleSwitchFv,accepted_x86_correlation,represented,0x0040A050,high,src/AI/CInvisibleSwitch.cpp,genuine CInvisibleSwitch member in the Macintosh class file; verifies tracked objects and performs the activation action sequence
CODE_06_AI.bin,0x00013120,Load__16CInvisibleSwitchFRPUc,accepted_x86_correlation,represented,0x0040A110,high,src/AI/CInvisibleSwitch.cpp,genuine CInvisibleSwitch member in the Macintosh class file; loads slot bounds versioned type and action records through a byte cursor
CODE_06_AI.bin,0x000131AD,__ct__23CInvisibleSwitchManagerFP3CAIi,accepted_x86_correlation,represented,0x0040A210,high,src/AI/CInvisibleSwitchManager.cpp,genuine CInvisibleSwitchManager constructor with the Macintosh CAI owner signature; constructs the manager stream and records owner capacity and object array
CODE_06_AI.bin,0x0001321D,Restart__23CInvisibleSwitchManagerFv,accepted_x86_correlation,represented,0x0040A270,high,src/AI/CInvisibleSwitchManager.cpp,genuine CInvisibleSwitchManager member; restarts every allocated invisible switch at stride 0x2B8
CODE_06_AI.bin,0x000132F1,Initialise__23CInvisibleSwitchManagerFi,accepted_x86_correlation,represented,0x0040A2A0,high,src/AI/CInvisibleSwitchManager.cpp,genuine CInvisibleSwitchManager member; allocates constructs restarts and binds the invisible-switch array
CODE_06_AI.bin,0x00013373,__dt__23CInvisibleSwitchManagerFv,accepted_x86_correlation,represented,0x0040A350,high,src/AI/CInvisibleSwitchManager.cpp,genuine CInvisibleSwitchManager destructor; destroys the owned switch array and manager stream base
CODE_06_AI.bin,0x000133DF,StepOn__23CInvisibleSwitchManagerFRC7AICOORDP11CGameObject,accepted_x86_correlation,represented,0x0040A370,high,src/AI/CInvisibleSwitchManager.cpp,genuine CInvisibleSwitchManager member with the Macintosh signature; dispatches contact to each active invisible switch
CODE_06_AI.bin,0x0001345D,Process__23CInvisibleSwitchManagerFv,accepted_x86_correlation,represented,0x0040A3B0,high,src/AI/CInvisibleSwitchManager.cpp,genuine non-static CInvisibleSwitchManager member; processes each active invisible switch through its virtual slot
CODE_06_AI.bin,0x000134E9,LoadLevel__23CInvisibleSwitchManagerFPUciUc,accepted_x86_correlation,represented,0x0040A490,high,src/AI/CInvisibleSwitchManager.cpp,genuine CInvisibleSwitchManager member with the Macintosh signature; allocates and loads all serialized invisible switches
CODE_06_AI.bin,0x00013546,__ct__6CLaserFv,accepted_x86_correlation,represented,0x00428890,high,src/AI/CLaser.cpp,genuine CLaser constructor; constructs level chunk type 0x2f and installs the laser vtable
CODE_06_AI.bin,0x00013574,Restart__6CLaserFv,accepted_x86_correlation,represented,0x004288B0,high,src/AI/CLaser.cpp,genuine CLaser member; restarts managed base then laser runtime state
CODE_06_AI.bin,0x000135A8,Initialise__6CLaserFv,accepted_x86_correlation,represented,0x004288D0,high,src/AI/CLaser.cpp,genuine CLaser member; clears active flags target and state to 0x18
CODE_06_AI.bin,0x00013606,__dt__6CLaserFv,accepted_x86_correlation,represented,0x004288F0,high,src/AI/CLaser.cpp,genuine CLaser destructor; restores laser vtable and destroys level chunk base
CODE_06_AI.bin,0x00013765,Set__6CLaserFUsRC7AICOORD11eObjectType,accepted_x86_correlation,represented,0x00428900,high,src/AI/CLaser.cpp,genuine CLaser member with the Macintosh signature; stores slot coordinate subtype and marks directional beam footprint
CODE_06_AI.bin,0x000138D2,CheckHits__6CLaserFv,accepted_x86_correlation,represented,0x00428AB0,high,src/AI/CLaser.cpp,genuine CLaser member; scans beam path against terrain and type-two managed targets
CODE_06_AI.bin,0x00013AB8,Process__6CLaserFv,accepted_x86_correlation,represented,0x00428CF0,high,src/AI/CLaser.cpp,genuine CLaser member; advances laser states 0x17 through 0x1a and mirrors network state
CODE_06_AI.bin,0x00013B42,Activate__6CLaserFv,accepted_x86_correlation,represented,0x00428EC0,high,src/AI/CLaser.cpp,genuine CLaser member; starts reacquire delay and transitions to state 0x19
CODE_06_AI.bin,0x00013BC1,StepOn__6CLaserFRC7AICOORDP11CGameObject,accepted_x86_correlation,represented,0x00428F30,high,src/AI/CLaser.cpp,genuine CLaser member with the Macintosh signature; tests target type and distance then binds pending target
CODE_06_AI.bin,0x00014017,GetViewData__6CLaserFP9CViewData,accepted_x86_correlation,represented,0x00428F90,high,src/AI/CLaser.cpp,genuine CLaser member with Macintosh signature; emits base and up to seven directional beam view records
CODE_06_AI.bin,0x000140A6,__ct__13CLaserManagerFP3CAIi,accepted_x86_correlation,represented,0x00429320,high,src/AI/CLaserManager.cpp,genuine CLaserManager constructor with Macintosh CAI and capacity signature; constructs the EFF-backed manager
CODE_06_AI.bin,0x0001410C,Restart__13CLaserManagerFv,accepted_x86_correlation,represented,0x00429380,high,src/AI/CLaserManager.cpp,genuine CLaserManager member; restarts capacity-counted children at the evidenced 0x148 stride
CODE_06_AI.bin,0x000141D0,Initialise__13CLaserManagerFi,accepted_x86_correlation,represented,0x004293B0,high,src/AI/CLaserManager.cpp,genuine CLaserManager member; allocates constructs and links the 0x148-byte child array
CODE_06_AI.bin,0x0001424C,__dt__13CLaserManagerFv,accepted_x86_correlation,represented,0x00429450,high,src/AI/CLaserManager.cpp,genuine CLaserManager destructor; vector-deletes the child array and destroys the EFF stream base
CODE_06_AI.bin,0x000142FF,StepOn__13CLaserManagerFRC7AICOORDP11CGameObject,accepted_x86_correlation,represented,0x004297F0,high,src/AI/CLaserManager.cpp,genuine CLaserManager member with the Macintosh signature; dispatches contact to idle eligible laser children
CODE_06_AI.bin,0x000143B4,Process__13CLaserManagerFv,accepted_x86_correlation,represented,0x00429850,high,src/AI/CLaserManager.cpp,genuine CLaserManager member and typed vtable slot; marks live children dirty and advances active state machines
CODE_06_AI.bin,0x00014421,GetViewData__13CLaserManagerFP9CViewData,accepted_x86_correlation,represented,0x004298A0,high,src/AI/CLaserManager.cpp,genuine CLaserManager member and typed vtable slot; aggregates variable-count laser view records
CODE_06_AI.bin,0x000144D5,Add__13CLaserManagerFUsiii11eObjectType,accepted_x86_correlation,represented,0x004298F0,high,src/AI/CLaserManager.cpp,genuine CLaserManager member with Macintosh parameter types; converts tile coordinates and appends a typed laser child
CODE_06_AI.bin,0x000145C5,LoadLevel__13CLaserManagerFPUciUc,accepted_x86_correlation,represented,0x00429950,high,src/AI/CLaserManager.cpp,genuine CLaserManager member with Macintosh signature; loads count optional slot id subtype and tile coordinates
CODE_06_AI.bin,0x00014618,__ct__5CLiftFv,accepted_x86_correlation,represented,0x00424D00,high,src/AI/CLift.cpp,genuine CLift constructor; constructs chunk type 0x212 and installs the lift vtable
CODE_06_AI.bin,0x00014670,__dt__5CLiftFv,accepted_x86_correlation,represented,0x00424D20,high,src/AI/CLift.cpp,genuine CLift destructor; restores the lift vtable and destroys the chunk-object base
CODE_06_AI.bin,0x0001478E,CalculateCliff__5CLiftFv,accepted_x86_correlation,represented,0x00424D30,high,src/AI/CLift.cpp,genuine CLift member; refreshes boundary tile-column cliff counts around the lift footprint
CODE_06_AI.bin,0x00014959,Edit__5CLiftFisii17eLiftActivateTypeUc,accepted_x86_correlation,represented,0x00424DF0,high,src/AI/CLift.cpp,genuine CLift member; initializes lift motion bounds modes tile flags and runtime state
CODE_06_AI.bin,0x000149D9,Set__5CLiftFiiisii17eLiftActivateTypeUc,accepted_x86_correlation,represented,0x00425010,high,src/AI/CLift.cpp,genuine CLift overload; converts the legacy coordinate form and delegates to endpoint setup
CODE_06_AI.bin,0x00014AC9,Set__5CLiftFR8tCoord3dR8tCoord3dsii17eLiftActivateTypeUc,accepted_x86_correlation,represented,0x00425060,high,src/AI/CLift.cpp,genuine CLift overload; copies endpoint coordinates assigns id and initializes lift behavior
CODE_06_AI.bin,0x00014DDA,Process__5CLiftFv,accepted_x86_correlation,represented,0x00425100,high,src/AI/CLiftRun.cpp,genuine CLift member and typed vtable slot; advances the timed lift state machine and updates covered tile heights
CODE_06_AI.bin,0x00014E86,CheckObjects__5CLiftFv,accepted_x86_correlation,represented,0x00425440,high,src/AI/CLiftRun.cpp,genuine CLift member; prunes stale or detached lift passengers from eight object slots
CODE_06_AI.bin,0x00014FD1,StepOn__5CLiftFRC7AICOORDP11CGameObject,accepted_x86_correlation,represented,0x004254A0,high,src/AI/CLiftRun.cpp,genuine CLift member with Macintosh signature; tests footprint and platform height then attaches and activates objects
CODE_06_AI.bin,0x00015024,Activate__5CLiftFv,accepted_x86_correlation,represented,0x00425640,high,src/AI/CLiftAct.cpp,genuine CLift member; sets active state and requests managed state 0x19
CODE_06_AI.bin,0x0001506E,ActivateDeactivate__5CLiftFv,accepted_x86_correlation,represented,0x00425660,high,src/AI/CLiftAct.cpp,genuine CLift member; activates an idle lift or requests deactivation state 8
CODE_06_AI.bin,0x000150FA,__ct__12CLiftManagerFP3CAIi,accepted_x86_correlation,represented,0x00425680,high,src/AI/CLiftManager.cpp,genuine CLiftManager constructor and typed placement-new caller; constructs stream type 0x12 payload 7 and stores owner and capacity
CODE_06_AI.bin,0x00015164,Restart__12CLiftManagerFv,accepted_x86_correlation,represented,0x004256E0,high,src/AI/CLiftManager.cpp,genuine CLiftManager member and typed vtable slot; resets the lift id allocator and every allocated lift
CODE_06_AI.bin,0x0001522C,Initialise__12CLiftManagerFi,accepted_x86_correlation,represented,0x00425720,high,src/AI/CLiftManager.cpp,genuine CLiftManager member; allocates constructs binds and restarts a contiguous 0x190-stride lift array
CODE_06_AI.bin,0x000152A2,__dt__12CLiftManagerFv,accepted_x86_correlation,represented,0x004257C0,high,src/AI/CLiftManager.cpp,genuine CLiftManager destructor; destroys the lift array then inherited stream state
CODE_06_AI.bin,0x00015328,Process__12CLiftManagerFv,accepted_x86_correlation,represented,0x00425D30,high,src/AI/CLiftManager.cpp,genuine CLiftManager member and typed vtable slot; processes and prunes each active lift
CODE_06_AI.bin,0x0001538B,StepOn__12CLiftManagerFRC7AICOORDP11CGameObject,accepted_x86_correlation,represented,0x00425D80,high,src/AI/CLiftManager.cpp,genuine CLiftManager member; dispatches entity contact across all active lifts
CODE_06_AI.bin,0x000154EB,GetViewData__12CLiftManagerFP9CViewData,accepted_x86_correlation,represented,0x00425DF0,high,src/AI/CLiftManager.cpp,genuine CLiftManager member and typed vtable slot; emits one complete view record for each active lift
CODE_06_AI.bin,0x000155F3,Switch__12CLiftManagerF9swMessageiii,accepted_x86_correlation,represented,0x00425F10,high,src/AI/CLiftManager.cpp,genuine CLiftManager member and typed CAI caller; dispatches activate or toggle action to the addressed lift slot
CODE_06_AI.bin,0x00015650,Id__12CLiftManagerFi,accepted_x86_correlation,represented,0x00425F90,high,src/AI/CLiftManager.cpp,genuine CLiftManager member and typed CAI caller; returns lift slot id by index or 0xffff out of range
CODE_06_AI.bin,0x000158DD,LoadLevel__12CLiftManagerFPUciUc,accepted_x86_correlation,represented,0x00425FC0,high,src/AI/CLiftManager.cpp,genuine CLiftManager member; loads version-dependent lift records with legacy and endpoint layouts
CODE_06_AI.bin,0x00015924,__ct__5CMazeFP4CMap,accepted_x86_correlation,represented,0x00423090,high,src/AI/CMaze.cpp,genuine CMaze constructor and typed placement-new caller; clears row grid frontier banks dimensions and counters
CODE_06_AI.bin,0x00015992,__dt__5CMazeFv,accepted_x86_correlation,represented,0x004230C0,high,src/AI/CMaze.cpp,genuine CMaze destructor and typed owner cleanup; frees every allocated distance row and the row pointer table
CODE_06_AI.bin,0x00015A0C,ReInitialise__5CMazeFv,accepted_x86_correlation,represented,0x00423110,high,src/AI/CMaze.cpp,genuine CMaze member behind the retained target ILT; refills the 16-bit passability grid from map tile flag bit zero
CODE_06_AI.bin,0x00015AC0,Initialise__5CMazeFv,accepted_x86_correlation,represented,0x00423190,high,src/AI/CMaze.cpp,genuine CMaze member behind the retained target ILT; resizes row storage to map dimensions then reinitialises passability
CODE_06_AI.bin,0x00015BB2,CalcNewDistance__5CMazeFii,accepted_x86_correlation,represented,0x00423230,high,src/AI/CMaze.cpp,genuine CMaze member; relaxes one reachable tile from nine edge-mask-constrained neighbors
CODE_06_AI.bin,0x00015C70,FindSquare__5CMazeFUsRiRi,accepted_x86_correlation,represented,0x004232E0,high,src/AI/CMaze.cpp,genuine CMaze member with evidenced unsigned-short and reference ABI; steps backward to an adjacent tile carrying the requested distance
CODE_06_AI.bin,0x00015D86,UpdateChangeNext__5CMazeFii,accepted_x86_correlation,represented,0x00423380,high,src/AI/CMaze.cpp,genuine CMaze member; marks the bounded 3 by 3 neighborhood in both frontier banks
CODE_06_AI.bin,0x00015DF0,Clear__5CMazeFPUc,accepted_x86_correlation,represented,0x004234A0,high,src/AI/CMaze.cpp,genuine CMaze member; clears one fixed-stride frontier bitset over active maze dimensions
CODE_06_AI.bin,0x00015E42,SwapChange__5CMazeFv,accepted_x86_correlation,represented,0x004234F0,high,src/AI/CMaze.cpp,genuine CMaze member; clears the inactive frontier bank then toggles banks
CODE_06_AI.bin,0x00015F34,BInitialise__5CMazeFUciiii,accepted_x86_correlation,represented,0x00423530,high,src/AI/CMaze.cpp,genuine CMaze member with evidenced unsigned-char plus four-int ABI; seeds timed breadth search coordinates grids and initial frontier
CODE_06_AI.bin,0x00016106,BIteration__5CMazeFRUcRUc,accepted_x86_correlation,represented,0x00423650,high,src/AI/CMaze.cpp,genuine CMaze member with evidenced unsigned-char reference signature and retained Windows output stores; expands one bounded wavefront iteration and reports found or exhausted state
CODE_06_AI.bin,0x00016156,Direction__Fiiii,accepted_x86_correlation,represented,0x00423890,high,src/AI/CMaze.cpp,genuine global Direction helper in the maze translation unit; computes the direction code used to retain only path turns
CODE_06_AI.bin,0x00016260,BSolution__5CMazeFRiP9tSolution,accepted_x86_correlation,represented,0x004238B0,high,src/AI/CMaze.cpp,genuine CMaze member with evidenced int-reference and tSolution-pointer signature; walks decreasing distances and emits endpoint and turn solution points
CODE_06_AI.bin,0x000162B0,__ct__5CMineFv,accepted_x86_correlation,represented,0x00423C10,high,src/AI/CMine.cpp,genuine CMine constructor; contiguous family start with type 0x13 construction and mine vtable lifecycle
CODE_06_AI.bin,0x000162DE,Restart__5CMineFv,accepted_x86_correlation,represented,0x00423C30,high,src/AI/CMine.cpp,genuine CMine member; resets managed-entity and CMine runtime state
CODE_06_AI.bin,0x0001633C,Initialise__5CMineFv,accepted_x86_correlation,represented,0x00423C50,high,src/AI/CMine.cpp,genuine CMine member; seeds state 0x18 timers trigger fields and mine terrain variants
CODE_06_AI.bin,0x000163D8,Set__5CMineF7AICOORD,accepted_x86_correlation,represented,0x00423CB0,high,src/AI/CMine.cpp,genuine CMine member; stores fixed-point position and marks mine occupancy in the tile grid
CODE_06_AI.bin,0x00016428,Trigger__5CMineFi,accepted_x86_correlation,represented,0x00423D40,high,src/AI/CMine.cpp,genuine CMine member; records trigger delay and requests mine state 0x1a
CODE_06_AI.bin,0x00016498,DoActivate__5CMineFv,accepted_x86_correlation,represented,0x00423D70,high,src/AI/CMine.cpp,genuine CMine member; executes triggered mine timing terrain and nearby chain activation
CODE_06_AI.bin,0x00016560,SetTerrain__5CMineFv,accepted_x86_correlation,represented,0x00423DD0,high,src/AI/CMine.cpp,genuine CMine member; writes mine tile type 0x20a collision flag 4 and activation notification
CODE_06_AI.bin,0x0001659E,StepOn__5CMineFP11CGameObject,accepted_x86_correlation,represented,0x00423E70,high,src/AI/CMine.cpp,genuine CMine member; requests detonation state and notifies the stepping game object
CODE_06_AI.bin,0x000165DE,IsUsable__5CMineF7eAction,accepted_x86_correlation,represented,0x00423E90,high,src/AI/CMine.cpp,genuine CMine member; accepts only inactive and ready mine states 8 and 0x18
CODE_06_AI.bin,0x000166E8,Process__5CMineFv,accepted_x86_correlation,represented,0x00423EB0,high,src/AI/CMine.cpp,genuine CMine member; advances mine trigger terrain cooldown and state transitions
CODE_06_AI.bin,0x0001674E,OnGround__5CMineFv,accepted_x86_correlation,represented,0x00423FA0,high,src/AI/CMine.cpp,genuine CMine member; resamples mine ground height from the tile grid
CODE_06_AI.bin,0x000167D4,__ct__12CMineManagerFP3CAIi,accepted_x86_correlation,represented,0x00424020,high,src/AI/CMineManager.cpp,genuine CMineManager constructor; constructs stream type 0x0d payload 2 and stores owner capacity object and position arrays
CODE_06_AI.bin,0x00016838,Restart__12CMineManagerFv,accepted_x86_correlation,represented,0x00424080,high,src/AI/CMineManager.cpp,genuine CMineManager member and typed vtable slot; restarts each allocated 0x150-stride mine object
CODE_06_AI.bin,0x0001691E,Initialise__12CMineManagerFi,accepted_x86_correlation,represented,0x004240B0,high,src/AI/CMineManager.cpp,genuine CMineManager member; allocates constructs indexes binds and restarts mines plus six-byte position cache entries
CODE_06_AI.bin,0x000169A8,__dt__12CMineManagerFv,accepted_x86_correlation,represented,0x00424170,high,src/AI/CMineManager.cpp,genuine CMineManager destructor; destroys the mine array and position cache then inherited stream state
CODE_06_AI.bin,0x000169E5,Triggered__12CMineManagerFP5CMine,accepted_x86_correlation,represented,0x00424560,high,src/AI/CMineManager.cpp,genuine CMineManager member; forwards triggering mine index and delay to nearby-mine propagation
CODE_06_AI.bin,0x00016B06,Trigger__12CMineManagerFii,accepted_x86_correlation,represented,0x00424580,high,src/AI/CMineManager.cpp,genuine CMineManager member; propagates delayed state 0x1a within squared distance 0x801 excluding source
CODE_06_AI.bin,0x00016C2B,StepOn__12CMineManagerFRC7AICOORDP11CGameObject,accepted_x86_correlation,represented,0x00424630,high,src/AI/CMineManager.cpp,genuine CMineManager member; tests active mines in an eight-pixel contact box then notifies and propagates
CODE_06_AI.bin,0x00016D24,Add__12CMineManagerFUs7AICOORD,accepted_x86_correlation,represented,0x00424710,high,src/AI/CMineManager.cpp,genuine CMineManager member; assigns slot seeds a mine and caches its three tile coordinates
CODE_06_AI.bin,0x00016DCA,Process__12CMineManagerFv,accepted_x86_correlation,represented,0x004247B0,high,src/AI/CMineManager.cpp,genuine CMineManager member; resamples ground marks dirty and services pending active mines
CODE_06_AI.bin,0x00016E3D,GetViewData__12CMineManagerFP9CViewData,accepted_x86_correlation,represented,0x00424800,high,src/AI/CMineManager.cpp,genuine CMineManager member; emits one 0x4c-byte view record per active mine
CODE_06_AI.bin,0x00016F69,LoadLevel__12CMineManagerFPUciUc,accepted_x86_correlation,represented,0x00424850,high,src/AI/CMineManager.cpp,genuine CMineManager member; loads versioned slot ids and fixed-point mine coordinates
CODE_06_AI.bin,0x000170EA,Set__7CMove3dFR4CPt3R4CPt3ii,accepted_x86_correlation,represented,0x0042A7D0,high,src/AI/CMove3d.cpp,"genuine CMove3d member; exact two CPt3 references plus time and speed ABI, fixed-point normalized segment setup, and CMover SetUpNextNode ILT"
CODE_06_AI.bin,0x00017188,Position__7CMove3dFR4CPt3i,accepted_x86_correlation,represented,0x0042A8F0,high,src/AI/CMove3d.cpp,genuine CMove3d member; samples fixed-point position from start point velocity and elapsed time
CODE_06_AI.bin,0x0001722A,__ct__6CMoverFv,accepted_x86_correlation,represented,0x0042E590,high,src/AI/CMover.cpp,"genuine CMover constructor; type 0x34 base initialization, AA55 sentinels, and mover vtable install"
CODE_06_AI.bin,0x00017258,Restart__6CMoverFv,accepted_x86_correlation,represented,0x0042E5E0,high,src/AI/CMover.cpp,genuine CMover member; resets inherited and mover runtime state through the evidenced ILTs
CODE_06_AI.bin,0x0001729E,Initialise__6CMoverFv,accepted_x86_correlation,represented,0x0042E600,high,src/AI/CMover.cpp,genuine CMover member; resets movement state trigger rider count active flag and state id 0x18
CODE_06_AI.bin,0x000172FC,__dt__6CMoverFv,accepted_x86_correlation,represented,0x0042E640,high,src/AI/CMover.cpp,genuine CMover destructor; restores mover vtable and calls semantic base destruction while target deleting bridge remains excluded
CODE_06_AI.bin,0x0001738C,SetPos__6CMoverFv,accepted_x86_correlation,represented,0x0042E650,high,src/AI/CMover.cpp,genuine CMover member; marks the exact 16x16 mover footprint in the level tile grid
CODE_06_AI.bin,0x000173FA,IsAt__6CMoverFiiRi,accepted_x86_correlation,represented,0x0042E700,high,src/AI/CMover.cpp,genuine CMover member; tests 16x16 containment and returns platform height plus 8
CODE_06_AI.bin,0x000174C2,Set__6CMoverFUsiUcii,accepted_x86_correlation,represented,0x0042E760,high,src/AI/CMover.cpp,genuine CMover member; assigns slot heading mode route state and sampled ground height
CODE_06_AI.bin,0x000175EE,SetUpNextNode__6CMoverFUl,accepted_x86_correlation,represented,0x0042E850,high,src/AI/CMover.cpp,"genuine CMover member; wraps the route index, resolves and height-samples the next node, sets its deadline, and initializes genuine CMove3d interpolation"
CODE_06_AI.bin,0x00017708,FindObjectsOnTopOfMe__6CMoverFv,accepted_x86_correlation,gap,0x0042E980,high,src/Platform/Windows/Mixed/Level/VTABLE/LEVELVT.CPP,"accepted mapping in data/macintosh-x86-correlations.csv; exact trailer offset; scans registry, rejects self/type 7, tests 16x16 footprint, and attaches matching entities"
CODE_06_AI.bin,0x000177BC,MoveObjects__6CMoverFiii,accepted_x86_correlation,represented,0x0042EA40,high,src/AI/CMover.cpp,genuine CMover member; exact three-delta ABI translates every attached object by fixed-point deltas
CODE_06_AI.bin,0x00017B78,Process__6CMoverFv,accepted_x86_correlation,gap,0x0042EB00,high,src/Platform/Windows/Mixed/Level/VTABLE/LEVELVT.CPP,"accepted mapping in data/macintosh-x86-correlations.csv; exact trailer offset; full mover route/state machine over node, timing, rider, trigger, network, occupancy, and interpolation fields"
CODE_06_AI.bin,0x00017BA0,Switch__6CMoverFv,accepted_x86_correlation,represented,0x0042EEB0,high,src/AI/CMover.cpp,genuine CMover member; exact no-argument trigger latch setter at offset 0x148
CODE_06_AI.bin,0x00017C1C,IsOn__6CMoverFR7AICOORD,accepted_x86_correlation,represented,0x0042EEE0,high,src/AI/CMover.cpp,genuine CMover member; exact 16x16 x/y fixed-point containment predicate
CODE_06_AI.bin,0x00017D1A,VerifyObjects__6CMoverFv,accepted_x86_correlation,represented,0x0042EF40,high,src/AI/CMover.cpp,genuine CMover member; removes attached objects outside mover bounds clears attachment flags and compacts rider array
CODE_06_AI.bin,0x00017E74,GetOn__6CMoverFP11CGameObject,accepted_x86_correlation,gap,0x0042EFF0,high,src/Platform/Windows/Mixed/Level/VTABLE/LEVELVT.CPP,"accepted mapping in data/macintosh-x86-correlations.csv; exact trailer offset; single object pointer, z tolerance, IsOn call, duplicate/capacity checks, attachment and position behavior"
CODE_06_AI.bin,0x00017EEE,StopObjectsMoving__6CMoverFv,accepted_x86_correlation,represented,0x0042F140,high,src/AI/CMover.cpp,genuine CMover member; iterates attached objects and stops or resets them through evidenced owner and child dispatch
CODE_06_AI.bin,0x00017F7A,__ct__13CMoverManagerFP3CAIi,accepted_x86_correlation,gap,0x0042F190,high,src/Platform/Windows/Mixed/Engine/CORE/LINKSCF.CPP; src/Platform/Windows/Mixed/Level/VTABLE/LEVELVT.CPP; src/AI/LVMOVEVT.CPP,"accepted mapping in data/macintosh-x86-correlations.csv; exact trailer offset; two-argument thiscall, EFF stream type 0x1A payload 0x0F, mover-manager vtable, level owner and capacity fields"
CODE_06_AI.bin,0x00017FE0,Restart__13CMoverManagerFv,accepted_x86_correlation,gap,0x0042F1F0,high,src/Platform/Windows/Mixed/Engine/CORE/LINKSCF.CPP; src/Platform/Windows/Mixed/Level/VTABLE/LEVELVT.CPP; src/AI/LVMOVEVT.CPP,accepted mapping in data/macintosh-x86-correlations.csv; exact trailer offset; iterates the allocated capacity at exact 0x1A0 stride and invokes CMover Restart vtable slot +0x104
CODE_06_AI.bin,0x000180AA,Initialise__13CMoverManagerFi,accepted_x86_correlation,gap,0x0042F220,high,src/Platform/Windows/Mixed/Engine/CORE/LINKSCF.CPP; src/Platform/Windows/Mixed/Level/VTABLE/LEVELVT.CPP; src/AI/LVMOVEVT.CPP,"accepted mapping in data/macintosh-x86-correlations.csv; exact trailer offset; one integer capacity, allocates capacity times 0x1A0, constructs each CMover, restarts it, and assigns owner"
CODE_06_AI.bin,0x00018126,__dt__13CMoverManagerFv,accepted_x86_correlation,gap,0x0042F2C0,high,src/Platform/Windows/Mixed/Engine/CORE/LINKSCF.CPP; src/Platform/Windows/Mixed/Level/VTABLE/LEVELVT.CPP; src/AI/LVMOVEVT.CPP,"accepted mapping in data/macintosh-x86-correlations.csv; exact trailer offset; restores manager vtable, vector-deletes mover array, and destroys inherited EFF stream state"
CODE_06_AI.bin,0x000181A4,Find__13CMoverManagerFiiRi,accepted_x86_correlation,gap,0x0042F2F0,high,src/Platform/Windows/Mixed/Engine/CORE/LINKSCF.CPP; src/Platform/Windows/Mixed/Level/VTABLE/LEVELVT.CPP; src/AI/LVMOVEVT.CPP,accepted mapping in data/macintosh-x86-correlations.csv; exact trailer offset; two coordinates plus int reference output; scans live count and calls CMover IsAt at 0x1A0 stride
CODE_06_AI.bin,0x00018218,Process__13CMoverManagerFv,accepted_x86_correlation,gap,0x0042F500,high,src/Platform/Windows/Mixed/Engine/CORE/LINKSCF.CPP; src/Platform/Windows/Mixed/Level/VTABLE/LEVELVT.CPP; src/AI/LVMOVEVT.CPP,accepted mapping in data/macintosh-x86-correlations.csv; exact trailer offset; scans live movers and invokes CMover Process vtable slot +0x14 only when active flag +0x138 is set
CODE_06_AI.bin,0x00018289,GetViewData__13CMoverManagerFP9CViewData,accepted_x86_correlation,gap,0x0042F540,high,src/Platform/Windows/Mixed/Engine/CORE/LINKSCF.CPP; src/Platform/Windows/Mixed/Level/VTABLE/LEVELVT.CPP; src/AI/LVMOVEVT.CPP,"accepted mapping in data/macintosh-x86-correlations.csv; exact trailer offset; one CViewData pointer, calls each mover view-data vtable slot +0x0C, advances records by 0x4C, returns emitted count"
CODE_06_AI.bin,0x00018302,Add__13CMoverManagerFUsiUcii,accepted_x86_correlation,gap,0x0042F5E0,high,src/Platform/Windows/Mixed/Engine/CORE/LINKSCF.CPP; src/Platform/Windows/Mixed/Level/VTABLE/LEVELVT.CPP; src/AI/LVMOVEVT.CPP,"accepted mapping in data/macintosh-x86-correlations.csv; exact trailer offset; exact five-argument ABI matching CMover Set, capacity check, 0x1A0 live slot initialization, increments live count"
CODE_06_AI.bin,0x00018391,Switch__13CMoverManagerF9swMessagei,accepted_x86_correlation,gap,0x0042F620,high,src/Platform/Windows/Mixed/Engine/CORE/LINKSCF.CPP; src/Platform/Windows/Mixed/Level/VTABLE/LEVELVT.CPP; src/AI/LVMOVEVT.CPP,"accepted mapping in data/macintosh-x86-correlations.csv; exact trailer offset; message plus slot id, finds mover by managed slot and dispatches action 4 to CMover Switch"
CODE_06_AI.bin,0x000184A5,LoadLevel__13CMoverManagerFPUciUc,accepted_x86_correlation,gap,0x0042F680,high,src/Platform/Windows/Mixed/Engine/CORE/LINKSCF.CPP; src/Platform/Windows/Mixed/Level/VTABLE/LEVELVT.CPP; src/AI/LVMOVEVT.CPP,"accepted mapping in data/macintosh-x86-correlations.csv; exact trailer offset; buffer plus integer ABI, allocates from record count, version-gated slot/flag decoding and repeated Add dispatch"
CODE_06_AI.bin,0x000184DE,__ct__12CNodeManagerFi,accepted_x86_correlation,represented,0x00421180,high,src/AI/LVNODE.CPP,genuine constructor stores null node array and capacity
CODE_06_AI.bin,0x00018530,Restart__12CNodeManagerFv,accepted_x86_correlation,represented,0x004211A0,high,src/AI/LVNODE.CPP,genuine member restarts all allocated nodes
CODE_06_AI.bin,0x000185CE,Initialise__12CNodeManagerFi,accepted_x86_correlation,represented,0x004211D0,high,src/AI/LVNODE.CPP,genuine member allocates counted CNode array and initializes/restarts records
CODE_06_AI.bin,0x00018628,__dt__12CNodeManagerFv,accepted_x86_correlation,represented,0x00421260,high,src/AI/LVNODE.CPP,genuine destructor destroys each node then frees counted manager storage
CODE_06_AI.bin,0x00018687,GetNodePosition__12CNodeManagerFi,accepted_x86_correlation,represented,0x004212A0,high,src/AI/LVNODE.CPP,genuine member indexes the 0x14-byte node array and returns fixed-point AICOORD with sentinel z
CODE_06_AI.bin,0x000186CA,__ct__5CNodeFv,accepted_x86_correlation,represented,0x004212E0,high,src/AI/LVNODE.CPP,genuine constructor sets x/y sentinels and null neighbour storage
CODE_06_AI.bin,0x000186EC,Restart__5CNodeFv,accepted_x86_correlation,represented,0x00421300,high,src/AI/LVNODE.CPP,genuine member clears loaded-link count
CODE_06_AI.bin,0x00018738,__dt__5CNodeFv,accepted_x86_correlation,represented,0x00421310,high,src/AI/LVNODE.CPP,genuine destructor frees neighbour pair storage at node offset 0x0c
CODE_06_AI.bin,0x0001879A,Initialise__5CNodeFiii,accepted_x86_correlation,represented,0x00421330,high,src/AI/LVNODE.CPP,genuine member stores fixed-point x/y and expected neighbour count
CODE_06_AI.bin,0x000187E0,AddANeighbour__5CNodeFii,accepted_x86_correlation,represented,0x004213A0,high,src/AI/LVNODE.CPP,genuine member appends two-dword neighbour pair and increments count
CODE_06_AI.bin,0x0001883E,Position__5CNodeFv,accepted_x86_correlation,represented,0x004213D0,high,src/AI/LVNODE.CPP,genuine member returns fixed-point x/y plus 0xAA55AA55 coordinate sentinel
CODE_06_AI.bin,0x00018939,LoadLevel__12CNodeManagerFP22tagLoadNodeInformationUlUc,accepted_x86_correlation,represented,0x00421470,high,src/AI/LVNODE.CPP,genuine member parses counted NODE records and variable neighbour pairs
CODE_06_AI.bin,0x000189C5,OldRestart__17CBaseGlobalObjectFv,genuinely_missing_or_unresolved,gap,,unresolved,,no accepted address and no exact scoped spelling in current source
CODE_06_AI.bin,0x00018A24,Restart__17CBaseGlobalObjectFv,genuinely_missing_or_unresolved,gap,,unresolved,,no accepted address and no exact scoped spelling in current source
CODE_06_AI.bin,0x00018A5E,Restart__9CCatapultFv,accepted_x86_correlation,represented,0x0041C700,high,src/AI/LVSAVEPOS.CPP,genuine member invokes shared saved-position reset and clears the catapult 16-bit field at 0xbc
CODE_06_AI.bin,0x00018D52,Process__9CCatapultFv,accepted_x86_correlation,gap,0x0041C720,high,src/AI/CCatapult.cpp,"exact states 0x18..0x1B, clocks, launch vector, and linked-target processing"
CODE_06_AI.bin,0x00018DB7,Activate__9CCatapultFP11CGameObject,accepted_x86_correlation,represented,0x0041C9B0,high,src/AI/LVSAVEPOS.CPP,"genuine member binds target, sets timestamp deadlines 0x20/0x2E/0x5E, and requests state 0x19"
CODE_06_AI.bin,0x00018E46,DoActivate__9CCatapultFv,accepted_x86_correlation,represented,0x0041CA00,high,src/Platform/Windows/Mixed/Level/VTABLE/LEVELVT.CPP,"genuine member advances deadlines, transfers owner, sets target state 5, and awards score 20"
CODE_06_AI.bin,0x00018EBC,ActivatePosition__9CCatapultFv,accepted_x86_correlation,represented,0x0041CA60,high,src/Platform/Windows/Mixed/Level/VTABLE/LEVELVT.CPP,genuine member returns fixed x/y output offsets through the Windows hidden-result pointer ABI
CODE_06_AI.bin,0x00018EF6,Restart__5CAmmoFv,accepted_x86_correlation,represented,0x0041CA90,high,src/AI/LVSAVEPOS.CPP,genuine member invokes shared saved-position reset and clears the CAmmo 16-bit field at 0x144
CODE_06_AI.bin,0x0001901C,Process__5CAmmoFv,accepted_x86_correlation,gap,0x0041CAB0,high,src/AI/CAmmo.cpp,"exact terrain refresh, network shadow state, states 0x1A/0x1B/0x18, action 0x11, and duration timing"
CODE_06_AI.bin,0x00019082,Activate__5CAmmoFP11CGameObject,accepted_x86_correlation,represented,0x0041CBE0,high,src/AI/LVSAVEPOS.CPP,"genuine member preserves idle gate, target acceptance, deadline 8, and state 0x1A request"
CODE_06_AI.bin,0x00019100,DoActivate__5CAmmoFv,accepted_x86_correlation,represented,0x0041CC30,high,src/Platform/Windows/Mixed/Level/VTABLE/LEVELVT.CPP,"genuine member updates clock, dispatches action 0x11 and target action 0x19, and awards score 50"
CODE_06_AI.bin,0x0001916E,ActivatePosition__5CAmmoFv,accepted_x86_correlation,represented,0x0041CC70,high,src/AI/LVPOSVT.CPP,genuine member returns unchanged current position through the Windows hidden-result pointer ABI
CODE_06_AI.bin,0x000191A6,Restart__6CCrateFv,accepted_x86_correlation,represented,0x0041CCA0,high,src/AI/LVSAVEPOS.CPP,genuine member invokes shared saved-position reset and restores state 0x18 at offset 0x128
CODE_06_AI.bin,0x00019212,TriggerContents__6CCrateFv,accepted_x86_correlation,gap,0x0041CCC0,high,src/AI/CCrate.cpp,"exact linked-object position transfer, manager reinsert, and ID reset to 0xFFFF"
CODE_06_AI.bin,0x0001936E,Process__6CCrateFv,accepted_x86_correlation,gap,0x0041CD20,high,src/AI/CCrate.cpp,exact terrain refresh and local/network states 0x19/0x1A
CODE_06_AI.bin,0x000193BD,Activate__6CCrateFP11CGameObject,accepted_x86_correlation,represented,0x0041CE50,high,src/AI/LVSAVEPOS.CPP,"genuine member preserves idle-state gate, timers 0x10/0x1E, and state 0x19 request"
CODE_06_AI.bin,0x00019462,DoActivate__6CCrateFv,accepted_x86_correlation,represented,0x0041CE90,high,src/Platform/Windows/Mixed/Level/VTABLE/LEVELVT.CPP,"genuine member updates clocks, dispatches action 0x14, and awards contents-dependent score"
CODE_06_AI.bin,0x00019536,ActivatePosition__6CCrateFv,accepted_x86_correlation,represented,0x0041CF10,high,src/Platform/Windows/Mixed/Level/VTABLE/LEVELVT.CPP,genuine member returns subtype-selected fixed-point offsets through the Windows hidden-result pointer ABI
CODE_06_AI.bin,0x000195A4,Process__6CTowerFv,accepted_x86_correlation,gap,0x0041CF70,high,src/AI/CTower.cpp,exact terrain-height refresh and constant success body
CODE_06_AI.bin,0x000195C5,Activate__6CTowerFP11CGameObject,accepted_x86_correlation,represented,0x0041D000,high,src/AI/LVPREDVT.CPP,genuine member preserves unconditional activation success
CODE_06_AI.bin,0x00019642,ActivatePosition__6CTowerFv,accepted_x86_correlation,represented,0x0041D010,high,src/Platform/Windows/Mixed/Level/VTABLE/LEVELVT.CPP,genuine member returns current position with evidenced fixed-point x/y offsets through the Windows hidden-result pointer ABI
CODE_06_AI.bin,0x00019709,__ct__7CSwitchFR7AICOORD9swMessageiii,genuinely_missing_or_unresolved,gap,,unresolved,,no accepted address and no exact scoped spelling in current source
CODE_06_AI.bin,0x00019756,Restart__7CSwitchFv,genuinely_missing_or_unresolved,gap,,unresolved,,no accepted address and no exact scoped spelling in current source
CODE_06_AI.bin,0x000197BE,__dt__7CSwitchFv,genuinely_missing_or_unresolved,gap,,unresolved,,no accepted address and no exact scoped spelling in current source
CODE_06_AI.bin,0x0001983E,Throw__7CSwitchFv,genuinely_missing_or_unresolved,gap,,unresolved,,no accepted address and no exact scoped spelling in current source
CODE_06_AI.bin,0x0001993A,Process__7CSwitchFv,genuinely_missing_or_unresolved,gap,,unresolved,,no accepted address and no exact scoped spelling in current source
CODE_06_AI.bin,0x000199A5,Activate__7CSwitchFP11CGameObject,genuinely_missing_or_unresolved,gap,,unresolved,,no accepted address and no exact scoped spelling in current source
CODE_06_AI.bin,0x00019A0A,DoActivate__7CSwitchFv,genuinely_missing_or_unresolved,gap,,unresolved,,no accepted address and no exact scoped spelling in current source
CODE_06_AI.bin,0x00019A7C,ActivatePosition__7CSwitchFv,genuinely_missing_or_unresolved,gap,,unresolved,,no accepted address and no exact scoped spelling in current source
CODE_06_AI.bin,0x00019AD8,AddEntry__7CSwitchF9swMessageUs,genuinely_missing_or_unresolved,gap,,unresolved,,no accepted address and no exact scoped spelling in current source
CODE_06_AI.bin,0x00019BAE,ConvertVer0ToVer1__7CSwitchFv,genuinely_missing_or_unresolved,gap,,unresolved,,no accepted address and no exact scoped spelling in current source
CODE_06_AI.bin,0x00019C2A,Load__7CSwitchFRPUc,genuinely_missing_or_unresolved,gap,,unresolved,,no accepted address and no exact scoped spelling in current source
CODE_06_AI.bin,0x00019CF2,Process__4CKeyFv,genuinely_missing_or_unresolved,gap,,unresolved,,no accepted address and no exact scoped spelling in current source
CODE_06_AI.bin,0x00019D4C,Activate__4CKeyFP11CGameObject,genuinely_missing_or_unresolved,gap,,unresolved,,no accepted address and no exact scoped spelling in current source
CODE_06_AI.bin,0x00019DBA,DoActivate__4CKeyFv,genuinely_missing_or_unresolved,gap,,unresolved,,no accepted address and no exact scoped spelling in current source
CODE_06_AI.bin,0x00019E28,ActivatePosition__4CKeyFv,genuinely_missing_or_unresolved,gap,,unresolved,,no accepted address and no exact scoped spelling in current source
CODE_06_AI.bin,0x00019E8C,Restart__8CBalloonFv,accepted_x86_correlation,represented,0x0041D600,high,src/AI/LVSAVEPOS.CPP,genuine member invokes shared saved-position reset and seeds the frame time from the session random state
CODE_06_AI.bin,0x00019F5A,Process__8CBalloonFv,accepted_x86_correlation,gap,0x0041D650,high,src/AI/LVSAVEPOS.CPP,exact terrain refresh and local/network state 0x1A action 0x2A handling
CODE_06_AI.bin,0x00019FB9,Activate__8CBalloonFP11CGameObject,accepted_x86_correlation,represented,0x0041D740,high,src/AI/LVSAVEPOS.CPP,genuine member preserves target permission check and state 0x1A request
CODE_06_AI.bin,0x0001A02A,DoActivate__8CBalloonFv,accepted_x86_correlation,represented,0x0041D780,high,src/AI/LVSAVEPOS.CPP,"genuine member preserves target callback, action 0x2A, and score 50"
CODE_06_AI.bin,0x0001A078,ActivatePosition__8CBalloonFv,accepted_x86_correlation,represented,0x0041D7B0,high,src/AI/LVPOSVT.CPP,genuine member copies current position through the Windows hidden-result pointer ABI
CODE_06_AI.bin,0x0001A116,__ct__14CObjectManagerFP3CAIi,accepted_x86_correlation,represented,0x0041AF60,high,src/Platform/Windows/Mixed/Engine/CORE/LINKSCF.CPP,genuine constructor preserves the 0x40-byte GMOB manager and CAI/int ABI
CODE_06_AI.bin,0x0001A22E,Restart__14CObjectManagerFv,accepted_x86_correlation,represented,0x0041AFD0,high,src/Platform/Windows/Mixed/Engine/CORE/LINKSCF.CPP,genuine member activates children and resolves linked type 0x11 entries
CODE_06_AI.bin,0x0001A2A0,Initialise__14CObjectManagerFi,accepted_x86_correlation,represented,0x0041B0C0,high,src/Platform/Windows/Mixed/Engine/CORE/LINKSCF.CPP,genuine member allocates and clears the child pointer table
CODE_06_AI.bin,0x0001A350,__dt__14CObjectManagerFv,accepted_x86_correlation,represented,0x0041B110,high,src/Platform/Windows/Mixed/Engine/CORE/LINKSCF.CPP,genuine destructor deletes children frees the table and destroys the stream base
CODE_06_AI.bin,0x0001A409,AddObject__14CObjectManagerFUsP17CGlobalGameObjectUc,accepted_x86_correlation,represented,0x0041B2A0,high,src/Platform/Windows/Mixed/Engine/CORE/LINKSCF.CPP,genuine member appends the object assigns its ID and initializes caller state
CODE_06_AI.bin,0x0001AA0F,Add__14CObjectManagerFUs7AICOORD11eObjectTypeUs11eObjectType,accepted_x86_correlation,gap,0x0041B370,high,src/AI/CObjectManager.cpp,object-type factory and linked type 0x11 construction flow
CODE_06_AI.bin,0x0001AAF5,AddSwitch__14CObjectManagerFUsiii9swMessageiii,accepted_x86_correlation,gap,0x0041B740,high,src/Platform/Windows/Mixed/Engine/CORE/LINKSCF.CPP,constructs activates and appends type 0x14 switch object
CODE_06_AI.bin,0x0001ABCC,Process__14CObjectManagerFv,accepted_x86_correlation,represented,0x0041B7D0,high,src/Platform/Windows/Mixed/Engine/CORE/LINKSCF.CPP,genuine member services active children and emits network deactivation callbacks
CODE_06_AI.bin,0x0001ACB9,GetViewData__14CObjectManagerFP9CViewData,accepted_x86_correlation,represented,0x0041B830,high,src/Platform/Windows/Mixed/Engine/CORE/LINKSCF.CPP,genuine member filters active visible children and emits Windows-stride view records
CODE_06_AI.bin,0x0001AD50,FindObject__14CObjectManagerFi,accepted_x86_correlation,represented,0x0041B8F0,high,src/Platform/Windows/Mixed/Engine/CORE/LINKSCF.CPP,genuine member searches the child object ID and returns only an active object
CODE_06_AI.bin,0x0001ADB3,Remove__14CObjectManagerFP17CGlobalGameObject,accepted_x86_correlation,represented,0x0041B9B0,high,src/Platform/Windows/Mixed/Engine/CORE/LINKSCF.CPP,genuine member finds the matching child pointer and clears its active flag
CODE_06_AI.bin,0x0001B159,LoadLevel__14CObjectManagerFPUcUlUc,accepted_x86_correlation,gap,0x0041BBC0,high,src/AI/CObjectManager.cpp,full versioned GMOB parser and switch action-list loader
CODE_06_AI.bin,0x0001B1D5,ConvertVer0ToVer1__14CObjectManagerFv,accepted_x86_correlation,represented,0x0041BEC0,high,src/Platform/Windows/Mixed/Level/RUN/LEVELRUN.CPP,genuine member dispatches conversion virtual to type 0x14 children
CODE_06_AI.bin,0x0001B22B,Receive__14CObjectManagerFUsP17CGlobalGameObjectP15CNetworkMessage,accepted_x86_correlation,represented,0x0041BF00,high,src/Platform/Windows/Mixed/Engine/CORE/LINKSCF.CPP,genuine member handles network command 0x2A by logically removing the object
CODE_06_AI.bin,0x0001B29E,__ct__9CPaintGunFv,accepted_x86_correlation,gap,0x0042BAD0,high,src/Platform/Windows/Mixed/Engine/CORE/LINKSCF.CPP,constructs level chunk type 0x21 and installs PGUN vtable
CODE_06_AI.bin,0x0001B2DE,Restart__9CPaintGunFv,accepted_x86_correlation,gap,0x0042BAF0,high,src/AI/CHOBJRST.CPP,resets managed runtime and clears timestamp active configured and subtype fields
CODE_06_AI.bin,0x0001B33C,__dt__9CPaintGunFv,accepted_x86_correlation,gap,0x0042BB20,high,src/Platform/Windows/Mixed/Engine/CORE/LINKSCF.CPP,restores PGUN vtable and destroys level chunk base
CODE_06_AI.bin,0x0001B3EC,Set__9CPaintGunFUsRC7AICOORDi,accepted_x86_correlation,gap,0x0042BB30,high,src/AI/CPaintGun.cpp,stores slot fixed coordinates and subtype enters state 0x18 and marks tile metadata
CODE_06_AI.bin,0x0001B890,Process__9CPaintGunFv,accepted_x86_correlation,gap,0x0042BBE0,high,src/AI/CHUNKOBJVT.CPP,runs timed firing states and emits four directional projectiles
CODE_06_AI.bin,0x0001B914,__ct__16CPaintGunManagerFP3CAIi,accepted_x86_correlation,gap,0x0042BFE0,high,src/Platform/Windows/Mixed/Engine/CORE/LINKSCF.CPP,constructs EFF stream 0x1f payload 0x14 and records owner capacity
CODE_06_AI.bin,0x0001B97C,Restart__16CPaintGunManagerFv,accepted_x86_correlation,gap,0x0042C040,high,src/Platform/Windows/Mixed/Engine/CORE/LINKSCF.CPP,restarts every child using 0x144 byte stride
CODE_06_AI.bin,0x0001BA49,Initialise__16CPaintGunManagerFi,accepted_x86_correlation,gap,0x0042C070,high,src/Platform/Windows/Mixed/Engine/CORE/LINKSCF.CPP,allocates constructs and owns the 0x144 byte child array
CODE_06_AI.bin,0x0001BAC8,__dt__16CPaintGunManagerFv,accepted_x86_correlation,gap,0x0042C120,high,src/AI/CPaintGunManager.cpp,deletes child array and destroys EFF stream base
CODE_06_AI.bin,0x0001BB52,Process__16CPaintGunManagerFv,accepted_x86_correlation,gap,0x0042C4D0,high,src/AI/CPaintGunManager.cpp,marks and processes every configured active child
CODE_06_AI.bin,0x0001BBDB,GetViewData__16CPaintGunManagerFP9CViewData,accepted_x86_correlation,gap,0x0042C520,high,src/AI/CPaintGunManager.cpp,emits 0x4c byte view records for active children
CODE_06_AI.bin,0x0001BCAC,Add__16CPaintGunManagerFUsiiii,accepted_x86_correlation,gap,0x0042C590,high,src/AI/CPaintGunManager.cpp,converts coordinates to fixed point appends child and stores subtype
CODE_06_AI.bin,0x0001BD99,LoadLevel__16CPaintGunManagerFPUciUc,accepted_x86_correlation,gap,0x0042C610,high,src/AI/CPaintGunManager.cpp,loads versioned slot coordinates and subtype records through Add
CODE_06_AI.bin,0x0001BEE8,__ct__14CPlayerLemmingFiiiiUcUl,accepted_x86_correlation,gap,0x0040ECB0,unresolved,src/Platform/Windows/Mixed/Engine/CORE/LINKSCF.CPP; src/Platform/Windows/Mixed/Level/VTABLE/LEVELVT.CPP,"accepted mapping in data/macintosh-x86-correlations.csv; exact trailer offset; constructs PLAS object, scales xyz, stores heading/player mode/owner, initializes stream subobject, and assigns slot id"
CODE_06_AI.bin,0x0001C13E,Restart__14CPlayerLemmingFv,accepted_x86_correlation,gap,0x0040ED90,unresolved,src/Platform/Windows/Mixed/Engine/CORE/LINKSCF.CPP; src/Platform/Windows/Mixed/Level/VTABLE/LEVELVT.CPP,"accepted mapping in data/macintosh-x86-correlations.csv; exact trailer offset; resets runtime, registers player or remote entity, initializes bounds/motion/state, and stages initial movement"
CODE_06_AI.bin,0x0001C1BC,__dt__14CPlayerLemmingFv,accepted_x86_correlation,gap,0x0040EFD0,unresolved,src/Platform/Windows/Mixed/Engine/CORE/LINKSCF.CPP; src/Platform/Windows/Mixed/Level/VTABLE/LEVELVT.CPP,accepted mapping in data/macintosh-x86-correlations.csv; exact trailer offset; real non-deleting teardown destroys embedded stream state then managed entity base
CODE_06_AI.bin,0x0001C29D,HitBullet__14CPlayerLemmingFP7CBullet,accepted_x86_correlation,gap,0x0040F000,unresolved,src/Platform/Windows/Mixed/Engine/CORE/LINKSCF.CPP; src/Platform/Windows/Mixed/Level/VTABLE/LEVELVT.CPP,"accepted mapping in data/macintosh-x86-correlations.csv; exact trailer offset; checks current state and projectile result, handles network packet, schedules hit state, and turns opposite bullet heading"
CODE_06_AI.bin,0x0001C2D9,SetGroup__14CPlayerLemmingFP19CPlayerLemmingGroup,accepted_x86_correlation,represented,0x0040F0D0,high,src/AI/CPlayerLemming.cpp,genuine exact member stores the typed owner-group pointer at +0x224
CODE_06_AI.bin,0x0001C31E,GetGroup__14CPlayerLemmingFv,accepted_x86_correlation,represented,0x0040F0E0,high,src/AI/CPlayerLemming.cpp,genuine exact member returns the typed owner-group pointer from +0x224
CODE_06_AI.bin,0x0001C351,SetGroupLeader__14CPlayerLemmingFUc,accepted_x86_correlation,represented,0x0040F0F0,high,src/AI/CPlayerLemming.cpp,genuine member preserves the widened Windows int ABI while storing the Macintosh leader flag at +0x17c
CODE_06_AI.bin,0x0001C38A,SetGroup__14CPlayerLemmingFUc,accepted_x86_correlation,represented,0x0040F100,high,src/AI/CPlayerLemming.cpp,genuine member preserves the widened Windows int ABI while storing the Macintosh grouped flag at +0x180
CODE_06_AI.bin,0x0001C3F8,Process__14CPlayerLemmingFv,accepted_x86_correlation,gap,0x0040F120,unresolved,src/Platform/Windows/Mixed/Level/VTABLE/LEVELVTWindowsPhysicalSegments1.h,accepted mapping in data/macintosh-x86-correlations.csv; exact trailer offset; dispatches active player child state table variant and remote/local group handling
CODE_06_AI.bin,0x0001C4E7,TurnToFaceCursor__14CPlayerLemmingFv,accepted_x86_correlation,gap,0x0040F160,unresolved,src/Platform/Windows/Mixed/Engine/CORE/LINKSCF.CPP; src/Platform/Windows/Mixed/Level/VTABLE/LEVELVT.CPP,accepted mapping in data/macintosh-x86-correlations.csv; exact trailer offset; updates heading toward active group queue cursor
CODE_06_AI.bin,0x0001C5D9,TurnToFaceTarget__14CPlayerLemmingFv,accepted_x86_correlation,gap,0x0040F220,unresolved,src/Platform/Windows/Mixed/Engine/CORE/LINKSCF.CPP; src/Platform/Windows/Mixed/Level/VTABLE/LEVELVT.CPP,accepted mapping in data/macintosh-x86-correlations.csv; exact trailer offset; updates heading toward requested target tile
CODE_06_AI.bin,0x0001C619,IsRequestingFire__14CPlayerLemmingFv,accepted_x86_correlation,gap,0x0040F2B0,unresolved,src/Platform/Windows/Mixed/Engine/CORE/LINKSCF.CPP; src/Platform/Windows/Mixed/Level/VTABLE/LEVELVT.CPP,accepted mapping in data/macintosh-x86-correlations.csv; exact trailer offset; returns target-tile fire request latch
CODE_06_AI.bin,0x0001C68D,RequestFire__14CPlayerLemmingFii,accepted_x86_correlation,gap,0x0040F2C0,unresolved,src/Platform/Windows/Mixed/Level/VTABLE/LEVELVTWindowsPhysicalSegments1.h,accepted mapping in data/macintosh-x86-correlations.csv; exact trailer offset; validates state then stores fixed-point target tile and arms request latch
CODE_06_AI.bin,0x0001C7AA,Fire__14CPlayerLemmingFv,accepted_x86_correlation,gap,0x0040F310,unresolved,src/Platform/Windows/Mixed/Engine/CORE/LINKSCF.CPP; src/Platform/Windows/Mixed/Level/VTABLE/LEVELVT.CPP,accepted mapping in data/macintosh-x86-correlations.csv; exact trailer offset; emits projectile toward requested tile using current position and heading
CODE_06_AI.bin,0x0001C7DE,StartFiring__14CPlayerLemmingFv,accepted_x86_correlation,gap,0x0040F410,unresolved,src/Platform/Windows/Mixed/Engine/CORE/LINKSCF.CPP; src/Platform/Windows/Mixed/Level/VTABLE/LEVELVT.CPP,accepted mapping in data/macintosh-x86-correlations.csv; exact trailer offset; schedules the player firing update ten ticks ahead
CODE_06_AI.bin,0x0001C810,EndFiring__14CPlayerLemmingFv,accepted_x86_correlation,gap,0x0040F420,unresolved,src/Platform/Windows/Mixed/Engine/CORE/LINKSCF.CPP; src/Platform/Windows/Mixed/Level/VTABLE/LEVELVT.CPP,accepted mapping in data/macintosh-x86-correlations.csv; exact trailer offset; clears the target-tile fire request latch
CODE_06_AI.bin,0x0001C8A1,FacingCursor__14CPlayerLemmingFv,accepted_x86_correlation,gap,0x0040F430,unresolved,src/Platform/Windows/Mixed/Engine/CORE/LINKSCF.CPP; src/Platform/Windows/Mixed/Level/VTABLE/LEVELVT.CPP,accepted mapping in data/macintosh-x86-correlations.csv; exact trailer offset; compares current heading with group queue-cursor direction
CODE_06_AI.bin,0x0001C92D,FacingTarget__14CPlayerLemmingFv,accepted_x86_correlation,gap,0x0040F4B0,unresolved,src/Platform/Windows/Mixed/Engine/CORE/LINKSCF.CPP; src/Platform/Windows/Mixed/Level/VTABLE/LEVELVT.CPP,accepted mapping in data/macintosh-x86-correlations.csv; exact trailer offset; compares current heading with requested target-tile direction
CODE_06_AI.bin,0x0001C9E6,Die__14CPlayerLemmingFv,accepted_x86_correlation,gap,0x0040F500,unresolved,src/Platform/Windows/Mixed/Engine/CORE/LINKSCF.CPP; src/Platform/Windows/Mixed/Level/VTABLE/LEVELVT.CPP,"accepted mapping in data/macintosh-x86-correlations.csv; exact trailer offset; removes active player entity, updates counters/group state, and schedules death state"
CODE_06_AI.bin,0x0001CA46,HitMine__14CPlayerLemmingFv,accepted_x86_correlation,gap,0x0040F600,unresolved,src/Platform/Windows/Mixed/Engine/CORE/LINKSCF.CPP; src/Platform/Windows/Mixed/Level/VTABLE/LEVELVT.CPP,accepted mapping in data/macintosh-x86-correlations.csv; exact trailer offset; starts vertical mine-hit motion and updates player entity state
CODE_06_AI.bin,0x0001CB48,GetData__14CPlayerLemmingFv,accepted_x86_correlation,gap,0x0040F640,high,src/Platform/Windows/Mixed/Level/VTABLE/LEVELVT.CPP,"accepted mapping in data/macintosh-x86-correlations.csv; exact trailer offset; reads position, heading/state/variant, and timestamp from embedded EFF stream into player"
CODE_06_AI.bin,0x0001CC40,AddData__14CPlayerLemmingFv,accepted_x86_correlation,gap,0x0040F6F0,high,src/Platform/Windows/Mixed/Level/VTABLE/LEVELVT.CPP,"accepted mapping in data/macintosh-x86-correlations.csv; exact trailer offset; inverse stream operation writes command 0x2C, position/state/timestamp, and clears latch"
CODE_06_AI.bin,0x0001CC92,CheckSFX__14CPlayerLemmingFv,accepted_x86_correlation,gap,0x0040F7A0,high,src/Platform/Windows/Mixed/Level/VTABLE/LEVELVT.CPP,accepted mapping in data/macintosh-x86-correlations.csv; exact trailer offset; compares current and cached SFX fields and updates dirty lifecycle
CODE_06_AI.bin,0x0001CD09,HasObject__14CPlayerLemmingF11eObjectType,accepted_x86_correlation,gap,0x0040F960,high,src/Platform/Windows/Mixed/Level/VTABLE/LEVELVT.CPP,accepted mapping in data/macintosh-x86-correlations.csv; exact trailer offset; special-cases type 5/ammo 50 then scans 12-entry object-type table
CODE_06_AI.bin,0x0001CD95,AddObject__14CPlayerLemmingF11eObjectTypeP11CGameObject,accepted_x86_correlation,gap,0x0040F9B0,high,src/Platform/Windows/Mixed/Level/VTABLE/LEVELVT.CPP,"accepted mapping in data/macintosh-x86-correlations.csv; exact trailer offset; rejects duplicates, appends type and object pointer to parallel arrays with cap 12"
CODE_06_AI.bin,0x0001CE43,RandomAction__14CPlayerLemmingFv,accepted_x86_correlation,gap,0x0040FA10,high,src/Platform/Windows/Mixed/Level/VTABLE/LEVELVT.CPP,accepted mapping in data/macintosh-x86-correlations.csv; exact trailer offset; uses session LCG and modulo-three action choice with three deadlines
CODE_06_AI.bin,0x0001CFAF,Resurrect__14CPlayerLemmingFRC7AICOORD,accepted_x86_correlation,gap,0x0040FA80,high,src/Platform/Windows/Mixed/Level/VTABLE/LEVELVT.CPP,"accepted mapping in data/macintosh-x86-correlations.csv; exact trailer offset; copies AICOORD to position, clears full runtime state, re-registers entity, and resets object/ammo sentinels"
CODE_06_AI.bin,0x0001D03F,GetLastBalloon__14CPlayerLemmingFv,accepted_x86_correlation,gap,0x0040FBE0,high,src/Platform/Windows/Mixed/Level/VTABLE/LEVELVTWindowsPhysicalSegments1.h,accepted mapping in data/macintosh-x86-correlations.csv; exact trailer offset; reverse-scans distinctive balloon codes 0x27 0x29 0x2B 0x2D and returns 0xFFFF if absent
CODE_06_AI.bin,0x0001D0BF,RemoveObject__14CPlayerLemmingF11eObjectType,accepted_x86_correlation,gap,0x0040FC50,high,src/Platform/Windows/Mixed/Level/VTABLE/LEVELVTWindowsPhysicalSegments1.h,"accepted mapping in data/macintosh-x86-correlations.csv; exact trailer offset; finds type, compacts object arrays, and decrements count"
CODE_06_AI.bin,0x0001D116,GetObject__14CPlayerLemmingFi,accepted_x86_correlation,gap,0x0040FCB0,high,src/Platform/Windows/Mixed/Level/VTABLE/LEVELVT.CPP,accepted mapping in data/macintosh-x86-correlations.csv; exact trailer offset; bounded indexed read from object table with 0xFFFF sentinel
CODE_06_AI.bin,0x0001D18F,ExternalControlEnd__14CPlayerLemmingFv,accepted_x86_correlation,gap,0x0040FCD0,high,src/Platform/Windows/Mixed/Level/VTABLE/LEVELVT.CPP,"accepted mapping in data/macintosh-x86-correlations.csv; exact trailer offset; cleans variants 1/2 then requests action 8, otherwise action 0"
CODE_06_AI.bin,0x0001D3E8,OnBalloon__14CPlayerLemmingFv,accepted_x86_correlation,gap,0x0040FD10,high,src/Platform/Windows/Mixed/Level/VTABLE/LEVELVT.CPP,"accepted mapping in data/macintosh-x86-correlations.csv; exact trailer offset; tracks selected balloon target, moves toward it, tests radius 16, consumes code 0x2B, and settles"
CODE_06_AI.bin,0x0001D411,StartBalloon__14CPlayerLemmingFv,accepted_x86_correlation,gap,0x0040FF60,high,src/Platform/Windows/Mixed/Level/VTABLE/LEVELVT.CPP,accepted mapping in data/macintosh-x86-correlations.csv; exact trailer offset; exact no-op virtual body proven by PLAS vtable slot 0x00493968
CODE_06_AI.bin,0x0001D54D,RequestBalloon__14CPlayerLemmingFv,accepted_x86_correlation,gap,0x0040FF70,high,src/Platform/Windows/Mixed/Level/VTABLE/LEVELVT.CPP,"accepted mapping in data/macintosh-x86-correlations.csv; exact trailer offset; maps balloon codes to target subtype, removes chosen object, fetches position, and awards 10"
CODE_06_AI.bin,0x0001D5D6,SetBored__14CPlayerLemmingFUl,accepted_x86_correlation,gap,0x00410090,high,src/Platform/Windows/Mixed/Level/VTABLE/LEVELVT.CPP,"accepted mapping in data/macintosh-x86-correlations.csv; exact trailer offset; uses LCG random 0..4999, rounds by 0x42, divides by 0x32, and adds current deadline"
CODE_06_AI.bin,0x0001D721,StartStanding__14CPlayerLemmingFv,accepted_x86_correlation,gap,0x00410100,high,src/Platform/Windows/Mixed/Level/VTABLE/LEVELVT.CPP,"accepted mapping in data/macintosh-x86-correlations.csv; exact trailer offset; samples terrain/platform, dispatches contact flags, or initializes falling and landing coordinates"
CODE_06_AI.bin,0x0001D77F,Action__14CPlayerLemmingF7eAction,accepted_x86_correlation,gap,0x00410220,high,src/Platform/Windows/Mixed/Level/VTABLE/LEVELVT.CPP,accepted mapping in data/macintosh-x86-correlations.csv; exact trailer offset; stores global time and applies action/state 8 through network-aware state setter
CODE_06_AI.bin,0x0001D839,OnConveyor__14CPlayerLemmingFUcP4CIceUc,accepted_x86_correlation,gap,0x00410250,high,src/Platform/Windows/Mixed/Level/VTABLE/LEVELVT.CPP,"accepted mapping in data/macintosh-x86-correlations.csv; exact trailer offset; exact active flag, ice pointer, detach flag shape maintaining attachment and notifications"
CODE_06_AI.bin,0x0001D8AB,IsSelectable__14CPlayerLemmingFv,accepted_x86_correlation,gap,0x004102D0,high,src/Platform/Windows/Mixed/Level/VTABLE/LEVELVT.CPP,accepted mapping in data/macintosh-x86-correlations.csv; exact trailer offset; calls base predicate then rejects state 0x0F variants 1 and 2
CODE_06_AI.bin,0x0001D8FC,__ct__7CRocketFv,accepted_x86_correlation,gap,0x004267D0,high,src/Platform/Windows/Mixed/Engine/CORE/LINKSCF.CPP,constructs type 0x20 chunk object and installs rocket vtable
CODE_06_AI.bin,0x0001D928,Initialise__7CRocketFv,accepted_x86_correlation,gap,0x004267F0,high,src/Platform/Windows/Mixed/Engine/CORE/LINKSCFBYTES.CPP,clears rocket timestamp and active runtime fields
CODE_06_AI.bin,0x0001D95C,Restart__7CRocketFv,accepted_x86_correlation,gap,0x00426810,high,src/AI/CRocket.cpp,composes inherited restart with rocket Initialise
CODE_06_AI.bin,0x0001D9B8,__dt__7CRocketFv,accepted_x86_correlation,gap,0x00426830,high,src/Platform/Windows/Mixed/Engine/CORE/LINKSCF.CPP,semantic destructor restores rocket vtable and destroys base
CODE_06_AI.bin,0x0001DA58,Set__7CRocketFUsRC7AICOORD,accepted_x86_correlation,gap,0x00426840,high,src/AI/CRocket.cpp,"sets slot, fixed-point position, active state, and tile flag 0x80"
CODE_06_AI.bin,0x0001DB76,Process__7CRocketFv,accepted_x86_correlation,gap,0x004268E0,high,src/AI/CHUNKOBJVT.CPP,matches rocket local and network state machine constants and transitions
CODE_06_AI.bin,0x0001DC3D,StepOn__7CRocketFRC7AICOORDP11CGameObject,accepted_x86_correlation,gap,0x004269D0,high,src/AI/CRocket.cpp,matches distance 0x20 activation and target positioning
CODE_06_AI.bin,0x0001DCE4,DoActivate__7CRocketFv,accepted_x86_correlation,gap,0x00426A60,high,src/AI/CRocket.cpp,"updates timers, activates target state 0x15, and emits message 0x12"
CODE_06_AI.bin,0x0001DD6A,__ct__14CRocketManagerFP3CAIi,accepted_x86_correlation,gap,0x00426AC0,high,src/Platform/Windows/Mixed/Engine/CORE/LINKSCF.CPP,"constructs 0x40-byte manager with CAI, capacity, stream type 9, and null array"
CODE_06_AI.bin,0x0001DDD0,Restart__14CRocketManagerFv,accepted_x86_correlation,gap,0x00426B20,high,src/Platform/Windows/Mixed/Engine/CORE/LINKSCF.CPP,restarts full allocated rocket capacity with Windows stride 0x144
CODE_06_AI.bin,0x0001DE9A,Initialise__14CRocketManagerFi,accepted_x86_correlation,gap,0x00426B50,high,src/AI/CRocketManager.cpp,allocates counted rocket array and initializes owner backpointers
CODE_06_AI.bin,0x0001DF18,__dt__14CRocketManagerFv,accepted_x86_correlation,gap,0x00426C00,high,src/AI/CRocketManager.cpp,semantic teardown deletes counted array and destroys stream base
CODE_06_AI.bin,0x0001DFC5,StepOn__14CRocketManagerFRC7AICOORDP11CGameObject,accepted_x86_correlation,gap,0x00426FB0,high,src/AI/CRocketManager.cpp,checks active idle rockets and stops on first contact success
CODE_06_AI.bin,0x0001E050,Process__14CRocketManagerFv,accepted_x86_correlation,gap,0x00427010,high,src/AI/CRocketManager.cpp,marks live rockets dirty and invokes each Process
CODE_06_AI.bin,0x0001E0DD,GetViewData__14CRocketManagerFP9CViewData,accepted_x86_correlation,gap,0x00427050,high,src/AI/CRocketManager.cpp,emits non-idle rocket view records with Windows stride 0x4C
CODE_06_AI.bin,0x0001E18E,Add__14CRocketManagerFUsiii,accepted_x86_correlation,gap,0x004270B0,high,src/AI/CRocketManager.cpp,"capacity-checks, converts coordinates to fixed point, and appends rocket"
CODE_06_AI.bin,0x0001E25D,LoadLevel__14CRocketManagerFPUciUc,accepted_x86_correlation,gap,0x00427110,high,src/AI/CRocketManager.cpp,matches versioned ID fallback and XYZ load loop
CODE_06_AI.bin,0x0001E32A,__ct__6CSheepFP3CAIiiii,accepted_x86_correlation,gap,0x0041F990,high,src/AI/CInvisibleSwitch.cpp,"exact type 7 construction, vtable installation, fixed-point coordinates, saved word, and entity id"
CODE_06_AI.bin,0x0001E40E,Restart__6CSheepFv,accepted_x86_correlation,gap,0x0041F9F0,high,src/AI/CSheep.cpp,"exact base reset, saved-coordinate restoration, bounds, owner child registration, and count increment"
CODE_06_AI.bin,0x0001E43E,Process__6CSheepFv,accepted_x86_correlation,gap,0x0041FA90,high,src/AI/GroupPlas.cpp,exact PLAS state-table variant 2 dispatch returning zero
CODE_06_AI.bin,0x0001E46C,HitBall__6CSheepFv,accepted_x86_correlation,gap,0x0041FAB0,high,src/AI/CInvisibleSwitch.cpp,exact owner score increment by 150
CODE_06_AI.bin,0x0001E4C0,HitMine__6CSheepFv,accepted_x86_correlation,gap,0x0041FAD0,high,src/AI/CSheep.cpp,exact score 150 and virtual vector callback with z 0xA000
CODE_06_AI.bin,0x0001E511,__ct__11CSheepGroupFP3CAIP14CObjectManagerP17CFormationManager,accepted_x86_correlation,gap,0x0041F500,high,src/AI/CInvisibleSwitch.cpp,"exact generic-group construction, SHPG vtable installation, and 0x16C allocation callers"
CODE_06_AI.bin,0x0001E722,RunAway__11CSheepGroupF7AICOORD,accepted_x86_correlation,gap,0x0041F530,high,src/AI/CSheepGroup.cpp,"exact pending-command gate, octant escape direction, LCG jitter, child command, and dirty flag"
CODE_06_AI.bin,0x0001E847,CheckAgainstLemmings__11CSheepGroupFv,accepted_x86_correlation,gap,0x0041F730,high,src/AI/CSheepGroup.cpp,exact group bounds and three-source threat search calling RunAway
CODE_06_AI.bin,0x0001E8CC,Process__11CSheepGroupFv,accepted_x86_correlation,gap,0x0041F820,high,src/AI/CSheepGroup.cpp,"exact state request, child processing, lemming/catapult checks, and zero return"
CODE_06_AI.bin,0x0001E8F3,CheckAgainstCatapults__11CSheepGroupFv,accepted_x86_correlation,gap,0x0041F870,high,src/Platform/Windows/Mixed/Level/VTABLE/LEVELVT.CPP,exact constant-zero portable method in the direct SHPG process call chain
CODE_06_AI.bin,0x0001E94F,__ct__18CSheepGroupManagerFP3CAIP14CObjectManagerP17CFormationManager,accepted_x86_correlation,gap,0x0041F0B0,high,src/Platform/Windows/Mixed/Engine/CORE/LINKSCF.CPP,"exact generic-manager base construction, three dependencies, and SHPG vtable installation"
CODE_06_AI.bin,0x0001E9FA,Restart__18CSheepGroupManagerFv,accepted_x86_correlation,gap,0x0041F0E0,high,src/Platform/Windows/Mixed/Level/RUN/LEVELRUN.CPP,exact nested group and sheep restart iteration
CODE_06_AI.bin,0x0001EA6A,Process__18CSheepGroupManagerFv,accepted_x86_correlation,gap,0x0041F140,high,src/Platform/Windows/Mixed/Level/RUN/LEVELRUN.CPP,exact first/next group iterator and virtual process loop returning zero
CODE_06_AI.bin,0x0001EBF1,LoadLevel__18CSheepGroupManagerFP16tagLoadSheepDataUlUc,accepted_x86_correlation,gap,0x0041F2E0,high,src/Platform/Windows/Mixed/Level/VTABLE/LEVELVTWindowsPhysicalSegments3.h,"exact six-byte SHPG record loader, group/sheep construction, attachment, and finalization"
CODE_06_AI.bin,0x0001ECB0,__ct__7CSlinkyFv,accepted_x86_correlation,gap,0x0040B480,high,src/AI/CInvisibleSwitch.cpp,exact type 0x35 construction and class vtable installation
CODE_06_AI.bin,0x0001ED8A,Set__7CSlinkyFiiii,accepted_x86_correlation,gap,0x0040B4D0,high,src/AI/CSlinky.cpp,"exact bounds, terrain height, fixed-point position, clock, and state 0x18 setup"
CODE_06_AI.bin,0x0001EDF2,GoodEndPt__7CSlinkyFRC7AICOORD,accepted_x86_correlation,gap,0x0040B630,high,src/AI/LV35BOUND.CPP,exact inclusive fixed-point endpoint bounds test
CODE_06_AI.bin,0x0001EEE0,Move__7CSlinkyFv,accepted_x86_correlation,gap,0x0040B670,high,src/AI/CSlinky.cpp,exact randomized cardinal target selection with eight endpoint attempts
CODE_06_AI.bin,0x0001F07A,Process__7CSlinkyFv,accepted_x86_correlation,gap,0x0040B760,high,src/AI/CSlinky.cpp,"exact state 0x18/0x1B timers, movement, overlap query, and callback dispatch"
CODE_06_AI.bin,0x0001F0AA,__ct__14CSlinkyManagerFP3CAIi,accepted_x86_correlation,gap,0x0040B8E0,high,src/Platform/Windows/Mixed/Level/RUN/LEVELRUN.CPP,exact owner/capacity construction and null object array
CODE_06_AI.bin,0x0001F10A,Restart__14CSlinkyManagerFv,accepted_x86_correlation,gap,0x0040B900,high,src/Platform/Windows/Mixed/Level/RUN/LEVELRUN.CPP,exact reset iteration across allocated 0x150-byte CSlinky objects
CODE_06_AI.bin,0x0001F1B4,Initialise__14CSlinkyManagerFi,accepted_x86_correlation,gap,0x0040B930,high,src/Platform/Windows/Mixed/Level/RUN/LEVELRUNWindowsPhysicalSegments1.h,"exact capacity allocation, array construction, and restart loop"
CODE_06_AI.bin,0x0001F214,__dt__14CSlinkyManagerFv,accepted_x86_correlation,gap,0x0040B9D0,high,src/Platform/Windows/Mixed/Level/RUN/LEVELRUN.CPP,exact conditional array destruction through virtual delete flag 3
CODE_06_AI.bin,0x0001F28C,Add__14CSlinkyManagerFiiiii,accepted_x86_correlation,gap,0x0040B9E0,high,src/AI/CSlinkyManager.cpp,"exact capacity gate, slot id assignment, bounds setup, and active-count increment"
CODE_06_AI.bin,0x0001F2F5,GetViewData__14CSlinkyManagerFP9CViewData,accepted_x86_correlation,gap,0x0040BDD0,high,src/Platform/Windows/Mixed/Level/RUN/LEVELRUN.CPP,exact render-entry iteration and count return
CODE_06_AI.bin,0x0001F35C,Process__14CSlinkyManagerFv,accepted_x86_correlation,gap,0x0040BE20,high,src/AI/CSlinkyManager.cpp,exact active CSlinky processing through vtable slot 0x14
CODE_06_AI.bin,0x0001F449,LoadLevel__14CSlinkyManagerFPUciUc,accepted_x86_correlation,gap,0x0040BE50,high,src/AI/CSlinkyManager.cpp,exact serialized count/id/bounds loading with legacy-id allocation
CODE_06_AI.bin,0x0001F543,StateMachine__FPP11tStateEntryP3CAIP11CGameObject,genuinely_missing_or_unresolved,gap,,unresolved,,no accepted address and no exact scoped spelling in current source
CODE_06_AI.bin,0x0001F593,UserLemming__FP3CAIP11CGameObject,genuinely_missing_or_unresolved,gap,,unresolved,,no accepted address and no exact scoped spelling in current source
CODE_06_AI.bin,0x0001F5D3,AIPlayerLemming__FP3CAIP11CGameObject,genuinely_missing_or_unresolved,gap,,unresolved,,no accepted address and no exact scoped spelling in current source
CODE_06_AI.bin,0x0001F617,SheepState__FP3CAIP11CGameObject,genuinely_missing_or_unresolved,gap,,unresolved,,no accepted address and no exact scoped spelling in current source
CODE_06_AI.bin,0x0001F655,EnemyState__FP3CAIP11CGameObject,genuinely_missing_or_unresolved,gap,,unresolved,,no accepted address and no exact scoped spelling in current source
CODE_06_AI.bin,0x0001F699,PlayerNotFacingCursor__FP3CAIP11CGameObjectP5tInfo,genuinely_missing_or_unresolved,gap,,unresolved,,no accepted address and no exact scoped spelling in current source
CODE_06_AI.bin,0x0001F709,PlayerNotFacingTarget__FP3CAIP11CGameObjectP5tInfo,genuinely_missing_or_unresolved,gap,,unresolved,,no accepted address and no exact scoped spelling in current source
CODE_06_AI.bin,0x0001F757,PlayerRequestingFire__FP3CAIP11CGameObjectP5tInfo,genuinely_missing_or_unresolved,gap,,unresolved,,no accepted address and no exact scoped spelling in current source
CODE_06_AI.bin,0x0001F7C1,PlayerWaitingToFire__FP3CAIP11CGameObjectP5tInfo,genuinely_missing_or_unresolved,gap,,unresolved,,no accepted address and no exact scoped spelling in current source
CODE_06_AI.bin,0x0001F80D,PlayerBored__FP3CAIP11CGameObjectP5tInfo,genuinely_missing_or_unresolved,gap,,unresolved,,no accepted address and no exact scoped spelling in current source
CODE_06_AI.bin,0x0001F873,EnemyNotFacingTarget__FP3CAIP11CGameObjectP5tInfo,genuinely_missing_or_unresolved,gap,,unresolved,,no accepted address and no exact scoped spelling in current source
CODE_06_AI.bin,0x0001F8C1,EnemyRequestingFire__FP3CAIP11CGameObjectP5tInfo,genuinely_missing_or_unresolved,gap,,unresolved,,no accepted address and no exact scoped spelling in current source
CODE_06_AI.bin,0x0001F929,EnemyWaitingToFire__FP3CAIP11CGameObjectP5tInfo,genuinely_missing_or_unresolved,gap,,unresolved,,no accepted address and no exact scoped spelling in current source
CODE_06_AI.bin,0x0001F981,GameOver__FP3CAIP11CGameObjectP5tInfo,genuinely_missing_or_unresolved,gap,,unresolved,,no accepted address and no exact scoped spelling in current source
CODE_06_AI.bin,0x0001F9CD,IsStuck__FP3CAIP11CGameObjectP5tInfo,genuinely_missing_or_unresolved,gap,,unresolved,,no accepted address and no exact scoped spelling in current source
CODE_06_AI.bin,0x0001FA17,RequestDeath__FP3CAIP11CGameObjectP5tInfo,genuinely_missing_or_unresolved,gap,,unresolved,,no accepted address and no exact scoped spelling in current source
CODE_06_AI.bin,0x0001FA7D,NotFacingDestination__FP3CAIP11CGameObjectP5tInfo,genuinely_missing_or_unresolved,gap,,unresolved,,no accepted address and no exact scoped spelling in current source
CODE_06_AI.bin,0x0001FAC5,GotDestination__FP3CAIP11CGameObjectP5tInfo,genuinely_missing_or_unresolved,gap,,unresolved,,no accepted address and no exact scoped spelling in current source
CODE_06_AI.bin,0x0001FB11,AtDestination__FP3CAIP11CGameObjectP5tInfo,genuinely_missing_or_unresolved,gap,,unresolved,,no accepted address and no exact scoped spelling in current source
CODE_06_AI.bin,0x0001FB5B,NotTimeUp__FP3CAIP11CGameObjectP5tInfo,genuinely_missing_or_unresolved,gap,,unresolved,,no accepted address and no exact scoped spelling in current source
CODE_06_AI.bin,0x0001FB9D,Flying__FP3CAIP11CGameObjectP5tInfo,genuinely_missing_or_unresolved,gap,,unresolved,,no accepted address and no exact scoped spelling in current source
CODE_06_AI.bin,0x0001FBDD,IsHit__FP3CAIP11CGameObjectP5tInfo,genuinely_missing_or_unresolved,gap,,unresolved,,no accepted address and no exact scoped spelling in current source
CODE_06_AI.bin,0x0001FC21,IsJumping__FP3CAIP11CGameObjectP5tInfo,genuinely_missing_or_unresolved,gap,,unresolved,,no accepted address and no exact scoped spelling in current source
CODE_06_AI.bin,0x0001FC69,IsFalling__FP3CAIP11CGameObjectP5tInfo,genuinely_missing_or_unresolved,gap,,unresolved,,no accepted address and no exact scoped spelling in current source
CODE_06_AI.bin,0x0001FCAB,QOnBalloon__FP3CAIP11CGameObjectP5tInfo,genuinely_missing_or_unresolved,gap,,unresolved,,no accepted address and no exact scoped spelling in current source
CODE_06_AI.bin,0x0001FD01,PlayerTurnToFaceCursor__FP3CAIP11CGameObjectP5tInfo,genuinely_missing_or_unresolved,gap,,unresolved,,no accepted address and no exact scoped spelling in current source
CODE_06_AI.bin,0x0001FD63,PlayerTurnToFaceTarget__FP3CAIP11CGameObjectP5tInfo,genuinely_missing_or_unresolved,gap,,unresolved,,no accepted address and no exact scoped spelling in current source
CODE_06_AI.bin,0x0001FDB3,PlayerFire__FP3CAIP11CGameObjectP5tInfo,genuinely_missing_or_unresolved,gap,,unresolved,,no accepted address and no exact scoped spelling in current source
CODE_06_AI.bin,0x0001FE09,PlayerEndFiring__FP3CAIP11CGameObjectP5tInfo,genuinely_missing_or_unresolved,gap,,unresolved,,no accepted address and no exact scoped spelling in current source
CODE_06_AI.bin,0x0001FE51,StartStanding__FP3CAIP11CGameObjectP5tInfo,genuinely_missing_or_unresolved,gap,,unresolved,,no accepted address and no exact scoped spelling in current source
CODE_06_AI.bin,0x0001FEC1,PlayerRandomAction__FP3CAIP11CGameObjectP5tInfo,genuinely_missing_or_unresolved,gap,,unresolved,,no accepted address and no exact scoped spelling in current source
CODE_06_AI.bin,0x0001FF31,PlayerStopWalking__FP3CAIP11CGameObjectP5tInfo,genuinely_missing_or_unresolved,gap,,unresolved,,no accepted address and no exact scoped spelling in current source
CODE_06_AI.bin,0x0001FF7B,StartLand__FP3CAIP11CGameObjectP5tInfo,genuinely_missing_or_unresolved,gap,,unresolved,,no accepted address and no exact scoped spelling in current source
CODE_06_AI.bin,0x0001FFB7,StartSommersault__FP3CAIP11CGameObjectP5tInfo,genuinely_missing_or_unresolved,gap,,unresolved,,no accepted address and no exact scoped spelling in current source
CODE_06_AI.bin,0x00020011,Land__FP3CAIP11CGameObjectP5tInfo,genuinely_missing_or_unresolved,gap,,unresolved,,no accepted address and no exact scoped spelling in current source
CODE_06_AI.bin,0x0002004F,StartRoute__FP3CAIP11CGameObjectP5tInfo,genuinely_missing_or_unresolved,gap,,unresolved,,no accepted address and no exact scoped spelling in current source
CODE_06_AI.bin,0x00020093,SearchRoute__FP3CAIP11CGameObjectP5tInfo,genuinely_missing_or_unresolved,gap,,unresolved,,no accepted address and no exact scoped spelling in current source
CODE_06_AI.bin,0x000200D7,Die__FP3CAIP11CGameObjectP5tInfo,genuinely_missing_or_unresolved,gap,,unresolved,,no accepted address and no exact scoped spelling in current source
CODE_06_AI.bin,0x00020113,Fly__FP3CAIP11CGameObjectP5tInfo,genuinely_missing_or_unresolved,gap,,unresolved,,no accepted address and no exact scoped spelling in current source
CODE_06_AI.bin,0x00020149,StartWalking__FP3CAIP11CGameObjectP5tInfo,genuinely_missing_or_unresolved,gap,,unresolved,,no accepted address and no exact scoped spelling in current source
CODE_06_AI.bin,0x00020189,StopWalking__FP3CAIP11CGameObjectP5tInfo,genuinely_missing_or_unresolved,gap,,unresolved,,no accepted address and no exact scoped spelling in current source
CODE_06_AI.bin,0x000201CD,Walk__FP3CAIP11CGameObjectP5tInfo,genuinely_missing_or_unresolved,gap,,unresolved,,no accepted address and no exact scoped spelling in current source
CODE_06_AI.bin,0x00020205,TurnToFaceDestination__FP3CAIP11CGameObjectP5tInfo,genuinely_missing_or_unresolved,gap,,unresolved,,no accepted address and no exact scoped spelling in current source
CODE_06_AI.bin,0x00020289,Hit__FP3CAIP11CGameObjectP5tInfo,genuinely_missing_or_unresolved,gap,,unresolved,,no accepted address and no exact scoped spelling in current source
CODE_06_AI.bin,0x000202BF,Jump__FP3CAIP11CGameObjectP5tInfo,genuinely_missing_or_unresolved,gap,,unresolved,,no accepted address and no exact scoped spelling in current source
CODE_06_AI.bin,0x000202F7,Fall__FP3CAIP11CGameObjectP5tInfo,genuinely_missing_or_unresolved,gap,,unresolved,,no accepted address and no exact scoped spelling in current source
CODE_06_AI.bin,0x00020335,ExternalControlEnd__FP3CAIP11CGameObjectP5tInfo,genuinely_missing_or_unresolved,gap,,unresolved,,no accepted address and no exact scoped spelling in current source
CODE_06_AI.bin,0x000203B7,StartBalloon__FP3CAIP11CGameObjectP5tInfo,genuinely_missing_or_unresolved,gap,,unresolved,,no accepted address and no exact scoped spelling in current source
CODE_06_AI.bin,0x000203FD,OnBalloon__FP3CAIP11CGameObjectP5tInfo,genuinely_missing_or_unresolved,gap,,unresolved,,no accepted address and no exact scoped spelling in current source
CODE_06_AI.bin,0x0002043F,EnemyTurnToFaceTarget__FP3CAIP11CGameObjectP5tInfo,genuinely_missing_or_unresolved,gap,,unresolved,,no accepted address and no exact scoped spelling in current source
CODE_06_AI.bin,0x0002048D,EnemyStartFiring__FP3CAIP11CGameObjectP5tInfo,genuinely_missing_or_unresolved,gap,,unresolved,,no accepted address and no exact scoped spelling in current source
CODE_06_AI.bin,0x000204D7,EnemyFire__FP3CAIP11CGameObjectP5tInfo,genuinely_missing_or_unresolved,gap,,unresolved,,no accepted address and no exact scoped spelling in current source
CODE_06_AI.bin,0x00020519,EnemyEndFiring__FP3CAIP11CGameObjectP5tInfo,genuinely_missing_or_unresolved,gap,,unresolved,,no accepted address and no exact scoped spelling in current source
CODE_06_AI.bin,0x00020576,__ct__11CTrampolineFv,accepted_x86_correlation,gap,0x0042A990,high,src/Platform/Windows/Mixed/Engine/CORE/LINKSCF.CPP,constructs level chunk type 0x22 and installs TRAM vtable
CODE_06_AI.bin,0x000205B4,Restart__11CTrampolineFv,accepted_x86_correlation,gap,0x0042A9B0,high,src/AI/CHOBJRST.CPP,resets managed runtime and clears timestamp configured and active fields
CODE_06_AI.bin,0x00020616,__dt__11CTrampolineFv,accepted_x86_correlation,gap,0x0042A9D0,high,src/Platform/Windows/Mixed/Engine/CORE/LINKSCF.CPP,restores TRAM vtable and destroys level chunk base
CODE_06_AI.bin,0x000206C0,Set__11CTrampolineFUsRC7AICOORD,accepted_x86_correlation,gap,0x0042A9E0,high,src/AI/CTrampoline.cpp,stores slot and fixed coordinates enters state 0x18 and marks terrain metadata
CODE_06_AI.bin,0x0002076C,Process__11CTrampolineFv,accepted_x86_correlation,gap,0x0042AA80,high,src/AI/CHUNKOBJVT.CPP,mirrors state changes and returns state 0x1b to idle after deadline
CODE_06_AI.bin,0x00020BC7,Hit__11CTrampolineFRC7AICOORDP11CGameObject,accepted_x86_correlation,gap,0x0042AB90,high,unreconstructed,tests 3D overlap emits bounded impulse enters cooldown and awards score
CODE_06_AI.bin,0x00020C63,__ct__18CTrampolineManagerFP3CAIi,accepted_x86_correlation,gap,0x0042AF60,high,src/Platform/Windows/Mixed/Engine/CORE/LINKSCF.CPP,constructs EFF stream 0x18 payload 0x0d and records owner capacity
CODE_06_AI.bin,0x00020CCE,Restart__18CTrampolineManagerFv,accepted_x86_correlation,gap,0x0042AFC0,high,src/Platform/Windows/Mixed/Engine/CORE/LINKSCF.CPP,restarts every child using 0x144 byte stride
CODE_06_AI.bin,0x00020D9D,Initialise__18CTrampolineManagerFi,accepted_x86_correlation,gap,0x0042AFF0,high,src/Platform/Windows/Mixed/Engine/CORE/LINKSCF.CPP,allocates and constructs the 0x144 byte child array
CODE_06_AI.bin,0x00020E1E,__dt__18CTrampolineManagerFv,accepted_x86_correlation,gap,0x0042B090,high,src/AI/CTrampolineManager.cpp,deletes child array and destroys EFF stream base
CODE_06_AI.bin,0x00020EAA,Process__18CTrampolineManagerFv,accepted_x86_correlation,gap,0x0042B4A0,high,src/Platform/Windows/Mixed/Engine/CORE/LINKSCF.CPP,activates and processes each configured child
CODE_06_AI.bin,0x00020F35,GetViewData__18CTrampolineManagerFP9CViewData,accepted_x86_correlation,gap,0x0042B4F0,high,src/AI/CTrampolineManager.cpp,emits 0x4c byte view records for active children
CODE_06_AI.bin,0x00020FB7,Hit__18CTrampolineManagerFRC7AICOORDP11CGameObject,accepted_x86_correlation,gap,0x0042B550,high,src/Platform/Windows/Mixed/Engine/CORE/LINKSCF.CPP,returns after first child applies trampoline impulse
CODE_06_AI.bin,0x00021070,Add__18CTrampolineManagerFUsiii,accepted_x86_correlation,gap,0x0042B5A0,high,src/AI/CTrampolineManager.cpp,converts integer coordinates to fixed point and appends one child
CODE_06_AI.bin,0x00021143,LoadLevel__18CTrampolineManagerFPUciUc,accepted_x86_correlation,gap,0x0042B600,high,src/AI/CTrampolineManager.cpp,loads versioned slot IDs and coordinates through Add
CODE_06_AI.bin,0x000211F2,__ct__9CTrapDoorFR7AICOORDUc,accepted_x86_correlation,gap,0x0040C2D0,high,src/AI/CInvisibleSwitch.cpp,"constructs type 0x18 object, copies original/runtime position, and stores variant byte"
CODE_06_AI.bin,0x00021264,Restart__9CTrapDoorFv,accepted_x86_correlation,gap,0x0040C350,high,src/AI/TYPE18RESET.CPP,"resets base and restores position, clocks, active state, and duration 0x50"
CODE_06_AI.bin,0x000213C1,GetViewData__9CTrapDoorFR9CViewData,accepted_x86_correlation,gap,0x0040C3B0,high,src/AI/CTrapDoor.cpp,samples terrain plus 0x4E and emits complete platform view record
CODE_06_AI.bin,0x00021686,Process__9CTrapDoorFv,accepted_x86_correlation,gap,0x0040C4F0,high,src/AI/CTrapDoor.cpp,"matches states 0x18 through 0x23, delays, toggles, and boolean results"
CODE_06_AI.bin,0x0002170E,__ct__16CTrapDoorManagerFv,accepted_x86_correlation,gap,0x0040C750,high,src/AI/TYPE18.CPP,constructs stream type 0x1E payload 0x13 and clears eight child slots
CODE_06_AI.bin,0x0002175E,Restart__16CTrapDoorManagerFv,accepted_x86_correlation,gap,0x0040C7B0,high,src/AI/TYPE18.CPP,restarts each live trap door through child restart slot
CODE_06_AI.bin,0x000217F8,__dt__16CTrapDoorManagerFv,accepted_x86_correlation,gap,0x0040C7E0,high,src/AI/TYPE18.CPP,semantic destructor deletes eight children and destroys stream base
CODE_06_AI.bin,0x000218A5,AddNewDoor__16CTrapDoorManagerFUsR7AICOORDUcUl,accepted_x86_correlation,gap,0x0040C810,high,src/AI/CInvisibleSwitch.cpp,"allocates 0x150-byte child, constructs, restarts, assigns ID and owner, then increments count"
CODE_06_AI.bin,0x00021931,GetViewData__16CTrapDoorManagerFP9CViewData,accepted_x86_correlation,gap,0x0040C890,high,src/AI/TYPE18.CPP,skips states 0x18 and 0x1E and emits Windows 0x4C-byte view records
CODE_06_AI.bin,0x000219B8,Process__16CTrapDoorManagerFv,accepted_x86_correlation,gap,0x0040C8F0,high,src/AI/TYPE18.CPP,"sets prepare flag, processes pending children, and clears completed pending state"
CODE_06_AI.bin,0x00021B53,LoadLevel__16CTrapDoorManagerFPUciUc,accepted_x86_correlation,gap,0x0040CA40,high,src/AI/TYPE18WindowsPhysicalSegments3.h,"parses eight-byte records, samples terrain, conditionally adds doors, and configures ranges"
CODE_07_Control.bin,0x000000D8,VSPreInit__FP11tagPRE_INIT,accepted_x86_correlation,gap,0x00406160,high,src/Control/Options.cpp,copies and finalizes startup graphics configuration including icon and supported dimensions
CODE_07_Control.bin,0x000001BA,SetGameDefaults__Fv,accepted_x86_correlation,represented,0x00406230,high,src/Control/CGame.cpp;src/Control/Options.cpp;src/Control/Options.h,"accepted mapping 0x00406230 (exact trailer offset): exact startup-default role and void signature; initializes shared game, audio, display, debug, level, and command-line state"
CODE_07_Control.bin,0x000001D8,DisplayHelp__Fv,accepted_x86_correlation,represented,0x00406300,high,src/Control/Options.cpp,accepted mapping 0x00406300 (exact trailer offset): exact no-argument help-switch callback; Windows body is intentionally empty while caller handles /? and ?
CODE_07_Control.bin,0x000002C6,StrCmpI__FPCcPCci,accepted_x86_correlation,represented,0x00406790,high,src/Control/Options.cpp;src/Control/Options.h,accepted mapping 0x00406790 (exact trailer offset): exact two-string plus maximum-length signature and case-insensitive bounded comparison behavior
CODE_07_Control.bin,0x00000666,DoCommandLine__FiPPc,accepted_x86_correlation,represented,0x00406460,high,src/Control/CGame.cpp;src/Control/Options.cpp;src/Control/Options.h,accepted mapping 0x00406460 (exact trailer offset): exact argc/argv signature; parses shared game switches through StrCmpI and invokes DisplayHelp
CODE_07_Control.bin,0x00000790,VSmain__FiPPc,accepted_x86_correlation,gap,0x00406310,high,src/Control/CGame.cpp,runs the complete game session lifecycle from command line through CGame and cleanup
CODE_07_Control.bin,0x000008C6,ReturnFacingDirection__Fiiii,accepted_x86_correlation,gap,0x00413E80,high,src/Control/CGameHelp.cpp,computes the same eight-way fixed-point direction octant between points
CODE_07_Control.bin,0x0000095A,Distance__Fiiii,accepted_x86_correlation,gap,0x00413F80,high,src/Control/CGame.cpp,computes Euclidean integer point distance through CVSMath square root
CODE_07_Control.bin,0x00000992,GETWORD__FPUs,platform_specific,excluded,,high,,Macintosh big-endian load adapter; Windows level consumers directly read native little-endian words/dwords at call sites and no standalone equivalent is emitted
CODE_07_Control.bin,0x000009D2,GETLONG__FPUl,platform_specific,excluded,,high,,Macintosh big-endian load adapter; Windows level consumers directly read native little-endian words/dwords at call sites and no standalone equivalent is emitted
CODE_07_Control.bin,0x00000A14,_DEMO_Init__Fi,accepted_x86_correlation,gap,0x00409150,high,src/Platform/Windows/Mixed/Level/RUN/DEMO.CPP,allocates and constructs the global CDemo controller for the requested interval
CODE_07_Control.bin,0x00000A5E,_DEMO_Quit__Fv,accepted_x86_correlation,gap,0x00409180,high,src/Platform/Windows/Mixed/Level/RUN/DEMO.CPP,deletes and clears the global CDemo controller
CODE_07_Control.bin,0x00000B0E,__ct__5CDemoFi,accepted_x86_correlation,gap,0x004091B0,high,src/Platform/Windows/Mixed/Level/RUN/DEMO.CPP,constructs the demo controller registers render dispatch at priority -100 and resets playback state
CODE_07_Control.bin,0x00000B78,__dt__5CDemoFv,accepted_x86_correlation,gap,0x00409220,high,src/Platform/Windows/Mixed/Level/RUN/DEMO.CPP,releases demo data unregisters render dispatch and restores the base vtable
CODE_07_Control.bin,0x00000E1C,SendNextPacket__5CDemoFi,accepted_x86_correlation,gap,0x00409250,high,unreconstructed,dispatches all recorded input packets for the requested frame
CODE_07_Control.bin,0x00000F6A,LoadBuffer__5CDemoFv,accepted_x86_correlation,gap,0x00409460,high,src/Platform/Windows/Mixed/Level/RUN/DEMO.CPP,loads resource or file backed demo data and primes the record cursor
CODE_07_Control.bin,0x00001012,GetUserPacket__5CDemoFPUcRUl,accepted_x86_correlation,gap,0x00409560,high,src/Platform/Windows/Mixed/Level/RUN/DEMO.CPP,reads one length-prefixed user packet and advances remaining data
CODE_07_Control.bin,0x00001050,Reset__5CDemoFv,accepted_x86_correlation,gap,0x004095E0,high,src/Platform/Windows/Mixed/Level/RUN/DEMO.CPP,resets buffer sentinel frame timeout stop and cursor state
CODE_07_Control.bin,0x00001092,SetDemoMode__5CDemoFUc,accepted_x86_correlation,gap,0x00409600,high,src/Platform/Windows/Mixed/Level/RUN/DEMO.CPP,enables playback with reset or disables it with cleanup
CODE_07_Control.bin,0x00001102,Process__5CDemoFv,accepted_x86_correlation,gap,0x00409620,high,src/Platform/Windows/Mixed/Level/RUN/DEMO.CPP,services timed playback and dispatches all packets for the current frame
CODE_07_Control.bin,0x00001164,CleanUp__5CDemoFv,accepted_x86_correlation,gap,0x00409660,high,src/Platform/Windows/Mixed/Level/RUN/DEMO.CPP,releases resource or owned file buffer and clears pointers
CODE_07_Control.bin,0x00001192,GameIsOver__5CDemoFv,accepted_x86_correlation,gap,0x004096A0,high,src/Platform/Windows/Mixed/Level/RUN/DEMO.CPP,marks playback stopped and cleans up the active buffer
CODE_07_Control.bin,0x00001205,ProcessMsg__5CDemoFP10tagMESSAGE,accepted_x86_correlation,gap,0x004096B0,high,src/Platform/Windows/Mixed/Level/RUN/DEMO.CPP,filters live input and passes synthetic recorded messages
CODE_07_Control.bin,0x00001238,ClockEditMode__FUc,accepted_x86_correlation,gap,0x00408080,high,src/Control/CGame.cpp,sets the level frame clock pause edit-mode flag
CODE_07_Control.bin,0x0000128E,ResetGameTimes__Fv,accepted_x86_correlation,gap,0x00408090,high,src/Platform/Windows/Mixed/Level/RUN/LEVELRUN.CPP,clears frame clocks and seeds time and 50ms tick baselines
CODE_07_Control.bin,0x00001374,SetGameTime__Fv,accepted_x86_correlation,gap,0x004080D0,high,src/Platform/Windows/Mixed/Level/RUN/LEVELRUN.CPP,advances demo or live game time with pause and jump-clamp behavior
CODE_07_Control.bin,0x000013C0,SetRemoteGameTimeReal__FUl,accepted_x86_correlation,gap,0x00408190,high,src/Platform/Windows/Mixed/Level/RUN/LEVELRUN.CPP,accepts newer remote time and updates its 50ms frame index
CODE_07_Control.bin,0x00001428,__ct__11CGameStatusFv,accepted_x86_correlation,represented,0x00406A90,high,src/Control/CGame.cpp,accepted mapping 0x00406A90 (exact trailer offset): 0x50-byte allocation and complete state clear establish constructor lifecycle
CODE_07_Control.bin,0x000014BB,JiggleLevelData__11CGameStatusFv,accepted_x86_correlation,represented,0x00406AD0,high,src/Control/CGame.cpp,accepted mapping 0x00406AD0 (exact trailer offset): eight 3-bit digits are permuted and XOR-packed for the password
CODE_07_Control.bin,0x00001577,UnJiggleLevelData__11CGameStatusFUl,accepted_x86_correlation,represented,0x00406B30,high,src/Control/CGame.cpp,accepted mapping 0x00406B30 (exact trailer offset): inverse permutation reconstructs four bounded unlocked-level caps
CODE_07_Control.bin,0x000015DE,CalcCheckSum__11CGameStatusFUl,accepted_x86_correlation,represented,0x00406BA0,high,src/Control/CGame.cpp,accepted mapping 0x00406BA0 (exact trailer offset): matching 5-bit checksum over value bytes used by encode and decode
CODE_07_Control.bin,0x0000167E,EncodePassword__11CGameStatusFv,accepted_x86_correlation,represented,0x00406C00,high,src/Control/CGame.cpp,accepted mapping 0x00406C00 (exact trailer offset): packs state and checksum then formats the stored zero-padded password
CODE_07_Control.bin,0x00001795,DecodePassword__11CGameStatusFPc,accepted_x86_correlation,represented,0x00406CA0,high,src/Control/CGame.cpp,"accepted mapping 0x00406CA0 (exact trailer offset): parses, validates checksum, handles cheat code, and applies caps"
CODE_07_Control.bin,0x000017F8,StringToDWord__11CGameStatusFv,accepted_x86_correlation,represented,0x00406D80,high,src/Control/CGame.cpp,accepted mapping 0x00406D80 (exact trailer offset): decimal accumulation over the stored password buffer
CODE_07_Control.bin,0x0000183A,GotoLastLevels__11CGameStatusFv,accepted_x86_correlation,represented,0x00406DD0,high,src/Control/CGame.cpp,accepted mapping 0x00406DD0 (exact trailer offset): copies active unlock caps into per-pack selected-level snapshots
CODE_07_Control.bin,0x00001C1C,__ct__5CGameFPc,accepted_x86_correlation,gap,0x00406DF0,high,src/Control/CGame.cpp,constructs the main game context resource archive views audio modes and startup path
CODE_07_Control.bin,0x00001D98,__dt__5CGameFv,accepted_x86_correlation,gap,0x004071D0,high,src/Control/CGame.cpp,tears down active mode view resources audio network state and progress data
CODE_07_Control.bin,0x00001E4A,IsValidResource__5CGameFv,accepted_x86_correlation,gap,0x00407300,high,src/Control/CGame.cpp,decodes resource 0x100 and validates the expected master version string
CODE_07_Control.bin,0x00001EAA,LoadFrontendResources__5CGameFi,accepted_x86_correlation,gap,0x004073B0,high,src/Control/CGame.cpp,lazily constructs the frontend variant resource helper for requested mode mask
CODE_07_Control.bin,0x00001EF7,UnLoadFrontendResources__5CGameFv,accepted_x86_correlation,gap,0x004073F0,high,src/Control/CGame.cpp,destroys frees and clears the frontend resource helper
CODE_07_Control.bin,0x0000234D,NextProcess__5CGameF14eFlowProcesses,accepted_x86_correlation,gap,0x00407420,high,src/Control/CGame.cpp,destroys current process creates the requested flow process and switches the active view
CODE_07_Control.bin,0x000024F4,Process__5CGameFv,accepted_x86_correlation,gap,0x004077E0,high,src/Control/CGame.cpp,updates active view and process handles transition and quit requests and network service
CODE_07_Control.bin,0x00002586,RefreshViews__5CGameFv,accepted_x86_correlation,gap,0x004078F0,high,src/Control/CGame.cpp,presents the active view with refresh timing accounting
CODE_07_Control.bin,0x0000266C,Run__5CGameFv,accepted_x86_correlation,gap,0x00407950,high,src/Control/CGame.cpp,runs message process and refresh loop until quit
CODE_07_Control.bin,0x000026AC,__ct__12CLevelLoaderFP3CAI,accepted_x86_correlation,gap,0x00408210,high,src/Platform/Windows/Mixed/Level/RUN/LEVELRUN.CPP,constructs the 8-byte loader context with CAI owner level path and cleared level cursor
CODE_07_Control.bin,0x00002CB5,LoadLevel__12CLevelLoaderF6eSkilliUc,accepted_x86_correlation,gap,0x00408240,high,src/Platform/Windows/Mixed/Engine/CORE/LINKSCF.CPP,loads and dispatches the complete tagged level chunk stream for skill level and player
CODE_07_Control.bin,0x00002D61,LocateStartOfLevelFile__12CLevelLoaderFv,accepted_x86_correlation,gap,0x004087B0,high,src/Platform/Windows/Mixed/Level/RUN/LEVELRUN.CPP,opens reads and owns the override level file buffer
CODE_07_Control.bin,0x00002DCF,GetNextBlockHeader__12CLevelLoaderFP18tagLoadBlockHeader,accepted_x86_correlation,gap,0x00408830,high,src/Platform/Windows/Mixed/Level/RUN/LEVELRUN.CPP,returns first or aligned next tagged level block header
CODE_07_Control.bin,0x000031D9,RetrievePreviewData__12CLevelLoaderF6eSkilliP12tPreviewData,accepted_x86_correlation,gap,0x00408850,high,src/Platform/Windows/Mixed/Level/RUN/LEVELRUN.CPP,reads AI player count name and network totals into preview data
CODE_07_Control.bin,0x0000326F,CalcLevelID__12CLevelLoaderF6eSkilli,accepted_x86_correlation,gap,0x00408B00,high,src/Platform/Windows/Mixed/Level/RUN/LEVELRUN.CPP,calculates the BIN resource id from skill-specific bases and level
CODE_07_Control.bin,0x00003316,IncLevel__11CGameStatusFv,accepted_x86_correlation,represented,0x00408DC0,high,src/Control/CGame.cpp,accepted mapping 0x00408DC0 (exact trailer offset): increments within exact pack limits and updates unlock/snapshot state
CODE_07_Control.bin,0x00003358,DecLevel__11CGameStatusFv,accepted_x86_correlation,represented,0x00408E40,high,src/Control/CGame.cpp,"accepted mapping 0x00408E40 (exact trailer offset): decrements current level, updates snapshot, and reports further retreat"
CODE_07_Control.bin,0x000033C8,IncSkill__11CGameStatusFUc,accepted_x86_correlation,represented,0x00408E60,high,src/Control/CGame.cpp,accepted mapping 0x00408E60 (exact trailer offset): advances the four normal skill packs with optional wrap and resets level
CODE_07_Control.bin,0x00003425,NoOfLevelsInSkill__11CGameStatusFi,accepted_x86_correlation,represented,0x00408F30,high,src/Control/CGame.cpp,accepted mapping 0x00408F30 (exact trailer offset): exact skill-to-level-count switch 24/25/28/21/11
CODE_07_Control.bin,0x00003481,NextLevelAvailable__11CGameStatusFv,accepted_x86_correlation,represented,0x00408FA0,high,src/Control/CGame.cpp,accepted mapping 0x00408FA0 (exact trailer offset): availability predicate compares current level with the active unlock cap
CODE_07_Control.bin,0x000034BF,LastLevelAvailable__11CGameStatusFv,accepted_x86_correlation,represented,0x00408FD0,high,src/Control/CGame.cpp,accepted mapping 0x00408FD0 (exact trailer offset): returns whether current level is nonzero for previous navigation
CODE_07_Control.bin,0x0000354E,SetMaxLevel__11CGameStatusFii,accepted_x86_correlation,represented,0x00408FE0,high,src/Control/CGame.cpp,accepted mapping 0x00408FE0 (exact trailer offset): clamps a skill cap and protects the active current level
CODE_07_Control.bin,0x0000358A,Level__11CGameStatusFi,accepted_x86_correlation,represented,0x00409070,high,src/Control/CGameStatusLevel.cpp,accepted mapping 0x00409070 (exact trailer offset): sets current level and matching per-skill snapshot; exact overload tail
CODE_07_Control.bin,0x000035BA,Level__11CGameStatusFv,accepted_x86_correlation,represented,0x00409080,high,src/Platform/Windows/Mixed/Level/RUN/LEVELRUN.CPP,accepted mapping 0x00409080 (exact trailer offset): returns selected-level snapshot for active skill; live level-mode callers
CODE_08_Frontend.bin,0x00000046,__ct__18CUserActionMessageFv,genuinely_missing_or_unresolved,gap,,unresolved,,no accepted address and no exact scoped spelling in current source
CODE_08_Frontend.bin,0x0000009A,AddData__18CUserActionMessageFv,genuinely_missing_or_unresolved,gap,,unresolved,,no accepted address and no exact scoped spelling in current source
CODE_08_Frontend.bin,0x000000E6,GetData__18CUserActionMessageFv,genuinely_missing_or_unresolved,gap,,unresolved,,no accepted address and no exact scoped spelling in current source
CODE_08_Frontend.bin,0x000002B3,__ct__19CBaseFrontendDrawerFP14CMain2DDisplayP4CGDIRC7CVSRect14eFlowProcessesiiiii,genuinely_missing_or_unresolved,gap,,unresolved,,no accepted address and no exact scoped spelling in current source
CODE_08_Frontend.bin,0x0000046A,Setup__19CBaseFrontendDrawerFv,genuinely_missing_or_unresolved,gap,,unresolved,,no accepted address and no exact scoped spelling in current source
CODE_08_Frontend.bin,0x00000606,__dt__19CBaseFrontendDrawerFv,genuinely_missing_or_unresolved,gap,,unresolved,,no accepted address and no exact scoped spelling in current source
CODE_08_Frontend.bin,0x000006E9,OnPause__19CBaseFrontendDrawerFUc,genuinely_missing_or_unresolved,gap,,unresolved,,no accepted address and no exact scoped spelling in current source
CODE_08_Frontend.bin,0x00000889,InitialiseBackBuffer__19CBaseFrontendDrawerFv,genuinely_missing_or_unresolved,gap,,unresolved,,no accepted address and no exact scoped spelling in current source
CODE_08_Frontend.bin,0x0000092F,Draw__19CBaseFrontendDrawerFRC7CVSRect,genuinely_missing_or_unresolved,gap,,unresolved,,no accepted address and no exact scoped spelling in current source
CODE_08_Frontend.bin,0x00000ABB,ReplaceBackground__19CBaseFrontendDrawerFv,genuinely_missing_or_unresolved,gap,,unresolved,,no accepted address and no exact scoped spelling in current source
CODE_08_Frontend.bin,0x00000D85,_DrawBackGround__19CBaseFrontendDrawerFv,genuinely_missing_or_unresolved,gap,,unresolved,,no accepted address and no exact scoped spelling in current source
CODE_08_Frontend.bin,0x00000E17,Restart__19CBaseFrontendDrawerFv,genuinely_missing_or_unresolved,gap,,unresolved,,no accepted address and no exact scoped spelling in current source
CODE_08_Frontend.bin,0x00000F18,_Load__19CBaseFrontendDrawerFv,genuinely_missing_or_unresolved,gap,,unresolved,,no accepted address and no exact scoped spelling in current source
CODE_08_Frontend.bin,0x00000FA7,_UnLoad__19CBaseFrontendDrawerFv,genuinely_missing_or_unresolved,gap,,unresolved,,no accepted address and no exact scoped spelling in current source
CODE_08_Frontend.bin,0x00001015,_DrawAnims__19CBaseFrontendDrawerFv,genuinely_missing_or_unresolved,gap,,unresolved,,no accepted address and no exact scoped spelling in current source
CODE_08_Frontend.bin,0x0000106F,ResetPrimitives__19CBaseFrontendDrawerFv,genuinely_missing_or_unresolved,gap,,unresolved,,no accepted address and no exact scoped spelling in current source
CODE_08_Frontend.bin,0x00001119,DrawFrame__19CBaseFrontendDrawerF12tagCoordPair12tagCoordPair,genuinely_missing_or_unresolved,gap,,unresolved,,no accepted address and no exact scoped spelling in current source
CODE_08_Frontend.bin,0x000014C7,DrawFrame__19CBaseFrontendDrawerF7CVSRect,genuinely_missing_or_unresolved,gap,,unresolved,,no accepted address and no exact scoped spelling in current source
CODE_08_Frontend.bin,0x00001597,ProcessMsg__19CBaseFrontendDrawerFP10tagMESSAGE,genuinely_missing_or_unresolved,gap,,unresolved,,no accepted address and no exact scoped spelling in current source
CODE_08_Frontend.bin,0x000016CF,Process__19CBaseFrontendDrawerFv,genuinely_missing_or_unresolved,gap,,unresolved,,no accepted address and no exact scoped spelling in current source
CODE_08_Frontend.bin,0x0000170B,LostConnection__19CBaseFrontendDrawerFv,genuinely_missing_or_unresolved,gap,,unresolved,,no accepted address and no exact scoped spelling in current source
CODE_08_Frontend.bin,0x0000175D,Action__19CBaseFrontendDrawerF12eUserActions17eUserActionStages,genuinely_missing_or_unresolved,gap,,unresolved,,no accepted address and no exact scoped spelling in current source
CODE_08_Frontend.bin,0x0000186B,RemoteAction__19CBaseFrontendDrawerF12eUserActions17eUserActionStages,genuinely_missing_or_unresolved,gap,,unresolved,,no accepted address and no exact scoped spelling in current source
CODE_08_Frontend.bin,0x00001905,OnDriverChange__19CBaseFrontendDrawerFv,genuinely_missing_or_unresolved,gap,,unresolved,,no accepted address and no exact scoped spelling in current source
CODE_08_Frontend.bin,0x000019E3,__ct__20CBaseFrontendProcessFP5CGame,genuinely_missing_or_unresolved,gap,,unresolved,,no accepted address and no exact scoped spelling in current source
CODE_08_Frontend.bin,0x00001A9C,__dt__20CBaseFrontendProcessFv,genuinely_missing_or_unresolved,gap,,unresolved,,no accepted address and no exact scoped spelling in current source
CODE_08_Frontend.bin,0x00001AF5,Process__20CBaseFrontendProcessFv,genuinely_missing_or_unresolved,gap,,unresolved,,no accepted address and no exact scoped spelling in current source
CODE_08_Frontend.bin,0x00001B9B,Action__20CBaseFrontendProcessF12eUserActions17eUserActionStages,genuinely_missing_or_unresolved,gap,,unresolved,,no accepted address and no exact scoped spelling in current source
CODE_08_Frontend.bin,0x00001CA9,ProcessMsg__20CBaseFrontendProcessFP10tagMESSAGE,genuinely_missing_or_unresolved,gap,,unresolved,,no accepted address and no exact scoped spelling in current source
CODE_08_Frontend.bin,0x00001CE7,ReceiveCritical__20CBaseFrontendProcessFUlP11CReadPacketP8CConnect,genuinely_missing_or_unresolved,gap,,unresolved,,no accepted address and no exact scoped spelling in current source
CODE_08_Frontend.bin,0x0000207D,__ct__11CCDLoadAnimFP4CGDIP14CMain2DDisplay,genuinely_missing_or_unresolved,gap,,unresolved,,no accepted address and no exact scoped spelling in current source
CODE_08_Frontend.bin,0x0000223A,__dt__11CCDLoadAnimFv,genuinely_missing_or_unresolved,gap,,unresolved,,no accepted address and no exact scoped spelling in current source
CODE_08_Frontend.bin,0x000022A9,InitialiseScreen__11CCDLoadAnimFv,genuinely_missing_or_unresolved,gap,,unresolved,,no accepted address and no exact scoped spelling in current source
CODE_08_Frontend.bin,0x000028E6,Draw__11CCDLoadAnimFv,genuinely_missing_or_unresolved,gap,,unresolved,,no accepted address and no exact scoped spelling in current source
CODE_08_Frontend.bin,0x00002920,Draw__11CCDLoadAnimFs,genuinely_missing_or_unresolved,gap,,unresolved,,no accepted address and no exact scoped spelling in current source
CODE_08_Frontend.bin,0x00002954,sgn__Fi,genuinely_missing_or_unresolved,gap,,unresolved,,no accepted address and no exact scoped spelling in current source
CODE_08_Frontend.bin,0x00002991,OnReleased__10CGunButtonF12BUTTON_FLAGS,genuinely_missing_or_unresolved,gap,,unresolved,,no accepted address and no exact scoped spelling in current source
CODE_08_Frontend.bin,0x00002A05,OnPressed__10CGunButtonF12BUTTON_FLAGS,genuinely_missing_or_unresolved,gap,,unresolved,,no accepted address and no exact scoped spelling in current source
CODE_08_Frontend.bin,0x00002B1F,__ct__11CGunButtonsFP5CGWndP4CGDIiiPUlUciiiUlPvUl,genuinely_missing_or_unresolved,gap,,unresolved,,no accepted address and no exact scoped spelling in current source
CODE_08_Frontend.bin,0x00002BAA,__dt__11CGunButtonsFv,genuinely_missing_or_unresolved,gap,,unresolved,,no accepted address and no exact scoped spelling in current source
CODE_08_Frontend.bin,0x00002C0E,SetActive__11CGunButtonsFUc,genuinely_missing_or_unresolved,gap,,unresolved,,no accepted address and no exact scoped spelling in current source
CODE_08_Frontend.bin,0x00002C48,DrawBackBuffer__11CGunButtonsFv,genuinely_missing_or_unresolved,gap,,unresolved,,no accepted address and no exact scoped spelling in current source
CODE_08_Frontend.bin,0x00002DD1,ProcessMsg__11CGunButtonsFP10tagMESSAGE,genuinely_missing_or_unresolved,gap,,unresolved,,no accepted address and no exact scoped spelling in current source
CODE_08_Frontend.bin,0x00002E38,Draw__11CGunButtonsFUcUc,genuinely_missing_or_unresolved,gap,,unresolved,,no accepted address and no exact scoped spelling in current source
CODE_08_Frontend.bin,0x00002FFA,LoadFaces__11CGunButtonsFPUl,genuinely_missing_or_unresolved,gap,,unresolved,,no accepted address and no exact scoped spelling in current source
CODE_08_Frontend.bin,0x000030A2,UnLoadFaces__11CGunButtonsFv,genuinely_missing_or_unresolved,gap,,unresolved,,no accepted address and no exact scoped spelling in current source
CODE_08_Frontend.bin,0x000030EA,__ct__13CSpriteWindowFv,genuinely_missing_or_unresolved,gap,,unresolved,,no accepted address and no exact scoped spelling in current source
CODE_08_Frontend.bin,0x00003128,OnCreate__13CSpriteWindowFv,genuinely_missing_or_unresolved,gap,,unresolved,,no accepted address and no exact scoped spelling in current source
CODE_08_Frontend.bin,0x0000357B,__ct__14CGunControllerFP5CGWndP4CGDIiUc,genuinely_missing_or_unresolved,gap,,unresolved,,no accepted address and no exact scoped spelling in current source
CODE_08_Frontend.bin,0x000035F1,ActivateButtons__14CGunControllerFUc,genuinely_missing_or_unresolved,gap,,unresolved,,no accepted address and no exact scoped spelling in current source
CODE_08_Frontend.bin,0x000036CD,SetSpriteWindow__14CGunControllerFv,genuinely_missing_or_unresolved,gap,,unresolved,,no accepted address and no exact scoped spelling in current source
CODE_08_Frontend.bin,0x000038D2,__dt__14CGunControllerFv,genuinely_missing_or_unresolved,gap,,unresolved,,no accepted address and no exact scoped spelling in current source
CODE_08_Frontend.bin,0x000039A7,ProcessMsg__14CGunControllerFP10tagMESSAGE,genuinely_missing_or_unresolved,gap,,unresolved,,no accepted address and no exact scoped spelling in current source
CODE_08_Frontend.bin,0x00003A83,AddButton__14CGunControllerFiiPUlUciiiPvUl,genuinely_missing_or_unresolved,gap,,unresolved,,no accepted address and no exact scoped spelling in current source
CODE_08_Frontend.bin,0x00003C9D,AddJunction__14CGunControllerFiiUcUl,genuinely_missing_or_unresolved,gap,,unresolved,,no accepted address and no exact scoped spelling in current source
CODE_08_Frontend.bin,0x00003D11,DrawButtons__14CGunControllerFUcUc,genuinely_missing_or_unresolved,gap,,unresolved,,no accepted address and no exact scoped spelling in current source
CODE_08_Frontend.bin,0x00004227,DrawSpriteWindow__14CGunControllerFv,genuinely_missing_or_unresolved,gap,,unresolved,,no accepted address and no exact scoped spelling in current source
CODE_08_Frontend.bin,0x00004340,MoveUp__14CGunControllerFv,genuinely_missing_or_unresolved,gap,,unresolved,,no accepted address and no exact scoped spelling in current source
CODE_08_Frontend.bin,0x00004454,MoveDown__14CGunControllerFv,genuinely_missing_or_unresolved,gap,,unresolved,,no accepted address and no exact scoped spelling in current source
CODE_08_Frontend.bin,0x000044D0,MoveLeft__14CGunControllerFv,genuinely_missing_or_unresolved,gap,,unresolved,,no accepted address and no exact scoped spelling in current source
CODE_08_Frontend.bin,0x00004550,MoveRight__14CGunControllerFv,genuinely_missing_or_unresolved,gap,,unresolved,,no accepted address and no exact scoped spelling in current source
CODE_08_Frontend.bin,0x0000463E,SetGun__14CGunControllerFi,genuinely_missing_or_unresolved,gap,,unresolved,,no accepted address and no exact scoped spelling in current source
CODE_08_Frontend.bin,0x00004851,SelectOption__14CGunControllerFv,genuinely_missing_or_unresolved,gap,,unresolved,,no accepted address and no exact scoped spelling in current source
CODE_08_Frontend.bin,0x00004A32,Process__14CGunControllerFv,genuinely_missing_or_unresolved,gap,,unresolved,,no accepted address and no exact scoped spelling in current source
CODE_08_Frontend.bin,0x00004A90,SetActive__14CGunControllerFUc,genuinely_missing_or_unresolved,gap,,unresolved,,no accepted address and no exact scoped spelling in current source
CODE_08_Frontend.bin,0x00004BA9,__ct__14CHiliteButtonsFP5CGWndP4CGDIiiPUlUciiiUlPvUl,genuinely_missing_or_unresolved,gap,,unresolved,,no accepted address and no exact scoped spelling in current source
CODE_08_Frontend.bin,0x00004C36,__dt__14CHiliteButtonsFv,genuinely_missing_or_unresolved,gap,,unresolved,,no accepted address and no exact scoped spelling in current source
CODE_08_Frontend.bin,0x00004D4D,ProcessMsg__14CHiliteButtonsFP10tagMESSAGE,genuinely_missing_or_unresolved,gap,,unresolved,,no accepted address and no exact scoped spelling in current source
CODE_08_Frontend.bin,0x00004D9C,Draw__14CHiliteButtonsFUc,genuinely_missing_or_unresolved,gap,,unresolved,,no accepted address and no exact scoped spelling in current source
CODE_08_Frontend.bin,0x00004E9A,LoadFaces__14CHiliteButtonsFPUl,genuinely_missing_or_unresolved,gap,,unresolved,,no accepted address and no exact scoped spelling in current source
CODE_08_Frontend.bin,0x00004F20,UnLoadFaces__14CHiliteButtonsFv,genuinely_missing_or_unresolved,gap,,unresolved,,no accepted address and no exact scoped spelling in current source
CODE_08_Frontend.bin,0x00004F93,UpdateAnimID__14CHiliteButtonsFv,genuinely_missing_or_unresolved,gap,,unresolved,,no accepted address and no exact scoped spelling in current source
CODE_08_Frontend.bin,0x00004FDE,__ct__13CHiliteWindowFv,genuinely_missing_or_unresolved,gap,,unresolved,,no accepted address and no exact scoped spelling in current source
CODE_08_Frontend.bin,0x0000501C,OnCreate__13CHiliteWindowFv,genuinely_missing_or_unresolved,gap,,unresolved,,no accepted address and no exact scoped spelling in current source
CODE_08_Frontend.bin,0x00005185,__ct__17CHiliteControllerFP5CGWndP4CGDIiUcUc,genuinely_missing_or_unresolved,gap,,unresolved,,no accepted address and no exact scoped spelling in current source
CODE_08_Frontend.bin,0x00005269,SetHiliteWindow__17CHiliteControllerFv,genuinely_missing_or_unresolved,gap,,unresolved,,no accepted address and no exact scoped spelling in current source
CODE_08_Frontend.bin,0x000053C6,__dt__17CHiliteControllerFv,genuinely_missing_or_unresolved,gap,,unresolved,,no accepted address and no exact scoped spelling in current source
CODE_08_Frontend.bin,0x0000559D,ProcessMsg__17CHiliteControllerFP10tagMESSAGE,genuinely_missing_or_unresolved,gap,,unresolved,,no accepted address and no exact scoped spelling in current source
CODE_08_Frontend.bin,0x0000566F,AddButton__17CHiliteControllerFiiPUlUciiiPvUl,genuinely_missing_or_unresolved,gap,,unresolved,,no accepted address and no exact scoped spelling in current source
CODE_08_Frontend.bin,0x000056F5,AddHJunction__17CHiliteControllerFiiUl,genuinely_missing_or_unresolved,gap,,unresolved,,no accepted address and no exact scoped spelling in current source
CODE_08_Frontend.bin,0x00005765,DrawButtons__17CHiliteControllerFUc,genuinely_missing_or_unresolved,gap,,unresolved,,no accepted address and no exact scoped spelling in current source
CODE_08_Frontend.bin,0x00005891,DrawHiliteWindow__17CHiliteControllerFv,genuinely_missing_or_unresolved,gap,,unresolved,,no accepted address and no exact scoped spelling in current source
CODE_08_Frontend.bin,0x00005936,MoveLeft__17CHiliteControllerFv,genuinely_missing_or_unresolved,gap,,unresolved,,no accepted address and no exact scoped spelling in current source
CODE_08_Frontend.bin,0x000059D5,MoveRight__17CHiliteControllerFv,genuinely_missing_or_unresolved,gap,,unresolved,,no accepted address and no exact scoped spelling in current source
CODE_08_Frontend.bin,0x00005A4F,SetHilite__17CHiliteControllerFi,genuinely_missing_or_unresolved,gap,,unresolved,,no accepted address and no exact scoped spelling in current source
CODE_08_Frontend.bin,0x00005A82,Process__17CHiliteControllerFv,genuinely_missing_or_unresolved,gap,,unresolved,,no accepted address and no exact scoped spelling in current source
CODE_08_Frontend.bin,0x00005AFD,ActivateButtons__17CHiliteControllerFUc,genuinely_missing_or_unresolved,gap,,unresolved,,no accepted address and no exact scoped spelling in current source
CODE_08_Frontend.bin,0x00005B83,UpdateAnimIDs__17CHiliteControllerFUl,genuinely_missing_or_unresolved,gap,,unresolved,,no accepted address and no exact scoped spelling in current source
CODE_08_Frontend.bin,0x00005BED,SetActive__17CHiliteControllerFUc,genuinely_missing_or_unresolved,gap,,unresolved,,no accepted address and no exact scoped spelling in current source
CODE_08_Frontend.bin,0x00005D3F,__ct__16CIntroAnimDrawerFP14CMain2DDisplayP4CGDIRC7CVSRectUc,genuinely_missing_or_unresolved,gap,,unresolved,,no accepted address and no exact scoped spelling in current source
CODE_08_Frontend.bin,0x00005D94,Load__16CIntroAnimDrawerFv,genuinely_missing_or_unresolved,gap,,unresolved,,no accepted address and no exact scoped spelling in current source
CODE_08_Frontend.bin,0x00005DBA,UnLoad__16CIntroAnimDrawerFv,genuinely_missing_or_unresolved,gap,,unresolved,,no accepted address and no exact scoped spelling in current source
CODE_08_Frontend.bin,0x00005E9A,__dt__16CIntroAnimDrawerFv,genuinely_missing_or_unresolved,gap,,unresolved,,no accepted address and no exact scoped spelling in current source
CODE_08_Frontend.bin,0x00005EFB,DestroyDrawer__16CIntroAnimDrawerFv,genuinely_missing_or_unresolved,gap,,unresolved,,no accepted address and no exact scoped spelling in current source
CODE_08_Frontend.bin,0x00005F60,EndPhase__16CIntroAnimDrawerFv,genuinely_missing_or_unresolved,gap,,unresolved,,no accepted address and no exact scoped spelling in current source
CODE_08_Frontend.bin,0x00005FE9,ProcessMessages__16CIntroAnimDrawerFP10tagMESSAGE,genuinely_missing_or_unresolved,gap,,unresolved,,no accepted address and no exact scoped spelling in current source
CODE_08_Frontend.bin,0x0000617F,Processing__16CIntroAnimDrawerFv,genuinely_missing_or_unresolved,gap,,unresolved,,no accepted address and no exact scoped spelling in current source
CODE_08_Frontend.bin,0x000061C1,Initialise__20CIntroAnimAnimWindowFP16CIntroAnimDrawerP14CMain2DDisplayUc,genuinely_missing_or_unresolved,gap,,unresolved,,no accepted address and no exact scoped spelling in current source
CODE_08_Frontend.bin,0x00006277,SetAnim__20CIntroAnimAnimWindowFv,genuinely_missing_or_unresolved,gap,,unresolved,,no accepted address and no exact scoped spelling in current source
CODE_08_Frontend.bin,0x000062C1,OnStop__20CIntroAnimAnimWindowFv,genuinely_missing_or_unresolved,gap,,unresolved,,no accepted address and no exact scoped spelling in current source
CODE_08_Frontend.bin,0x0000631E,__ct__11CEditStringFi,accepted_x86_correlation,represented,0x00453150,high,src/Frontend/CEditString.cpp,accepted mapping 0x00453150 (exact trailer offset): capacity allocation and empty-string constructor lifecycle
CODE_08_Frontend.bin,0x0000636A,__apl__11CEditStringFc,accepted_x86_correlation,represented,0x00453180,high,src/Frontend/CEditString.cpp,accepted mapping 0x00453180 (exact trailer offset): bounded character append and NUL termination
CODE_08_Frontend.bin,0x000063BE,__as__11CEditStringFPCc,accepted_x86_correlation,represented,0x00453200,high,src/Frontend/CEditString.cpp,accepted mapping 0x00453200 (exact trailer offset): C-string assignment and length update
CODE_08_Frontend.bin,0x000063F0,Reset__13CEntryHandlerFv,genuinely_missing_or_unresolved,gap,,unresolved,,no accepted address and no exact scoped spelling in current source
CODE_08_Frontend.bin,0x0000642D,OnButtonDown__13CEntryHandlerFRC8CVSPoint12BUTTON_FLAGS,genuinely_missing_or_unresolved,gap,,unresolved,,no accepted address and no exact scoped spelling in current source
CODE_08_Frontend.bin,0x00006603,__ct__21CNetworkOptionsDrawerFP14CMain2DDisplayP4CGDIRC7CVSRect,genuinely_missing_or_unresolved,gap,,unresolved,,no accepted address and no exact scoped spelling in current source
CODE_08_Frontend.bin,0x00006788,Load__21CNetworkOptionsDrawerFv,genuinely_missing_or_unresolved,gap,,unresolved,,no accepted address and no exact scoped spelling in current source
CODE_08_Frontend.bin,0x000067DB,UnLoad__21CNetworkOptionsDrawerFv,genuinely_missing_or_unresolved,gap,,unresolved,,no accepted address and no exact scoped spelling in current source
CODE_08_Frontend.bin,0x00006932,__dt__21CNetworkOptionsDrawerFv,genuinely_missing_or_unresolved,gap,,unresolved,,no accepted address and no exact scoped spelling in current source
CODE_08_Frontend.bin,0x0000698D,DrawBackGround__21CNetworkOptionsDrawerFv,genuinely_missing_or_unresolved,gap,,unresolved,,no accepted address and no exact scoped spelling in current source
CODE_08_Frontend.bin,0x00006A77,DrawFrame__21CNetworkOptionsDrawerF17eNetOptsPositions,genuinely_missing_or_unresolved,gap,,unresolved,,no accepted address and no exact scoped spelling in current source
CODE_08_Frontend.bin,0x00006D59,DrawEntry__21CNetworkOptionsDrawerFUlRi7eRemaps,genuinely_missing_or_unresolved,gap,,unresolved,,no accepted address and no exact scoped spelling in current source
CODE_08_Frontend.bin,0x0000759F,DrawText__21CNetworkOptionsDrawerFv,genuinely_missing_or_unresolved,gap,,unresolved,,no accepted address and no exact scoped spelling in current source
CODE_08_Frontend.bin,0x000075CF,DrawAnims__21CNetworkOptionsDrawerFv,genuinely_missing_or_unresolved,gap,,unresolved,,no accepted address and no exact scoped spelling in current source
CODE_08_Frontend.bin,0x00007A03,ProcessMessages__21CNetworkOptionsDrawerFP10tagMESSAGE,genuinely_missing_or_unresolved,gap,,unresolved,,no accepted address and no exact scoped spelling in current source
CODE_08_Frontend.bin,0x00007AD5,Start__21CNetworkOptionsDrawerFUc,genuinely_missing_or_unresolved,gap,,unresolved,,no accepted address and no exact scoped spelling in current source
CODE_08_Frontend.bin,0x00007B77,StartBroadcast__21CNetworkOptionsDrawerFv,genuinely_missing_or_unresolved,gap,,unresolved,,no accepted address and no exact scoped spelling in current source
CODE_08_Frontend.bin,0x00007BF0,Stop__21CNetworkOptionsDrawerFv,genuinely_missing_or_unresolved,gap,,unresolved,,no accepted address and no exact scoped spelling in current source
CODE_08_Frontend.bin,0x00007C43,SetMessage__21CNetworkOptionsDrawerF16eNetOptsMessages,genuinely_missing_or_unresolved,gap,,unresolved,,no accepted address and no exact scoped spelling in current source
CODE_08_Frontend.bin,0x00007D3B,StartEditing__21CNetworkOptionsDrawerF13eEditingStageUc,genuinely_missing_or_unresolved,gap,,unresolved,,no accepted address and no exact scoped spelling in current source
CODE_08_Frontend.bin,0x00007E3D,StopEditing__21CNetworkOptionsDrawerFv,genuinely_missing_or_unresolved,gap,,unresolved,,no accepted address and no exact scoped spelling in current source
CODE_08_Frontend.bin,0x00007EAF,LastError__21CNetworkOptionsDrawerFv,genuinely_missing_or_unresolved,gap,,unresolved,,no accepted address and no exact scoped spelling in current source
CODE_08_Frontend.bin,0x00007F13,StartMessageTimeout__21CNetworkOptionsDrawerF16eNetOptsMessagesUl,genuinely_missing_or_unresolved,gap,,unresolved,,no accepted address and no exact scoped spelling in current source
CODE_08_Frontend.bin,0x0000813D,Processing__21CNetworkOptionsDrawerFv,genuinely_missing_or_unresolved,gap,,unresolved,,no accepted address and no exact scoped spelling in current source
CODE_08_Frontend.bin,0x000081BB,RegisterRemaps__21CNetworkOptionsDrawerFv,genuinely_missing_or_unresolved,gap,,unresolved,,no accepted address and no exact scoped spelling in current source
CODE_08_Frontend.bin,0x00008223,UnRegisterRemaps__21CNetworkOptionsDrawerFv,genuinely_missing_or_unresolved,gap,,unresolved,,no accepted address and no exact scoped spelling in current source
CODE_08_Frontend.bin,0x00008281,GameReady__21CNetworkOptionsDrawerFi,genuinely_missing_or_unresolved,gap,,unresolved,,no accepted address and no exact scoped spelling in current source
CODE_08_Frontend.bin,0x000082ED,GameNotReady__21CNetworkOptionsDrawerFi,genuinely_missing_or_unresolved,gap,,unresolved,,no accepted address and no exact scoped spelling in current source
CODE_08_Frontend.bin,0x00008393,UpdateHighlightedEntry__21CNetworkOptionsDrawerFv,genuinely_missing_or_unresolved,gap,,unresolved,,no accepted address and no exact scoped spelling in current source
CODE_08_Frontend.bin,0x000084A1,HighlightPreviousEntry__21CNetworkOptionsDrawerFv,genuinely_missing_or_unresolved,gap,,unresolved,,no accepted address and no exact scoped spelling in current source
CODE_08_Frontend.bin,0x000085D3,HighlightNextEntry__21CNetworkOptionsDrawerFv,genuinely_missing_or_unresolved,gap,,unresolved,,no accepted address and no exact scoped spelling in current source
CODE_08_Frontend.bin,0x00008761,InitialiseHandlers__21CNetworkOptionsDrawerFv,genuinely_missing_or_unresolved,gap,,unresolved,,no accepted address and no exact scoped spelling in current source
CODE_08_Frontend.bin,0x00008809,ResetHandlers__21CNetworkOptionsDrawerFv,genuinely_missing_or_unresolved,gap,,unresolved,,no accepted address and no exact scoped spelling in current source
CODE_08_Frontend.bin,0x00008872,Lock__21CNetworkOptionsDrawerFv,genuinely_missing_or_unresolved,gap,,unresolved,,no accepted address and no exact scoped spelling in current source
CODE_08_Frontend.bin,0x000088AD,UnLock__21CNetworkOptionsDrawerFv,genuinely_missing_or_unresolved,gap,,unresolved,,no accepted address and no exact scoped spelling in current source
CODE_08_Frontend.bin,0x0000895D,AcceptingLock__21CNetworkOptionsDrawerFv,genuinely_missing_or_unresolved,gap,,unresolved,,no accepted address and no exact scoped spelling in current source
CODE_08_Frontend.bin,0x00008A0F,__ct__19CNetworkOptionsProcFP5CGame,genuinely_missing_or_unresolved,gap,,unresolved,,no accepted address and no exact scoped spelling in current source
CODE_08_Frontend.bin,0x00008AF4,__dt__19CNetworkOptionsProcFv,genuinely_missing_or_unresolved,gap,,unresolved,,no accepted address and no exact scoped spelling in current source
CODE_08_Frontend.bin,0x00008BCC,Start__19CNetworkOptionsProcFv,genuinely_missing_or_unresolved,gap,,unresolved,,no accepted address and no exact scoped spelling in current source
CODE_08_Frontend.bin,0x00008CE9,StopBroadcast__19CNetworkOptionsProcFv,genuinely_missing_or_unresolved,gap,,unresolved,,no accepted address and no exact scoped spelling in current source
CODE_08_Frontend.bin,0x00008DA8,Stop__19CNetworkOptionsProcFv,genuinely_missing_or_unresolved,gap,,unresolved,,no accepted address and no exact scoped spelling in current source
CODE_08_Frontend.bin,0x00008E09,NetworkEvent__19CNetworkOptionsProcF13NetworkEvents,genuinely_missing_or_unresolved,gap,,unresolved,,no accepted address and no exact scoped spelling in current source
CODE_08_Frontend.bin,0x00008F61,ReceiveCritical__19CNetworkOptionsProcFUlP11CReadPacketP8CConnect,genuinely_missing_or_unresolved,gap,,unresolved,,no accepted address and no exact scoped spelling in current source
CODE_08_Frontend.bin,0x00008FD7,Accept__19CNetworkOptionsProcFP8CConnectUc,genuinely_missing_or_unresolved,gap,,unresolved,,no accepted address and no exact scoped spelling in current source
CODE_08_Frontend.bin,0x0000902D,Reject__19CNetworkOptionsProcFP8CConnect,genuinely_missing_or_unresolved,gap,,unresolved,,no accepted address and no exact scoped spelling in current source
CODE_08_Frontend.bin,0x0000915B,__ct__15CSuccFailDrawerFP14CMain2DDisplayP4CGDIRC7CVSRectUc,genuinely_missing_or_unresolved,gap,,unresolved,,no accepted address and no exact scoped spelling in current source
CODE_08_Frontend.bin,0x000094E3,CalculateText__15CSuccFailDrawerFv,genuinely_missing_or_unresolved,gap,,unresolved,,no accepted address and no exact scoped spelling in current source
CODE_08_Frontend.bin,0x0000986C,Load__15CSuccFailDrawerFv,genuinely_missing_or_unresolved,gap,,unresolved,,no accepted address and no exact scoped spelling in current source
CODE_08_Frontend.bin,0x000098D4,UnLoad__15CSuccFailDrawerFv,genuinely_missing_or_unresolved,gap,,unresolved,,no accepted address and no exact scoped spelling in current source
CODE_08_Frontend.bin,0x0000997E,__dt__15CSuccFailDrawerFv,genuinely_missing_or_unresolved,gap,,unresolved,,no accepted address and no exact scoped spelling in current source
CODE_08_Frontend.bin,0x000099A3,DestroyDrawer__15CSuccFailDrawerFv,genuinely_missing_or_unresolved,gap,,unresolved,,no accepted address and no exact scoped spelling in current source
CODE_08_Frontend.bin,0x00009AA4,DrawText__15CSuccFailDrawerFv,genuinely_missing_or_unresolved,gap,,unresolved,,no accepted address and no exact scoped spelling in current source
CODE_08_Frontend.bin,0x00009B59,ProcessMessages__15CSuccFailDrawerFP10tagMESSAGE,genuinely_missing_or_unresolved,gap,,unresolved,,no accepted address and no exact scoped spelling in current source
CODE_08_Frontend.bin,0x00009BA4,Return__15CSuccFailDrawerFv,genuinely_missing_or_unresolved,gap,,unresolved,,no accepted address and no exact scoped spelling in current source
CODE_08_Frontend.bin,0x00009C2E,Go__15CSuccFailDrawerFv,genuinely_missing_or_unresolved,gap,,unresolved,,no accepted address and no exact scoped spelling in current source
CODE_08_Frontend.bin,0x00009C7F,ConfirmedAction__15CSuccFailDrawerF12eUserActions,genuinely_missing_or_unresolved,gap,,unresolved,,no accepted address and no exact scoped spelling in current source
CODE_08_Frontend.bin,0x00009D74,Processing__15CSuccFailDrawerFv,genuinely_missing_or_unresolved,gap,,unresolved,,no accepted address and no exact scoped spelling in current source
CODE_08_Frontend.bin,0x00009E0F,DrawBackGround__15CSuccFailDrawerFv,genuinely_missing_or_unresolved,gap,,unresolved,,no accepted address and no exact scoped spelling in current source
CODE_08_Frontend.bin,0x00009E70,__ct__9CSuccFailFP5CGameUc,genuinely_missing_or_unresolved,gap,,unresolved,,no accepted address and no exact scoped spelling in current source
CODE_08_Frontend.bin,0x00009F95,__ct__19CMainOptions1DrawerFP14CMain2DDisplayP4CGDIRC7CVSRect,genuinely_missing_or_unresolved,gap,,unresolved,,no accepted address and no exact scoped spelling in current source
CODE_08_Frontend.bin,0x0000A2CA,Load__19CMainOptions1DrawerFv,genuinely_missing_or_unresolved,gap,,unresolved,,no accepted address and no exact scoped spelling in current source
CODE_08_Frontend.bin,0x0000A31A,UnLoad__19CMainOptions1DrawerFv,genuinely_missing_or_unresolved,gap,,unresolved,,no accepted address and no exact scoped spelling in current source
CODE_08_Frontend.bin,0x0000A40E,__dt__19CMainOptions1DrawerFv,genuinely_missing_or_unresolved,gap,,unresolved,,no accepted address and no exact scoped spelling in current source
CODE_08_Frontend.bin,0x0000A437,DrawBackGround__19CMainOptions1DrawerFv,genuinely_missing_or_unresolved,gap,,unresolved,,no accepted address and no exact scoped spelling in current source
CODE_08_Frontend.bin,0x0000A565,ProcessMessages__19CMainOptions1DrawerFP10tagMESSAGE,genuinely_missing_or_unresolved,gap,,unresolved,,no accepted address and no exact scoped spelling in current source
CODE_08_Frontend.bin,0x0000A677,Processing__19CMainOptions1DrawerFv,genuinely_missing_or_unresolved,gap,,unresolved,,no accepted address and no exact scoped spelling in current source
CODE_08_Frontend.bin,0x0000A78B,__ct__19CMainOptions2DrawerFP14CMain2DDisplayP4CGDIRC7CVSRect,genuinely_missing_or_unresolved,gap,,unresolved,,no accepted address and no exact scoped spelling in current source
CODE_08_Frontend.bin,0x0000AAD8,Load__19CMainOptions2DrawerFv,genuinely_missing_or_unresolved,gap,,unresolved,,no accepted address and no exact scoped spelling in current source
CODE_08_Frontend.bin,0x0000AB28,UnLoad__19CMainOptions2DrawerFv,genuinely_missing_or_unresolved,gap,,unresolved,,no accepted address and no exact scoped spelling in current source
CODE_08_Frontend.bin,0x0000AC6C,__dt__19CMainOptions2DrawerFv,genuinely_missing_or_unresolved,gap,,unresolved,,no accepted address and no exact scoped spelling in current source
CODE_08_Frontend.bin,0x0000AD6F,ProcessMessages__19CMainOptions2DrawerFP10tagMESSAGE,genuinely_missing_or_unresolved,gap,,unresolved,,no accepted address and no exact scoped spelling in current source
CODE_08_Frontend.bin,0x0000ADAF,DrawBackGround__19CMainOptions2DrawerFv,genuinely_missing_or_unresolved,gap,,unresolved,,no accepted address and no exact scoped spelling in current source
CODE_08_Frontend.bin,0x0000AFC5,__ct__14CPreviewDrawerFP14CMain2DDisplayP4CGDIRC7CVSRect,genuinely_missing_or_unresolved,gap,,unresolved,,no accepted address and no exact scoped spelling in current source
CODE_08_Frontend.bin,0x0000B328,Load__14CPreviewDrawerFv,genuinely_missing_or_unresolved,gap,,unresolved,,no accepted address and no exact scoped spelling in current source
CODE_08_Frontend.bin,0x0000B3B8,UnLoad__14CPreviewDrawerFv,genuinely_missing_or_unresolved,gap,,unresolved,,no accepted address and no exact scoped spelling in current source
CODE_08_Frontend.bin,0x0000B480,__dt__14CPreviewDrawerFv,genuinely_missing_or_unresolved,gap,,unresolved,,no accepted address and no exact scoped spelling in current source
CODE_08_Frontend.bin,0x0000B507,DrawBackGround__14CPreviewDrawerFv,genuinely_missing_or_unresolved,gap,,unresolved,,no accepted address and no exact scoped spelling in current source
CODE_08_Frontend.bin,0x0000B80E,DrawText__14CPreviewDrawerFv,genuinely_missing_or_unresolved,gap,,unresolved,,no accepted address and no exact scoped spelling in current source
CODE_08_Frontend.bin,0x0000BB22,DrawAnims__14CPreviewDrawerFv,genuinely_missing_or_unresolved,gap,,unresolved,,no accepted address and no exact scoped spelling in current source
CODE_08_Frontend.bin,0x0000BC5F,ProcessMessages__14CPreviewDrawerFP10tagMESSAGE,genuinely_missing_or_unresolved,gap,,unresolved,,no accepted address and no exact scoped spelling in current source
CODE_08_Frontend.bin,0x0000BCB0,NextLevel__14CPreviewDrawerFv,genuinely_missing_or_unresolved,gap,,unresolved,,no accepted address and no exact scoped spelling in current source
CODE_08_Frontend.bin,0x0000BCEF,PreviousLevel__14CPreviewDrawerFv,genuinely_missing_or_unresolved,gap,,unresolved,,no accepted address and no exact scoped spelling in current source
CODE_08_Frontend.bin,0x0000BD2C,Go__14CPreviewDrawerFv,genuinely_missing_or_unresolved,gap,,unresolved,,no accepted address and no exact scoped spelling in current source
CODE_08_Frontend.bin,0x0000BD5E,Return__14CPreviewDrawerFv,genuinely_missing_or_unresolved,gap,,unresolved,,no accepted address and no exact scoped spelling in current source
CODE_08_Frontend.bin,0x0000BDD1,ConfirmedAction__14CPreviewDrawerF12eUserActions,genuinely_missing_or_unresolved,gap,,unresolved,,no accepted address and no exact scoped spelling in current source
CODE_08_Frontend.bin,0x0000BE24,Processing__14CPreviewDrawerFv,genuinely_missing_or_unresolved,gap,,unresolved,,no accepted address and no exact scoped spelling in current source
CODE_08_Frontend.bin,0x0000C123,LoadLevelInformation__14CPreviewDrawerFv,genuinely_missing_or_unresolved,gap,,unresolved,,no accepted address and no exact scoped spelling in current source
CODE_08_Frontend.bin,0x0000C1AF,SubWord__14CPreviewDrawerFPcPcRiRi,genuinely_missing_or_unresolved,gap,,unresolved,,no accepted address and no exact scoped spelling in current source
CODE_08_Frontend.bin,0x0000C231,AddWord__14CPreviewDrawerFPcPcRiRi,genuinely_missing_or_unresolved,gap,,unresolved,,no accepted address and no exact scoped spelling in current source
CODE_08_Frontend.bin,0x0000C2F3,RegisterRemaps__14CPreviewDrawerFv,genuinely_missing_or_unresolved,gap,,unresolved,,no accepted address and no exact scoped spelling in current source
CODE_08_Frontend.bin,0x0000C335,UnRegisterRemaps__14CPreviewDrawerFv,genuinely_missing_or_unresolved,gap,,unresolved,,no accepted address and no exact scoped spelling in current source
CODE_08_Frontend.bin,0x0000C3D7,DisableNextLastButtons__14CPreviewDrawerFv,genuinely_missing_or_unresolved,gap,,unresolved,,no accepted address and no exact scoped spelling in current source
CODE_08_Frontend.bin,0x0000C438,__ct__8CPreviewFP5CGame,genuinely_missing_or_unresolved,gap,,unresolved,,no accepted address and no exact scoped spelling in current source
CODE_08_Frontend.bin,0x0000C54B,__ct__15CPasswordDrawerFP14CMain2DDisplayP4CGDIRC7CVSRect,genuinely_missing_or_unresolved,gap,,unresolved,,no accepted address and no exact scoped spelling in current source
CODE_08_Frontend.bin,0x0000C7E0,Load__15CPasswordDrawerFv,genuinely_missing_or_unresolved,gap,,unresolved,,no accepted address and no exact scoped spelling in current source
CODE_08_Frontend.bin,0x0000C8B0,UnLoad__15CPasswordDrawerFv,genuinely_missing_or_unresolved,gap,,unresolved,,no accepted address and no exact scoped spelling in current source
CODE_08_Frontend.bin,0x0000C956,__dt__15CPasswordDrawerFv,genuinely_missing_or_unresolved,gap,,unresolved,,no accepted address and no exact scoped spelling in current source
CODE_08_Frontend.bin,0x0000C985,DrawBackGround__15CPasswordDrawerFv,genuinely_missing_or_unresolved,gap,,unresolved,,no accepted address and no exact scoped spelling in current source
CODE_08_Frontend.bin,0x0000C9C8,DrawAnims__15CPasswordDrawerFv,genuinely_missing_or_unresolved,gap,,unresolved,,no accepted address and no exact scoped spelling in current source
CODE_08_Frontend.bin,0x0000CA95,ShiftHilite__15CPasswordDrawerFi,genuinely_missing_or_unresolved,gap,,unresolved,,no accepted address and no exact scoped spelling in current source
CODE_08_Frontend.bin,0x0000CD9B,ProcessMessages__15CPasswordDrawerFP10tagMESSAGE,genuinely_missing_or_unresolved,gap,,unresolved,,no accepted address and no exact scoped spelling in current source
CODE_08_Frontend.bin,0x0000CDFC,Processing__15CPasswordDrawerFv,genuinely_missing_or_unresolved,gap,,unresolved,,no accepted address and no exact scoped spelling in current source
CODE_08_Frontend.bin,0x0000D014,DrawText__15CPasswordDrawerFv,genuinely_missing_or_unresolved,gap,,unresolved,,no accepted address and no exact scoped spelling in current source
CODE_08_Frontend.bin,0x0000D0C7,DrawPassword__15CPasswordDrawerFv,genuinely_missing_or_unresolved,gap,,unresolved,,no accepted address and no exact scoped spelling in current source
CODE_08_Frontend.bin,0x0000D241,ButtonNumeric__15CPasswordDrawerFi,genuinely_missing_or_unresolved,gap,,unresolved,,no accepted address and no exact scoped spelling in current source
CODE_08_Frontend.bin,0x0000D29F,DrawButtons__15CPasswordDrawerFv,genuinely_missing_or_unresolved,gap,,unresolved,,no accepted address and no exact scoped spelling in current source
CODE_08_Frontend.bin,0x0000D3A6,DrawHilite__15CPasswordDrawerFv,genuinely_missing_or_unresolved,gap,,unresolved,,no accepted address and no exact scoped spelling in current source
CODE_08_Frontend.bin,0x0000D477,SetHiliteWindow__15CPasswordDrawerFv,genuinely_missing_or_unresolved,gap,,unresolved,,no accepted address and no exact scoped spelling in current source
CODE_08_Frontend.bin,0x0000D4F0,OnPause__15CPasswordDrawerFUc,genuinely_missing_or_unresolved,gap,,unresolved,,no accepted address and no exact scoped spelling in current source
CODE_08_Frontend.bin,0x0000D53A,__ct__21CPasswordHiliteWindowFv,genuinely_missing_or_unresolved,gap,,unresolved,,no accepted address and no exact scoped spelling in current source
CODE_08_Frontend.bin,0x0000D581,OnCreate__21CPasswordHiliteWindowFv,genuinely_missing_or_unresolved,gap,,unresolved,,no accepted address and no exact scoped spelling in current source
CODE_08_Frontend.bin,0x0000D959,__ct__23CFrontendResourceLoaderFP14CMain2DDisplayi,genuinely_missing_or_unresolved,gap,,unresolved,,no accepted address and no exact scoped spelling in current source
CODE_08_Frontend.bin,0x0000DB3D,__dt__23CFrontendResourceLoaderFv,genuinely_missing_or_unresolved,gap,,unresolved,,no accepted address and no exact scoped spelling in current source
CODE_08_Frontend.bin,0x0000DB97,UpdateNonCacheLoad__23CFrontendResourceLoaderFv,genuinely_missing_or_unresolved,gap,,unresolved,,no accepted address and no exact scoped spelling in current source
CODE_08_Frontend.bin,0x0000DC03,LoadANIM__23CFrontendResourceLoaderFUl,genuinely_missing_or_unresolved,gap,,unresolved,,no accepted address and no exact scoped spelling in current source
CODE_08_Frontend.bin,0x0000DC85,UnLoadANIM__23CFrontendResourceLoaderFUl,genuinely_missing_or_unresolved,gap,,unresolved,,no accepted address and no exact scoped spelling in current source
CODE_08_Frontend.bin,0x0000DCE9,LoadZRLE__23CFrontendResourceLoaderFUl,genuinely_missing_or_unresolved,gap,,unresolved,,no accepted address and no exact scoped spelling in current source
CODE_08_Frontend.bin,0x0000DD6B,UnLoadZRLE__23CFrontendResourceLoaderFUl,genuinely_missing_or_unresolved,gap,,unresolved,,no accepted address and no exact scoped spelling in current source
CODE_08_Frontend.bin,0x0000DDCF,LoadFONT__23CFrontendResourceLoaderFUl,genuinely_missing_or_unresolved,gap,,unresolved,,no accepted address and no exact scoped spelling in current source
CODE_08_Frontend.bin,0x0000DE51,UnLoadFONT__23CFrontendResourceLoaderFUl,genuinely_missing_or_unresolved,gap,,unresolved,,no accepted address and no exact scoped spelling in current source
CODE_08_Frontend.bin,0x0000DEB5,LoadBITMAP__23CFrontendResourceLoaderFUl,genuinely_missing_or_unresolved,gap,,unresolved,,no accepted address and no exact scoped spelling in current source
CODE_08_Frontend.bin,0x0000DF39,UnLoadBITMAP__23CFrontendResourceLoaderFUl,genuinely_missing_or_unresolved,gap,,unresolved,,no accepted address and no exact scoped spelling in current source
CODE_08_Frontend.bin,0x0000DF9F,LoadPALETTE__23CFrontendResourceLoaderFUl,genuinely_missing_or_unresolved,gap,,unresolved,,no accepted address and no exact scoped spelling in current source
CODE_08_Frontend.bin,0x0000E025,UnLoadPALETTE__23CFrontendResourceLoaderFUl,genuinely_missing_or_unresolved,gap,,unresolved,,no accepted address and no exact scoped spelling in current source
CODE_08_Frontend.bin,0x0000E08D,LoadSTRING__23CFrontendResourceLoaderFUl,genuinely_missing_or_unresolved,gap,,unresolved,,no accepted address and no exact scoped spelling in current source
CODE_08_Frontend.bin,0x0000E111,UnLoadSTRING__23CFrontendResourceLoaderFUl,genuinely_missing_or_unresolved,gap,,unresolved,,no accepted address and no exact scoped spelling in current source
CODE_08_Frontend.bin,0x0000E177,LoadMOVIE__23CFrontendResourceLoaderFUl,genuinely_missing_or_unresolved,gap,,unresolved,,no accepted address and no exact scoped spelling in current source
CODE_08_Frontend.bin,0x0000E2B5,__ct__12CTrackWindowFRC7CVSRectiP7CPVGWnd,genuinely_missing_or_unresolved,gap,,unresolved,,no accepted address and no exact scoped spelling in current source
CODE_08_Frontend.bin,0x0000E3BC,__dt__12CTrackWindowFv,genuinely_missing_or_unresolved,gap,,unresolved,,no accepted address and no exact scoped spelling in current source
CODE_08_Frontend.bin,0x0000E3FA,OnCreate__12CTrackWindowFv,genuinely_missing_or_unresolved,gap,,unresolved,,no accepted address and no exact scoped spelling in current source
CODE_08_Frontend.bin,0x0000E49D,Create__12CTrackWindowFRC7CVSRectP6CPVWndPc,genuinely_missing_or_unresolved,gap,,unresolved,,no accepted address and no exact scoped spelling in current source
CODE_08_Frontend.bin,0x0000E509,Move__12CTrackWindowFRC8CVSPoint,genuinely_missing_or_unresolved,gap,,unresolved,,no accepted address and no exact scoped spelling in current source
CODE_08_Frontend.bin,0x0000E70D,OnPaint__12CTrackWindowFRC7CVSRect,genuinely_missing_or_unresolved,gap,,unresolved,,no accepted address and no exact scoped spelling in current source
CODE_08_Frontend.bin,0x0000E79B,SetButtonValue__12CTrackWindowFi,genuinely_missing_or_unresolved,gap,,unresolved,,no accepted address and no exact scoped spelling in current source
CODE_08_Frontend.bin,0x0000E81B,OnInside__12CTrackWindowFRC8CVSPoint,genuinely_missing_or_unresolved,gap,,unresolved,,no accepted address and no exact scoped spelling in current source
CODE_08_Frontend.bin,0x0000E85F,OnButtonDown__12CTrackWindowFRC8CVSPoint12BUTTON_FLAGS,genuinely_missing_or_unresolved,gap,,unresolved,,no accepted address and no exact scoped spelling in current source
CODE_08_Frontend.bin,0x0000E8A1,OnDriverChange__12CTrackWindowFv,genuinely_missing_or_unresolved,gap,,unresolved,,no accepted address and no exact scoped spelling in current source
CODE_08_Frontend.bin,0x0000E9C7,__ct__14CTrackerButtonFRC8CVSPointP7CPVGWndUlR7CVSRecti,genuinely_missing_or_unresolved,gap,,unresolved,,no accepted address and no exact scoped spelling in current source
CODE_08_Frontend.bin,0x0000EA90,__dt__14CTrackerButtonFv,genuinely_missing_or_unresolved,gap,,unresolved,,no accepted address and no exact scoped spelling in current source
CODE_08_Frontend.bin,0x0000EB73,Move__14CTrackerButtonFRC8CVSPoint,genuinely_missing_or_unresolved,gap,,unresolved,,no accepted address and no exact scoped spelling in current source
CODE_09_Map.bin,0x00000134,GetZ__7CGroundFii,accepted_x86_correlation,gap,0x0042FFE0,high,src/Platform/Windows/Mixed/Level/RUN/LEVELRUN.CPP; src/Platform/Windows/Mixed/Level/STATE/LEVELSTAT.CPP,accepted mapping in data/macintosh-x86-correlations.csv; exact trailer offset; exact two-coordinate ABI and terrain-type-specific height formulas over 12-byte ground cell
CODE_09_Map.bin,0x0000033E,IsHit__7CGroundFiiUc,accepted_x86_correlation,gap,0x00430110,high,src/Platform/Windows/Mixed/Level/RUN/LEVELRUN.CPP; src/Platform/Windows/Mixed/Level/STATE/LEVELSTAT.CPP,accepted mapping in data/macintosh-x86-correlations.csv; exact trailer offset; exact x/y/unsigned-char ABI and terrain-shape mask tables including special-mode handling
CODE_09_Map.bin,0x000003E6,SetCollision__7CGroundFv,accepted_x86_correlation,gap,0x004302D0,high,src/Platform/Windows/Mixed/Level/RUN/LEVELRUN.CPP; src/Platform/Windows/Mixed/Level/STATE/LEVELSTAT.CPP,accepted mapping in data/macintosh-x86-correlations.csv; exact trailer offset; no-argument method derives collision/render flags at cell +6 from terrain type constants
CODE_09_Map.bin,0x00000456,Clear__12CGroundArrayFv,accepted_x86_correlation,gap,0x00430370,high,src/Platform/Windows/Mixed/Level/RUN/LEVELRUN.CPP; src/Platform/Windows/Mixed/Level/STATE/LEVELSTAT.CPP,accepted mapping in data/macintosh-x86-correlations.csv; exact trailer offset; iterates width and height over 12-byte cells and resets every CGround to type 0x209 with zero metadata
CODE_09_Map.bin,0x000004A2,__ct__4CMapFv,accepted_x86_correlation,gap,0x004303C0,high,src/Platform/Windows/Mixed/Level/RUN/LEVELRUN.CPP; src/Platform/Windows/Mixed/Level/STATE/LEVELSTAT.CPP,"accepted mapping in data/macintosh-x86-correlations.csv; exact trailer offset; initializes grid pointers/dimensions and shared map globals, clears walk buffer and name state"
CODE_09_Map.bin,0x000004DE,Restart__4CMapFv,accepted_x86_correlation,gap,0x004303F0,high,src/Platform/Windows/Mixed/Level/RUN/LEVELRUN.CPP; src/Platform/Windows/Mixed/Level/STATE/LEVELSTAT.CPP,"accepted mapping in data/macintosh-x86-correlations.csv; exact trailer offset; resets orientation, name, default terrain ids and clears embedded grid cells"
CODE_09_Map.bin,0x0000054C,__dt__4CMapFv,accepted_x86_correlation,gap,0x00430410,high,src/Platform/Windows/Mixed/Level/RUN/LEVELRUN.CPP; src/Platform/Windows/Mixed/Level/STATE/LEVELSTAT.CPP,accepted mapping in data/macintosh-x86-correlations.csv; exact trailer offset; semantic teardown frees walk-mask and terrain-cell buffers without deleting this
CODE_09_Map.bin,0x0000061C,ReSize__4CMapFii,accepted_x86_correlation,gap,0x00430440,high,src/Platform/Windows/Mixed/Level/RUN/LEVELRUN.CPP; src/Platform/Windows/Mixed/Level/STATE/LEVELSTAT.CPP,"accepted mapping in data/macintosh-x86-correlations.csv; exact trailer offset; exact two-dimension ABI, reallocates width-times-height 12-byte cells and one-byte walk buffer"
CODE_09_Map.bin,0x000006C0,GetZ__4CMapFiiPP6CMover,accepted_x86_correlation,gap,0x004304E0,high,src/Platform/Windows/Mixed/Level/RUN/LEVELRUN.CPP; src/Platform/Windows/Mixed/Level/STATE/LEVELSTAT.CPP,"accepted mapping in data/macintosh-x86-correlations.csv; exact trailer offset; two coordinates plus CMover double pointer, moving-platform flag 0x10 override then static tile-height fallback"
CODE_09_Map.bin,0x00000718,GetWalk__4CMapFii,accepted_x86_correlation,gap,0x004305F0,high,src/Platform/Windows/Mixed/Level/RUN/LEVELRUN.CPP; src/Platform/Windows/Mixed/Level/STATE/LEVELSTAT.CPP,"accepted mapping in data/macintosh-x86-correlations.csv; exact trailer offset; exact two-coordinate ABI, bounds checks logical dimensions and returns one-byte walk/edge mask"
CODE_09_Map.bin,0x0000097A,CreateWalkBits__4CMapFv,accepted_x86_correlation,gap,0x00430620,high,src/Platform/Windows/Mixed/Level/RUN/LEVELRUN.CPP; src/Platform/Windows/Mixed/Level/STATE/LEVELSTAT.CPP,"accepted mapping in data/macintosh-x86-correlations.csv; exact trailer offset; builds per-cell directional walk bits from neighbor heights, flags and 16-pixel boundaries"
CODE_09_Map.bin,0x000009DF,SetTerrain__4CMapFii11eObjectTypei,accepted_x86_correlation,gap,0x00430A20,high,src/Platform/Windows/Mixed/Level/RUN/LEVELRUN.CPP; src/Platform/Windows/Mixed/Level/STATE/LEVELSTAT.CPP,"accepted mapping in data/macintosh-x86-correlations.csv; exact trailer offset; exact x/y/type/variant ABI, writes 12-byte terrain cell and refreshes render flags"
CODE_09_Map.bin,0x00000AFC,ScreenToGame__4CMapFiiRiRi,accepted_x86_correlation,gap,0x00430A50,high,src/Platform/Windows/Mixed/Level/RUN/LEVELRUN.CPP; src/Platform/Windows/Mixed/Level/STATE/LEVELSTAT.CPP,accepted mapping in data/macintosh-x86-correlations.csv; exact trailer offset; two values plus two output references and four-view rotation transform
CODE_09_Map.bin,0x00000C16,GameToScreen__4CMapFiiRiRi,accepted_x86_correlation,gap,0x00430BE0,high,src/Platform/Windows/Mixed/Level/RUN/LEVELRUN.CPP; src/Platform/Windows/Mixed/Level/STATE/LEVELSTAT.CPP,accepted mapping in data/macintosh-x86-correlations.csv; exact trailer offset; two values plus two output references and inverse four-view rotation transform
CODE_09_Map.bin,0x00000D2C,GameToScreen__4CMapFRiRi,accepted_x86_correlation,gap,0x00430CE0,high,src/Platform/Windows/Mixed/Level/RUN/LEVELRUN.CPP; src/Platform/Windows/Mixed/Level/STATE/LEVELSTAT.CPP,"accepted mapping in data/macintosh-x86-correlations.csv; exact trailer offset; two reference ABI, snapshots values then applies the same inverse rotation formulas in place"
CODE_09_Map.bin,0x00000E43,LoadLevel__4CMapFP24tagLoadGroundSurfaceDataUlUc,accepted_x86_correlation,gap,0x00430DB0,high,src/Platform/Windows/Mixed/Level/RUN/LEVELRUN.CPP; src/Platform/Windows/Mixed/Level/STATE/LEVELSTAT.CPP,"accepted mapping in data/macintosh-x86-correlations.csv; exact trailer offset; surface-data pointer plus retained Windows length/version ABI; clears/resizes grid, loads 12-byte cells, rebuilds walk bits and cliffs"
CODE_09_Map.bin,0x00000E93,LoadLevelName__4CMapFP17tagLoadGroundNameUl,accepted_x86_correlation,gap,0x00430E80,high,src/Platform/Windows/Mixed/Level/RUN/LEVELRUN.CPP; src/Platform/Windows/Mixed/Level/STATE/LEVELSTAT.CPP,accepted mapping in data/macintosh-x86-correlations.csv; exact trailer offset; name-chunk pointer plus length ABI confirmed by source/caller; forwards name payload to SetLevelName
CODE_09_Map.bin,0x00000EFF,LoadDefaultBlox__4CMapFP18tagLoadDefaultBloxUl,accepted_x86_correlation,gap,0x00430E90,high,src/Platform/Windows/Mixed/Level/RUN/LEVELRUN.CPP; src/Platform/Windows/Mixed/Level/STATE/LEVELSTAT.CPP,accepted mapping in data/macintosh-x86-correlations.csv; exact trailer offset; default-blox pointer plus length ABI confirmed by source/caller; stores two default terrain ids at +0x4C/+0x50
CODE_09_Map.bin,0x00000F5A,SetLevelName__4CMapFPc,accepted_x86_correlation,gap,0x00431010,high,src/Platform/Windows/Mixed/Level/RUN/LEVELRUN.CPP; src/Platform/Windows/Mixed/Level/STATE/LEVELSTAT.CPP,"accepted mapping in data/macintosh-x86-correlations.csv; exact trailer offset; single char pointer, bounded 0x20-byte copy to +0x24 and explicit terminator at +0x44"
CODE_09_Map.bin,0x0000105C,CalculateCliff__4CMapFv,accepted_x86_correlation,gap,0x00431030,high,src/Platform/Windows/Mixed/Level/RUN/LEVELRUN.CPP; src/Platform/Windows/Mixed/Level/STATE/LEVELSTAT.CPP,accepted mapping in data/macintosh-x86-correlations.csv; exact trailer offset; iterates terrain cells and derives repeated-column/cliff count from current/right/below height values
CODE_10_Network.bin,0x00000040,__ct__17CNetworkGameStageFv,genuinely_missing_or_unresolved,gap,,unresolved,,no accepted address and no exact scoped spelling in current source
CODE_10_Network.bin,0x000000A2,__ct__19CNetworkGameMessageFv,genuinely_missing_or_unresolved,gap,,unresolved,,no accepted address and no exact scoped spelling in current source
CODE_10_Network.bin,0x00000161,AddData__19CNetworkGameMessageFv,genuinely_missing_or_unresolved,gap,,unresolved,,no accepted address and no exact scoped spelling in current source
CODE_10_Network.bin,0x000001B7,GetData__19CNetworkGameMessageFv,genuinely_missing_or_unresolved,gap,,unresolved,,no accepted address and no exact scoped spelling in current source
CODE_10_Network.bin,0x00000218,__ct__19CGameFlaggedMessageFUl,genuinely_missing_or_unresolved,gap,,unresolved,,no accepted address and no exact scoped spelling in current source
CODE_10_Network.bin,0x00000259,AddData__19CGameFlaggedMessageFv,genuinely_missing_or_unresolved,gap,,unresolved,,no accepted address and no exact scoped spelling in current source
CODE_10_Network.bin,0x00000297,GetData__19CGameFlaggedMessageFv,genuinely_missing_or_unresolved,gap,,unresolved,,no accepted address and no exact scoped spelling in current source
CODE_10_Network.bin,0x000002E0,__ct__18CGameRejectMessageFv,genuinely_missing_or_unresolved,gap,,unresolved,,no accepted address and no exact scoped spelling in current source
CODE_10_Network.bin,0x00000326,__ct__18CGameAcceptMessageFv,genuinely_missing_or_unresolved,gap,,unresolved,,no accepted address and no exact scoped spelling in current source
CODE_10_Network.bin,0x000004E2,__ct__15CNetworkManagerFPCc,genuinely_missing_or_unresolved,gap,,unresolved,,no accepted address and no exact scoped spelling in current source
CODE_10_Network.bin,0x000005CC,__dt__15CNetworkManagerFv,genuinely_missing_or_unresolved,gap,,unresolved,,no accepted address and no exact scoped spelling in current source
CODE_10_Network.bin,0x00000640,Start__15CNetworkManagerFv,genuinely_missing_or_unresolved,gap,,unresolved,,no accepted address and no exact scoped spelling in current source
CODE_10_Network.bin,0x000006AF,StartBroadcast__15CNetworkManagerFPCc,genuinely_missing_or_unresolved,gap,,unresolved,,no accepted address and no exact scoped spelling in current source
CODE_10_Network.bin,0x0000078A,Stop__15CNetworkManagerFv,genuinely_missing_or_unresolved,gap,,unresolved,,no accepted address and no exact scoped spelling in current source
CODE_10_Network.bin,0x00000967,ProcessMsg__15CNetworkManagerFP10tagMESSAGE,genuinely_missing_or_unresolved,gap,,unresolved,,no accepted address and no exact scoped spelling in current source
CODE_10_Network.bin,0x00000A1F,Broadcast__15CNetworkManagerFPCc,genuinely_missing_or_unresolved,gap,,unresolved,,no accepted address and no exact scoped spelling in current source
CODE_10_Network.bin,0x00000A54,Kill__15CNetworkManagerFv,genuinely_missing_or_unresolved,gap,,unresolved,,no accepted address and no exact scoped spelling in current source
CODE_10_Network.bin,0x00000B47,GameProcess__15CNetworkManagerFv,genuinely_missing_or_unresolved,gap,,unresolved,,no accepted address and no exact scoped spelling in current source
CODE_10_Network.bin,0x00000B72,Process__15CNetworkManagerFv,genuinely_missing_or_unresolved,gap,,unresolved,,no accepted address and no exact scoped spelling in current source
CODE_10_Network.bin,0x00000BCB,GetGameMessage__15CNetworkManagerFP8CConnect,genuinely_missing_or_unresolved,gap,,unresolved,,no accepted address and no exact scoped spelling in current source
CODE_10_Network.bin,0x00000C29,GetnGame__15CNetworkManagerFP8CConnect,genuinely_missing_or_unresolved,gap,,unresolved,,no accepted address and no exact scoped spelling in current source
CODE_10_Network.bin,0x00000CB2,__ct__14CPBNetworkGameFP3CAI,genuinely_missing_or_unresolved,gap,,unresolved,,no accepted address and no exact scoped spelling in current source
CODE_10_Network.bin,0x00000D34,AddData__14CPBNetworkGameFv,genuinely_missing_or_unresolved,gap,,unresolved,,no accepted address and no exact scoped spelling in current source
CODE_10_Network.bin,0x00000DE6,GetData__14CPBNetworkGameFv,genuinely_missing_or_unresolved,gap,,unresolved,,no accepted address and no exact scoped spelling in current source
CODE_11_views_2d.bin,0x00000175,CursorChangeType__F18eCursorDisplayTypei,genuinely_missing_or_unresolved,gap,,unresolved,,no accepted address and no exact scoped spelling in current source
CODE_11_views_2d.bin,0x000002DA,__ct__14CMain2DDisplayFP5CGame,genuinely_missing_or_unresolved,gap,,unresolved,,no accepted address and no exact scoped spelling in current source
CODE_11_views_2d.bin,0x000003DC,__dt__14CMain2DDisplayFv,genuinely_missing_or_unresolved,gap,,unresolved,,no accepted address and no exact scoped spelling in current source
CODE_11_views_2d.bin,0x0000047A,GetStyle__14CMain2DDisplayFv,genuinely_missing_or_unresolved,gap,,unresolved,,no accepted address and no exact scoped spelling in current source
CODE_11_views_2d.bin,0x00000548,OnCreate__14CMain2DDisplayFv,genuinely_missing_or_unresolved,gap,,unresolved,,no accepted address and no exact scoped spelling in current source
CODE_11_views_2d.bin,0x000005FE,OnDestroy__14CMain2DDisplayFv,genuinely_missing_or_unresolved,gap,,unresolved,,no accepted address and no exact scoped spelling in current source
CODE_11_views_2d.bin,0x0000068F,OnPaint__14CMain2DDisplayFRC7CVSRect,genuinely_missing_or_unresolved,gap,,unresolved,,no accepted address and no exact scoped spelling in current source
CODE_11_views_2d.bin,0x000006E0,OnSize__14CMain2DDisplayFv,genuinely_missing_or_unresolved,gap,,unresolved,,no accepted address and no exact scoped spelling in current source
CODE_11_views_2d.bin,0x00000728,OnZoom__14CMain2DDisplayFi,genuinely_missing_or_unresolved,gap,,unresolved,,no accepted address and no exact scoped spelling in current source
CODE_11_views_2d.bin,0x0000077A,OnMove__14CMain2DDisplayFv,genuinely_missing_or_unresolved,gap,,unresolved,,no accepted address and no exact scoped spelling in current source
CODE_11_views_2d.bin,0x00000837,IsWindowValid__14CMain2DDisplayFv,genuinely_missing_or_unresolved,gap,,unresolved,,no accepted address and no exact scoped spelling in current source
CODE_11_views_2d.bin,0x000008AE,RefreshView__14CMain2DDisplayFv,genuinely_missing_or_unresolved,gap,,unresolved,,no accepted address and no exact scoped spelling in current source
CODE_11_views_2d.bin,0x00000904,Process__14CMain2DDisplayFv,genuinely_missing_or_unresolved,gap,,unresolved,,no accepted address and no exact scoped spelling in current source
CODE_11_views_2d.bin,0x0000096F,KillDrawer__14CMain2DDisplayF14eFlowProcesses,genuinely_missing_or_unresolved,gap,,unresolved,,no accepted address and no exact scoped spelling in current source
CODE_11_views_2d.bin,0x00000CBF,StatusUpdate__14CMain2DDisplayF14eFlowProcesses,genuinely_missing_or_unresolved,gap,,unresolved,,no accepted address and no exact scoped spelling in current source
CODE_11_views_2d.bin,0x00000D37,ToggleResolution__14CMain2DDisplayFv,genuinely_missing_or_unresolved,gap,,unresolved,,no accepted address and no exact scoped spelling in current source
CODE_11_views_2d.bin,0x00000E05,ProcessMsg__14CMain2DDisplayFP10tagMESSAGE,genuinely_missing_or_unresolved,gap,,unresolved,,no accepted address and no exact scoped spelling in current source
CODE_11_views_2d.bin,0x00000E49,GetMenu__14CMain2DDisplayFRiPPP11tagMenuList,genuinely_missing_or_unresolved,gap,,unresolved,,no accepted address and no exact scoped spelling in current source
CODE_11_views_2d.bin,0x00000E9B,OnDriverChange__14CMain2DDisplayFv,genuinely_missing_or_unresolved,gap,,unresolved,,no accepted address and no exact scoped spelling in current source
CODE_11_views_2d.bin,0x00000F62,QuitYet__14CMain2DDisplayFv,genuinely_missing_or_unresolved,gap,,unresolved,,no accepted address and no exact scoped spelling in current source
CODE_11_views_2d.bin,0x00000FBD,GetReturnState__14CMain2DDisplayFv,genuinely_missing_or_unresolved,gap,,unresolved,,no accepted address and no exact scoped spelling in current source
CODE_11_views_2d.bin,0x000010FE,GetUseRect__14CMain2DDisplayFii,genuinely_missing_or_unresolved,gap,,unresolved,,no accepted address and no exact scoped spelling in current source
CODE_11_views_2d.bin,0x00001581,DrawGround__3C2DFii11eObjectTypeUs,genuinely_missing_or_unresolved,gap,,unresolved,,no accepted address and no exact scoped spelling in current source
CODE_11_views_2d.bin,0x00001614,DrawCliff__3C2DFiiii,genuinely_missing_or_unresolved,gap,,unresolved,,no accepted address and no exact scoped spelling in current source
CODE_11_views_2d.bin,0x00001970,DoClipWidth__3C2DFiii,genuinely_missing_or_unresolved,gap,,unresolved,,no accepted address and no exact scoped spelling in current source
CODE_11_views_2d.bin,0x00001CD2,DoClipWidthSearch__3C2DFiii,genuinely_missing_or_unresolved,gap,,unresolved,,no accepted address and no exact scoped spelling in current source
CODE_11_views_2d.bin,0x00001D22,DrawClipData__3C2DFv,genuinely_missing_or_unresolved,gap,,unresolved,,no accepted address and no exact scoped spelling in current source
CODE_11_views_2d.bin,0x0000216D,DrawClippedRectangle__3C2DFRC7CVSRect,genuinely_missing_or_unresolved,gap,,unresolved,,no accepted address and no exact scoped spelling in current source
CODE_11_views_2d.bin,0x0000228A,LemmingFly__3C2DFR9CViewDataRi,accepted_x86_correlation,represented,0x0043BCE0,high,src/views/2d/C2DRender.cpp,"accepted mapping 0x0043BCE0 (exact trailer offset): Both implementations combine direction with view rotation, sample terrain height, derive elapsed frames using `15/1000`, and clamp to `0..6` or `7..12`. Called from the corresponding `DrawLemming` body."
CODE_11_views_2d.bin,0x000023AB,DrawLemmingFlyShadow__3C2DFR9CViewData,accepted_x86_correlation,represented,0x0043BDE0,high,unreconstructed,accepted mapping 0x0043BDE0 (exact trailer offset): Corresponding `DrawLemming` caller; both terrain-sample and transform the position before emitting marker resource `0x96`.
CODE_11_views_2d.bin,0x000024C3,DrawLemmingJump__3C2DFR9CViewDataUc,accepted_x86_correlation,represented,0x0043BEE0,high,src/views/2d/C2DRender.cpp,"accepted mapping 0x0043BEE0 (exact trailer offset): Exact helper position in both `DrawLemming` call graphs; directional resource table, elapsed-frame split, and optional player remap agree."
CODE_11_views_2d.bin,0x000025A9,DrawLemmingLanding__3C2DFR9CViewDataUc,accepted_x86_correlation,represented,0x0043BFC0,high,src/views/2d/C2DRender.cpp,accepted mapping 0x0043BFC0 (exact trailer offset): Exact corresponding late-phase helper call; both force the `+7` frame phase and clamp at `12`.
CODE_11_views_2d.bin,0x000025EB,DrawLemmingFall__3C2DFR9CViewDataUc,accepted_x86_correlation,represented,0x0043C070,high,src/views/2d/C2DRender.cpp,accepted mapping 0x0043C070 (exact trailer offset): Both are thin wrappers around the jump/directional renderer; exact caller position in `DrawLemming`.
CODE_11_views_2d.bin,0x00002723,DrawLemmingExternal__3C2DFR9CViewDataUc,accepted_x86_correlation,represented,0x0043C090,high,src/views/2d/C2DRender.cpp,accepted mapping 0x0043C090 (exact trailer offset): Exact corresponding `DrawLemming` helper; state-dependent resources/frames and optional remap behavior agree.
CODE_11_views_2d.bin,0x000027C5,DrawLemmingOnConveyor__3C2DFR9CViewDataUc,accepted_x86_correlation,represented,0x0043C1A0,high,src/views/2d/C2D.cpp,"accepted mapping 0x0043C1A0 (exact trailer offset): Independently distinctive body: elapsed `15/1000`, modulo `8`, resource `0x3F`, offsets `(-15,-22)`, optional remap."
CODE_11_views_2d.bin,0x00002C1D,DrawLemming__3C2DFR9CViewDataiUc,accepted_x86_correlation,represented,0x0043C200,high,src/Platform/Windows/Mixed/Level/STATE/LEVELSTAT.CPP,accepted mapping 0x0043C200 (exact trailer offset): x86 object dispatcher cases `1/2`; internal subtype dispatcher invokes the same six named helpers with matching conditions and arguments.
CODE_11_views_2d.bin,0x00002CAE,DrawBullet__3C2DFR9CViewDatai,accepted_x86_correlation,represented,0x0043C610,high,src/views/2d/C2DRender.cpp,accepted mapping 0x0043C610 (exact trailer offset): Macintosh and x86 `DrawObject` dispatch case `3`; both use direction-rotated resource selection.
CODE_11_views_2d.bin,0x00002D80,DrawAmmo__3C2DFR9CViewDatai,accepted_x86_correlation,represented,0x0043C660,high,src/views/2d/C2DRender.cpp,accepted mapping 0x0043C660 (exact trailer offset): Exact `DrawObject` case `5`; distinctive state split and resources `0x7C/0x82`.
CODE_11_views_2d.bin,0x00002EBE,DrawRocket__3C2DFR9CViewData,accepted_x86_correlation,represented,0x0043C6E0,high,src/views/2d/C2DRender.cpp,accepted mapping 0x0043C6E0 (exact trailer offset): Exact dispatcher case `0x20`; distinctive segmented timer sequence using resource `0x88`.
CODE_11_views_2d.bin,0x00002F92,DrawHand__3C2DFR9CViewData,accepted_x86_correlation,represented,0x0043C7F0,high,src/views/2d/C2DRender.cpp,accepted mapping 0x0043C7F0 (exact trailer offset): Exact dispatcher case `0x1F`; state-gated timed frame sequence and remap handling agree.
CODE_11_views_2d.bin,0x00003089,DrawLemmingOnBalloon__3C2DFR9CViewDataiUc,accepted_x86_correlation,represented,0x0043C8A0,high,src/views/2d/C2DRender.cpp,accepted mapping 0x0043C8A0 (exact trailer offset): Called from the corresponding lemming subtype path; both terrain-sample and emit the same two-layer overlay pattern.
CODE_11_views_2d.bin,0x00003188,DrawBalloon__3C2DFR9CViewDatai,accepted_x86_correlation,represented,0x0043C940,high,src/views/2d/C2D.cpp,"accepted mapping 0x0043C940 (exact trailer offset): Exact dispatcher cases `0x27/0x29/0x2B/0x2D`, with player indices `3/1/4/0`; paired moving marker behavior agrees."
CODE_11_views_2d.bin,0x000031FD,DrawBalloonPost__3C2DFR9CViewDatai,accepted_x86_correlation,represented,0x0043C9F0,high,src/views/2d/C2DRender.cpp,"accepted mapping 0x0043C9F0 (exact trailer offset): Exact dispatcher cases `0x28/0x2A/0x2C/0x2E`, with the same `3/1/4/0` index matrix; single marker entry."
CODE_11_views_2d.bin,0x000032C9,DrawTrampoline__3C2DFR9CViewData,accepted_x86_correlation,represented,0x0043CA30,high,src/views/2d/C2DRender.cpp,accepted mapping 0x0043CA30 (exact trailer offset): Exact dispatcher case `0x22`; state `0x18/0x1B` and capped timed resource `0x97`.
CODE_11_views_2d.bin,0x000033D2,DrawMover__3C2DFR9CViewData,accepted_x86_correlation,represented,0x0043CAC0,high,src/views/2d/C2DRender.cpp,accepted mapping 0x0043CAC0 (exact trailer offset): Exact dispatcher case `0x34`; mode-selected frame/resource path plus animated alternate path.
CODE_11_views_2d.bin,0x00003594,DrawSlinky__3C2DFR9CViewData,accepted_x86_correlation,represented,0x0043CBB0,high,src/views/2d/C2DRender.cpp,"accepted mapping 0x0043CBB0 (exact trailer offset): Exact dispatcher case `0x35`; indexed offsets, four-resource selection, and timed state sequence agree."
CODE_11_views_2d.bin,0x000036BA,DrawPaintGun__3C2DFR9CViewData,accepted_x86_correlation,represented,0x0043CD50,high,src/views/2d/C2DRender.cpp,accepted mapping 0x0043CD50 (exact trailer offset): Exact dispatcher case `0x21`; distinctive multi-phase primary/secondary sequence.
CODE_11_views_2d.bin,0x00003766,DrawLaserFire__3C2DFR9CViewData,accepted_x86_correlation,represented,0x0043CE30,high,src/views/2d/C2DRender.cpp,accepted mapping 0x0043CE30 (exact trailer offset): Exact dispatcher cases `0x26/0x32`; type-selected resources `0x8F/0x8D`.
CODE_11_views_2d.bin,0x00003864,DrawLaser__3C2DFR9CViewData,accepted_x86_correlation,represented,0x0043CEA0,high,src/views/2d/C2DRender.cpp,accepted mapping 0x0043CEA0 (exact trailer offset): Exact dispatcher cases `0x1E/0x2F/0x30/0x31`; same two type groups and timed resources `0x8C/0x8E`.
CODE_11_views_2d.bin,0x0000395B,DrawDuplicator__3C2DFR9CViewData,accepted_x86_correlation,represented,0x0043CFA0,high,src/views/2d/C2DRender.cpp,accepted mapping 0x0043CFA0 (exact trailer offset): Exact dispatcher case `0x1C`; progress-driven resource `0x89`.
CODE_11_views_2d.bin,0x00003A2E,DrawCrate__3C2DFR9CViewDatai,accepted_x86_correlation,represented,0x0043D070,high,src/views/2d/C2DRender.cpp,accepted mapping 0x0043D070 (exact trailer offset): Exact dispatcher case `0x11`; fixed/timed resources `0x86/0x87`.
CODE_11_views_2d.bin,0x00003AAA,DrawTimeBonus__3C2DFR9CViewData,accepted_x86_correlation,represented,0x0043D0F0,high,src/views/2d/C2DRender.cpp,accepted mapping 0x0043D0F0 (exact trailer offset): Exact dispatcher case `0x1B`; indexed resource `0x85`.
CODE_11_views_2d.bin,0x00003D5C,DrawCatapult__3C2DFR9CViewDatai,accepted_x86_correlation,represented,0x0043D130,high,src/views/2d/C2DRender.cpp,accepted mapping 0x0043D130 (exact trailer offset): Exact dispatcher case `4`; distinctive composite resource `0x74` sequence.
CODE_11_views_2d.bin,0x00003E4E,DrawSheep__3C2DFR9CViewDatai,accepted_x86_correlation,represented,0x0043D370,high,src/views/2d/C2DRender.cpp,accepted mapping 0x0043D370 (exact trailer offset): Exact dispatcher case `7`; lookup-table animation behavior.
CODE_11_views_2d.bin,0x00003F38,DrawBall__3C2DFR9CViewData,accepted_x86_correlation,represented,0x0043D420,high,src/views/2d/C2DRender.cpp,accepted mapping 0x0043D420 (exact trailer offset): Exact dispatcher case `9`; fixed/timed resources `0x7D/0x7E`.
CODE_11_views_2d.bin,0x00003FAA,DrawKey__3C2DFR9CViewDatai,accepted_x86_correlation,represented,0x0043D4B0,high,src/views/2d/C2DRender.cpp,"accepted mapping 0x0043D4B0 (exact trailer offset): Exact dispatcher cases `0x15/0x16/0x17`, passed indices `3/1/4`; resource `0xB2`."
CODE_11_views_2d.bin,0x0000407C,DrawMine__3C2DFR9CViewData,accepted_x86_correlation,represented,0x0043D500,high,src/views/2d/C2DRender.cpp,accepted mapping 0x0043D500 (exact trailer offset): Exact dispatcher case `0x13`; state-dependent resources `0x83/0x84`.
CODE_11_views_2d.bin,0x000042DC,DrawDoor__3C2DFR9CViewData,accepted_x86_correlation,represented,0x0043D590,high,src/views/2d/C2DRender.cpp,accepted mapping 0x0043D590 (exact trailer offset): Exact dispatcher cases `0x19/0x1A`; distinctive two-layer timed door sequence.
CODE_11_views_2d.bin,0x000043EC,DrawSwitch__3C2DFR9CViewData,accepted_x86_correlation,represented,0x0043D7E0,high,src/views/2d/C2DRender.cpp,accepted mapping 0x0043D7E0 (exact trailer offset): Exact dispatcher case `0x14`; switch-state-selected rendering.
CODE_11_views_2d.bin,0x000044B1,DrawFlag__3C2DFR9CViewData11eObjectType,accepted_x86_correlation,represented,0x0043D8D0,high,src/views/2d/C2DRender.cpp,"accepted mapping 0x0043D8D0 (exact trailer offset): Exact dispatcher cases `0x0B/0x0C`, passing the object type into one shared renderer."
CODE_11_views_2d.bin,0x0000452C,DrawBonus__3C2DFR9CViewData,accepted_x86_correlation,represented,0x0043D950,high,src/views/2d/C2DRender.cpp,accepted mapping 0x0043D950 (exact trailer offset): Exact dispatcher case `0x12`; fixed-frame entry.
CODE_11_views_2d.bin,0x0000485A,DrawTrapDoor__3C2DFR9CViewData,accepted_x86_correlation,represented,0x0043D990,high,src/views/2d/C2DRender.cpp,accepted mapping 0x0043D990 (exact trailer offset): Exact dispatcher case `0x18`; distinctive multi-stage states `0x1F..0x23` and primary/secondary animation layers.
CODE_11_views_2d.bin,0x00004C46,DrawObject__3C2DFR9CViewData,accepted_x86_correlation,represented,0x0043DC70,high,src/Platform/Windows/Mixed/Level/STATE/LEVELSTAT.CPP,accepted mapping 0x0043DC70 (exact trailer offset): Windows object-type dispatcher selects the same per-object render families from one CViewData-shaped record
CODE_11_views_2d.bin,0x00004ECA,SetOrigin__3C2DFv,genuinely_missing_or_unresolved,gap,,unresolved,,no accepted address and no exact scoped spelling in current source
CODE_11_views_2d.bin,0x0000572E,DrawObjects__3C2DFv,genuinely_missing_or_unresolved,gap,,unresolved,,no accepted address and no exact scoped spelling in current source
CODE_11_views_2d.bin,0x000057F0,DrawDemo__3C2DFv,accepted_x86_correlation,represented,0x0043FCE0,high,src/views/2d/C2DRender.cpp,"accepted mapping 0x0043FCE0 (exact trailer offset): Both toggle a demo icon every `500 ms`, render resource `0xF8`, and are selected by the top-level draw routine during demo playback."
CODE_11_views_2d.bin,0x00005900,DrawTime__3C2DFv,accepted_x86_correlation,represented,0x0043FD80,high,src/views/2d/C2DRender.cpp,"accepted mapping 0x0043FD80 (exact trailer offset): Both clamp at `599`, format `m:ss`, cache the previous value, and submit text resource `0x115`."
CODE_11_views_2d.bin,0x0000591C,DrawPaused__3C2DFv,accepted_x86_correlation,represented,0x0043FE70,high,src/Frontend/SCREENVT.CPP,accepted mapping 0x0043FE70 (exact trailer offset): Both bodies are genuine no-ops; both occupy the corresponding top-level draw call position.
CODE_11_views_2d.bin,0x00005A20,DrawScore__3C2DFv,accepted_x86_correlation,represented,0x0043FE80,high,src/views/2d/C2DRender.cpp,"accepted mapping 0x0043FE80 (exact trailer offset): Both advance by `10` or `100`, cap at `9,999,999`, generate exactly seven digits, and use resource `0x115`."
CODE_11_views_2d.bin,0x00005A4C,ViewDataCmp__FPCvPCv,accepted_x86_correlation,represented,0x0043FF60,high,src/Platform/Windows/Mixed/Level/STATE/LEVELSTAT.CPP,accepted mapping 0x0043FF60 (exact trailer offset): Both comparator bodies return the subtraction of the depth field (`+0x38` Mac versus `+0x48` x86 due to platform record layout).
CODE_11_views_2d.bin,0x00005AEE,SortViewData__3C2DFv,accepted_x86_correlation,represented,0x0043FF70,high,src/Platform/Windows/Mixed/Level/STATE/LEVELSTAT.CPP,accepted mapping 0x0043FF70 (exact trailer offset): Both compute each record’s depth key and quicksort the view-data array using the comparator; record strides are platform-specific `0x3C` versus `0x4C`.
CODE_11_views_2d.bin,0x00005F90,Draw__3C2DFRC7CVSRect,accepted_x86_correlation,represented,0x00440000,high,src/Control/CGame.cpp,"accepted mapping 0x00440000 (exact trailer offset): Top-level call graph agrees: reset, object/depth rendering, then demo versus time/score paths and paused hook."
CODE_11_views_2d.bin,0x00005FF2,ReplaceBackground__3C2DFv,genuinely_missing_or_unresolved,gap,,unresolved,,no accepted address and no exact scoped spelling in current source
CODE_11_views_2d.bin,0x0000603C,ResetPrimitives__3C2DFv,accepted_x86_correlation,represented,0x00440400,high,src/views/2d/C2DRender.cpp,accepted mapping 0x00440400 (exact trailer offset): Called at the same top-level draw phase; resets the render target/upload state and per-frame primitive counters. Platform-specific backend calls differ as expected.
CODE_11_views_2d.bin,0x0000608E,DrawZBuff_Sprite__3C2DFiUs,accepted_x86_correlation,represented,0x00440460,high,src/views/2d/C2DRender.cpp,"accepted mapping 0x00440460 (exact trailer offset): Both set the current depth value and dispatch one dynamic record through `DrawObject`; strides are Mac `0x3C`, x86 `0x4C`."
CODE_11_views_2d.bin,0x00006190,DrawZBuff_Anim__3C2DFiUs,accepted_x86_correlation,represented,0x00440490,high,src/Platform/Windows/Mixed/Level/STATE/LEVELSTAT.CPP,"accepted mapping 0x00440490 (exact trailer offset): Both transform static animation coordinates, set depth, optionally emit repeated columns, then emit the mapped static entry."
CODE_11_views_2d.bin,0x000063FA,DrawObjectsZBuff__3C2DFv,accepted_x86_correlation,represented,0x00440560,high,src/views/2d/C2DRender.cpp,"accepted mapping 0x00440560 (exact trailer offset): Both transform and sort dynamic entries, then merge dynamic sprites with static animation entries by depth; x86 callees directly include sort, dynamic draw, static draw, and sort-key calculation."
CODE_11_views_2d.bin,0x000064AA,CalcZValue_Sprite__3C2DFi,accepted_x86_correlation,represented,0x004407E0,high,src/Platform/Windows/Mixed/Level/STATE/LEVELSTAT.CPP,accepted mapping 0x004407E0 (exact trailer offset): Both return `0x7FFF` for object type `0x18`; otherwise return `z + CalcGroundCode(...) + 1`.
CODE_11_views_2d.bin,0x00006729,CalcGroundCode__3C2DF11eObjectTypeiiUs,accepted_x86_correlation,represented,0x00440840,high,unreconstructed,"accepted mapping 0x00440840 (exact trailer offset): Same object-type exceptions, tile-coordinate normalization, four neighboring terrain samples, collision-edge tests, and `0x40/0x80` depth-bias results."
CODE_11_views_2d.bin,0x0000675A,InitSpriteGroundLU__3C2DFv,genuinely_missing_or_unresolved,gap,,unresolved,,no accepted address and no exact scoped spelling in current source
CODE_11_views_2d.bin,0x00006E03,__ct__3C2DFP14CMain2DDisplayP3CAIP4CGDIP4CMapRC7CVSRect,genuinely_missing_or_unresolved,gap,,unresolved,,no accepted address and no exact scoped spelling in current source
CODE_11_views_2d.bin,0x00007092,__dt__3C2DFv,genuinely_missing_or_unresolved,gap,,unresolved,,no accepted address and no exact scoped spelling in current source
CODE_11_views_2d.bin,0x00007346,ShutDown__3C2DFv,genuinely_missing_or_unresolved,gap,,unresolved,,no accepted address and no exact scoped spelling in current source
CODE_11_views_2d.bin,0x0000742A,RegisterRemaps__3C2DFv,accepted_x86_correlation,represented,0x004363C0,high,src/views/2d/C2D.cpp,"accepted mapping 0x004363C0 (exact trailer offset): loads palette 0x2e, builds four indexed remaps plus one special remap, and stores all five handles"
CODE_11_views_2d.bin,0x00007476,UnRegisterRemaps__3C2DFv,accepted_x86_correlation,represented,0x00436480,high,src/views/2d/C2DRender.cpp,accepted mapping 0x00436480 (exact trailer offset): releases the five consecutive palette-remap handles created by RegisterRemaps
CODE_11_views_2d.bin,0x000074A9,CursorChangeType__3C2DF18eCursorDisplayTypei,accepted_x86_correlation,represented,0x004364B0,high,src/Frontend/SCREENVT.CPP,accepted mapping 0x004364B0 (exact trailer offset): two-argument forwarder to the level-screen status-indicator mode implementation
CODE_11_views_2d.bin,0x000077FA,OnLoaded__3C2DFv,accepted_x86_correlation,represented,0x004364D0,high,src/views/2d/C2DRender.cpp,"accepted mapping 0x004364D0 (exact trailer offset): activates the level screen, computes scale and viewport, creates the action panel, enables z-buffering, and starts the level session"
CODE_11_views_2d.bin,0x00007816,DoButtons__3C2DFv,accepted_x86_correlation,represented,0x00436690,high,src/Frontend/SCREENVT.CPP,accepted mapping 0x00436690 (exact trailer offset): no-op callback in the exact ordered C2D slot between OnLoaded and OnZoom
CODE_11_views_2d.bin,0x00007832,OnZoom__3C2DFRC7CVSRect,accepted_x86_correlation,represented,0x004366A0,high,src/Control/CGame.cpp,accepted mapping 0x004366A0 (exact trailer offset): no-op rectangle callback in the exact ordered C2D slot immediately before the independently identified OnSize body
CODE_11_views_2d.bin,0x0000790A,OnSize__3C2DFRC7CVSRect,accepted_x86_correlation,represented,0x004366B0,high,src/Control/CGame.cpp,"accepted mapping 0x004366B0 (exact trailer offset): reads the two-short viewport extent, applies scale +0x160, marks refresh state, and relayouts the action panel"
CODE_11_views_2d.bin,0x000079AA,SetUpRemapPalettes__3C2DFv,accepted_x86_correlation,represented,0x00436760,high,src/views/2d/C2D.cpp,"accepted mapping 0x00436760 (exact trailer offset): builds the 256-byte level palette map, applies substitutions 0x37/0x5c/0x71/0x75/0x80, and registers resource 0x2e"
CODE_11_views_2d.bin,0x000079E4,KillRemapPalettes__3C2DFv,accepted_x86_correlation,represented,0x00436830,high,src/views/2d/C2D.cpp,accepted mapping 0x00436830 (exact trailer offset): releases the resource-0x2e palette remap handle stored at C2D +0x968
CODE_11_views_2d.bin,0x00007A74,Restart__3C2DFv,accepted_x86_correlation,represented,0x00436850,high,src/views/2d/C2DRender.cpp,"accepted mapping 0x00436850 (exact trailer offset): clears viewport offsets, resets pause state, reinitializes and starts level mode, and synchronizes progress fields"
CODE_11_views_2d.bin,0x00007AFA,CheckValidFormGroup__3C2DFv,accepted_x86_correlation,represented,0x004369B0,high,src/views/2d/C2D.cpp,accepted mapping 0x004369B0 (exact trailer offset): walks selected ids at +0xa50 and removes entries whose registered game object is invalid
CODE_11_views_2d.bin,0x00007F34,Process__3C2DFv,accepted_x86_correlation,represented,0x00436A10,high,src/Control/CGame.cpp,"accepted mapping 0x00436A10 (exact trailer offset): top-level update validates grouping, services activation/cursor/pause, and handles completion, restart, and network exit"
CODE_11_views_2d.bin,0x00008257,FindGameObject__3C2DFRC8CVSPointRiUc,accepted_x86_correlation,represented,0x00436E40,high,src/views/2d/C2D.cpp,accepted mapping 0x00436E40 (exact trailer offset): tests the point against typed 0x4c-byte view records and writes the selected record index with requested preference
CODE_11_views_2d.bin,0x000082AE,AddObjectToGroup__3C2DFiUc,accepted_x86_correlation,represented,0x00437130,high,src/views/2d/C2D.cpp,"accepted mapping 0x00437130 (exact trailer offset): appends a 16-bit object id at +0xa50, increments count, and optionally updates the group cursor"
CODE_11_views_2d.bin,0x00008340,FormGroup__3C2DFv,accepted_x86_correlation,represented,0x00437170,high,src/views/2d/C2D.cpp,"accepted mapping 0x00437170 (exact trailer offset): validates selected ids, dispatches event 5 with count and array, then clears grouping state"
CODE_11_views_2d.bin,0x000083B8,MoveGroup__3C2DFRC8CVSPoint,accepted_x86_correlation,represented,0x004371E0,high,src/views/2d/C2D.cpp,accepted mapping 0x004371E0 (exact trailer offset): dispatches event 2 with the two-coordinate destination and clears grouping state
CODE_11_views_2d.bin,0x00008424,CancelMoves__3C2DFv,accepted_x86_correlation,represented,0x00437250,high,src/views/2d/C2D.cpp,accepted mapping 0x00437250 (exact trailer offset): event 3 clears selection fields and restores resource mode 0x25
CODE_11_views_2d.bin,0x00008488,NextGroup__3C2DFv,accepted_x86_correlation,represented,0x004372A0,high,src/views/2d/C2D.cpp,accepted mapping 0x004372A0 (exact trailer offset): event 7 clears selection fields and enters group mode 0x1b
CODE_11_views_2d.bin,0x000084EA,PrevGroup__3C2DFv,accepted_x86_correlation,represented,0x004372F0,high,src/views/2d/C2D.cpp,accepted mapping 0x004372F0 (exact trailer offset): event 6 clears selection fields and enters group mode 0x1b
CODE_11_views_2d.bin,0x00008570,SelectLemming__3C2DFi,accepted_x86_correlation,represented,0x00437340,high,src/views/2d/C2D.cpp,"accepted mapping 0x00437340 (exact trailer offset): loads a lemming id through the level-mode registry, dispatches event 8, and clears selection"
CODE_11_views_2d.bin,0x000085F6,SelectObject__3C2DFi,accepted_x86_correlation,represented,0x004373B0,high,src/views/2d/C2D.cpp,"accepted mapping 0x004373B0 (exact trailer offset): loads an id from the indexed 0x4c-byte view record, dispatches event 8, and clears selection"
CODE_11_views_2d.bin,0x00008646,InGroupByObjectNo__3C2DFi,accepted_x86_correlation,represented,0x00437420,high,src/views/2d/C2D.cpp,accepted mapping 0x00437420 (exact trailer offset): linearly searches the selected 16-bit object-id array at +0xa50
CODE_11_views_2d.bin,0x000086D3,RemoveFromGroupByObjectNo__3C2DFi,accepted_x86_correlation,represented,0x00437460,high,src/views/2d/C2D.cpp,"accepted mapping 0x00437460 (exact trailer offset): compacts selected ids after removal and repairs count, cursor, and grouping mode"
CODE_11_views_2d.bin,0x00008735,IsInGrouping__3C2DFP11CGameObject,accepted_x86_correlation,represented,0x004374E0,high,src/views/2d/C2D.cpp,accepted mapping 0x004374E0 (exact trailer offset): compares the CGameObject id at +0x6a against the selected-id array
CODE_11_views_2d.bin,0x000088C5,NoStateLeftClick__3C2DFRC8CVSPointRC8CVSPointUcUc,accepted_x86_correlation,represented,0x00437520,high,src/views/2d/C2D.cpp,"accepted mapping 0x00437520 (exact trailer offset): normal-mode click selects lemmings, dispatches object actions, or sends a point command by view-record type"
CODE_11_views_2d.bin,0x00008A7B,GroupingLeftClick__3C2DFRC8CVSPointRC8CVSPointUc,accepted_x86_correlation,represented,0x004376B0,high,src/views/2d/C2D.cpp,accepted mapping 0x004376B0 (exact trailer offset): grouping click toggles selected lemming ids and commits the group before object or point commands
CODE_11_views_2d.bin,0x00008B03,LeftClick__3C2DFRC8CVSPointRC8CVSPointUcUc,accepted_x86_correlation,represented,0x00437840,high,src/views/2d/C2D.cpp,accepted mapping 0x00437840 (exact trailer offset): dispatches to no-state or grouping left-click behavior from grouping mode +0xa48
CODE_11_views_2d.bin,0x00008BD1,NoStateRightClick__3C2DFRC8CVSPointRC8CVSPoint,accepted_x86_correlation,represented,0x00437890,high,src/views/2d/C2D.cpp,"accepted mapping 0x00437890 (exact trailer offset): resolves a hotspot or dispatches event 4 with tile coordinates, then clears grouping mode"
CODE_11_views_2d.bin,0x00008C45,RightClick__3C2DFRC8CVSPointRC8CVSPoint,accepted_x86_correlation,represented,0x00437930,high,src/views/2d/C2D.cpp,accepted mapping 0x00437930 (exact trailer offset): commits any active group before forwarding to the no-state right-click point-command path
CODE_11_views_2d.bin,0x00008E78,ScreenToGame__3C2DFiiRiRi,accepted_x86_correlation,represented,0x00437970,high,src/views/2d/C2DRender.cpp,"accepted mapping 0x00437970 (exact trailer offset): searches terrain cells, applies screen/tile transforms and shape-mask testing, and writes two game coordinates"
CODE_11_views_2d.bin,0x00008FE6,ProcessMsg__3C2DFP10tagMESSAGE,accepted_x86_correlation,represented,0x00437B60,high,src/views/2d/C2D.cpp,"accepted mapping 0x00437B60 (exact trailer offset): filters inactive/demo input and maps command ids to previous/next selection, projectile requests, and lemming selection"
CODE_11_views_2d.bin,0x000090B1,NewPauseWindow__3C2DF20ePauseWindowMessages,accepted_x86_correlation,represented,0x00437D00,high,src/views/2d/C2DRender.cpp,"accepted mapping 0x00437D00 (exact trailer offset): replaces the pause dialog, constructs the requested 0x20c-byte variant, and records prior/current states"
CODE_11_views_2d.bin,0x00009134,TriggerPause__3C2DFUc,accepted_x86_correlation,represented,0x00437DA0,high,src/views/2d/C2DRender.cpp,accepted mapping 0x00437DA0 (exact trailer offset): unpauses directly or requests level game-state 1 when level mode permits pausing
CODE_11_views_2d.bin,0x000091F4,SetPause__3C2DFUc,accepted_x86_correlation,represented,0x00437DE0,high,src/Control/CGame.cpp,"accepted mapping 0x00437DE0 (exact trailer offset): updates pause flags, frame-clock state, level-mode state, and active pause-window variant"
CODE_11_views_2d.bin,0x0000941E,SetMouseShape__3C2DFv,accepted_x86_correlation,represented,0x00437E90,high,src/views/2d/C2DRender.cpp,"accepted mapping 0x00437E90 (exact trailer offset): derives cursor mode from panel, hotspot, terrain-mask, and timed-toggle state and forwards the shape"
CODE_11_views_2d.bin,0x000094FC,SendCursorMsg__3C2DFv,accepted_x86_correlation,represented,0x004380C0,high,src/views/2d/C2DRender.cpp,accepted mapping 0x004380C0 (exact trailer offset): resolves the current viewport anchor to terrain coordinates and dispatches level-screen event 1
CODE_11_views_2d.bin,0x0000956E,OnInside__3C2DFRC8CVSPoint,accepted_x86_correlation,represented,0x00438170,high,src/views/2d/C2DRender.cpp,accepted mapping 0x00438170 (exact trailer offset): stores the two-short pointer position in the adjusted C2D subobject and sends the cursor message
CODE_11_views_2d.bin,0x000095DD,OnButtonUp__3C2DFRC8CVSPoint12BUTTON_FLAGS,accepted_x86_correlation,represented,0x004381C0,high,src/views/2d/C2DRender.cpp,accepted mapping 0x004381C0 (exact trailer offset): clears the button-latched flag and sends the cursor message when the screen is active
CODE_11_views_2d.bin,0x00009731,OnButtonDown__3C2DFRC8CVSPoint12BUTTON_FLAGS,accepted_x86_correlation,represented,0x00438210,high,src/views/2d/C2DRender.cpp,accepted mapping 0x00438210 (exact trailer offset): converts the point to game coordinates and routes modes 0/3 to LeftClick and 1/4 to RightClick
CODE_11_views_2d.bin,0x00009772,OnPause__3C2DFUc,genuinely_missing_or_unresolved,gap,,unresolved,,no accepted address and no exact scoped spelling in current source
CODE_11_views_2d.bin,0x000097EC,UseBalloon__3C2DFi,genuinely_missing_or_unresolved,gap,,unresolved,,no accepted address and no exact scoped spelling in current source
CODE_11_views_2d.bin,0x00009851,UseBalloon__3C2DFP14CPlayerLemming,genuinely_missing_or_unresolved,gap,,unresolved,,no accepted address and no exact scoped spelling in current source
CODE_11_views_2d.bin,0x00009A16,OnDriverChange__3C2DFv,genuinely_missing_or_unresolved,gap,,unresolved,,no accepted address and no exact scoped spelling in current source
CODE_11_views_2d.bin,0x00009D2A,SetClipSize__3C2DFv,genuinely_missing_or_unresolved,gap,,unresolved,,no accepted address and no exact scoped spelling in current source
CODE_11_views_2d.bin,0x00009E1B,__ct__20CLemmingAnimsManagerFP4CGDIP14CMain2DDisplayP3CAI,genuinely_missing_or_unresolved,gap,,unresolved,,no accepted address and no exact scoped spelling in current source
CODE_11_views_2d.bin,0x00009EF8,__dt__20CLemmingAnimsManagerFv,genuinely_missing_or_unresolved,gap,,unresolved,,no accepted address and no exact scoped spelling in current source
CODE_11_views_2d.bin,0x0000A27D,SetupStyleSensitive__20CLemmingAnimsManagerFv,genuinely_missing_or_unresolved,gap,,unresolved,,no accepted address and no exact scoped spelling in current source
CODE_11_views_2d.bin,0x0000A8F7,LoadVrammed__20CLemmingAnimsManagerFv,genuinely_missing_or_unresolved,gap,,unresolved,,no accepted address and no exact scoped spelling in current source
CODE_11_views_2d.bin,0x0000AD21,LoadMainRammed__20CLemmingAnimsManagerFv,genuinely_missing_or_unresolved,gap,,unresolved,,no accepted address and no exact scoped spelling in current source
CODE_11_views_2d.bin,0x0000AE1F,Load__20CLemmingAnimsManagerF7GROUNDS,genuinely_missing_or_unresolved,gap,,unresolved,,no accepted address and no exact scoped spelling in current source
CODE_11_views_2d.bin,0x0000B693,Unload__20CLemmingAnimsManagerFv,genuinely_missing_or_unresolved,gap,,unresolved,,no accepted address and no exact scoped spelling in current source
CODE_11_views_2d.bin,0x0000B6D0,Draw__20CLemmingAnimsManagerFv,genuinely_missing_or_unresolved,gap,,unresolved,,no accepted address and no exact scoped spelling in current source
CODE_11_views_2d.bin,0x0000C01D,DrawAnim__20CLemmingAnimsManagerFssUlUlUlP6CRemap,genuinely_missing_or_unresolved,gap,,unresolved,,no accepted address and no exact scoped spelling in current source
CODE_11_views_2d.bin,0x0000C1A5,LoadAnimation__20CLemmingAnimsManagerFUl9ANIM_TYPE,genuinely_missing_or_unresolved,gap,,unresolved,,no accepted address and no exact scoped spelling in current source
CODE_11_views_2d.bin,0x0000C215,UpdateNonCacheLoad__20CLemmingAnimsManagerFv,genuinely_missing_or_unresolved,gap,,unresolved,,no accepted address and no exact scoped spelling in current source
CODE_11_views_2d.bin,0x0000C3AD,LoadAnimation__20CLemmingAnimsManagerFUlUl9ANIM_TYPE,genuinely_missing_or_unresolved,gap,,unresolved,,no accepted address and no exact scoped spelling in current source
CODE_11_views_2d.bin,0x0000C43F,UnLoadAnimation__20CLemmingAnimsManagerFUl,genuinely_missing_or_unresolved,gap,,unresolved,,no accepted address and no exact scoped spelling in current source
CODE_11_views_2d.bin,0x0000C4D3,UnLoadAnimation__20CLemmingAnimsManagerFUlUl,genuinely_missing_or_unresolved,gap,,unresolved,,no accepted address and no exact scoped spelling in current source
CODE_11_views_2d.bin,0x0000C57B,__ct__17CPanelPauseButtonFP6CPanelRC8CVSPointP7CPVGWndUlUl,genuinely_missing_or_unresolved,gap,,unresolved,,no accepted address and no exact scoped spelling in current source
CODE_11_views_2d.bin,0x0000C5D7,OnInside__17CPanelPauseButtonFRC8CVSPoint,genuinely_missing_or_unresolved,gap,,unresolved,,no accepted address and no exact scoped spelling in current source
CODE_11_views_2d.bin,0x0000C617,DrawButton__17CPanelPauseButtonFv,genuinely_missing_or_unresolved,gap,,unresolved,,no accepted address and no exact scoped spelling in current source
CODE_11_views_2d.bin,0x0000C653,OnPaint__17CPanelPauseButtonFRC7CVSRect,genuinely_missing_or_unresolved,gap,,unresolved,,no accepted address and no exact scoped spelling in current source
CODE_11_views_2d.bin,0x0000C6BB,OnPressed__17CPanelPauseButtonF12BUTTON_FLAGS,genuinely_missing_or_unresolved,gap,,unresolved,,no accepted address and no exact scoped spelling in current source
CODE_11_views_2d.bin,0x0000C795,OnReleased__17CPanelPauseButtonF12BUTTON_FLAGS,genuinely_missing_or_unresolved,gap,,unresolved,,no accepted address and no exact scoped spelling in current source
CODE_11_views_2d.bin,0x0000C80F,OnExternalButtonUp__17CPanelPauseButtonFRC8CVSPoint12BUTTON_FLAGS,genuinely_missing_or_unresolved,gap,,unresolved,,no accepted address and no exact scoped spelling in current source
CODE_11_views_2d.bin,0x0000CB39,__ct__12CPanelButtonFP13CPanelLemmingRC7CVSRectP7CPVGWnd,genuinely_missing_or_unresolved,gap,,unresolved,,no accepted address and no exact scoped spelling in current source
CODE_11_views_2d.bin,0x0000CC56,__dt__12CPanelButtonFv,genuinely_missing_or_unresolved,gap,,unresolved,,no accepted address and no exact scoped spelling in current source
CODE_11_views_2d.bin,0x0000CC8F,OnInside__12CPanelButtonFRC8CVSPoint,genuinely_missing_or_unresolved,gap,,unresolved,,no accepted address and no exact scoped spelling in current source
CODE_11_views_2d.bin,0x0000D126,DrawButton__12CPanelButtonFv,genuinely_missing_or_unresolved,gap,,unresolved,,no accepted address and no exact scoped spelling in current source
CODE_11_views_2d.bin,0x0000D23D,OnPaint__12CPanelButtonFRC7CVSRect,genuinely_missing_or_unresolved,gap,,unresolved,,no accepted address and no exact scoped spelling in current source
CODE_11_views_2d.bin,0x0000D285,OnReleased__12CPanelButtonF12BUTTON_FLAGS,genuinely_missing_or_unresolved,gap,,unresolved,,no accepted address and no exact scoped spelling in current source
CODE_11_views_2d.bin,0x0000D2E1,OnExternalButtonUp__12CPanelButtonFRC8CVSPoint12BUTTON_FLAGS,genuinely_missing_or_unresolved,gap,,unresolved,,no accepted address and no exact scoped spelling in current source
CODE_11_views_2d.bin,0x0000D59B,OnPressed__12CPanelButtonF12BUTTON_FLAGS,genuinely_missing_or_unresolved,gap,,unresolved,,no accepted address and no exact scoped spelling in current source
CODE_11_views_2d.bin,0x0000D62F,Move__13CPanelLemmingFRC8CVSPoint,genuinely_missing_or_unresolved,gap,,unresolved,,no accepted address and no exact scoped spelling in current source
CODE_11_views_2d.bin,0x0000D73D,__ct__13CPanelLemmingFP14CPlayerLemmingRC8CVSPointP6CPanel,genuinely_missing_or_unresolved,gap,,unresolved,,no accepted address and no exact scoped spelling in current source
CODE_11_views_2d.bin,0x0000D7BE,__dt__13CPanelLemmingFv,genuinely_missing_or_unresolved,gap,,unresolved,,no accepted address and no exact scoped spelling in current source
CODE_11_views_2d.bin,0x0000D920,UpdateStatus__13CPanelLemmingFv,genuinely_missing_or_unresolved,gap,,unresolved,,no accepted address and no exact scoped spelling in current source
CODE_11_views_2d.bin,0x0000DA30,GetPausePos__6CPanelFv,genuinely_missing_or_unresolved,gap,,unresolved,,no accepted address and no exact scoped spelling in current source
CODE_11_views_2d.bin,0x0000DC30,__ct__6CPanelFP3C2D,genuinely_missing_or_unresolved,gap,,unresolved,,no accepted address and no exact scoped spelling in current source
CODE_11_views_2d.bin,0x0000DCFE,__dt__6CPanelFv,genuinely_missing_or_unresolved,gap,,unresolved,,no accepted address and no exact scoped spelling in current source
CODE_11_views_2d.bin,0x0000DD84,OnSize__6CPanelFv,genuinely_missing_or_unresolved,gap,,unresolved,,no accepted address and no exact scoped spelling in current source
CODE_11_views_2d.bin,0x0000DDC2,Process__6CPanelFv,genuinely_missing_or_unresolved,gap,,unresolved,,no accepted address and no exact scoped spelling in current source
CODE_11_views_2d.bin,0x0000DE14,SetPause__6CPanelFUc,genuinely_missing_or_unresolved,gap,,unresolved,,no accepted address and no exact scoped spelling in current source
CODE_11_views_2d.bin,0x0000DE48,TranslateKey__6CPanelFUl,genuinely_missing_or_unresolved,gap,,unresolved,,no accepted address and no exact scoped spelling in current source
CODE_11_views_2d.bin,0x0000DF21,ProcessMsg__6CPanelFP10tagMESSAGE,genuinely_missing_or_unresolved,gap,,unresolved,,no accepted address and no exact scoped spelling in current source
CODE_11_views_2d.bin,0x0000DFC7,MouseInPanel__6CPanelFRC8CVSPoint,genuinely_missing_or_unresolved,gap,,unresolved,,no accepted address and no exact scoped spelling in current source
CODE_11_views_2d.bin,0x0000E00F,CursorChangeType__12CPauseWindowF18eCursorDisplayTypei,genuinely_missing_or_unresolved,gap,,unresolved,,no accepted address and no exact scoped spelling in current source
CODE_11_views_2d.bin,0x0000E1BA,Initialise__12CPauseWindowFv,genuinely_missing_or_unresolved,gap,,unresolved,,no accepted address and no exact scoped spelling in current source
CODE_11_views_2d.bin,0x0000E286,Load__12CPauseWindowFv,genuinely_missing_or_unresolved,gap,,unresolved,,no accepted address and no exact scoped spelling in current source
CODE_11_views_2d.bin,0x0000E2E0,UnLoad__12CPauseWindowFv,genuinely_missing_or_unresolved,gap,,unresolved,,no accepted address and no exact scoped spelling in current source
CODE_11_views_2d.bin,0x0000E374,Restart__12CPauseWindowFv,genuinely_missing_or_unresolved,gap,,unresolved,,no accepted address and no exact scoped spelling in current source
CODE_11_views_2d.bin,0x0000E6A1,CreateTheWindow__12CPauseWindowFRC7CVSRect,genuinely_missing_or_unresolved,gap,,unresolved,,no accepted address and no exact scoped spelling in current source
CODE_11_views_2d.bin,0x0000EE95,CalculateWindow__12CPauseWindowFv,genuinely_missing_or_unresolved,gap,,unresolved,,no accepted address and no exact scoped spelling in current source
CODE_11_views_2d.bin,0x0000EFDD,__ct__12CPauseWindowFP19CReceiveWindowStateP7CPVGWnd20ePauseWindowMessages,genuinely_missing_or_unresolved,gap,,unresolved,,no accepted address and no exact scoped spelling in current source
CODE_11_views_2d.bin,0x0000F190,__dt__12CPauseWindowFv,genuinely_missing_or_unresolved,gap,,unresolved,,no accepted address and no exact scoped spelling in current source
CODE_11_views_2d.bin,0x0000F1FF,RegisterRemaps__12CPauseWindowFv,genuinely_missing_or_unresolved,gap,,unresolved,,no accepted address and no exact scoped spelling in current source
CODE_11_views_2d.bin,0x0000F25D,UnRegisterRemaps__12CPauseWindowFv,genuinely_missing_or_unresolved,gap,,unresolved,,no accepted address and no exact scoped spelling in current source
CODE_11_views_2d.bin,0x0000F2BE,Remap__12CPauseWindowFi,genuinely_missing_or_unresolved,gap,,unresolved,,no accepted address and no exact scoped spelling in current source
CODE_11_views_2d.bin,0x0000F3DF,OnPaint__12CPauseWindowFRC7CVSRect,genuinely_missing_or_unresolved,gap,,unresolved,,no accepted address and no exact scoped spelling in current source
CODE_11_views_2d.bin,0x0000F4DF,OnInside__12CPauseWindowFRC8CVSPoint,genuinely_missing_or_unresolved,gap,,unresolved,,no accepted address and no exact scoped spelling in current source
CODE_11_views_2d.bin,0x0000F5E1,OnButtonDown__12CPauseWindowFRC8CVSPoint12BUTTON_FLAGS,genuinely_missing_or_unresolved,gap,,unresolved,,no accepted address and no exact scoped spelling in current source
CODE_11_views_2d.bin,0x0000F645,OnButtonUp__12CPauseWindowFRC8CVSPoint12BUTTON_FLAGS,genuinely_missing_or_unresolved,gap,,unresolved,,no accepted address and no exact scoped spelling in current source
CODE_11_views_2d.bin,0x0000F6A7,OnExternalButtonUp__12CPauseWindowFRC8CVSPoint12BUTTON_FLAGS,genuinely_missing_or_unresolved,gap,,unresolved,,no accepted address and no exact scoped spelling in current source
CODE_11_views_2d.bin,0x0000F875,ProcessMsg__12CPauseWindowFP10tagMESSAGE,genuinely_missing_or_unresolved,gap,,unresolved,,no accepted address and no exact scoped spelling in current source
CODE_11_views_2d.bin,0x0000F8DE,FreeVram__12CPauseWindowFv,genuinely_missing_or_unresolved,gap,,unresolved,,no accepted address and no exact scoped spelling in current source
CODE_11_views_2d.bin,0x0000F90D,OnDriverChange__12CPauseWindowFv,genuinely_missing_or_unresolved,gap,,unresolved,,no accepted address and no exact scoped spelling in current source
CODE_11_views_2d.bin,0x0000F938,DumpStrs__9CPBButtonFv,genuinely_missing_or_unresolved,gap,,unresolved,,no accepted address and no exact scoped spelling in current source
CODE_11_views_2d.bin,0x0000F9C8,__ct__12CPadToButtonFi,genuinely_missing_or_unresolved,gap,,unresolved,,no accepted address and no exact scoped spelling in current source
CODE_11_views_2d.bin,0x0000FA42,__dt__12CPadToButtonFv,genuinely_missing_or_unresolved,gap,,unresolved,,no accepted address and no exact scoped spelling in current source
CODE_11_views_2d.bin,0x0000FB17,ProcessMsg__12CPadToButtonFP10tagMESSAGE,genuinely_missing_or_unresolved,gap,,unresolved,,no accepted address and no exact scoped spelling in current source
CODE_11_views_2d.bin,0x0000FBBC,__ct__10CSoundViewFv,genuinely_missing_or_unresolved,gap,,unresolved,,no accepted address and no exact scoped spelling in current source
CODE_11_views_2d.bin,0x0000FC18,__dt__10CSoundViewFv,genuinely_missing_or_unresolved,gap,,unresolved,,no accepted address and no exact scoped spelling in current source
CODE_11_views_2d.bin,0x0000FC48,SetEffectsOn__10CSoundViewFUc,genuinely_missing_or_unresolved,gap,,unresolved,,no accepted address and no exact scoped spelling in current source
CODE_11_views_2d.bin,0x0000FCA7,PlayEffect__10CSoundViewF12eSoundEffect,genuinely_missing_or_unresolved,gap,,unresolved,,no accepted address and no exact scoped spelling in current source
CODE_11_views_2d.bin,0x0000FD6C,SetMusicOn__10CSoundViewFUc,genuinely_missing_or_unresolved,gap,,unresolved,,no accepted address and no exact scoped spelling in current source
CODE_11_views_2d.bin,0x0000FED7,SoundEffect__10CSoundViewFP9CViewDataiR7AICOORD,genuinely_missing_or_unresolved,gap,,unresolved,,no accepted address and no exact scoped spelling in current source
CODE_11_views_2d.bin,0x0000FF5D,UnprepareEffects__10CSoundViewFv,genuinely_missing_or_unresolved,gap,,unresolved,,no accepted address and no exact scoped spelling in current source
CODE_11_views_2d.bin,0x00010046,PrepareEffects__10CSoundViewFUs,genuinely_missing_or_unresolved,gap,,unresolved,,no accepted address and no exact scoped spelling in current source
CODE_11_views_2d.bin,0x000100B0,GetnEffects__10CSoundViewFUs,genuinely_missing_or_unresolved,gap,,unresolved,,no accepted address and no exact scoped spelling in current source
CODE_11_views_2d.bin,0x00010209,ChangeState__10CSoundViewFUsP11CLoadUpdate,genuinely_missing_or_unresolved,gap,,unresolved,,no accepted address and no exact scoped spelling in current source
CODE_11_views_2d.bin,0x00010257,SetEffectsVolume__10CSoundViewFUc,genuinely_missing_or_unresolved,gap,,unresolved,,no accepted address and no exact scoped spelling in current source
CODE_11_views_2d.bin,0x0001029C,SetMusicVolume__10CSoundViewFUc,genuinely_missing_or_unresolved,gap,,unresolved,,no accepted address and no exact scoped spelling in current source
CODE_12_UtilMain.bin,0x0000004C,NumToolboxTraps__Fv,platform_specific,excluded,,high,,"Macintosh Toolbox trap, folder/resource-fork, or Open Transport resolver glue with no portable Windows body"
CODE_12_UtilMain.bin,0x0000007C,GetTrapType__Fs,platform_specific,excluded,,high,,"Macintosh Toolbox trap, folder/resource-fork, or Open Transport resolver glue with no portable Windows body"
CODE_12_UtilMain.bin,0x000000F0,TrapExists__Fs,platform_specific,excluded,,high,,"Macintosh Toolbox trap, folder/resource-fork, or Open Transport resolver glue with no portable Windows body"
CODE_12_UtilMain.bin,0x00000146,GetSystemFolder__FPsPl,platform_specific,excluded,,high,,"Macintosh Toolbox trap, folder/resource-fork, or Open Transport resolver glue with no portable Windows body"
CODE_12_UtilMain.bin,0x000001D4,GetCPanelFolder__FPsPl,platform_specific,excluded,,high,,"Macintosh Toolbox trap, folder/resource-fork, or Open Transport resolver glue with no portable Windows body"
CODE_12_UtilMain.bin,0x00000280,SearchFolderForDNRP__Fllsl,platform_specific,excluded,,high,,"Macintosh Toolbox trap, folder/resource-fork, or Open Transport resolver glue with no portable Windows body"
CODE_12_UtilMain.bin,0x00000348,OpenOurRF__Fv,platform_specific,excluded,,high,,"Macintosh Toolbox trap, folder/resource-fork, or Open Transport resolver glue with no portable Windows body"
CODE_12_UtilMain.bin,0x000003FE,OpenResolver,platform_specific,excluded,,high,,"Macintosh Toolbox trap, folder/resource-fork, or Open Transport resolver glue with no portable Windows body"
CODE_12_UtilMain.bin,0x00000446,CloseResolver,platform_specific,excluded,,high,,"Macintosh Toolbox trap, folder/resource-fork, or Open Transport resolver glue with no portable Windows body"
CODE_12_UtilMain.bin,0x00000486,StrToAddr,platform_specific,excluded,,high,,"Macintosh Toolbox trap, folder/resource-fork, or Open Transport resolver glue with no portable Windows body"
CODE_12_UtilMain.bin,0x000004C0,AddrToStr,platform_specific,excluded,,high,,"Macintosh Toolbox trap, folder/resource-fork, or Open Transport resolver glue with no portable Windows body"
CODE_12_UtilMain.bin,0x000004FC,AddrToName,platform_specific,excluded,,high,,"Macintosh Toolbox trap, folder/resource-fork, or Open Transport resolver glue with no portable Windows body"
