mac_code_file,mac_name_length_offset,mac_mangled_name,x86_address,confidence,evidence,raw_inventory_status,raw_name_length_offset
CODE_02_Visos (Generic).bin,0x000128B0,__ct__12CPVGDIBitmapFv,0x00472290,high,family order; constructor behavior; 0x40-byte object,exact_tuple,0x000128B0
CODE_02_Visos (Generic).bin,0x00012902,__dt__12CPVGDIBitmapFv,0x004722D0,high,family order; destructor behavior,exact_tuple,0x00012902
CODE_02_Visos (Generic).bin,0x00012948,Free__12CPVGDIBitmapFv,0x004722E0,high,family order; releases line-pointer storage,exact_tuple,0x00012948
CODE_02_Visos (Generic).bin,0x00012994,Initialise__12CPVGDIBitmapFv,0x00472310,high,family order; clears bitmap state,exact_tuple,0x00012994
CODE_02_Visos (Generic).bin,0x00012A23,CreateLinePtrs__12CPVGDIBitmapFv,0x00472340,high,family order; allocates row-pointer index,exact_tuple,0x00012A23
CODE_02_Visos (Generic).bin,0x00012AC6,ResetLinePtrs__12CPVGDIBitmapFv,0x004723A0,high,family order; resets rows and border storage,exact_tuple,0x00012AC6
CODE_02_Visos (Generic).bin,0x00012B3E,SetLinePtrs__12CPVGDIBitmapFv,0x00472400,high,family order; rebuilds row-pointer table,exact_tuple,0x00012B3E
CODE_02_Visos (Generic).bin,0x00012C21,Scroll__12CPVGDIBitmapFRC7CVSRectRC8CVSPoint,0x00472440,high,family order; rectangle row scrolling,exact_tuple,0x00012C21
CODE_02_Visos (Generic).bin,0x00012CF1,SetSize__12CPVGDIBitmapFRC7CVSSizei,0x004725F0,high,family order; backing dimensions,exact_tuple,0x00012CF1
CODE_02_Visos (Generic).bin,0x00012D67,SetBitsBase__12CPVGDIBitmapFPUci,0x00472670,high,family order; base pointer and stride,exact_tuple,0x00012D67
CODE_02_Visos (Generic).bin,0x00012E5B,GetRects__12CPVGDIBitmapFRC7CVSRectRP7CVSRectRP7CVSRect,0x004726B0,high,family order; splits wrapped rectangle,exact_tuple,0x00012E5B
CODE_02_Visos (Generic).bin,0x00012EA6,ResetScroll__12CPVGDIBitmapFv,0x00472760,high,family order; reset-scroll thunk,exact_tuple,0x00012EA6
CODE_02_Visos (Generic).bin,0x00015F18,__ct__18CPVBackBuffSurfaceFv,0x00466440,high,constructs shared CPVSurface virtual base when most-derived; embeds CPVGDIBitmap; byte backing buffer family,exact_tuple,0x00015F18
CODE_02_Visos (Generic).bin,0x00015F96,__dt__18CPVBackBuffSurfaceFv,0x004664B0,high,restores back-buffer tables and destroys embedded CPVGDIBitmap,exact_tuple,0x00015F96
CODE_02_Visos (Generic).bin,0x00015FF3,HasBackBuff__18CPVBackBuffSurfaceFv,0x004664E0,high,CPVSurface slot 15 override; returns byte back-buffer active state and follows linked CSurface,exact_tuple,0x00015FF3
CODE_02_Visos (Generic).bin,0x00016055,FreeBackBuff__18CPVBackBuffSurfaceFv,0x00466510,high,frees byte backing storage and CPVGDIBitmap line pointers,exact_tuple,0x00016055
CODE_02_Visos (Generic).bin,0x00016177,AllocateBackBuff__18CPVBackBuffSurfaceFv,0x00466540,high,allocates width*height byte backing and binds embedded CPVGDIBitmap,exact_tuple,0x00016177
CODE_02_Visos (Generic).bin,0x000161D5,EnableBackBuff__18CPVBackBuffSurfaceFUc,0x00466630,high,enable flag allocates; disable path frees byte back buffer,exact_tuple,0x000161D5
CODE_02_Visos (Generic).bin,0x00016211,ResizeBackBuff__18CPVBackBuffSurfaceFv,0x00466660,high,back-buffer virtual forwards to allocation/resize body,exact_tuple,0x00016211
CODE_02_Visos (Generic).bin,0x00016296,__ct__15CPVZBuffSurfaceFv,0x00466670,high,constructs shared CPVSurface virtual base when most-derived; embeds CPVGDIBitmap; 16-bit backing family,exact_tuple,0x00016296
CODE_02_Visos (Generic).bin,0x00016310,__dt__15CPVZBuffSurfaceFv,0x004666E0,high,restores z-buffer tables and destroys embedded CPVGDIBitmap,exact_tuple,0x00016310
CODE_02_Visos (Generic).bin,0x00016366,FreeZBuff__15CPVZBuffSurfaceFv,0x00466710,high,frees 16-bit backing storage and CPVGDIBitmap line pointers,exact_tuple,0x00016366
CODE_02_Visos (Generic).bin,0x00016491,AllocateZBuff__15CPVZBuffSurfaceFv,0x00466740,high,doubles row width and allocates width*height*2 backing,exact_tuple,0x00016491
CODE_02_Visos (Generic).bin,0x000164E9,EnableZBuff__15CPVZBuffSurfaceFUc,0x00466840,high,enable flag allocates; disable path frees 16-bit z buffer,exact_tuple,0x000164E9
CODE_02_Visos (Generic).bin,0x0001651F,ResizeZBuff__15CPVZBuffSurfaceFv,0x00466870,high,z-buffer virtual forwards to allocation/resize body,exact_tuple,0x0001651F
CODE_01_Visos (Mac Specific).bin,0x00001396,HasZBuff__15CPVZBuffSurfaceFv,0x00466990,high,CPVSurface slot 16 override; returns 16-bit z-buffer active state,exact_tuple,0x00001396
CODE_02_Visos (Generic).bin,0x00014F8C,__ct__10CPVSurfaceFv,0x004663D0,high,initializes the shared 0x44 CPVSurface virtual base; field order and final CSurface constructor lifecycle agree,exact_name_module_offset_mismatch,0x00015E5E
CODE_01_Visos (Mac Specific).bin,0x00001607,SetLinePtrs__8CSurfaceFv,0x0046C9F0,high,CSurface primary CPVGDIBitmap slot 0 override; root and linked-surface row pointer behavior agrees,exact_name_module_offset_mismatch,0x00008E3C
CODE_02_Visos (Generic).bin,0x00015EA4,__dt__10CPVSurfaceFv,0x00466430,high,immediate constructor successor restores the CPVSurface vtable,exact_tuple,0x00015EA4
CODE_02_Visos (Generic).bin,0x00015F08,SetDontUpdateRect__10CPVSurfaceFRC7CVSRect,0x00466880,high,empty-extent conditional copies the complete rectangle tuple,exact_name_module_offset_mismatch,0x0001657B
CODE_02_Visos (Generic).bin,0x000160EA,SetWorldWidth__20CPVScrollableSurfaceFi,0x004668D0,high,stores changed world width and propagates the paired point,exact_name_module_offset_mismatch,0x000165FB
CODE_02_Visos (Generic).bin,0x00016204,Resize__10CPVSurfaceFRC7CVSSize,0x00466920,high,virtual slot and family order match the Macintosh CPVSurface table,no_exact_raw_name_in_module,
CODE_02_Visos (Generic).bin,0x00016210,HasBackBuff__10CPVSurfaceFv,0x00466930,high,virtual slot returns false in the CPVSurface base,no_exact_raw_name_in_module,
CODE_02_Visos (Generic).bin,0x00016218,HasZBuff__10CPVSurfaceFv,0x00466940,high,virtual slot returns false in the CPVSurface base,no_exact_raw_name_in_module,
CODE_02_Visos (Generic).bin,0x00016220,SetWorldWidth__10CPVSurfaceFi,0x00466950,high,virtual slot and family order match the Macintosh CPVSurface table,no_exact_raw_name_in_module,
CODE_02_Visos (Generic).bin,0x0001622C,GetWorldWidth__10CPVSurfaceFv,0x00466960,high,virtual slot returns zero in the CPVSurface base,no_exact_raw_name_in_module,
CODE_02_Visos (Generic).bin,0x00016238,GetWorldWidth__20CPVScrollableSurfaceFv,0x0046DCC0,high,scrollable-surface adjustor resolves the stored world width,no_exact_raw_name_in_module,
CODE_01_Visos (Mac Specific).bin,0x0000C97A,__ct__10CGDIDeviceFi,0x0046BC00,high,slot-array constructor and device lifecycle match,exact_name_module_offset_mismatch,0x00007DAC
CODE_01_Visos (Mac Specific).bin,0x0000CA02,__dt__10CGDIDeviceFv,0x0046BC90,high,warns about live surfaces then frees the device slot array,exact_name_module_offset_mismatch,0x00007E30
CODE_01_Visos (Mac Specific).bin,0x0000CCAC,FindFreeSurface__10CGDIDeviceFv,0x0046BCE0,high,linear scan for the first available surface slot,exact_name_module_offset_mismatch,0x00007E76
CODE_01_Visos (Mac Specific).bin,0x0000CAAE,AllocateSurface__10CGDIDeviceFRC7CVSRectP8CSurface,0x0046BD10,high,allocates and records a CSurface in a device slot,exact_name_module_offset_mismatch,0x000080C5
CODE_01_Visos (Mac Specific).bin,0x0000CBD0,FreeSurface__10CGDIDeviceFP8CSurface,0x0046BED0,high,destroys a CSurface and releases its device slot,exact_name_module_offset_mismatch,0x00008195
CODE_01_Visos (Mac Specific).bin,0x0000CE98,Sync__10CGDIDeviceFv,0x0046BF60,high,empty virtual slot has exact class-table position,exact_name_module_offset_mismatch,0x000081C4
CODE_01_Visos (Mac Specific).bin,0x0000CCD2,FindSurface__10CGDIDeviceFP8CSurface,0x0046BF70,high,linear scan by CSurface pointer,exact_name_module_offset_mismatch,0x00008213
CODE_01_Visos (Mac Specific).bin,0x0000CE40,Flush__10CGDIDeviceFP8CSurface,0x0046BFD0,high,marks the selected surface slot and flushes it to the root surface,exact_name_module_offset_mismatch,0x000082EA
CODE_02_Visos (Generic).bin,0x000142C8,__ct__8CSurfaceFRC7CVSRectP8CSurface,0x0046C050,high,composite CSurface construction and linked-surface setup,no_exact_raw_name_in_module,
CODE_02_Visos (Generic).bin,0x0001440E,__dt__8CSurfaceFv,0x0046C710,high,composite CSurface teardown in matching family order,no_exact_raw_name_in_module,
CODE_02_Visos (Generic).bin,0x00014724,ResetScroll__8CSurfaceFv,0x0046C990,high,resets all active embedded bitmap scroll state,no_exact_raw_name_in_module,
CODE_02_Visos (Generic).bin,0x0001488C,AddToChangeList__8CSurfaceFRC7CVSRect,0x0046CB20,high,forwards or records the changed rectangle,no_exact_raw_name_in_module,
CODE_02_Visos (Generic).bin,0x00014960,GetChangeList__8CSurfaceFv,0x0046CBD0,high,returns the active change-list tracker,no_exact_raw_name_in_module,
CODE_02_Visos (Generic).bin,0x00014AEC,ToScreen__8CSurfaceFP8CSurface,0x0046CDA0,high,flushes changed rectangles to the linked or display surface,no_exact_raw_name_in_module,
CODE_02_Visos (Generic).bin,0x00014DAE,AttachPalette__8CSurfaceFP11CResPALETTE,0x0046D040,high,builds the platform palette and propagates it to surfaces,no_exact_raw_name_in_module,
CODE_02_Visos (Generic).bin,0x00015218,Resize__8CSurfaceFRC7CVSSize,0x0046D420,high,updates surface extent backing state and child surfaces,no_exact_raw_name_in_module,
CODE_09_Visos (Generic).bin,0x00014827,__ct__6CArenaFUlPCcP6CArenaPv,0x004599F0,high,constructor lifecycle; matching lock and arena-list initialization,no_exact_raw_name_in_module,
CODE_09_Visos (Generic).bin,0x00014888,DeleteLists__6CArenaFv,0x00459A40,high,destroys block and child-arena lists under the arena lock,exact_name_module_offset_mismatch,0x000148DC
CODE_09_Visos (Generic).bin,0x00014916,__dt__6CArenaFv,0x00459AA0,high,destructor lifecycle; restores base vtables and releases lock state,exact_name_module_offset_mismatch,0x0001491C
CODE_09_Visos (Generic).bin,0x00014946,CheckAndAmalgamate__6CArenaFP7CMBlockT1,0x00459B10,high,adjacent free-block coalescing and header-size accounting,no_exact_raw_name_in_module,
CODE_09_Visos (Generic).bin,0x000149B4,AddToFreeList__6CArenaFP7CMBlock,0x00459BD0,high,appends a CMBlock to the free-list links,exact_name_module_offset_mismatch,0x00014A37
CODE_09_Visos (Generic).bin,0x000149EE,AddToBlockList__6CArenaFP7CMBlockT1,0x00459C00,high,inserts a CMBlock after the supplied block-list node,no_exact_raw_name_in_module,
CODE_09_Visos (Generic).bin,0x00014A44,AddToArenaList__6CArenaFP6CArena,0x00459C40,high,sorted child-arena insertion,exact_name_module_offset_mismatch,0x00014B1D
CODE_09_Visos (Generic).bin,0x00014AA6,RemoveFromFreeList__6CArenaFP7CMBlock,0x00459C80,high,unlinks free-list neighbors,exact_name_module_offset_mismatch,0x00014B83
CODE_09_Visos (Generic).bin,0x00014ADE,RemoveFromBlockList__6CArenaFP7CMBlock,0x00459CB0,high,unlinks block-list neighbors,exact_name_module_offset_mismatch,0x00014BEF
CODE_09_Visos (Generic).bin,0x00014B24,RemoveFromArenaList__6CArenaFP6CArena,0x00459CE0,high,unlinks a child arena from the arena list,exact_name_module_offset_mismatch,0x00014C67
CODE_09_Visos (Generic).bin,0x00014B6A,FindSmallestBlock__6CArenaFUl,0x00459D20,high,best-fit free-block scan,no_exact_raw_name_in_module,
CODE_09_Visos (Generic).bin,0x00014BD4,Allocate__6CArenaFPPvUlPCc,0x00459D70,high,best-fit allocation; split and list relinking behavior,no_exact_raw_name_in_module,
CODE_09_Visos (Generic).bin,0x00014E0E,Free__6CArenaFPv,0x00459F70,high,pointer validation; free-list insertion and adjacent coalescing,no_exact_raw_name_in_module,
CODE_09_Visos (Generic).bin,0x00014F4C,AllocateArena__6CArenaFPP6CArenaUlPCc,0x0045A010,high,allocates storage then constructs and links a child CArena,no_exact_raw_name_in_module,
CODE_09_Visos (Generic).bin,0x00015026,FreeArena__6CArenaFP6CArena,0x0045A0A0,high,unlinks and frees a child CArena,exact_name_module_offset_mismatch,0x00015300
CODE_09_Visos (Generic).bin,0x0001510A,CheckValidPointer__6CArenaFPv,0x0045A0E0,high,arena-storage bounds and block validation,exact_name_module_offset_mismatch,0x0001537C
CODE_09_Visos (Generic).bin,0x0001532E,StreamOut__6CArenaFR8COStream,0x0045A260,high,matching arena diagnostics and aggregate counters,no_exact_raw_name_in_module,
CODE_09_Visos (Generic).bin,0x00015612,GetAllocSize__6CArenaFv,0x0045A340,high,returns allocated payload counter,exact_tuple,0x00015612
CODE_09_Visos (Generic).bin,0x0001561A,GetFreeSize__6CArenaFv,0x0045A350,high,returns available arena bytes,exact_name_module_offset_mismatch,0x000155B4
CODE_09_Visos (Generic).bin,0x00015642,__nw__6CArenaFUlPv,0x0045A390,high,placement allocation returns supplied storage,exact_name_module_offset_mismatch,0x00015638
CODE_09_Visos (Generic).bin,0x00015660,MemSet__6CArenaFPvUcUl,0x0045A3A0,high,byte fill implementation and signature,no_exact_raw_name_in_module,
CODE_09_Visos (Generic).bin,0x00015696,MemCopy__6CArenaFPvPCvUl,0x0045A3D0,high,byte copy implementation and signature,no_exact_raw_name_in_module,
CODE_02_Visos (Generic).bin,0x000147AC,SqRoot__7CVSMathFUi,0x0045A9B0,high,integer square-root bounds and binary-search behavior,exact_tuple,0x000147AC
CODE_08_Frontend.bin,0x0000631E,__ct__11CEditStringFi,0x00453150,high,capacity allocation and empty-string constructor lifecycle,exact_tuple,0x0000631E
CODE_08_Frontend.bin,0x0000636A,__apl__11CEditStringFc,0x00453180,high,bounded character append and NUL termination,exact_tuple,0x0000636A
CODE_08_Frontend.bin,0x000063BE,__as__11CEditStringFPCc,0x00453200,high,C-string assignment and length update,exact_tuple,0x000063BE
CODE_06_AI.bin,0x000062DE,__ct__5CDoorFv,0x0040D470,high,door type 0x19 base construction and door vtable lifecycle,exact_tuple,0x000062DE
CODE_06_AI.bin,0x00006C5A,DoActivate__5CDoorFv,0x0040DEC0,high,sets active state and timestamps deadline before awarding type-dependent score,exact_tuple,0x00006C5A
CODE_06_AI.bin,0x0000716F,Switch__12CDoorManagerF9swMessagei,0x0040E5A0,high,manager selects door by slot and dispatches switch action,exact_tuple,0x0000716F
CODE_06_AI.bin,0x000071CC,Id__12CDoorManagerFi,0x0040E600,high,manager index-to-door-slot identifier lookup,exact_tuple,0x000071CC
CODE_06_AI.bin,0x00012224,Switch__4CIceFv,0x0042D550,high,ice object requests its switched state transition,exact_tuple,0x00012224
CODE_06_AI.bin,0x000127F9,Switch__11CIceManagerF9swMessagei,0x0042DD90,high,manager selects ice object by slot and dispatches switch action,exact_tuple,0x000127F9
CODE_06_AI.bin,0x000162B0,__ct__5CMineFv,0x00423C10,high,contiguous CMine family start; type 0x13 construction and mine vtable lifecycle,exact_tuple,0x000162B0
CODE_06_AI.bin,0x000162DE,Restart__5CMineFv,0x00423C30,high,immediate family successor; resets managed-entity and CMine runtime state,exact_tuple,0x000162DE
CODE_06_AI.bin,0x0001633C,Initialise__5CMineFv,0x00423C50,high,"family order; seeds state 0x18, timers, trigger fields, and mine terrain variants",exact_tuple,0x0001633C
CODE_06_AI.bin,0x000163D8,Set__5CMineF7AICOORD,0x00423CB0,high,family order; stores fixed-point position and marks mine occupancy in the tile grid,exact_tuple,0x000163D8
CODE_06_AI.bin,0x00016428,Trigger__5CMineFi,0x00423D40,high,family order; records trigger delay and requests mine state 0x1a,exact_tuple,0x00016428
CODE_06_AI.bin,0x00016498,DoActivate__5CMineFv,0x00423D70,high,"family order; executes triggered mine state, timing, terrain, and nearby chain activation",exact_tuple,0x00016498
CODE_06_AI.bin,0x00016560,SetTerrain__5CMineFv,0x00423DD0,high,"family order; writes mine tile type 0x20a, collision flag 4, and activation notification",exact_tuple,0x00016560
CODE_06_AI.bin,0x0001659E,StepOn__5CMineFP11CGameObject,0x00423E70,high,family order; requests detonation state and notifies the stepping game object,exact_tuple,0x0001659E
CODE_06_AI.bin,0x000165DE,IsUsable__5CMineF7eAction,0x00423E90,high,family order; accepts only inactive/ready mine states 8 and 0x18,exact_tuple,0x000165DE
CODE_06_AI.bin,0x000166E8,Process__5CMineFv,0x00423EB0,high,"family order; advances mine trigger, terrain, cooldown, and state transitions",exact_tuple,0x000166E8
CODE_06_AI.bin,0x0001674E,OnGround__5CMineFv,0x00423FA0,high,family end; resamples mine ground height from the tile grid,exact_tuple,0x0001674E
CODE_06_AI.bin,0x000088E7,__ct__11CEnemyGroupFP3CAIP14CObjectManagerP17CFormationManager,0x00420AE0,high,"enemy load/create callers allocate the 0x168-byte group, pass the three shared AI/object/formation contexts, invoke this constructor through its ILT, and install the enemy-group vtable",exact_tuple,0x000088E7
CODE_02_Visos (Generic).bin,0x000118C1,__ct__4CGDIFRC7CVSRectiP8CSurface,0x00467060,high,"contiguous four-function family start; constructs the 0x10-byte Windows render queue from a rectangle, entry count, and CSurface allocation",exact_tuple,0x000118C1
CODE_02_Visos (Generic).bin,0x0001192C,__dt__4CGDIFv,0x004670D0,high,contiguous family order; frees the queue storage and releases its CSurface,exact_tuple,0x0001192C
CODE_02_Visos (Generic).bin,0x00011958,AddToList__4CGDIFP10CPrimitive,0x004670F0,high,contiguous family order; appends one render-entry pointer and increments the queue count,exact_tuple,0x00011958
CODE_02_Visos (Generic).bin,0x000119DC,Render__4CGDIFv,0x00467110,high,"contiguous family end; validates and dispatches each queued primitive through virtual slot 2, then presents the target surface",exact_tuple,0x000119DC
CODE_07_Control.bin,0x000001BA,SetGameDefaults__Fv,0x00406230,high,"exact startup-default role and void signature; initializes shared game, audio, display, debug, level, and command-line state",exact_tuple,0x000001BA
CODE_07_Control.bin,0x000001D8,DisplayHelp__Fv,0x00406300,high,exact no-argument help-switch callback; Windows body is intentionally empty while caller handles /? and ?,exact_tuple,0x000001D8
CODE_07_Control.bin,0x000002C6,StrCmpI__FPCcPCci,0x00406790,high,exact two-string plus maximum-length signature and case-insensitive bounded comparison behavior,exact_tuple,0x000002C6
CODE_07_Control.bin,0x00000666,DoCommandLine__FiPPc,0x00406460,high,exact argc/argv signature; parses shared game switches through StrCmpI and invokes DisplayHelp,exact_tuple,0x00000666
CODE_07_Control.bin,0x00001428,__ct__11CGameStatusFv,0x00406A90,high,0x50-byte allocation and complete state clear establish constructor lifecycle,exact_tuple,0x00001428
CODE_07_Control.bin,0x000014BB,JiggleLevelData__11CGameStatusFv,0x00406AD0,high,eight 3-bit digits are permuted and XOR-packed for the password,exact_tuple,0x000014BB
CODE_07_Control.bin,0x00001577,UnJiggleLevelData__11CGameStatusFUl,0x00406B30,high,inverse permutation reconstructs four bounded unlocked-level caps,exact_tuple,0x00001577
CODE_07_Control.bin,0x000015DE,CalcCheckSum__11CGameStatusFUl,0x00406BA0,high,matching 5-bit checksum over value bytes used by encode and decode,exact_tuple,0x000015DE
CODE_07_Control.bin,0x0000167E,EncodePassword__11CGameStatusFv,0x00406C00,high,packs state and checksum then formats the stored zero-padded password,exact_tuple,0x0000167E
CODE_07_Control.bin,0x00001795,DecodePassword__11CGameStatusFPc,0x00406CA0,high,"parses, validates checksum, handles cheat code, and applies caps",exact_tuple,0x00001795
CODE_07_Control.bin,0x000017F8,StringToDWord__11CGameStatusFv,0x00406D80,high,decimal accumulation over the stored password buffer,exact_tuple,0x000017F8
CODE_07_Control.bin,0x0000183A,GotoLastLevels__11CGameStatusFv,0x00406DD0,high,copies active unlock caps into per-pack selected-level snapshots,exact_tuple,0x0000183A
CODE_07_Control.bin,0x00003316,IncLevel__11CGameStatusFv,0x00408DC0,high,increments within exact pack limits and updates unlock/snapshot state,exact_tuple,0x00003316
CODE_07_Control.bin,0x00003358,DecLevel__11CGameStatusFv,0x00408E40,high,"decrements current level, updates snapshot, and reports further retreat",exact_tuple,0x00003358
CODE_07_Control.bin,0x000033C8,IncSkill__11CGameStatusFUc,0x00408E60,high,advances the four normal skill packs with optional wrap and resets level,exact_tuple,0x000033C8
CODE_07_Control.bin,0x00003425,NoOfLevelsInSkill__11CGameStatusFi,0x00408F30,high,exact skill-to-level-count switch 24/25/28/21/11,exact_tuple,0x00003425
CODE_07_Control.bin,0x00003481,NextLevelAvailable__11CGameStatusFv,0x00408FA0,high,availability predicate compares current level with the active unlock cap,exact_tuple,0x00003481
CODE_07_Control.bin,0x000034BF,LastLevelAvailable__11CGameStatusFv,0x00408FD0,high,returns whether current level is nonzero for previous navigation,exact_tuple,0x000034BF
CODE_07_Control.bin,0x0000354E,SetMaxLevel__11CGameStatusFii,0x00408FE0,high,clamps a skill cap and protects the active current level,exact_tuple,0x0000354E
CODE_07_Control.bin,0x0000358A,Level__11CGameStatusFi,0x00409070,high,sets current level and matching per-skill snapshot; exact overload tail,exact_tuple,0x0000358A
CODE_07_Control.bin,0x000035BA,Level__11CGameStatusFv,0x00409080,high,returns selected-level snapshot for active skill; live level-mode callers,exact_tuple,0x000035BA
CODE_06_AI.bin,0x000091DD,__ct__11CGameObjectF11eObjectTypeUsUs,0x00414F30,high,"constructor installs base table, allocates destination queue, and registers object",exact_tuple,0x000091DD
CODE_06_AI.bin,0x000092BE,Restart__11CGameObjectFv,0x004150D0,high,lifecycle successor resets runtime and command state,exact_tuple,0x000092BE
CODE_06_AI.bin,0x00009352,__dt__11CGameObjectFv,0x00415160,high,"paired destructor releases id, registration, and destination queue",exact_tuple,0x00009352
CODE_06_AI.bin,0x000093C6,Initialise__11CGameObjectFv,0x004151B0,high,clears the complete shared object state field set,exact_tuple,0x000093C6
CODE_06_AI.bin,0x0000949B,StartFly__11CGameObjectFR9C3DVectorP9C3DVector,0x00415240,high,two vector-shaped inputs initialize flight motion state,exact_tuple,0x0000949B
CODE_06_AI.bin,0x000097B4,Fly__11CGameObjectFv,0x00415300,high,advances gravity and flight motion state,exact_tuple,0x000097B4
CODE_06_AI.bin,0x000097EB,RotateClockwise__11CGameObjectFv,0x00415520,high,increments and wraps the eight-way heading,exact_tuple,0x000097EB
CODE_06_AI.bin,0x0000982B,RotateAnticlockwise__11CGameObjectFv,0x00415550,high,decrements and wraps the eight-way heading,exact_tuple,0x0000982B
CODE_06_AI.bin,0x00009A90,StartMoving__11CGameObjectFv,0x00415580,high,advances the queued movement path and motion state,exact_tuple,0x00009A90
CODE_06_AI.bin,0x00009ADE,StopMoving__11CGameObjectFv,0x00415780,high,removes first command and resets motion,exact_tuple,0x00009ADE
CODE_06_AI.bin,0x00009B9C,MapCheck__11CGameObjectFii,0x004157B0,high,samples map tile flags for the supplied coordinates,exact_tuple,0x00009B9C
CODE_06_AI.bin,0x00009C7E,StartRoute__11CGameObjectFv,0x00415830,high,starts shared tile reachability search,exact_tuple,0x00009C7E
CODE_06_AI.bin,0x00009EB2,SearchRoute__11CGameObjectFv,0x004158B0,high,services the active reachability search,exact_tuple,0x00009EB2
CODE_06_AI.bin,0x0000A24E,Move__11CGameObjectFv,0x00415A30,high,performs queued path motion with height and collision checks,exact_tuple,0x0000A24E
CODE_06_AI.bin,0x0000A321,TurnToFaceDestination__11CGameObjectFv,0x00415D90,high,derives destination octant and rotates toward first queued point,exact_tuple,0x0000A321
CODE_06_AI.bin,0x0000A3BB,FacingDestination__11CGameObjectFv,0x00415E20,high,compares heading with first queued destination octant,exact_tuple,0x0000A3BB
CODE_06_AI.bin,0x0000A46D,DeleteFirstEntryFromDestinationList__11CGameObjectFv,0x00415E80,high,removes the first destination-list entry,exact_tuple,0x0000A46D
CODE_06_AI.bin,0x0000A4F1,AddDestination__11CGameObjectFRC7AICOORD,0x00415EF0,high,appends one coordinate to the destination queue,exact_tuple,0x0000A4F1
CODE_06_AI.bin,0x0000A5F9,AlterDestination__11CGameObjectFRC7AICOORD,0x00415F30,high,prepends/changes destination then advances command state,exact_tuple,0x0000A5F9
CODE_06_AI.bin,0x0000A68E,GetDestination__11CGameObjectFv,0x00416000,high,returns first destination or current position,exact_tuple,0x0000A68E
CODE_06_AI.bin,0x0000A6CD,DestinationExists__11CGameObjectFv,0x004160C0,high,tests destination queue count,exact_tuple,0x0000A6CD
CODE_06_AI.bin,0x0000A705,EmptyDestinationList__11CGameObjectFv,0x004160E0,high,clears destination queue count,exact_tuple,0x0000A705
CODE_06_AI.bin,0x0000A76B,GetBoundingBox__11CGameObjectFR7CVSRect,0x004160F0,high,writes a centered 48 by 48 rectangle to output,exact_tuple,0x0000A76B
CODE_06_AI.bin,0x0000AB53,OnLift__11CGameObjectFR8tCoord3d,0x00416340,high,point-bounds overload updates object height inside lift bounds,exact_tuple,0x0000AB53
CODE_06_AI.bin,0x0000AC61,OnLift__11CGameObjectFR8tCoord3dR8tCoord3d,0x00416420,high,two-point bounds overload updates object height inside lift rectangle,exact_tuple,0x0000AC61
CODE_06_AI.bin,0x0000ADA0,IsSelectable__11CGameObjectFv,0x00416570,high,state predicate excludes inactive/unselectable states,exact_tuple,0x0000ADA0
CODE_06_AI.bin,0x0000AE37,ResetInstructions__11CGameObjectFv,0x00416590,high,clears interruptible child command and pending state,exact_tuple,0x0000AE37
CODE_06_AI.bin,0x0000AE96,Init__11CGameObjectFP3CAI,0x004165E0,high,initializes global object-id tables and records active AI owner,exact_tuple,0x0000AE96
CODE_06_AI.bin,0x0000AEC2,GetId__11CGameObjectFv,0x00416610,high,direct read of the shared 16-bit object id,exact_tuple,0x0000AEC2
CODE_06_AI.bin,0x0000AEF8,SetId__11CGameObjectFUs,0x00416620,high,stores and claims the supplied object id,exact_tuple,0x0000AEF8
CODE_06_AI.bin,0x0000AF76,ReSetId__11CGameObjectFv,0x00416640,high,releases and clears the same object-id bitmap slot,exact_tuple,0x0000AF76
CODE_06_AI.bin,0x0000AFEC,NextId__11CGameObjectFv,0x00416670,high,low-to-high free object-id allocator,exact_tuple,0x0000AFEC
CODE_06_AI.bin,0x0000B05E,NextLoadingId__11CGameObjectFv,0x004166A0,high,high-to-low loading object-id allocator,exact_tuple,0x0000B05E
CODE_06_AI.bin,0x0000B126,RegisterId__11CGameObjectFv,0x00416740,high,registers current object id in shared bitmap,exact_tuple,0x0000B126
CODE_06_AI.bin,0x0000B1C3,UpdateCollision__11CGameObjectFv,0x004167C0,high,rebuilds six collision bounds fields from position,exact_tuple,0x0000B1C3
CODE_06_AI.bin,0x0000B21C,StartLand__11CGameObjectFv,0x00416820,high,dispatches terrain and object contacts from current tile,exact_tuple,0x0000B21C
CODE_11_views_2d.bin,0x00008424,CancelMoves__3C2DFv,0x00437250,high,event 3 clears selection fields and restores resource mode 0x25,exact_tuple,0x00008424
CODE_11_views_2d.bin,0x00008488,NextGroup__3C2DFv,0x004372A0,high,event 7 clears selection fields and enters group mode 0x1b,exact_tuple,0x00008488
CODE_11_views_2d.bin,0x000084EA,PrevGroup__3C2DFv,0x004372F0,high,event 6 clears selection fields and enters group mode 0x1b,exact_tuple,0x000084EA
CODE_11_views_2d.bin,0x00004C46,DrawObject__3C2DFR9CViewData,0x0043DC70,high,Windows object-type dispatcher selects the same per-object render families from one CViewData-shaped record,exact_tuple,0x00004C46
CODE_11_views_2d.bin,0x0000228A,LemmingFly__3C2DFR9CViewDataRi,0x0043BCE0,high,"Both implementations combine direction with view rotation, sample terrain height, derive elapsed frames using `15/1000`, and clamp to `0..6` or `7..12`. Called from the corresponding `DrawLemming` body.",exact_tuple,0x0000228A
CODE_11_views_2d.bin,0x000023AB,DrawLemmingFlyShadow__3C2DFR9CViewData,0x0043BDE0,high,Corresponding `DrawLemming` caller; both terrain-sample and transform the position before emitting marker resource `0x96`.,exact_tuple,0x000023AB
CODE_11_views_2d.bin,0x000024C3,DrawLemmingJump__3C2DFR9CViewDataUc,0x0043BEE0,high,"Exact helper position in both `DrawLemming` call graphs; directional resource table, elapsed-frame split, and optional player remap agree.",exact_tuple,0x000024C3
CODE_11_views_2d.bin,0x000025A9,DrawLemmingLanding__3C2DFR9CViewDataUc,0x0043BFC0,high,Exact corresponding late-phase helper call; both force the `+7` frame phase and clamp at `12`.,exact_tuple,0x000025A9
CODE_11_views_2d.bin,0x000025EB,DrawLemmingFall__3C2DFR9CViewDataUc,0x0043C070,high,Both are thin wrappers around the jump/directional renderer; exact caller position in `DrawLemming`.,exact_tuple,0x000025EB
CODE_11_views_2d.bin,0x00002723,DrawLemmingExternal__3C2DFR9CViewDataUc,0x0043C090,high,Exact corresponding `DrawLemming` helper; state-dependent resources/frames and optional remap behavior agree.,exact_tuple,0x00002723
CODE_11_views_2d.bin,0x000027C5,DrawLemmingOnConveyor__3C2DFR9CViewDataUc,0x0043C1A0,high,"Independently distinctive body: elapsed `15/1000`, modulo `8`, resource `0x3F`, offsets `(-15,-22)`, optional remap.",exact_tuple,0x000027C5
CODE_11_views_2d.bin,0x00002C1D,DrawLemming__3C2DFR9CViewDataiUc,0x0043C200,high,x86 object dispatcher cases `1/2`; internal subtype dispatcher invokes the same six named helpers with matching conditions and arguments.,exact_tuple,0x00002C1D
CODE_11_views_2d.bin,0x00002CAE,DrawBullet__3C2DFR9CViewDatai,0x0043C610,high,Macintosh and x86 `DrawObject` dispatch case `3`; both use direction-rotated resource selection.,exact_tuple,0x00002CAE
CODE_11_views_2d.bin,0x00002D80,DrawAmmo__3C2DFR9CViewDatai,0x0043C660,high,Exact `DrawObject` case `5`; distinctive state split and resources `0x7C/0x82`.,exact_tuple,0x00002D80
CODE_11_views_2d.bin,0x00002EBE,DrawRocket__3C2DFR9CViewData,0x0043C6E0,high,Exact dispatcher case `0x20`; distinctive segmented timer sequence using resource `0x88`.,exact_tuple,0x00002EBE
CODE_11_views_2d.bin,0x00002F92,DrawHand__3C2DFR9CViewData,0x0043C7F0,high,Exact dispatcher case `0x1F`; state-gated timed frame sequence and remap handling agree.,exact_tuple,0x00002F92
CODE_11_views_2d.bin,0x00003089,DrawLemmingOnBalloon__3C2DFR9CViewDataiUc,0x0043C8A0,high,Called from the corresponding lemming subtype path; both terrain-sample and emit the same two-layer overlay pattern.,exact_tuple,0x00003089
CODE_11_views_2d.bin,0x00003188,DrawBalloon__3C2DFR9CViewDatai,0x0043C940,high,"Exact dispatcher cases `0x27/0x29/0x2B/0x2D`, with player indices `3/1/4/0`; paired moving marker behavior agrees.",exact_tuple,0x00003188
CODE_11_views_2d.bin,0x000031FD,DrawBalloonPost__3C2DFR9CViewDatai,0x0043C9F0,high,"Exact dispatcher cases `0x28/0x2A/0x2C/0x2E`, with the same `3/1/4/0` index matrix; single marker entry.",exact_tuple,0x000031FD
CODE_11_views_2d.bin,0x000032C9,DrawTrampoline__3C2DFR9CViewData,0x0043CA30,high,Exact dispatcher case `0x22`; state `0x18/0x1B` and capped timed resource `0x97`.,exact_tuple,0x000032C9
CODE_11_views_2d.bin,0x000033D2,DrawMover__3C2DFR9CViewData,0x0043CAC0,high,Exact dispatcher case `0x34`; mode-selected frame/resource path plus animated alternate path.,exact_tuple,0x000033D2
CODE_11_views_2d.bin,0x00003594,DrawSlinky__3C2DFR9CViewData,0x0043CBB0,high,"Exact dispatcher case `0x35`; indexed offsets, four-resource selection, and timed state sequence agree.",exact_tuple,0x00003594
CODE_11_views_2d.bin,0x000036BA,DrawPaintGun__3C2DFR9CViewData,0x0043CD50,high,Exact dispatcher case `0x21`; distinctive multi-phase primary/secondary sequence.,exact_tuple,0x000036BA
CODE_11_views_2d.bin,0x00003766,DrawLaserFire__3C2DFR9CViewData,0x0043CE30,high,Exact dispatcher cases `0x26/0x32`; type-selected resources `0x8F/0x8D`.,exact_tuple,0x00003766
CODE_11_views_2d.bin,0x00003864,DrawLaser__3C2DFR9CViewData,0x0043CEA0,high,Exact dispatcher cases `0x1E/0x2F/0x30/0x31`; same two type groups and timed resources `0x8C/0x8E`.,exact_tuple,0x00003864
CODE_11_views_2d.bin,0x0000395B,DrawDuplicator__3C2DFR9CViewData,0x0043CFA0,high,Exact dispatcher case `0x1C`; progress-driven resource `0x89`.,exact_tuple,0x0000395B
CODE_11_views_2d.bin,0x00003A2E,DrawCrate__3C2DFR9CViewDatai,0x0043D070,high,Exact dispatcher case `0x11`; fixed/timed resources `0x86/0x87`.,exact_tuple,0x00003A2E
CODE_11_views_2d.bin,0x00003AAA,DrawTimeBonus__3C2DFR9CViewData,0x0043D0F0,high,Exact dispatcher case `0x1B`; indexed resource `0x85`.,exact_tuple,0x00003AAA
CODE_11_views_2d.bin,0x00003D5C,DrawCatapult__3C2DFR9CViewDatai,0x0043D130,high,Exact dispatcher case `4`; distinctive composite resource `0x74` sequence.,exact_tuple,0x00003D5C
CODE_11_views_2d.bin,0x00003E4E,DrawSheep__3C2DFR9CViewDatai,0x0043D370,high,Exact dispatcher case `7`; lookup-table animation behavior.,exact_tuple,0x00003E4E
CODE_11_views_2d.bin,0x00003F38,DrawBall__3C2DFR9CViewData,0x0043D420,high,Exact dispatcher case `9`; fixed/timed resources `0x7D/0x7E`.,exact_tuple,0x00003F38
CODE_11_views_2d.bin,0x00003FAA,DrawKey__3C2DFR9CViewDatai,0x0043D4B0,high,"Exact dispatcher cases `0x15/0x16/0x17`, passed indices `3/1/4`; resource `0xB2`.",exact_tuple,0x00003FAA
CODE_11_views_2d.bin,0x0000407C,DrawMine__3C2DFR9CViewData,0x0043D500,high,Exact dispatcher case `0x13`; state-dependent resources `0x83/0x84`.,exact_tuple,0x0000407C
CODE_11_views_2d.bin,0x000042DC,DrawDoor__3C2DFR9CViewData,0x0043D590,high,Exact dispatcher cases `0x19/0x1A`; distinctive two-layer timed door sequence.,exact_tuple,0x000042DC
CODE_11_views_2d.bin,0x000043EC,DrawSwitch__3C2DFR9CViewData,0x0043D7E0,high,Exact dispatcher case `0x14`; switch-state-selected rendering.,exact_tuple,0x000043EC
CODE_11_views_2d.bin,0x000044B1,DrawFlag__3C2DFR9CViewData11eObjectType,0x0043D8D0,high,"Exact dispatcher cases `0x0B/0x0C`, passing the object type into one shared renderer.",exact_tuple,0x000044B1
CODE_11_views_2d.bin,0x0000452C,DrawBonus__3C2DFR9CViewData,0x0043D950,high,Exact dispatcher case `0x12`; fixed-frame entry.,exact_tuple,0x0000452C
CODE_11_views_2d.bin,0x0000485A,DrawTrapDoor__3C2DFR9CViewData,0x0043D990,high,Exact dispatcher case `0x18`; distinctive multi-stage states `0x1F..0x23` and primary/secondary animation layers.,exact_tuple,0x0000485A
CODE_11_views_2d.bin,0x000057F0,DrawDemo__3C2DFv,0x0043FCE0,high,"Both toggle a demo icon every `500 ms`, render resource `0xF8`, and are selected by the top-level draw routine during demo playback.",exact_tuple,0x000057F0
CODE_11_views_2d.bin,0x00005900,DrawTime__3C2DFv,0x0043FD80,high,"Both clamp at `599`, format `m:ss`, cache the previous value, and submit text resource `0x115`.",exact_tuple,0x00005900
CODE_11_views_2d.bin,0x0000591C,DrawPaused__3C2DFv,0x0043FE70,high,Both bodies are genuine no-ops; both occupy the corresponding top-level draw call position.,exact_tuple,0x0000591C
CODE_11_views_2d.bin,0x00005A20,DrawScore__3C2DFv,0x0043FE80,high,"Both advance by `10` or `100`, cap at `9,999,999`, generate exactly seven digits, and use resource `0x115`.",exact_tuple,0x00005A20
CODE_11_views_2d.bin,0x00005A4C,ViewDataCmp__FPCvPCv,0x0043FF60,high,Both comparator bodies return the subtraction of the depth field (`+0x38` Mac versus `+0x48` x86 due to platform record layout).,exact_tuple,0x00005A4C
CODE_11_views_2d.bin,0x00005AEE,SortViewData__3C2DFv,0x0043FF70,high,Both compute each record’s depth key and quicksort the view-data array using the comparator; record strides are platform-specific `0x3C` versus `0x4C`.,exact_tuple,0x00005AEE
CODE_11_views_2d.bin,0x00005F90,Draw__3C2DFRC7CVSRect,0x00440000,high,"Top-level call graph agrees: reset, object/depth rendering, then demo versus time/score paths and paused hook.",exact_tuple,0x00005F90
CODE_11_views_2d.bin,0x0000603C,ResetPrimitives__3C2DFv,0x00440400,high,Called at the same top-level draw phase; resets the render target/upload state and per-frame primitive counters. Platform-specific backend calls differ as expected.,exact_tuple,0x0000603C
CODE_11_views_2d.bin,0x0000608E,DrawZBuff_Sprite__3C2DFiUs,0x00440460,high,"Both set the current depth value and dispatch one dynamic record through `DrawObject`; strides are Mac `0x3C`, x86 `0x4C`.",exact_tuple,0x0000608E
CODE_11_views_2d.bin,0x00006190,DrawZBuff_Anim__3C2DFiUs,0x00440490,high,"Both transform static animation coordinates, set depth, optionally emit repeated columns, then emit the mapped static entry.",exact_tuple,0x00006190
CODE_11_views_2d.bin,0x000063FA,DrawObjectsZBuff__3C2DFv,0x00440560,high,"Both transform and sort dynamic entries, then merge dynamic sprites with static animation entries by depth; x86 callees directly include sort, dynamic draw, static draw, and sort-key calculation.",exact_tuple,0x000063FA
CODE_11_views_2d.bin,0x000064AA,CalcZValue_Sprite__3C2DFi,0x004407E0,high,Both return `0x7FFF` for object type `0x18`; otherwise return `z + CalcGroundCode(...) + 1`.,exact_tuple,0x000064AA
CODE_11_views_2d.bin,0x00006729,CalcGroundCode__3C2DF11eObjectTypeiiUs,0x00440840,high,"Same object-type exceptions, tile-coordinate normalization, four neighboring terrain samples, collision-edge tests, and `0x40/0x80` depth-bias results.",exact_tuple,0x00006729
CODE_02_Visos (Generic).bin,0x00000EB0,__ct__7CStringFv,0x0046E410,high,8-byte heap string default constructor allocates one NUL byte and stores capacity 1,exact_tuple,0x00000EB0
CODE_02_Visos (Generic).bin,0x00000F0A,__ct__7CStringFPc,0x0046E430,high,C-string constructor allocates length plus terminator and copies the source,exact_tuple,0x00000F0A
CODE_02_Visos (Generic).bin,0x00000F5C,__ct__7CStringFR7CString,0x0046E480,high,copy constructor preserves capacity and deep-copies the NUL-terminated buffer,exact_tuple,0x00000F5C
CODE_02_Visos (Generic).bin,0x00000FA8,__dt__7CStringFv,0x0046E500,high,destructor frees the sole heap buffer,exact_tuple,0x00000FA8
CODE_02_Visos (Generic).bin,0x00001008,__as__7CStringFR7CString,0x0046E510,high,"CString assignment frees, reallocates to source capacity, deep-copies, and returns this",exact_tuple,0x00001008
CODE_02_Visos (Generic).bin,0x00001078,__as__7CStringFPCc,0x0046E570,high,"C-string assignment grows only when needed, copies through the terminator, and returns this",exact_tuple,0x00001078
CODE_02_Visos (Generic).bin,0x00001150,__apl__7CStringFR7CString,0x0046E5D0,high,"CString append concatenates both buffers, replaces this, and copy-constructs the hidden result",exact_tuple,0x00001150
CODE_02_Visos (Generic).bin,0x00001228,__apl__7CStringFPCc,0x0046E6E0,high,"C-string append concatenates the suffix, replaces this, and copy-constructs the hidden result",exact_tuple,0x00001228
CODE_02_Visos (Generic).bin,0x0000125A,__ls__FR10CVSOStreamR7CString,0x0046E7F0,high,free stream insertion passes the CString buffer to CVSOStream and returns the stream,exact_tuple,0x0000125A
CODE_02_Visos (Generic).bin,0x00001296,getlength__7CStringFv,0x0046EF00,high,returns strlen of the buffer at object offset zero,exact_tuple,0x00001296
CODE_02_Visos (Generic).bin,0x00001312,lower__7CStringFv,0x0046EFA0,high,lowercases this in place and copy-constructs the hidden CString result,exact_tuple,0x00001312
CODE_11_views_2d.bin,0x0000742A,RegisterRemaps__3C2DFv,0x004363C0,high,"loads palette 0x2e, builds four indexed remaps plus one special remap, and stores all five handles",exact_tuple,0x0000742A
CODE_11_views_2d.bin,0x00007476,UnRegisterRemaps__3C2DFv,0x00436480,high,releases the five consecutive palette-remap handles created by RegisterRemaps,exact_tuple,0x00007476
CODE_11_views_2d.bin,0x000074A9,CursorChangeType__3C2DF18eCursorDisplayTypei,0x004364B0,high,two-argument forwarder to the level-screen status-indicator mode implementation,exact_tuple,0x000074A9
CODE_11_views_2d.bin,0x000077FA,OnLoaded__3C2DFv,0x004364D0,high,"activates the level screen, computes scale and viewport, creates the action panel, enables z-buffering, and starts the level session",exact_tuple,0x000077FA
CODE_11_views_2d.bin,0x00007816,DoButtons__3C2DFv,0x00436690,high,no-op callback in the exact ordered C2D slot between OnLoaded and OnZoom,exact_tuple,0x00007816
CODE_11_views_2d.bin,0x00007832,OnZoom__3C2DFRC7CVSRect,0x004366A0,high,no-op rectangle callback in the exact ordered C2D slot immediately before the independently identified OnSize body,exact_tuple,0x00007832
CODE_11_views_2d.bin,0x0000790A,OnSize__3C2DFRC7CVSRect,0x004366B0,high,"reads the two-short viewport extent, applies scale +0x160, marks refresh state, and relayouts the action panel",exact_tuple,0x0000790A
CODE_11_views_2d.bin,0x000079AA,SetUpRemapPalettes__3C2DFv,0x00436760,high,"builds the 256-byte level palette map, applies substitutions 0x37/0x5c/0x71/0x75/0x80, and registers resource 0x2e",exact_tuple,0x000079AA
CODE_11_views_2d.bin,0x000079E4,KillRemapPalettes__3C2DFv,0x00436830,high,releases the resource-0x2e palette remap handle stored at C2D +0x968,exact_tuple,0x000079E4
CODE_11_views_2d.bin,0x00007A74,Restart__3C2DFv,0x00436850,high,"clears viewport offsets, resets pause state, reinitializes and starts level mode, and synchronizes progress fields",exact_tuple,0x00007A74
CODE_11_views_2d.bin,0x00007AFA,CheckValidFormGroup__3C2DFv,0x004369B0,high,walks selected ids at +0xa50 and removes entries whose registered game object is invalid,exact_tuple,0x00007AFA
CODE_11_views_2d.bin,0x00007F34,Process__3C2DFv,0x00436A10,high,"top-level update validates grouping, services activation/cursor/pause, and handles completion, restart, and network exit",exact_tuple,0x00007F34
CODE_11_views_2d.bin,0x00008257,FindGameObject__3C2DFRC8CVSPointRiUc,0x00436E40,high,tests the point against typed 0x4c-byte view records and writes the selected record index with requested preference,exact_tuple,0x00008257
CODE_11_views_2d.bin,0x000082AE,AddObjectToGroup__3C2DFiUc,0x00437130,high,"appends a 16-bit object id at +0xa50, increments count, and optionally updates the group cursor",exact_tuple,0x000082AE
CODE_11_views_2d.bin,0x00008340,FormGroup__3C2DFv,0x00437170,high,"validates selected ids, dispatches event 5 with count and array, then clears grouping state",exact_tuple,0x00008340
CODE_11_views_2d.bin,0x000083B8,MoveGroup__3C2DFRC8CVSPoint,0x004371E0,high,dispatches event 2 with the two-coordinate destination and clears grouping state,exact_tuple,0x000083B8
CODE_11_views_2d.bin,0x00008570,SelectLemming__3C2DFi,0x00437340,high,"loads a lemming id through the level-mode registry, dispatches event 8, and clears selection",exact_tuple,0x00008570
CODE_11_views_2d.bin,0x000085F6,SelectObject__3C2DFi,0x004373B0,high,"loads an id from the indexed 0x4c-byte view record, dispatches event 8, and clears selection",exact_tuple,0x000085F6
CODE_11_views_2d.bin,0x00008646,InGroupByObjectNo__3C2DFi,0x00437420,high,linearly searches the selected 16-bit object-id array at +0xa50,exact_tuple,0x00008646
CODE_11_views_2d.bin,0x000086D3,RemoveFromGroupByObjectNo__3C2DFi,0x00437460,high,"compacts selected ids after removal and repairs count, cursor, and grouping mode",exact_tuple,0x000086D3
CODE_11_views_2d.bin,0x00008735,IsInGrouping__3C2DFP11CGameObject,0x004374E0,high,compares the CGameObject id at +0x6a against the selected-id array,exact_tuple,0x00008735
CODE_11_views_2d.bin,0x000088C5,NoStateLeftClick__3C2DFRC8CVSPointRC8CVSPointUcUc,0x00437520,high,"normal-mode click selects lemmings, dispatches object actions, or sends a point command by view-record type",exact_tuple,0x000088C5
CODE_11_views_2d.bin,0x00008A7B,GroupingLeftClick__3C2DFRC8CVSPointRC8CVSPointUc,0x004376B0,high,grouping click toggles selected lemming ids and commits the group before object or point commands,exact_tuple,0x00008A7B
CODE_11_views_2d.bin,0x00008B03,LeftClick__3C2DFRC8CVSPointRC8CVSPointUcUc,0x00437840,high,dispatches to no-state or grouping left-click behavior from grouping mode +0xa48,exact_tuple,0x00008B03
CODE_11_views_2d.bin,0x00008BD1,NoStateRightClick__3C2DFRC8CVSPointRC8CVSPoint,0x00437890,high,"resolves a hotspot or dispatches event 4 with tile coordinates, then clears grouping mode",exact_tuple,0x00008BD1
CODE_11_views_2d.bin,0x00008C45,RightClick__3C2DFRC8CVSPointRC8CVSPoint,0x00437930,high,commits any active group before forwarding to the no-state right-click point-command path,exact_tuple,0x00008C45
CODE_11_views_2d.bin,0x00008E78,ScreenToGame__3C2DFiiRiRi,0x00437970,high,"searches terrain cells, applies screen/tile transforms and shape-mask testing, and writes two game coordinates",exact_tuple,0x00008E78
CODE_11_views_2d.bin,0x00008FE6,ProcessMsg__3C2DFP10tagMESSAGE,0x00437B60,high,"filters inactive/demo input and maps command ids to previous/next selection, projectile requests, and lemming selection",exact_tuple,0x00008FE6
CODE_11_views_2d.bin,0x000090B1,NewPauseWindow__3C2DF20ePauseWindowMessages,0x00437D00,high,"replaces the pause dialog, constructs the requested 0x20c-byte variant, and records prior/current states",exact_tuple,0x000090B1
CODE_11_views_2d.bin,0x00009134,TriggerPause__3C2DFUc,0x00437DA0,high,unpauses directly or requests level game-state 1 when level mode permits pausing,exact_tuple,0x00009134
CODE_11_views_2d.bin,0x000091F4,SetPause__3C2DFUc,0x00437DE0,high,"updates pause flags, frame-clock state, level-mode state, and active pause-window variant",exact_tuple,0x000091F4
CODE_11_views_2d.bin,0x0000941E,SetMouseShape__3C2DFv,0x00437E90,high,"derives cursor mode from panel, hotspot, terrain-mask, and timed-toggle state and forwards the shape",exact_tuple,0x0000941E
CODE_11_views_2d.bin,0x000094FC,SendCursorMsg__3C2DFv,0x004380C0,high,resolves the current viewport anchor to terrain coordinates and dispatches level-screen event 1,exact_tuple,0x000094FC
CODE_11_views_2d.bin,0x0000956E,OnInside__3C2DFRC8CVSPoint,0x00438170,high,stores the two-short pointer position in the adjusted C2D subobject and sends the cursor message,exact_tuple,0x0000956E
CODE_11_views_2d.bin,0x000095DD,OnButtonUp__3C2DFRC8CVSPoint12BUTTON_FLAGS,0x004381C0,high,clears the button-latched flag and sends the cursor message when the screen is active,exact_tuple,0x000095DD
CODE_11_views_2d.bin,0x00009731,OnButtonDown__3C2DFRC8CVSPoint12BUTTON_FLAGS,0x00438210,high,converts the point to game coordinates and routes modes 0/3 to LeftClick and 1/4 to RightClick,exact_tuple,0x00009731
CODE_06_AI.bin,0x0000129F,SendGameState__3CAIF11eGameStates16eGameStateStages,0x00411B70,high,"writes state/stage plus time and score to the network stream; exact CAI sequence, signatures, and neighboring bodies corroborate ownership",exact_tuple,0x0000129F
CODE_06_AI.bin,0x0000153D,RemoteGameState__3CAIFP17CGameStateMessage,0x00411C10,high,"decodes and acknowledges received state/stage messages; exact CAI sequence, signatures, and neighboring bodies corroborate ownership",exact_tuple,0x0000153D
CODE_06_AI.bin,0x000016B8,GameState__3CAIF11eGameStatus,0x00411F20,high,"maps local game statuses to the network/offline state machine; exact CAI sequence, signatures, and neighboring bodies corroborate ownership",exact_tuple,0x000016B8
CODE_06_AI.bin,0x0000175A,SetPlayerIDs__3CAIFv,0x00412080,high,"assigns free slot ids to two four-player arrays by network side; exact CAI sequence, signatures, and neighboring bodies corroborate ownership",exact_tuple,0x0000175A
CODE_06_AI.bin,0x00001896,DecideAnimsRequired__3CAIFv,0x00412100,high,"derives enabled chunk types from entities and managers; exact CAI sequence, signatures, and neighboring bodies corroborate ownership",exact_tuple,0x00001896
CODE_06_AI.bin,0x000018C8,AddTime__3CAIFi,0x004121E0,high,"adds the integer argument to CAI field +0xE8; exact CAI sequence, signatures, and neighboring bodies corroborate ownership",exact_tuple,0x000018C8
CODE_06_AI.bin,0x00001B74,Process__3CAIFUc,0x004121F0,high,"services one frame using its byte mode, clock, state, managers, and stream; exact CAI sequence, signatures, and neighboring bodies corroborate ownership",exact_tuple,0x00001B74
CODE_06_AI.bin,0x00001C3C,GetData__3CAIFP9CViewData,0x004124D0,high,"emits sequential 0x4C-byte view records and returns the count; exact CAI sequence, signatures, and neighboring bodies corroborate ownership",exact_tuple,0x00001C3C
CODE_06_AI.bin,0x00001C77,HitTrampoline__3CAIFRC7AICOORDP11CGameObject,0x004125C0,high,"forwards AICOORD and CGameObject to manager +0x1B4; exact CAI sequence, signatures, and neighboring bodies corroborate ownership",exact_tuple,0x00001C77
CODE_06_AI.bin,0x00001CC1,IsLemmingPlayerControlled__3CAIFP14CPlayerLemming,0x004125E0,high,"queries player-lemming manager +0x15C for the supplied object; exact CAI sequence, signatures, and neighboring bodies corroborate ownership",exact_tuple,0x00001CC1
CODE_06_AI.bin,0x00001D59,FireBullet__3CAIFUs11eBulletType6eOwneri7AICOORD7AICOORD,0x00412600,high,"copies two AICOORDs and forwards bullet type owner and id to manager +0x168; exact CAI sequence, signatures, and neighboring bodies corroborate ownership",exact_tuple,0x00001D59
CODE_06_AI.bin,0x00001E8A,ProcessMsg__3CAIFP10tagMESSAGE,0x00412660,high,"dispatches tagMESSAGE ids 2..8 to move clear door previous next and select actions; exact CAI sequence, signatures, and neighboring bodies corroborate ownership",exact_tuple,0x00001E8A
CODE_06_AI.bin,0x00000270,__ct__3CAIFP5CGame,0x00410C10,high,"constructs bases and owner +0x154, allocates the 100-entry table, then calls Restart; x86 signature, ILT/callers, CAI layout, and exact family sequence corroborate ownership",exact_tuple,0x00000270
CODE_06_AI.bin,0x00000C38,Restart__3CAIFv,0x00410D00,high,"resets clocks and registries and constructs every manager at +0x158..+0x1CC; x86 signature, ILT/callers, CAI layout, and exact family sequence corroborate ownership",exact_tuple,0x00000C38
CODE_06_AI.bin,0x00001160,__dt__3CAIFv,0x004117A0,high,"real non-deleting teardown unregisters and destroys every manager and owned table; x86 signature, ILT/callers, CAI layout, and exact family sequence corroborate ownership",exact_tuple,0x00001160
CODE_06_AI.bin,0x000011DC,Start__3CAIFv,0x00411B10,high,"initializes network/demo session timing and requests initial state; x86 signature, ILT/callers, CAI layout, and exact family sequence corroborate ownership",exact_tuple,0x000011DC
CODE_06_AI.bin,0x00001ED1,PlayerCheckGroupIntersection__3CAIFP7CVSRectP7AICOORD,0x00412780,high,"forwards rect/output through player manager +0x15C vslot 0x50; x86 signature, ILT/callers, CAI layout, and exact family sequence corroborate ownership",exact_tuple,0x00001ED1
CODE_06_AI.bin,0x00001F2F,EnemyCheckGroupIntersection__3CAIFP7CVSRectP7AICOORD,0x004127A0,high,"forwards rect/output through enemy manager +0x174 vslot 0x50; x86 signature, ILT/callers, CAI layout, and exact family sequence corroborate ownership",exact_tuple,0x00001F2F
CODE_06_AI.bin,0x00001F8B,SheepCheckGroupIntersection__3CAIFP7CVSRectP7AICOORD,0x004127C0,high,"forwards rect/output through sheep manager +0x170 vslot 0x50; x86 signature, ILT/callers, CAI layout, and exact family sequence corroborate ownership",exact_tuple,0x00001F8B
CODE_06_AI.bin,0x00001FE1,BulletCheckGroupIntersection__3CAIFP7CVSRectP7AICOORD,0x004127E0,high,"forwards rect/output through projectile manager +0x168 vslot 0x50; x86 signature, ILT/callers, CAI layout, and exact family sequence corroborate ownership",exact_tuple,0x00001FE1
CODE_06_AI.bin,0x00002255,StepOn__3CAIFRC7AICOORDP11CGameObjectUs,0x00412890,high,"samples terrain then dispatches mine lift rock hand laser ice and invisible contacts by mask; x86 signature, ILT/callers, CAI layout, and exact family sequence corroborate ownership",exact_tuple,0x00002255
CODE_06_AI.bin,0x00002307,OpenDoor__3CAIFRC7AICOORDP11CGameObjectUs,0x00412AD0,high,"tests blocking tile 0x8000 and mask 0x20 then forwards to door manager +0x190; x86 signature, ILT/callers, CAI layout, and exact family sequence corroborate ownership",exact_tuple,0x00002307
CODE_06_AI.bin,0x00002374,GetNodePosition__3CAIFi,0x00412B60,high,"indexed node query returns a three-dword AICOORD through the hidden aggregate pointer; x86 signature, ILT/callers, CAI layout, and exact family sequence corroborate ownership",exact_tuple,0x00002374
CODE_06_AI.bin,0x000024D4,QuitGame__3CAIFv,0x00412C60,high,"clears end latch, writes status 5, and requests game state 5; x86 signature, ILT/callers, CAI layout, and exact family sequence corroborate ownership",exact_tuple,0x000024D4
CODE_06_AI.bin,0x000025A9,SwitchMessage__3CAIF9swMessageiii,0x00412C80,high,"dispatches message kind plus three ints to lift door move and ice managers; x86 signature, ILT/callers, CAI layout, and exact family sequence corroborate ownership",exact_tuple,0x000025A9
CODE_06_AI.bin,0x0000262E,GetPlayerPos__3CAIFiR7AICOORD,0x00412DC0,high,"finds player by 16-bit id and copies x y z fields into AICOORD; x86 signature, ILT/callers, CAI layout, and exact family sequence corroborate ownership",exact_tuple,0x0000262E
CODE_06_AI.bin,0x0000266E,GetOrigin__3CAIFR7AICOORDRUc,0x00412E20,high,"fills coordinate and status outputs from the active player manager; x86 signature, ILT/callers, CAI layout, and exact family sequence corroborate ownership",exact_tuple,0x0000266E
CODE_06_AI.bin,0x0000270C,AddNewTrapDoor__3CAIFiiiUl,0x00412EB0,high,"shifts three coordinates by 12, allocates an id, and appends type 0x18; x86 signature, ILT/callers, CAI layout, and exact family sequence corroborate ownership",exact_tuple,0x0000270C
CODE_06_AI.bin,0x00002800,LoadLevel__3CAIFPUciUc,0x00412F10,high,"decodes AI version, dimensions, time, and player-count fields from buffer; x86 signature, ILT/callers, CAI layout, and exact family sequence corroborate ownership",exact_tuple,0x00002800
CODE_06_AI.bin,0x0000287E,FixUpLevel__3CAIFv,0x00412FB0,high,"post-load pass assigns missing 0xFFFF entity ids and fixes type 0x14 children; x86 signature, ILT/callers, CAI layout, and exact family sequence corroborate ownership",exact_tuple,0x0000287E
CODE_06_AI.bin,0x000028AE,DoorId__3CAIFi,0x00413000,high,"indexed id query through door manager +0x190; x86 signature, ILT/callers, CAI layout, and exact family sequence corroborate ownership",exact_tuple,0x000028AE
CODE_06_AI.bin,0x000028DA,LiftId__3CAIFi,0x00413020,high,"indexed id query through lift manager +0x18C; x86 signature, ILT/callers, CAI layout, and exact family sequence corroborate ownership",exact_tuple,0x000028DA
CODE_06_AI.bin,0x00002902,GetDead__3CAIFv,0x00413040,high,"destructive no-argument read from player-lemming history; x86 signature, ILT/callers, CAI layout, and exact family sequence corroborate ownership",exact_tuple,0x00002902
CODE_06_AI.bin,0x0000291F,GetObjectRequired__3CAIF11eObjectType,0x00413090,high,"constant-true object-type query paired with the adjacent setter; x86 signature, ILT/callers, CAI layout, and exact family sequence corroborate ownership",exact_tuple,0x0000291F
CODE_06_AI.bin,0x0000297B,SetObjectRequired__3CAIF11eObjectTypeUc,0x004130A0,high,"writes flags[type] for the enum and byte value except special types 0x211..0x212; x86 signature, ILT/callers, CAI layout, and exact family sequence corroborate ownership",exact_tuple,0x0000297B
CODE_06_AI.bin,0x000029C8,FindMoverHeight__3CAIFiiRi,0x004130D0,high,"forwards two coordinates and output reference to move manager +0x1C0; x86 signature, ILT/callers, CAI layout, and exact family sequence corroborate ownership",exact_tuple,0x000029C8
CODE_06_AI.bin,0x00002A36,AddANetworkStart__3CAIFiiii,0x00413180,high,"stores indexed x y z into parallel arrays +0x90 +0xA0 +0xB0; x86 signature, ILT/callers, CAI layout, and exact family sequence corroborate ownership",exact_tuple,0x00002A36
CODE_06_AI.bin,0x00002AE8,SetNetworkTrapDoors__3CAIFiiiii,0x004131E0,high,"stores network profile ranges and clamps marker arrays to 0..0x400; x86 signature, ILT/callers, CAI layout, and exact family sequence corroborate ownership",exact_tuple,0x00002AE8
CODE_06_AI.bin,0x00002BA8,LoadFlagInfo__3CAIFPUci,0x00413300,high,"decodes two flag/team words and swaps them according to game/network mode; x86 signature, ILT/callers, CAI layout, and exact family sequence corroborate ownership",exact_tuple,0x00002BA8
CODE_06_AI.bin,0x00002BD6,nDead__3CAIFv,0x00413370,high,"non-destructive no-argument player history count paired with GetDead; x86 signature, ILT/callers, CAI layout, and exact family sequence corroborate ownership",exact_tuple,0x00002BD6
CODE_06_AI.bin,0x00002C0C,Score__3CAIFi,0x00413390,high,"adds to score +0xF0 and clamps at distinctive 9999999; x86 signature, ILT/callers, CAI layout, and exact family sequence corroborate ownership",exact_tuple,0x00002C0C
CODE_06_AI.bin,0x000079BC,__ct__6CEnemyFP3CAIiiii,0x0041FBA0,high,"constructs ENMY object, binds CAI owner, scales xyz, samples terrain, and assigns slot id; x86 signature, ILT/callers, ENMY layout, constants, and family sequence corroborate ownership",exact_tuple,0x000079BC
CODE_06_AI.bin,0x00007A88,Restart__6CEnemyFv,0x0041FCD0,high,"resets base state, restores position/heading, registers the object, and resets descriptors; x86 signature, ILT/callers, ENMY layout, constants, and family sequence corroborate ownership",exact_tuple,0x00007A88
CODE_06_AI.bin,0x00007B4C,__dt__6CEnemyFv,0x0041FDA0,high,"real teardown frees three behavior descriptors then destroys the level object base; x86 signature, ILT/callers, ENMY layout, constants, and family sequence corroborate ownership",exact_tuple,0x00007B4C
CODE_06_AI.bin,0x00007CBC,Process__6CEnemyFv,0x0041FEC0,high,"services selected descriptor then dispatches player state and terrain contacts; x86 signature, ILT/callers, ENMY layout, constants, and family sequence corroborate ownership",exact_tuple,0x00007CBC
CODE_06_AI.bin,0x00007D79,ProcessAction__6CEnemyF16eEnemyStateRules18eEnemyStateActionsP18tEnemyLemmingUnion,0x0041FF60,high,"evaluates rule and dispatches patrol or delayed-fire actions; x86 signature, ILT/callers, ENMY layout, constants, and family sequence corroborate ownership",exact_tuple,0x00007D79
CODE_06_AI.bin,0x00007E55,ProcessRule__6CEnemyF16eEnemyStateRules,0x00420000,high,"switches rule enum to constant, radius, inverse, and line-of-sight results; x86 signature, ILT/callers, ENMY layout, constants, and family sequence corroborate ownership",exact_tuple,0x00007E55
CODE_06_AI.bin,0x00007EB4,EnemyRule_RADIUS50__6CEnemyFv,0x00420070,high,"probes player and sheep boxes at radius 0x32; x86 signature, ILT/callers, ENMY layout, constants, and family sequence corroborate ownership",exact_tuple,0x00007EB4
CODE_06_AI.bin,0x00007F3B,EnemyRule_RADIUS50ANDLINEOFSIGHT__6CEnemyFv,0x00420090,high,"combines radius-50 probe with directional line-of-sight band; x86 signature, ILT/callers, ENMY layout, constants, and family sequence corroborate ownership",exact_tuple,0x00007F3B
CODE_06_AI.bin,0x00008049,EnemyAction_PATROL__6CEnemyFP18tEnemyLemmingUnion,0x004200F0,high,"reads descriptor node ids and appends movement command with loop/reverse handling; x86 signature, ILT/callers, ENMY layout, constants, and family sequence corroborate ownership",exact_tuple,0x00008049
CODE_06_AI.bin,0x00008095,EnemyAction_TURNANDFIRERAPID__6CEnemyFP18tEnemyLemmingUnion,0x004201A0,high,"arms fire request with distinctive 100-tick delay; x86 signature, ILT/callers, ENMY layout, constants, and family sequence corroborate ownership",exact_tuple,0x00008095
CODE_06_AI.bin,0x000080EB,EnemyAction_TURNANDFIRESLOW__6CEnemyFP18tEnemyLemmingUnion,0x004201B0,high,"arms fire request with distinctive 800-tick delay; x86 signature, ILT/callers, ENMY layout, constants, and family sequence corroborate ownership",exact_tuple,0x000080EB
CODE_06_AI.bin,0x00008171,EnemyAction_TURNANDFIRERANDOM__6CEnemyFP18tEnemyLemmingUnion,0x004201C0,high,"uses session RNG for 150..1149 tick delay; x86 signature, ILT/callers, ENMY layout, constants, and family sequence corroborate ownership",exact_tuple,0x00008171
CODE_06_AI.bin,0x00008260,CheckRadius__6CEnemyFi,0x00420200,high,"builds square from enemy position/radius and queries player/sheep managers; x86 signature, ILT/callers, ENMY layout, constants, and family sequence corroborate ownership",exact_tuple,0x00008260
CODE_06_AI.bin,0x00008376,LineOfSight__6CEnemyF7AICOORD,0x004202A0,high,"compares target offset against fixed-point directional bounds 0x6A0 and 0x1350; x86 signature, ILT/callers, ENMY layout, constants, and family sequence corroborate ownership",exact_tuple,0x00008376
CODE_06_AI.bin,0x0000844C,TurnToFaceTarget__6CEnemyFv,0x00420350,high,"rotates heading one octant toward saved target and schedules update; x86 signature, ILT/callers, ENMY layout, constants, and family sequence corroborate ownership",exact_tuple,0x0000844C
CODE_06_AI.bin,0x00008482,IsRequestingFire__6CEnemyFv,0x004203D0,high,"returns whether fire-request state +0x168 equals one; x86 signature, ILT/callers, ENMY layout, constants, and family sequence corroborate ownership",exact_tuple,0x00008482
CODE_06_AI.bin,0x000084E8,RequestFire__6CEnemyFi,0x004203E0,high,"copies target coordinates and records caller delay; x86 signature, ILT/callers, ENMY layout, constants, and family sequence corroborate ownership",exact_tuple,0x000084E8
CODE_06_AI.bin,0x000085AE,Fire__6CEnemyFv,0x00420430,high,"spawns enemy projectile toward saved target then advances request state; x86 signature, ILT/callers, ENMY layout, constants, and family sequence corroborate ownership",exact_tuple,0x000085AE
CODE_06_AI.bin,0x0001BEE8,__ct__14CPlayerLemmingFiiiiUcUl,0x0040ECB0,high,"constructs PLAS object, scales xyz, stores heading/player mode/owner, initializes stream subobject, and assigns slot id; x86 signature, ILT/callers, PLAS vtable/layout, constants, and family sequence corroborate ownership",exact_tuple,0x0001BEE8
CODE_06_AI.bin,0x0001C13E,Restart__14CPlayerLemmingFv,0x0040ED90,high,"resets runtime, registers player or remote entity, initializes bounds/motion/state, and stages initial movement; x86 signature, ILT/callers, PLAS vtable/layout, constants, and family sequence corroborate ownership",exact_tuple,0x0001C13E
CODE_06_AI.bin,0x0001C1BC,__dt__14CPlayerLemmingFv,0x0040EFD0,high,"real non-deleting teardown destroys embedded stream state then managed entity base; x86 signature, ILT/callers, PLAS vtable/layout, constants, and family sequence corroborate ownership",exact_tuple,0x0001C1BC
CODE_06_AI.bin,0x0001C29D,HitBullet__14CPlayerLemmingFP7CBullet,0x0040F000,high,"checks current state and projectile result, handles network packet, schedules hit state, and turns opposite bullet heading; x86 signature, ILT/callers, PLAS vtable/layout, constants, and family sequence corroborate ownership",exact_tuple,0x0001C29D
CODE_06_AI.bin,0x0001C2D9,SetGroup__14CPlayerLemmingFP19CPlayerLemmingGroup,0x0040F0D0,high,"stores owner group pointer at +0x224; x86 signature, ILT/callers, PLAS vtable/layout, constants, and family sequence corroborate ownership",exact_tuple,0x0001C2D9
CODE_06_AI.bin,0x0001C31E,GetGroup__14CPlayerLemmingFv,0x0040F0E0,high,"returns owner group pointer from +0x224; x86 signature, ILT/callers, PLAS vtable/layout, constants, and family sequence corroborate ownership",exact_tuple,0x0001C31E
CODE_06_AI.bin,0x0001C351,SetGroupLeader__14CPlayerLemmingFUc,0x0040F0F0,high,"stores primary group-active byte/flag; x86 signature, ILT/callers, PLAS vtable/layout, constants, and family sequence corroborate ownership",exact_tuple,0x0001C351
CODE_06_AI.bin,0x0001C38A,SetGroup__14CPlayerLemmingFUc,0x0040F100,high,"stores secondary group-active byte/flag; x86 signature, ILT/callers, PLAS vtable/layout, constants, and family sequence corroborate ownership",exact_tuple,0x0001C38A
CODE_06_AI.bin,0x0001C3F8,Process__14CPlayerLemmingFv,0x0040F120,high,"dispatches active player child state table variant and remote/local group handling; x86 signature, ILT/callers, PLAS vtable/layout, constants, and family sequence corroborate ownership",exact_tuple,0x0001C3F8
CODE_06_AI.bin,0x0001C4E7,TurnToFaceCursor__14CPlayerLemmingFv,0x0040F160,high,"updates heading toward active group queue cursor; x86 signature, ILT/callers, PLAS vtable/layout, constants, and family sequence corroborate ownership",exact_tuple,0x0001C4E7
CODE_06_AI.bin,0x0001C5D9,TurnToFaceTarget__14CPlayerLemmingFv,0x0040F220,high,"updates heading toward requested target tile; x86 signature, ILT/callers, PLAS vtable/layout, constants, and family sequence corroborate ownership",exact_tuple,0x0001C5D9
CODE_06_AI.bin,0x0001C619,IsRequestingFire__14CPlayerLemmingFv,0x0040F2B0,high,"returns target-tile fire request latch; x86 signature, ILT/callers, PLAS vtable/layout, constants, and family sequence corroborate ownership",exact_tuple,0x0001C619
CODE_06_AI.bin,0x0001C68D,RequestFire__14CPlayerLemmingFii,0x0040F2C0,high,"validates state then stores fixed-point target tile and arms request latch; x86 signature, ILT/callers, PLAS vtable/layout, constants, and family sequence corroborate ownership",exact_tuple,0x0001C68D
CODE_06_AI.bin,0x0001C7AA,Fire__14CPlayerLemmingFv,0x0040F310,high,"emits projectile toward requested tile using current position and heading; x86 signature, ILT/callers, PLAS vtable/layout, constants, and family sequence corroborate ownership",exact_tuple,0x0001C7AA
CODE_06_AI.bin,0x0001C7DE,StartFiring__14CPlayerLemmingFv,0x0040F410,high,"schedules the player firing update ten ticks ahead; x86 signature, ILT/callers, PLAS vtable/layout, constants, and family sequence corroborate ownership",exact_tuple,0x0001C7DE
CODE_06_AI.bin,0x0001C810,EndFiring__14CPlayerLemmingFv,0x0040F420,high,"clears the target-tile fire request latch; x86 signature, ILT/callers, PLAS vtable/layout, constants, and family sequence corroborate ownership",exact_tuple,0x0001C810
CODE_06_AI.bin,0x0001C8A1,FacingCursor__14CPlayerLemmingFv,0x0040F430,high,"compares current heading with group queue-cursor direction; x86 signature, ILT/callers, PLAS vtable/layout, constants, and family sequence corroborate ownership",exact_tuple,0x0001C8A1
CODE_06_AI.bin,0x0001C92D,FacingTarget__14CPlayerLemmingFv,0x0040F4B0,high,"compares current heading with requested target-tile direction; x86 signature, ILT/callers, PLAS vtable/layout, constants, and family sequence corroborate ownership",exact_tuple,0x0001C92D
CODE_06_AI.bin,0x0001C9E6,Die__14CPlayerLemmingFv,0x0040F500,high,"removes active player entity, updates counters/group state, and schedules death state; x86 signature, ILT/callers, PLAS vtable/layout, constants, and family sequence corroborate ownership",exact_tuple,0x0001C9E6
CODE_06_AI.bin,0x0001CA46,HitMine__14CPlayerLemmingFv,0x0040F600,high,"starts vertical mine-hit motion and updates player entity state; x86 signature, ILT/callers, PLAS vtable/layout, constants, and family sequence corroborate ownership",exact_tuple,0x0001CA46
CODE_06_AI.bin,0x000085D8,StartFiring__6CEnemyFv,0x004204D0,high,"vtable slot +0x8C starts firing phase with frame tick plus distinctive 10; signature, vtable slot, fields and constants, callers, and family semantics corroborate ownership",exact_tuple,0x000085D8
CODE_06_AI.bin,0x000086B8,EndFiring__6CEnemyFv,0x004204E0,high,"vtable slot +0x90 clears fire request and resumes a facing-directed step when height and tile flags permit; signature, vtable slot, fields and constants, callers, and family semantics corroborate ownership",exact_tuple,0x000086B8
CODE_06_AI.bin,0x00008712,HitBullet__6CEnemyFP7CBullet,0x00420600,high,"pointer-taking hit hook reads hitter state and facing, schedules 60 ticks, and turns opposite; signature, vtable slot, fields and constants, callers, and family semantics corroborate ownership",exact_tuple,0x00008712
CODE_06_AI.bin,0x0000879A,FacingTarget__6CEnemyFv,0x00420650,high,"vtable slot +0x98 compares heading with octant toward saved target; signature, vtable slot, fields and constants, callers, and family semantics corroborate ownership",exact_tuple,0x0000879A
CODE_06_AI.bin,0x0000880A,HitMine__6CEnemyFv,0x004206A0,high,"vtable slot +0x64 marks mine hit and removal, awards 300, and emits impact callback; signature, vtable slot, fields and constants, callers, and family semantics corroborate ownership",exact_tuple,0x0000880A
CODE_06_AI.bin,0x0000884E,HitBall__6CEnemyFv,0x004206F0,high,"no-argument vtable slot +0x58 marks hit state, sets 60-tick timer, and awards 300; signature, vtable slot, fields and constants, callers, and family semantics corroborate ownership",exact_tuple,0x0000884E
CODE_06_AI.bin,0x00008898,GetHit__6CEnemyFv,0x00420720,high,"terminal hit lifecycle removes enemy from active array and awards distinctive 500; signature, vtable slot, fields and constants, callers, and family semantics corroborate ownership",exact_tuple,0x00008898
CODE_06_AI.bin,0x0001CB48,GetData__14CPlayerLemmingFv,0x0040F640,high,"reads position, heading/state/variant, and timestamp from embedded EFF stream into player; signature, PLAS vtable/layout, ILTs/callers, constants, and inverse-family semantics corroborate ownership",exact_tuple,0x0001CB48
CODE_06_AI.bin,0x0001CC40,AddData__14CPlayerLemmingFv,0x0040F6F0,high,"inverse stream operation writes command 0x2C, position/state/timestamp, and clears latch; signature, PLAS vtable/layout, ILTs/callers, constants, and inverse-family semantics corroborate ownership",exact_tuple,0x0001CC40
CODE_06_AI.bin,0x0001CC92,CheckSFX__14CPlayerLemmingFv,0x0040F7A0,high,"compares current and cached SFX fields and updates dirty lifecycle; signature, PLAS vtable/layout, ILTs/callers, constants, and inverse-family semantics corroborate ownership",exact_tuple,0x0001CC92
CODE_06_AI.bin,0x0001CD09,HasObject__14CPlayerLemmingF11eObjectType,0x0040F960,high,"special-cases type 5/ammo 50 then scans 12-entry object-type table; signature, PLAS vtable/layout, ILTs/callers, constants, and inverse-family semantics corroborate ownership",exact_tuple,0x0001CD09
CODE_06_AI.bin,0x0001CD95,AddObject__14CPlayerLemmingF11eObjectTypeP11CGameObject,0x0040F9B0,high,"rejects duplicates, appends type and object pointer to parallel arrays with cap 12; signature, PLAS vtable/layout, ILTs/callers, constants, and inverse-family semantics corroborate ownership",exact_tuple,0x0001CD95
CODE_06_AI.bin,0x0001CE43,RandomAction__14CPlayerLemmingFv,0x0040FA10,high,"uses session LCG and modulo-three action choice with three deadlines; signature, PLAS vtable/layout, ILTs/callers, constants, and inverse-family semantics corroborate ownership",exact_tuple,0x0001CE43
CODE_06_AI.bin,0x0001CFAF,Resurrect__14CPlayerLemmingFRC7AICOORD,0x0040FA80,high,"copies AICOORD to position, clears full runtime state, re-registers entity, and resets object/ammo sentinels; signature, PLAS vtable/layout, ILTs/callers, constants, and inverse-family semantics corroborate ownership",exact_tuple,0x0001CFAF
CODE_06_AI.bin,0x0001D03F,GetLastBalloon__14CPlayerLemmingFv,0x0040FBE0,high,"reverse-scans distinctive balloon codes 0x27 0x29 0x2B 0x2D and returns 0xFFFF if absent; signature, PLAS vtable/layout, ILTs/callers, constants, and inverse-family semantics corroborate ownership",exact_tuple,0x0001D03F
CODE_06_AI.bin,0x0001D0BF,RemoveObject__14CPlayerLemmingF11eObjectType,0x0040FC50,high,"finds type, compacts object arrays, and decrements count; signature, PLAS vtable/layout, ILTs/callers, constants, and inverse-family semantics corroborate ownership",exact_tuple,0x0001D0BF
CODE_06_AI.bin,0x0001D116,GetObject__14CPlayerLemmingFi,0x0040FCB0,high,"bounded indexed read from object table with 0xFFFF sentinel; signature, PLAS vtable/layout, ILTs/callers, constants, and inverse-family semantics corroborate ownership",exact_tuple,0x0001D116
CODE_06_AI.bin,0x0001D18F,ExternalControlEnd__14CPlayerLemmingFv,0x0040FCD0,high,"cleans variants 1/2 then requests action 8, otherwise action 0; signature, PLAS vtable/layout, ILTs/callers, constants, and inverse-family semantics corroborate ownership",exact_tuple,0x0001D18F
CODE_06_AI.bin,0x0001D3E8,OnBalloon__14CPlayerLemmingFv,0x0040FD10,high,"tracks selected balloon target, moves toward it, tests radius 16, consumes code 0x2B, and settles; signature, PLAS vtable/layout, ILTs/callers, constants, and inverse-family semantics corroborate ownership",exact_tuple,0x0001D3E8
CODE_06_AI.bin,0x0001D411,StartBalloon__14CPlayerLemmingFv,0x0040FF60,high,"exact no-op virtual body proven by PLAS vtable slot 0x00493968; signature, PLAS vtable/layout, ILTs/callers, constants, and inverse-family semantics corroborate ownership",exact_tuple,0x0001D411
CODE_06_AI.bin,0x0001D54D,RequestBalloon__14CPlayerLemmingFv,0x0040FF70,high,"maps balloon codes to target subtype, removes chosen object, fetches position, and awards 10; signature, PLAS vtable/layout, ILTs/callers, constants, and inverse-family semantics corroborate ownership",exact_tuple,0x0001D54D
CODE_06_AI.bin,0x0001D5D6,SetBored__14CPlayerLemmingFUl,0x00410090,high,"uses LCG random 0..4999, rounds by 0x42, divides by 0x32, and adds current deadline; signature, PLAS vtable/layout, ILTs/callers, constants, and inverse-family semantics corroborate ownership",exact_tuple,0x0001D5D6
CODE_06_AI.bin,0x0001D721,StartStanding__14CPlayerLemmingFv,0x00410100,high,"samples terrain/platform, dispatches contact flags, or initializes falling and landing coordinates; signature, PLAS vtable/layout, ILTs/callers, constants, and inverse-family semantics corroborate ownership",exact_tuple,0x0001D721
CODE_06_AI.bin,0x0001D77F,Action__14CPlayerLemmingF7eAction,0x00410220,high,"stores global time and applies action/state 8 through network-aware state setter; signature, PLAS vtable/layout, ILTs/callers, constants, and inverse-family semantics corroborate ownership",exact_tuple,0x0001D77F
CODE_06_AI.bin,0x0001D839,OnConveyor__14CPlayerLemmingFUcP4CIceUc,0x00410250,high,"exact active flag, ice pointer, detach flag shape maintaining attachment and notifications; signature, PLAS vtable/layout, ILTs/callers, constants, and inverse-family semantics corroborate ownership",exact_tuple,0x0001D839
CODE_06_AI.bin,0x0001D8AB,IsSelectable__14CPlayerLemmingFv,0x004102D0,high,"calls base predicate then rejects state 0x0F variants 1 and 2; signature, PLAS vtable/layout, ILTs/callers, constants, and inverse-family semantics corroborate ownership",exact_tuple,0x0001D8AB
CODE_06_AI.bin,0x0000C365,__ct__13CGenericGroupFP3CAIP14CObjectManagerP17CFormationManagerii,0x0041DDA0,high,"constructs managed group base with CAI/object/formation contexts, ten child slots, and sentinel bounds; signatures, managed-group vtable/layout, ILTs/callers, inverse pairs, constants, and family sequence corroborate ownership",exact_tuple,0x0000C365
CODE_06_AI.bin,0x0000C432,__dt__13CGenericGroupFv,0x0041DE40,high,"real non-deleting destructor restores group vtable, destroys ten children, then base; signatures, managed-group vtable/layout, ILTs/callers, inverse pairs, constants, and family sequence corroborate ownership",exact_tuple,0x0000C432
CODE_06_AI.bin,0x0000C482,Restart__13CGenericGroupFv,0x0041DE80,high,"resets runtime, clears ten child slots, and zeroes count; signatures, managed-group vtable/layout, ILTs/callers, inverse pairs, constants, and family sequence corroborate ownership",exact_tuple,0x0000C482
CODE_06_AI.bin,0x0000C4EC,Process__13CGenericGroupFv,0x0041DEB0,high,"requests state 0x18 and services each group child through virtual slot 0x14; signatures, managed-group vtable/layout, ILTs/callers, inverse pairs, constants, and family sequence corroborate ownership",exact_tuple,0x0000C4EC
CODE_06_AI.bin,0x0000C51B,GetElementsInGroup__13CGenericGroupFv,0x0041DEF0,high,"returns child count at +0x124; signatures, managed-group vtable/layout, ILTs/callers, inverse pairs, constants, and family sequence corroborate ownership",exact_tuple,0x0000C51B
CODE_06_AI.bin,0x0000C55B,GetFirstElementInGroup__13CGenericGroupFv,0x0041DF00,high,"resets iterator and returns first child; signatures, managed-group vtable/layout, ILTs/callers, inverse pairs, constants, and family sequence corroborate ownership",exact_tuple,0x0000C55B
CODE_06_AI.bin,0x0000C5B3,GetNextElementInGroup__13CGenericGroupFv,0x0041DF20,high,"advances bounded child iterator; signatures, managed-group vtable/layout, ILTs/callers, inverse pairs, constants, and family sequence corroborate ownership",exact_tuple,0x0000C5B3
CODE_06_AI.bin,0x0000C605,GetCurrentElementInGroup__13CGenericGroupFv,0x0041DF40,high,"returns current bounded iterator child; signatures, managed-group vtable/layout, ILTs/callers, inverse pairs, constants, and family sequence corroborate ownership",exact_tuple,0x0000C605
CODE_06_AI.bin,0x0000C661,GetNthElementInGroup__13CGenericGroupFi,0x0041DF60,high,"bounded indexed child access; signatures, managed-group vtable/layout, ILTs/callers, inverse pairs, constants, and family sequence corroborate ownership",exact_tuple,0x0000C661
CODE_06_AI.bin,0x0000C6DF,SwapElements__13CGenericGroupFP11CGameObjectP11CGameObject,0x0041DFC0,high,"finds two child pointers and swaps their slots; signatures, managed-group vtable/layout, ILTs/callers, inverse pairs, constants, and family sequence corroborate ownership",exact_tuple,0x0000C6DF
CODE_06_AI.bin,0x0000C741,AddElementToGroup__13CGenericGroupFP11CGameObject,0x0041E020,high,"appends child pointer and increments count; signatures, managed-group vtable/layout, ILTs/callers, inverse pairs, constants, and family sequence corroborate ownership",exact_tuple,0x0000C741
CODE_06_AI.bin,0x0000C7DB,RemoveElementFromGroup__13CGenericGroupFP11CGameObject,0x0041E050,high,"finds child, compacts pointer table, and decrements count; signatures, managed-group vtable/layout, ILTs/callers, inverse pairs, constants, and family sequence corroborate ownership",exact_tuple,0x0000C7DB
CODE_06_AI.bin,0x0000C845,ConfirmElementIsInGroup__13CGenericGroupFP11CGameObject,0x0041E0C0,high,"scans child table for exact object pointer; signatures, managed-group vtable/layout, ILTs/callers, inverse pairs, constants, and family sequence corroborate ownership",exact_tuple,0x0000C845
CODE_06_AI.bin,0x0000C8C1,ConfirmElementIsInGroup__13CGenericGroupFUs,0x0041E100,high,"scans child objects for matching 16-bit slot id; signatures, managed-group vtable/layout, ILTs/callers, inverse pairs, constants, and family sequence corroborate ownership",exact_tuple,0x0000C8C1
CODE_06_AI.bin,0x0000C94F,GetBoundingBox__13CGenericGroupFv,0x0041E140,high,"returns stored group bounds as aggregate; signatures, managed-group vtable/layout, ILTs/callers, inverse pairs, constants, and family sequence corroborate ownership",exact_tuple,0x0000C94F
CODE_06_AI.bin,0x0000C9AF,GetBoundingBox__13CGenericGroupFR7CVSRect,0x0041E180,high,"copies stored group bounds into caller rectangle; signatures, managed-group vtable/layout, ILTs/callers, inverse pairs, constants, and family sequence corroborate ownership",exact_tuple,0x0000C9AF
CODE_06_AI.bin,0x0000CAD9,CalculateBoundingBox__13CGenericGroupFi,0x0041E1C0,high,"scans fixed-point child positions and stores min/max bounds with caller radius; signatures, managed-group vtable/layout, ILTs/callers, inverse pairs, constants, and family sequence corroborate ownership",exact_tuple,0x0000CAD9
CODE_06_AI.bin,0x0000CB57,AddNewWaypoint__13CGenericGroupF7AICOORDP17CFormationManager,0x0041E290,high,"appends point command and binds formation geometry context; signatures, managed-group vtable/layout, ILTs/callers, inverse pairs, constants, and family sequence corroborate ownership",exact_tuple,0x0000CB57
CODE_06_AI.bin,0x0000CCD7,SendNewWaypoint__13CGenericGroupF7AICOORD,0x0041E2E0,high,"rotates formation offsets and appends per-child movement commands; signatures, managed-group vtable/layout, ILTs/callers, inverse pairs, constants, and family sequence corroborate ownership",exact_tuple,0x0000CCD7
CODE_06_AI.bin,0x0000CD0D,OverideExistingWaypoints__13CGenericGroupF7AICOORD,0x0041E3C0,high,"exact no-op virtual body proven by managed-group vtable slot; signatures, managed-group vtable/layout, ILTs/callers, inverse pairs, constants, and family sequence corroborate ownership",exact_tuple,0x0000CD0D
CODE_06_AI.bin,0x0000CD8F,ClearExistingWaypoints__13CGenericGroupFv,0x0041E3D0,high,"clears pending waypoint state on every child; signatures, managed-group vtable/layout, ILTs/callers, inverse pairs, constants, and family sequence corroborate ownership",exact_tuple,0x0000CD8F
CODE_06_AI.bin,0x0000CDCF,SetFormationIndex__13CGenericGroupFi,0x0041E400,high,"stores formation index at +0x160; signatures, managed-group vtable/layout, ILTs/callers, inverse pairs, constants, and family sequence corroborate ownership",exact_tuple,0x0000CDCF
CODE_06_AI.bin,0x0000CE07,GetFormationIndex__13CGenericGroupFv,0x0041E410,high,"returns formation index from +0x160; signatures, managed-group vtable/layout, ILTs/callers, inverse pairs, constants, and family sequence corroborate ownership",exact_tuple,0x0000CE07
CODE_06_AI.bin,0x0000CFB7,ReformAlteredGroup__13CGenericGroupFP17CFormationManager,0x0041E420,high,"when dirty, rotates supplied formation and prepends offset commands to all children; signatures, managed-group vtable/layout, ILTs/callers, inverse pairs, constants, and family sequence corroborate ownership",exact_tuple,0x0000CFB7
CODE_06_AI.bin,0x0000D10D,CheckGroupIntersection__13CGenericGroupFP7CVSRectP7AICOORD,0x0041E530,high,"bounds-rejects rectangle then scans children and copies matching fixed-point position; signatures, managed-group vtable/layout, ILTs/callers, inverse pairs, constants, and family sequence corroborate ownership",exact_tuple,0x0000D10D
CODE_06_AI.bin,0x0000D1AF,GetViewData__13CGenericGroupFP9CViewData,0x0041E640,high,"iterates children, emits each render/view record, and returns count; signatures, managed-group vtable/layout, ILTs/callers, inverse pairs, constants, and family sequence corroborate ownership",exact_tuple,0x0000D1AF
CODE_06_AI.bin,0x0000F7F9,__ct__26CPlayerLemmingGroupManagerFP3CAIP14CObjectManagerP17CFormationManager,0x00418400,high,"constructs PLAS manager and EFF stream, initializes manager fields, and allocates five 0x174 child groups; signatures, PLAS manager/stream vtables and this-adjustment, object layout, callers, constants, and family order corroborate ownership",exact_tuple,0x0000F7F9
CODE_06_AI.bin,0x0000F865,Restart__26CPlayerLemmingGroupManagerFv,0x00418520,high,"activates cached group children and clears detach cache through the embedded stream this-adjustment; signatures, PLAS manager/stream vtables and this-adjustment, object layout, callers, constants, and family order corroborate ownership",exact_tuple,0x0000F865
CODE_06_AI.bin,0x0000F985,__dt__26CPlayerLemmingGroupManagerFv,0x00418540,high,"real non-deleting destructor restores manager/stream vtables, destroys group/profile children, then stream and manager base; signatures, PLAS manager/stream vtables and this-adjustment, object layout, callers, constants, and family order corroborate ownership",exact_tuple,0x0000F985
CODE_06_AI.bin,0x0000F9D5,GetDead__26CPlayerLemmingGroupManagerFv,0x004185D0,high,"pops the last managed-entity history id from count/table fields and returns zero when empty; signatures, PLAS manager/stream vtables and this-adjustment, object layout, callers, constants, and family order corroborate ownership",exact_tuple,0x0000F9D5
CODE_06_AI.bin,0x0000FA53,GetLeaderPos__26CPlayerLemmingGroupManagerFR7AICOORD,0x004185F0,high,"gets first active group then first child and copies exact fixed-point AICOORD position; signatures, PLAS manager/stream vtables and this-adjustment, object layout, callers, constants, and family order corroborate ownership",exact_tuple,0x0000FA53
CODE_06_AI.bin,0x0000FA93,ProcessDead__26CPlayerLemmingGroupManagerFv,0x00418640,high,"exact no-op hook called after state-8 removal pass and proven by family position/caller; signatures, PLAS manager/group vtables, object layout, ILTs/callers, inverse pairs, constants, and family sequence corroborate ownership",exact_tuple,0x000FA93
CODE_06_AI.bin,0x0000FBA9,Process__26CPlayerLemmingGroupManagerFv,0x00418650,high,"vtable process services groups, removes state-8 lemmings, records dead IDs, repairs selection, then calls ProcessDead; signatures, PLAS manager/group vtables, object layout, ILTs/callers, inverse pairs, constants, and family sequence corroborate ownership",exact_tuple,0x000FBA9
CODE_06_AI.bin,0x0000FBED,DeleteGroup__26CPlayerLemmingGroupManagerFP19CPlayerLemmingGroup,0x004187F0,high,"removes supplied group through manager base and selects previous valid group when needed; signatures, PLAS manager/group vtables, object layout, ILTs/callers, inverse pairs, constants, and family sequence corroborate ownership",exact_tuple,0x000FBED
CODE_06_AI.bin,0x0000FD01,CreateNewGroup__26CPlayerLemmingGroupManagerFUsPUs,0x00418730,high,"exact ushort count/id-list ABI selects empty group, resolves registry IDs, attaches lemmings, clears commands, and selects group; signatures, PLAS manager/group vtables, object layout, ILTs/callers, inverse pairs, constants, and family sequence corroborate ownership",exact_tuple,0x000FD01
CODE_06_AI.bin,0x0000FD63,AddPlayerLemmingToGroup__26CPlayerLemmingGroupManagerFP14CPlayerLemmingP19CPlayerLemmingGroup,0x00418820,high,"exact two-pointer shape forwards group ownership state and attaches supplied lemming; signatures, PLAS manager/group vtables, object layout, ILTs/callers, inverse pairs, constants, and family sequence corroborate ownership",exact_tuple,0x000FD63
CODE_06_AI.bin,0x0000FDF5,IsLemmingPlayerControlled__26CPlayerLemmingGroupManagerFP14CPlayerLemming,0x00418840,high,"finds lemming group and returns active state; accepted CAI wrapper forwards here; signatures, PLAS manager/group vtables, object layout, ILTs/callers, inverse pairs, constants, and family sequence corroborate ownership",exact_tuple,0x000FDF5
CODE_06_AI.bin,0x0000FEC1,MakeNextGroupPlayerControlled__26CPlayerLemmingGroupManagerFv,0x00418860,high,"clears active states, wraps selection index, skips empty groups, and activates next valid group; signatures, PLAS manager/group vtables, object layout, ILTs/callers, inverse pairs, constants, and family sequence corroborate ownership",exact_tuple,0x000FEC1
CODE_06_AI.bin,0x0000FF89,MakePreviousGroupPlayerControlled__26CPlayerLemmingGroupManagerFv,0x004188E0,high,"inverse selection path with negative-index wrap and validity checks; signatures, PLAS manager/group vtables, object layout, ILTs/callers, inverse pairs, constants, and family sequence corroborate ownership",exact_tuple,0x000FF89
CODE_06_AI.bin,0x0001003D,MakeParticularGroupPlayerControlled__26CPlayerLemmingGroupManagerFP19CPlayerLemmingGroup,0x00418960,high,"locates supplied group, updates selection index, and activates it or falls to next ready group; signatures, PLAS manager/group vtables, object layout, ILTs/callers, inverse pairs, constants, and family sequence corroborate ownership",exact_tuple,0x0001003D
CODE_06_AI.bin,0x000100D3,MakeNoGroupsPlayerControlled__26CPlayerLemmingGroupManagerFv,0x004189C0,high,"iterates manager group table and clears each controlled state; signatures, PLAS manager/group vtables, object layout, ILTs/callers, inverse pairs, constants, and family sequence corroborate ownership",exact_tuple,0x000100D3
CODE_06_AI.bin,0x00010151,GetPlayerControlledGroup__26CPlayerLemmingGroupManagerFv,0x004189F0,high,"returns first group whose active-state getter is one; signatures, PLAS manager/group vtables, object layout, ILTs/callers, inverse pairs, constants, and family sequence corroborate ownership",exact_tuple,0x00010151
CODE_06_AI.bin,0x0001021D,AddNewWaypointToCurrentGroup__26CPlayerLemmingGroupManagerFii,0x00418A30,high,"exact two-int ABI shifts coordinates by 12, packages AICOORD, and invokes controlled-group waypoint slot; signatures, PLAS manager/group vtables, object layout, ILTs/callers, inverse pairs, constants, and family sequence corroborate ownership",exact_tuple,0x0001021D
CODE_06_AI.bin,0x0001028B,RemoveWaypointsFromCurrentGroup__26CPlayerLemmingGroupManagerFv,0x00418A90,high,"finds controlled group and invokes complementary clear-waypoints slot; signatures, PLAS manager/group vtables, object layout, ILTs/callers, inverse pairs, constants, and family sequence corroborate ownership",exact_tuple,0x0001028B
CODE_06_AI.bin,0x00010361,UseObject__26CPlayerLemmingGroupManagerFi,0x00418AB0,high,"uses object/entity ID, queues on current group or transfers control to owner, rejecting dead state 8; signatures, PLAS manager/group vtables, object layout, ILTs/callers, inverse pairs, constants, and family sequence corroborate ownership",exact_tuple,0x00010361
CODE_06_AI.bin,0x000103E1,ReformAlteredGroups__26CPlayerLemmingGroupManagerFP19CPlayerLemmingGroup,0x00418B20,high,"iterates groups except supplied one and invokes reform slot 0x154; signatures, PLAS manager/group vtables, object layout, ILTs/callers, inverse pairs, constants, and family sequence corroborate ownership",exact_tuple,0x000103E1
CODE_06_AI.bin,0x00010483,PlayerGroupRequestFire__26CPlayerLemmingGroupManagerFii,0x00418B60,high,"exact coordinate pair applies target tile to every lemming in controlled group; signatures, PLAS manager/group vtables, object layout, ILTs/callers, inverse pairs, constants, and family sequence corroborate ownership",exact_tuple,0x00010483
CODE_06_AI.bin,0x0001056B,InitialiseNetwork__26CPlayerLemmingGroupManagerFv,0x00418CA0,high,"network-gated allocation and restart of exactly four 0x22C player lemmings bound to stream subobject; signatures, PLAS manager/group vtables, object layout, ILTs/callers, inverse pairs, constants, and family sequence corroborate ownership",exact_tuple,0x0001056B
CODE_06_AI.bin,0x00010875,LoadLevel__26CPlayerLemmingGroupManagerFPUcUlUc,0x00418D20,high,"compatible buffer/length/reuse ABI parses start, creates/reuses lemmings, forms/selects group, and emits type 0x18; signatures, PLAS manager/group vtables, object layout, ILTs/callers, inverse pairs, constants, and family sequence corroborate ownership",exact_tuple,0x00010875
CODE_06_AI.bin,0x00010C09,LoadAdditionalPlayerStartPositions__26CPlayerLemmingGroupManagerFPUcUlUc,0x00419060,high,"same loader ABI parses counted network starts/groups, creates/reuses lemmings, forms groups, and selects first; signatures, PLAS manager/group vtables, object layout, ILTs/callers, inverse pairs, constants, and family sequence corroborate ownership",exact_tuple,0x00010C09
CODE_06_AI.bin,0x00010C95,HasSFXChanged__26CPlayerLemmingGroupManagerFv,0x004193F0,high,"OR-reduces PLAS group stream/SFX dirty predicates and is reached by accepted CAI wrapper; signatures, PLAS manager/group vtables, object layout, ILTs/callers, inverse pairs, constants, and family sequence corroborate ownership",exact_tuple,0x00010C95
CODE_06_AI.bin,0x00010D29,GetViewData__26CPlayerLemmingGroupManagerFP9CViewData,0x00419490,high,"vtable view slot emits network then ordinary group records with exact 0x4C stride; signatures, PLAS manager/group vtables, object layout, ILTs/callers, inverse pairs, constants, and family sequence corroborate ownership",exact_tuple,0x00010D29
CODE_06_AI.bin,0x0000D227,__ct__20CGenericGroupManagerFP3CAIP14CObjectManagerP17CFormationManager,0x0041E8F0,high,"constructs manager with shared AI/object/formation contexts, 40 inline group slots, count/iterator, and active flag; signatures, 40-slot manager layout, vtable/ILT calls, nested iterator inverse pairs, and family sequence corroborate ownership",exact_tuple,0x0000D227
CODE_06_AI.bin,0x0000D2D4,__dt__20CGenericGroupManagerFv,0x0041E940,high,"real destructor restores manager vtable and destroys all 40 cached group slots; signatures, 40-slot manager layout, vtable/ILT calls, nested iterator inverse pairs, and family sequence corroborate ownership",exact_tuple,0x0000D2D4
CODE_06_AI.bin,0x0000D343,Restart__20CGenericGroupManagerFv,0x0041E970,high,"iterates groups through manager slots and invokes each group Restart vslot 0x104; signatures, 40-slot manager layout, vtable/ILT calls, nested iterator inverse pairs, and family sequence corroborate ownership",exact_tuple,0x0000D343
CODE_06_AI.bin,0x0000D3B7,Process__20CGenericGroupManagerFv,0x0041E9F0,high,"iterates groups through manager slots and invokes each group Process vslot 0x14; signatures, 40-slot manager layout, vtable/ILT calls, nested iterator inverse pairs, and family sequence corroborate ownership",exact_tuple,0x0000D3B7
CODE_06_AI.bin,0x0000D3ED,GetNumberOfGroups__20CGenericGroupManagerFv,0x0041EA20,high,"returns group count at +0xA4; signatures, 40-slot manager layout, vtable/ILT calls, nested iterator inverse pairs, and family sequence corroborate ownership",exact_tuple,0x0000D3ED
CODE_06_AI.bin,0x0000D439,GetFirstGroup__20CGenericGroupManagerFv,0x0041EA30,high,"resets group iterator and returns first slot when count is nonzero; signatures, 40-slot manager layout, vtable/ILT calls, nested iterator inverse pairs, and family sequence corroborate ownership",exact_tuple,0x0000D439
CODE_06_AI.bin,0x0000D48B,GetNextGroup__20CGenericGroupManagerFv,0x0041EA50,high,"increments group iterator and returns next bounded slot; signatures, 40-slot manager layout, vtable/ILT calls, nested iterator inverse pairs, and family sequence corroborate ownership",exact_tuple,0x0000D48B
CODE_06_AI.bin,0x0000D4DD,GetNthGroup__20CGenericGroupManagerFi,0x0041EA70,high,"sets group iterator to supplied index and returns bounded slot; signatures, 40-slot manager layout, vtable/ILT calls, nested iterator inverse pairs, and family sequence corroborate ownership",exact_tuple,0x0000D4DD
CODE_06_AI.bin,0x0000D529,GetCurrentGroup__20CGenericGroupManagerFv,0x0041EA90,high,"returns current bounded group slot without advancing; signatures, 40-slot manager layout, vtable/ILT calls, nested iterator inverse pairs, and family sequence corroborate ownership",exact_tuple,0x0000D529
CODE_06_AI.bin,0x0000D5A9,GetNumberOfElements__20CGenericGroupManagerFv,0x0041EAB0,high,"iterates groups and sums each CGenericGroup element count vslot 0x108; signatures, 40-slot manager layout, vtable/ILT calls, nested iterator inverse pairs, and family sequence corroborate ownership",exact_tuple,0x0000D5A9
CODE_06_AI.bin,0x0000D613,GetFirstElement__20CGenericGroupManagerFv,0x0041EAE0,high,"gets first group then invokes its first-element vslot 0x114; signatures, 40-slot manager layout, vtable/ILT calls, nested iterator inverse pairs, and family sequence corroborate ownership",exact_tuple,0x0000D613
CODE_06_AI.bin,0x0000D6B7,GetNextElement__20CGenericGroupManagerFv,0x0041EB00,high,"advances current group child, then advances group and starts next when exhausted; signatures, 40-slot manager layout, vtable/ILT calls, nested iterator inverse pairs, and family sequence corroborate ownership",exact_tuple,0x0000D6B7
CODE_06_AI.bin,0x0000D721,GetCurrentElement__20CGenericGroupManagerFv,0x0041EB40,high,"gets current group and returns its current-element vslot 0x11C result; signatures, 40-slot manager layout, vtable/ILT calls, nested iterator inverse pairs, and family sequence corroborate ownership",exact_tuple,0x0000D721
CODE_06_AI.bin,0x0000D79D,GetNthElement__20CGenericGroupManagerFi,0x0041EB60,high,"starts first element then advances global nested iterator up to supplied index; signatures, 40-slot manager layout, vtable/ILT calls, nested iterator inverse pairs, and family sequence corroborate ownership",exact_tuple,0x0000D79D
CODE_06_AI.bin,0x0000D827,GetGroupElementIsMemberOf__20CGenericGroupManagerFP11CGameObject,0x0041EB90,high,"iterates groups and returns first whose membership vslot 0x130 confirms supplied object; signatures, 40-slot manager layout, vtable/ILT calls, nested iterator inverse pairs, and family sequence corroborate ownership",exact_tuple,0x0000D827
CODE_06_AI.bin,0x0000D90F,CreateNewGroup__20CGenericGroupManagerFUsPUs,0x0041EBE0,high,"exact ushort count/id-list ABI allocates 0x168 CGenericGroup, appends it, resolves registry IDs, and attaches members; signatures, manager/group vtables, 40-slot layout, callers/ILTs, inverse mutations, bounds/view strides, and family sequence corroborate ownership",exact_tuple,0x0000D90F
CODE_06_AI.bin,0x0000D961,AddNewGroup__20CGenericGroupManagerFP13CGenericGroup,0x0041EC80,high,"appends supplied group pointer to 40-slot table under capacity and increments count; signatures, manager/group vtables, 40-slot layout, callers/ILTs, inverse mutations, bounds/view strides, and family sequence corroborate ownership",exact_tuple,0x0000D961
CODE_06_AI.bin,0x0000D9A1,CreateNewGroup__20CGenericGroupManagerFv,0x0041ECA0,high,"exact no-op virtual body proven by manager vtable slot and family position; signatures, manager/group vtables, 40-slot layout, callers/ILTs, inverse mutations, bounds/view strides, and family sequence corroborate ownership",exact_tuple,0x0000D9A1
CODE_06_AI.bin,0x0000DA2F,DeleteGroup__20CGenericGroupManagerFP13CGenericGroup,0x0041ECB0,high,"finds exact group pointer, destroys it, decrements count, compacts 40-slot table, and clears tail; signatures, manager/group vtables, 40-slot layout, callers/ILTs, inverse mutations, bounds/view strides, and family sequence corroborate ownership",exact_tuple,0x0000DA2F
CODE_06_AI.bin,0x0000DA97,AddElementToGroup__20CGenericGroupManagerFP11CGameObjectP13CGenericGroup,0x0041ED20,high,"forwards supplied object/group through manager AddNewGroup/member attach slots and activates child; signatures, manager/group vtables, 40-slot layout, callers/ILTs, inverse mutations, bounds/view strides, and family sequence corroborate ownership",exact_tuple,0x0000DA97
CODE_06_AI.bin,0x0000DB81,RemoveElementFromGroup__20CGenericGroupManagerFP11CGameObjectP13CGenericGroup,0x0041ED40,high,"invokes group remove slot, deletes empty group when configured, decrements and compacts manager slots; signatures, manager/group vtables, 40-slot layout, callers/ILTs, inverse mutations, bounds/view strides, and family sequence corroborate ownership",exact_tuple,0x0000DB81
CODE_06_AI.bin,0x0000DC13,FindElementInGroupAndRemoveIt__20CGenericGroupManagerFP11CGameObject,0x0041EDE0,high,"finds owning group through membership slot then forwards exact object/group pair to remove operation; signatures, manager/group vtables, 40-slot layout, callers/ILTs, inverse mutations, bounds/view strides, and family sequence corroborate ownership",exact_tuple,0x0000DC13
CODE_06_AI.bin,0x0000DD0F,GetAllBoundingBoxes__20CGenericGroupManagerFP5tRect,0x0041EE00,high,"iterates groups, gets 16-bit bounds through slot 0x48, emits four-int rectangles, and returns count; signatures, manager/group vtables, 40-slot layout, callers/ILTs, inverse mutations, bounds/view strides, and family sequence corroborate ownership",exact_tuple,0x0000DD0F
CODE_06_AI.bin,0x0000DDAB,GetViewData__20CGenericGroupManagerFP9CViewData,0x0041EE90,high,"iterates groups, emits each child view records through slot 0x158 with exact 0x4C stride, and sums count; signatures, manager/group vtables, 40-slot layout, callers/ILTs, inverse mutations, bounds/view strides, and family sequence corroborate ownership",exact_tuple,0x0000DDAB
CODE_06_AI.bin,0x0000DE45,CheckGroupIntersection__20CGenericGroupManagerFP7CVSRectP7AICOORD,0x0041EED0,high,"iterates groups and returns true on first slot-0x15C rect/point query success; signatures, manager/group vtables, 40-slot layout, callers/ILTs, inverse mutations, bounds/view strides, and family sequence corroborate ownership",exact_tuple,0x0000DE45
CODE_06_AI.bin,0x0000E855,__ct__19CPlayerLemmingGroupFP3CAIP14CObjectManagerP17CFormationManager,0x00414010,high,"base CGenericGroup constructor call, player-group vtable install, exact three-pointer signature, derived size and manager allocation callers; signatures, ILTs/callers, player-group vtable, object fields, inverse child operations, command semantics, and family neighborhood corroborate ownership",exact_tuple,0x0000E855
CODE_06_AI.bin,0x0000E8C9,Restart__19CPlayerLemmingGroupFv,0x00414040,high,"base child clear plus exact player-group fields 0x160/164/168/170 reset; signatures, ILTs/callers, player-group vtable, object fields, inverse child operations, command semantics, and family neighborhood corroborate ownership",exact_tuple,0x0000E8C9
CODE_06_AI.bin,0x0000E926,__dt__19CPlayerLemmingGroupFv,0x00414070,high,"restores player-group vtable and delegates non-deleting base child destruction; signatures, ILTs/callers, player-group vtable, object fields, inverse child operations, command semantics, and family neighborhood corroborate ownership",exact_tuple,0x0000E926
CODE_06_AI.bin,0x0000E9B5,GetViewData__19CPlayerLemmingGroupFP9CViewData,0x00414080,high,"iterates player lemmings, skips state 12, emits exact 0x4C CViewData records, and returns count; signatures, ILTs/callers, player-group vtable, object fields, inverse child operations, command semantics, and family neighborhood corroborate ownership",exact_tuple,0x0000E9B5
CODE_06_AI.bin,0x0000EA90,Delete__19CPlayerLemmingGroupFv,0x00414130,high,"clears active target back-reference at 0x8C and group target field 0x170; exact no-argument player-group cleanup; signatures, ILTs/callers, player-group vtable, object fields, inverse child operations, command semantics, and family neighborhood corroborate ownership",exact_tuple,0x0000EA90
CODE_06_AI.bin,0x0000F0CF,Process__19CPlayerLemmingGroupFv,0x00414150,high,"services children and executes player-group command/use-object state machine over fields 0x160..0x170; signatures, ILTs/callers, player-group vtable, object fields, inverse child operations, command semantics, and family neighborhood corroborate ownership",exact_tuple,0x0000F0CF
CODE_06_AI.bin,0x0000F161,AddLemmingToGroup__19CPlayerLemmingGroupFP14CPlayerLemming,0x00414600,high,"appends child, marks group dirty, binds owner, and updates primary/player-control flags; signatures, ILTs/callers, player-group vtable, object fields, inverse child operations, command semantics, and family neighborhood corroborate ownership",exact_tuple,0x0000F161
CODE_06_AI.bin,0x0000F27D,AddUseObject__19CPlayerLemmingGroupFi,0x00414660,high,"resolves 16-bit level entity ID and queues paired move/use-object commands; signatures, ILTs/callers, player-group vtable, object fields, inverse child operations, command semantics, and family neighborhood corroborate ownership",exact_tuple,0x0000F27D
CODE_06_AI.bin,0x0000F355,AddUseObject__19CPlayerLemmingGroupFP11CGameObjecti,0x00414730,high,"accepts object pointer plus ID and queues paired move/use-object commands; signatures, ILTs/callers, player-group vtable, object fields, inverse child operations, command semantics, and family neighborhood corroborate ownership",exact_tuple,0x0000F355
CODE_06_AI.bin,0x0000F3DD,RemoveLemmingFromGroup__19CPlayerLemmingGroupFP14CPlayerLemming,0x004147D0,high,"removes exact child, restores first child player control when active, and marks group dirty; signatures, ILTs/callers, player-group vtable, object fields, inverse child operations, command semantics, and family neighborhood corroborate ownership",exact_tuple,0x0000F3DD
CODE_06_AI.bin,0x0000F4A3,SetPlayerControlled__19CPlayerLemmingGroupFUcP14CPlayerLemming,0x00414810,high,"sets all child control flags, selects optional leader, stores active state, and swaps leader first; signatures, ILTs/callers, player-group vtable, object fields, inverse child operations, command semantics, and family neighborhood corroborate ownership",exact_tuple,0x0000F4A3
CODE_06_AI.bin,0x0000F4F5,CheckPlayerControlled__19CPlayerLemmingGroupFv,0x00414880,high,"exact getter for player-controlled state at group offset 0x168; signatures, ILTs/callers, player-group vtable, object fields, inverse child operations, command semantics, and family neighborhood corroborate ownership",exact_tuple,0x0000F4F5
CODE_06_AI.bin,0x0000F567,GetFirstDeadLemming__19CPlayerLemmingGroupFv,0x00414890,high,"iterates from first child and returns first lemming in dead state 8; signatures, ILTs/callers, player-group vtable, object fields, inverse child operations, command semantics, and family neighborhood corroborate ownership",exact_tuple,0x0000F567
CODE_06_AI.bin,0x0000F637,ClearExistingWaypoints__19CPlayerLemmingGroupFv,0x004148F0,high,"clears child pending commands and active use-object target then caches current child count; signatures, ILTs/callers, player-group vtable, object fields, inverse child operations, command semantics, and family neighborhood corroborate ownership",exact_tuple,0x0000F637
CODE_06_AI.bin,0x0000F6BB,HasSFXChanged__19CPlayerLemmingGroupFv,0x00414960,high,exact manager HasSFXChanged at 0x004193F0 calls ILT 0x00401302 to this child-table stream-dirty walker; alternate 0x004149A0 is called only by the target-specific dirty-table path,exact_tuple,0x0000F6BB
CODE_06_AI.bin,0x0001722A,__ct__6CMoverFv,0x0042E590,high,"type 0x34 base initialization, AA55 sentinels, mover vtable install, and exact manager allocation family; exact signatures, ILTs, vtable slots, callers, constants, object fields, inverse rider operations, and Mac family behavior corroborate ownership",exact_tuple,0x0001722A
CODE_06_AI.bin,0x00017258,Restart__6CMoverFv,0x0042E5E0,high,"calls inherited restart and CMover Initialise through distinct ILTs; exact signatures, ILTs, vtable slots, callers, constants, object fields, inverse rider operations, and Mac family behavior corroborate ownership",exact_tuple,0x00017258
CODE_06_AI.bin,0x0001729E,Initialise__6CMoverFv,0x0042E600,high,"resets movement, state, trigger, rider count, active flag, and state id 0x18; exact signatures, ILTs, vtable slots, callers, constants, object fields, inverse rider operations, and Mac family behavior corroborate ownership",exact_tuple,0x0001729E
CODE_06_AI.bin,0x000172FC,__dt__6CMoverFv,0x0042E640,high,"restores mover vtable and calls semantic base destruction; separate deleting wrapper remains excluded; exact signatures, ILTs, vtable slots, callers, constants, object fields, inverse rider operations, and Mac family behavior corroborate ownership",exact_tuple,0x000172FC
CODE_06_AI.bin,0x0001738C,SetPos__6CMoverFv,0x0042E650,high,"marks the exact 16x16 mover footprint in the level tile grid; exact signatures, ILTs, vtable slots, callers, constants, object fields, inverse rider operations, and Mac family behavior corroborate ownership",exact_tuple,0x0001738C
CODE_06_AI.bin,0x000173FA,IsAt__6CMoverFiiRi,0x0042E700,high,"two integer coordinates plus int reference output, 16x16 containment, writes platform height plus 8; exact signatures, ILTs, vtable slots, callers, constants, object fields, inverse rider operations, and Mac family behavior corroborate ownership",exact_tuple,0x000173FA
CODE_06_AI.bin,0x000174C2,Set__6CMoverFUsiUcii,0x0042E760,high,"exact five-argument initializer, slot id, heading, mode, node index/count, height sampling, and active state; exact signatures, ILTs, vtable slots, callers, constants, object fields, inverse rider operations, and Mac family behavior corroborate ownership",exact_tuple,0x000174C2
CODE_06_AI.bin,0x000175EE,SetUpNextNode__6CMoverFUl,0x0042E850,high,"one unsigned time argument, wraps route index, resolves next node, and initializes interpolation deadline; exact signatures, ILTs, vtable slots, callers, constants, object fields, inverse rider operations, and Mac family behavior corroborate ownership",exact_tuple,0x000175EE
CODE_06_AI.bin,0x00017708,FindObjectsOnTopOfMe__6CMoverFv,0x0042E980,high,"scans registry, rejects self/type 7, tests 16x16 footprint, and attaches matching entities; exact signatures, ILTs, vtable slots, callers, constants, object fields, inverse rider operations, and Mac family behavior corroborate ownership",exact_tuple,0x00017708
CODE_06_AI.bin,0x000177BC,MoveObjects__6CMoverFiii,0x0042EA40,high,"exact three-delta ABI and translates every attached object by fixed-point deltas; exact signatures, ILTs, vtable slots, callers, constants, object fields, inverse rider operations, and Mac family behavior corroborate ownership",exact_tuple,0x000177BC
CODE_06_AI.bin,0x00017B78,Process__6CMoverFv,0x0042EB00,high,"full mover route/state machine over node, timing, rider, trigger, network, occupancy, and interpolation fields; exact signatures, ILTs, vtable slots, callers, constants, object fields, inverse rider operations, and Mac family behavior corroborate ownership",exact_tuple,0x00017B78
CODE_06_AI.bin,0x00017BA0,Switch__6CMoverFv,0x0042EEB0,high,"exact no-argument trigger latch setter at offset 0x148; exact signatures, ILTs, vtable slots, callers, constants, object fields, inverse rider operations, and Mac family behavior corroborate ownership",exact_tuple,0x00017BA0
CODE_06_AI.bin,0x00017C1C,IsOn__6CMoverFR7AICOORD,0x0042EEE0,high,"single AICOORD pointer and exact 16x16 x/y fixed-point containment predicate; exact signatures, ILTs, vtable slots, callers, constants, object fields, inverse rider operations, and Mac family behavior corroborate ownership",exact_tuple,0x00017C1C
CODE_06_AI.bin,0x00017D1A,VerifyObjects__6CMoverFv,0x0042EF40,high,"removes attached objects outside mover bounds, clears attachment flags, and compacts rider array; exact signatures, ILTs, vtable slots, callers, constants, object fields, inverse rider operations, and Mac family behavior corroborate ownership",exact_tuple,0x00017D1A
CODE_06_AI.bin,0x00017E74,GetOn__6CMoverFP11CGameObject,0x0042EFF0,high,"single object pointer, z tolerance, IsOn call, duplicate/capacity checks, attachment and position behavior; exact signatures, ILTs, vtable slots, callers, constants, object fields, inverse rider operations, and Mac family behavior corroborate ownership",exact_tuple,0x00017E74
CODE_06_AI.bin,0x00017EEE,StopObjectsMoving__6CMoverFv,0x0042F140,high,"iterates attached objects and stops/reset paths through evidenced owner or child dispatch; exact signatures, ILTs, vtable slots, callers, constants, object fields, inverse rider operations, and Mac family behavior corroborate ownership",exact_tuple,0x00017EEE
CODE_06_AI.bin,0x00017F7A,__ct__13CMoverManagerFP3CAIi,0x0042F190,high,"two-argument thiscall, EFF stream type 0x1A payload 0x0F, mover-manager vtable, level owner and capacity fields; exact signatures, ILTs, manager/object vtables, 0x1A0 stride, callers, fields and inverse CMover operations corroborate ownership",exact_tuple,0x00017F7A
CODE_06_AI.bin,0x00017FE0,Restart__13CMoverManagerFv,0x0042F1F0,high,"iterates the allocated capacity at exact 0x1A0 stride and invokes CMover Restart vtable slot +0x104; exact signatures, ILTs, manager/object vtables, 0x1A0 stride, callers, fields and inverse CMover operations corroborate ownership",exact_tuple,0x00017FE0
CODE_06_AI.bin,0x000180AA,Initialise__13CMoverManagerFi,0x0042F220,high,"one integer capacity, allocates capacity times 0x1A0, constructs each CMover, restarts it, and assigns owner; exact signatures, ILTs, manager/object vtables, 0x1A0 stride, callers, fields and inverse CMover operations corroborate ownership",exact_tuple,0x000180AA
CODE_06_AI.bin,0x00018126,__dt__13CMoverManagerFv,0x0042F2C0,high,"restores manager vtable, vector-deletes mover array, and destroys inherited EFF stream state; exact signatures, ILTs, manager/object vtables, 0x1A0 stride, callers, fields and inverse CMover operations corroborate ownership",exact_tuple,0x00018126
CODE_06_AI.bin,0x000181A4,Find__13CMoverManagerFiiRi,0x0042F2F0,high,"two coordinates plus int reference output; scans live count and calls CMover IsAt at 0x1A0 stride; exact signatures, ILTs, manager/object vtables, 0x1A0 stride, callers, fields and inverse CMover operations corroborate ownership",exact_tuple,0x000181A4
CODE_06_AI.bin,0x00018218,Process__13CMoverManagerFv,0x0042F500,high,"scans live movers and invokes CMover Process vtable slot +0x14 only when active flag +0x138 is set; exact signatures, ILTs, manager/object vtables, 0x1A0 stride, callers, fields and inverse CMover operations corroborate ownership",exact_tuple,0x00018218
CODE_06_AI.bin,0x00018289,GetViewData__13CMoverManagerFP9CViewData,0x0042F540,high,"one CViewData pointer, calls each mover view-data vtable slot +0x0C, advances records by 0x4C, returns emitted count; exact signatures, ILTs, manager/object vtables, 0x1A0 stride, callers, fields and inverse CMover operations corroborate ownership",exact_tuple,0x00018289
CODE_06_AI.bin,0x00018302,Add__13CMoverManagerFUsiUcii,0x0042F5E0,high,"exact five-argument ABI matching CMover Set, capacity check, 0x1A0 live slot initialization, increments live count; exact signatures, ILTs, manager/object vtables, 0x1A0 stride, callers, fields and inverse CMover operations corroborate ownership",exact_tuple,0x00018302
CODE_06_AI.bin,0x00018391,Switch__13CMoverManagerF9swMessagei,0x0042F620,high,"message plus slot id, finds mover by managed slot and dispatches action 4 to CMover Switch; exact signatures, ILTs, manager/object vtables, 0x1A0 stride, callers, fields and inverse CMover operations corroborate ownership",exact_tuple,0x00018391
CODE_06_AI.bin,0x000184A5,LoadLevel__13CMoverManagerFPUciUc,0x0042F680,high,"buffer plus integer ABI, allocates from record count, version-gated slot/flag decoding and repeated Add dispatch; exact signatures, ILTs, manager/object vtables, 0x1A0 stride, callers, fields and inverse CMover operations corroborate ownership",exact_tuple,0x000184A5
CODE_09_Map.bin,0x000004A2,__ct__4CMapFv,0x004303C0,high,"initializes grid pointers/dimensions and shared map globals, clears walk buffer and name state; exact signatures, ILTs/callers, 0x54-byte layout, 12-byte cells, transforms, constants and Mac 68K behavior corroborate ownership",exact_tuple,0x000004A2
CODE_09_Map.bin,0x000004DE,Restart__4CMapFv,0x004303F0,high,"resets orientation, name, default terrain ids and clears embedded grid cells; exact signatures, ILTs/callers, 0x54-byte layout, 12-byte cells, transforms, constants and Mac 68K behavior corroborate ownership",exact_tuple,0x000004DE
CODE_09_Map.bin,0x0000054C,__dt__4CMapFv,0x00430410,high,"semantic teardown frees walk-mask and terrain-cell buffers without deleting this; exact signatures, ILTs/callers, 0x54-byte layout, 12-byte cells, transforms, constants and Mac 68K behavior corroborate ownership",exact_tuple,0x0000054C
CODE_09_Map.bin,0x0000061C,ReSize__4CMapFii,0x00430440,high,"exact two-dimension ABI, reallocates width-times-height 12-byte cells and one-byte walk buffer; exact signatures, ILTs/callers, 0x54-byte layout, 12-byte cells, transforms, constants and Mac 68K behavior corroborate ownership",exact_tuple,0x0000061C
CODE_09_Map.bin,0x000006C0,GetZ__4CMapFiiPP6CMover,0x004304E0,high,"two coordinates plus CMover double pointer, moving-platform flag 0x10 override then static tile-height fallback; exact signatures, ILTs/callers, 0x54-byte layout, 12-byte cells, transforms, constants and Mac 68K behavior corroborate ownership",exact_tuple,0x000006C0
CODE_09_Map.bin,0x00000718,GetWalk__4CMapFii,0x004305F0,high,"exact two-coordinate ABI, bounds checks logical dimensions and returns one-byte walk/edge mask; exact signatures, ILTs/callers, 0x54-byte layout, 12-byte cells, transforms, constants and Mac 68K behavior corroborate ownership",exact_tuple,0x00000718
CODE_09_Map.bin,0x0000097A,CreateWalkBits__4CMapFv,0x00430620,high,"builds per-cell directional walk bits from neighbor heights, flags and 16-pixel boundaries; exact signatures, ILTs/callers, 0x54-byte layout, 12-byte cells, transforms, constants and Mac 68K behavior corroborate ownership",exact_tuple,0x0000097A
CODE_09_Map.bin,0x000009DF,SetTerrain__4CMapFii11eObjectTypei,0x00430A20,high,"exact x/y/type/variant ABI, writes 12-byte terrain cell and refreshes render flags; exact signatures, ILTs/callers, 0x54-byte layout, 12-byte cells, transforms, constants and Mac 68K behavior corroborate ownership",exact_tuple,0x000009DF
CODE_09_Map.bin,0x00000AFC,ScreenToGame__4CMapFiiRiRi,0x00430A50,high,"two values plus two output references and four-view rotation transform; exact signatures, ILTs/callers, 0x54-byte layout, 12-byte cells, transforms, constants and Mac 68K behavior corroborate ownership",exact_tuple,0x00000AFC
CODE_09_Map.bin,0x00000C16,GameToScreen__4CMapFiiRiRi,0x00430BE0,high,"two values plus two output references and inverse four-view rotation transform; exact signatures, ILTs/callers, 0x54-byte layout, 12-byte cells, transforms, constants and Mac 68K behavior corroborate ownership",exact_tuple,0x00000C16
CODE_09_Map.bin,0x00000D2C,GameToScreen__4CMapFRiRi,0x00430CE0,high,"two reference ABI, snapshots values then applies the same inverse rotation formulas in place; exact signatures, ILTs/callers, 0x54-byte layout, 12-byte cells, transforms, constants and Mac 68K behavior corroborate ownership",exact_tuple,0x00000D2C
CODE_09_Map.bin,0x00000E43,LoadLevel__4CMapFP24tagLoadGroundSurfaceDataUlUc,0x00430DB0,high,"surface-data pointer plus retained Windows length/version ABI; clears/resizes grid, loads 12-byte cells, rebuilds walk bits and cliffs; exact signatures, ILTs/callers, 0x54-byte layout, 12-byte cells, transforms, constants and Mac 68K behavior corroborate ownership",exact_tuple,0x00000E43
CODE_09_Map.bin,0x00000E93,LoadLevelName__4CMapFP17tagLoadGroundNameUl,0x00430E80,high,"name-chunk pointer plus length ABI confirmed by source/caller; forwards name payload to SetLevelName; exact signatures, ILTs/callers, 0x54-byte layout, 12-byte cells, transforms, constants and Mac 68K behavior corroborate ownership",exact_tuple,0x00000E93
CODE_09_Map.bin,0x00000EFF,LoadDefaultBlox__4CMapFP18tagLoadDefaultBloxUl,0x00430E90,high,"default-blox pointer plus length ABI confirmed by source/caller; stores two default terrain ids at +0x4C/+0x50; exact signatures, ILTs/callers, 0x54-byte layout, 12-byte cells, transforms, constants and Mac 68K behavior corroborate ownership",exact_tuple,0x00000EFF
CODE_09_Map.bin,0x00000F5A,SetLevelName__4CMapFPc,0x00431010,high,"single char pointer, bounded 0x20-byte copy to +0x24 and explicit terminator at +0x44; exact signatures, ILTs/callers, 0x54-byte layout, 12-byte cells, transforms, constants and Mac 68K behavior corroborate ownership",exact_tuple,0x00000F5A
CODE_09_Map.bin,0x0000105C,CalculateCliff__4CMapFv,0x00431030,high,"iterates terrain cells and derives repeated-column/cliff count from current/right/below height values; exact signatures, ILTs/callers, 0x54-byte layout, 12-byte cells, transforms, constants and Mac 68K behavior corroborate ownership",exact_tuple,0x0000105C
CODE_09_Map.bin,0x00000134,GetZ__7CGroundFii,0x0042FFE0,high,"exact two-coordinate ABI and terrain-type-specific height formulas over 12-byte ground cell; exact signatures, ILTs/callers, 12-byte cell/array layouts, constants and Mac 68K behavior corroborate ownership",exact_tuple,0x00000134
CODE_09_Map.bin,0x0000033E,IsHit__7CGroundFiiUc,0x00430110,high,"exact x/y/unsigned-char ABI and terrain-shape mask tables including special-mode handling; exact signatures, ILTs/callers, 12-byte cell/array layouts, constants and Mac 68K behavior corroborate ownership",exact_tuple,0x0000033E
CODE_09_Map.bin,0x000003E6,SetCollision__7CGroundFv,0x004302D0,high,"no-argument method derives collision/render flags at cell +6 from terrain type constants; exact signatures, ILTs/callers, 12-byte cell/array layouts, constants and Mac 68K behavior corroborate ownership",exact_tuple,0x000003E6
CODE_09_Map.bin,0x00000456,Clear__12CGroundArrayFv,0x00430370,high,"iterates width and height over 12-byte cells and resets every CGround to type 0x209 with zero metadata; exact signatures, ILTs/callers, 12-byte cell/array layouts, constants and Mac 68K behavior corroborate ownership",exact_tuple,0x00000456
CODE_06_AI.bin,0x000184DE,__ct__12CNodeManagerFi,0x00421180,high,"constructs manager with null node array and capacity; exact Mac bodies/signatures and Windows ABI, ILTs, 0x0c manager/0x14 node layouts, callers and constants corroborate ownership",exact_tuple,0x000184DE
CODE_06_AI.bin,0x00018530,Restart__12CNodeManagerFv,0x004211A0,high,"iterates capacity over 0x14-byte nodes and calls CNode Restart; exact Mac bodies/signatures and Windows ABI, ILTs, 0x0c manager/0x14 node layouts, callers and constants corroborate ownership",exact_tuple,0x00018530
CODE_06_AI.bin,0x000185CE,Initialise__12CNodeManagerFi,0x004211D0,high,"allocates counted CNode array and initializes/restarts records; exact Mac bodies/signatures and Windows ABI, ILTs, 0x0c manager/0x14 node layouts, callers and constants corroborate ownership",exact_tuple,0x000185CE
CODE_06_AI.bin,0x00018628,__dt__12CNodeManagerFv,0x00421260,high,"destroys each node link array then frees counted manager storage; exact Mac bodies/signatures and Windows ABI, ILTs, 0x0c manager/0x14 node layouts, callers and constants corroborate ownership",exact_tuple,0x00018628
CODE_06_AI.bin,0x00018687,GetNodePosition__12CNodeManagerFi,0x004212A0,high,"indexes 0x14-byte node array and returns fixed-point AICOORD with sentinel z; exact Mac bodies/signatures and Windows ABI, ILTs, 0x0c manager/0x14 node layouts, callers and constants corroborate ownership",exact_tuple,0x00018687
CODE_06_AI.bin,0x000186CA,__ct__5CNodeFv,0x004212E0,high,"sets x/y sentinels and null neighbour storage; exact Mac bodies/signatures and Windows ABI, ILTs, 0x0c manager/0x14 node layouts, callers and constants corroborate ownership",exact_tuple,0x000186CA
CODE_06_AI.bin,0x000186EC,Restart__5CNodeFv,0x00421300,high,"resets current neighbour count at node offset 0x10; exact Mac bodies/signatures and Windows ABI, ILTs, 0x0c manager/0x14 node layouts, callers and constants corroborate ownership",exact_tuple,0x000186EC
CODE_06_AI.bin,0x00018738,__dt__5CNodeFv,0x00421310,high,"frees neighbour pair storage at node offset 0x0c; exact Mac bodies/signatures and Windows ABI, ILTs, 0x0c manager/0x14 node layouts, callers and constants corroborate ownership",exact_tuple,0x00018738
CODE_06_AI.bin,0x0001879A,Initialise__5CNodeFiii,0x00421330,high,"stores fixed-point x/y and expected neighbour count; exact Mac bodies/signatures and Windows ABI, ILTs, 0x0c manager/0x14 node layouts, callers and constants corroborate ownership",exact_tuple,0x0001879A
CODE_06_AI.bin,0x000187E0,AddANeighbour__5CNodeFii,0x004213A0,high,"appends two-dword neighbour pair and increments count; exact Mac bodies/signatures and Windows ABI, ILTs, 0x0c manager/0x14 node layouts, callers and constants corroborate ownership",exact_tuple,0x000187E0
CODE_06_AI.bin,0x0001883E,Position__5CNodeFv,0x004213D0,high,"returns fixed-point x/y plus 0xAA55AA55 coordinate sentinel; exact Mac bodies/signatures and Windows ABI, ILTs, 0x0c manager/0x14 node layouts, callers and constants corroborate ownership",exact_tuple,0x0001883E
CODE_06_AI.bin,0x00018939,LoadLevel__12CNodeManagerFP22tagLoadNodeInformationUlUc,0x00421470,high,"parses counted NODE records and variable neighbour pairs; exact Mac bodies/signatures and Windows ABI, ILTs, 0x0c manager/0x14 node layouts, callers and constants corroborate ownership",exact_tuple,0x00018939
CODE_06_AI.bin,0x00003F16,__ct__12CBallManagerFP3CAIi,0x00421EA0,high,"constructs manager with CAI owner, null pointer array, capacity and published global; exact Mac bodies/signatures and Windows ABI, ILTs, manager fields, array semantics, vtable dispatch and callers corroborate ownership",exact_tuple,0x00003F16
CODE_06_AI.bin,0x00003F70,Restart__12CBallManagerFv,0x00421EC0,high,"iterates capacity and invokes each CBall Restart through vtable slot 0x104; exact Mac bodies/signatures and Windows ABI, ILTs, manager fields, array semantics, vtable dispatch and callers corroborate ownership",exact_tuple,0x00003F70
CODE_06_AI.bin,0x00004014,Initialise__12CBallManagerFi,0x00421EF0,high,"allocates pointer array and capacity CBall objects of Windows size 0x13c; exact Mac bodies/signatures and Windows ABI, ILTs, manager fields, array semantics, vtable dispatch and callers corroborate ownership",exact_tuple,0x00004014
CODE_06_AI.bin,0x000040A4,__dt__12CBallManagerFv,0x00421F80,high,"deletes every allocated CBall then frees pointer array; exact Mac bodies/signatures and Windows ABI, ILTs, manager fields, array semantics, vtable dispatch and callers corroborate ownership",exact_tuple,0x000040A4
CODE_06_AI.bin,0x000040F6,Process__12CBallManagerFv,0x00421FC0,high,"processes active prefix through CBall vtable slot 0x14 and returns true; exact Mac bodies/signatures and Windows ABI, ILTs, manager fields, array semantics, vtable dispatch and callers corroborate ownership",exact_tuple,0x000040F6
CODE_06_AI.bin,0x0000416E,Delete__12CBallManagerFP5CBall,0x00421FF0,high,"removes matching CBall from active prefix and compacts pointers; exact Mac bodies/signatures and Windows ABI, ILTs, manager fields, array semantics, vtable dispatch and callers corroborate ownership",exact_tuple,0x0000416E
CODE_06_AI.bin,0x000041EB,LoadLevel__12CBallManagerFPUciUc,0x00422060,high,"initialises count from BALL payload then loads each active CBall; exact Mac bodies/signatures and Windows ABI, ILTs, manager fields, array semantics, vtable dispatch and callers corroborate ownership",exact_tuple,0x000041EB
CODE_06_AI.bin,0x00003696,__ct__5CBallFv,0x00421660,high,"constructs 0x13c CBall on managed-entity base type 9 and installs CBall vtable; exact Mac bodies/signatures and Windows ABI, ILTs, 0x13c layout, vtable slots, fixed-point math, state transitions and callers corroborate ownership",exact_tuple,0x00003696
CODE_06_AI.bin,0x000036DC,Restart__5CBallFv,0x00421690,high,"restarts managed-entity base then restores state 0x25 and default speed; exact Mac bodies/signatures and Windows ABI, ILTs, 0x13c layout, vtable slots, fixed-point math, state transitions and callers corroborate ownership",exact_tuple,0x000036DC
CODE_06_AI.bin,0x000037A0,Set__5CBallF7AICOORD7AICOORDi,0x004216C0,high,"stores current and endpoint AICOORD values, state, speed and direction; exact Mac bodies/signatures and Windows ABI, ILTs, 0x13c layout, vtable slots, fixed-point math, state transitions and callers corroborate ownership",exact_tuple,0x000037A0
CODE_06_AI.bin,0x0000390A,StartMovement__5CBallFUc,0x00421770,high,"arms selected endpoint segment from fixed-point coordinates and speed; exact Mac bodies/signatures and Windows ABI, ILTs, 0x13c layout, vtable slots, fixed-point math, state transitions and callers corroborate ownership",exact_tuple,0x0000390A
CODE_06_AI.bin,0x00003A86,Move__5CBallFv,0x00421870,high,"advances segment, samples terrain and resolves managed-entity collisions; exact Mac bodies/signatures and Windows ABI, ILTs, 0x13c layout, vtable slots, fixed-point math, state transitions and callers corroborate ownership",exact_tuple,0x00003A86
CODE_06_AI.bin,0x00003AB0,HitBullet__5CBallFP7CBullet,0x00421AA0,high,"dispatches CBall vtable slot 0xc8 for bullet interaction; exact Mac bodies/signatures and Windows ABI, ILTs, 0x13c layout, vtable slots, fixed-point math, state transitions and callers corroborate ownership",exact_tuple,0x00003AB0
CODE_06_AI.bin,0x00003B12,Delete__5CBallFv,0x00421AB0,high,"removes CBall from level and manager active lists then clears slot id; exact Mac bodies/signatures and Windows ABI, ILTs, 0x13c layout, vtable slots, fixed-point math, state transitions and callers corroborate ownership",exact_tuple,0x00003B12
CODE_06_AI.bin,0x00003B74,SetHeightCorrect__5CBallFv,0x00421B40,high,"samples CMap terrain height and stores fixed-point Z; exact Mac bodies/signatures and Windows ABI, ILTs, 0x13c layout, vtable slots, fixed-point math, state transitions and callers corroborate ownership",exact_tuple,0x00003B74
CODE_06_AI.bin,0x00003D42,Process__5CBallFv,0x00421BC0,high,"runs CBall state machine and updates managed-entity bounds; exact Mac bodies/signatures and Windows ABI, ILTs, 0x13c layout, vtable slots, fixed-point math, state transitions and callers corroborate ownership",exact_tuple,0x00003D42
CODE_06_AI.bin,0x00003EDC,LoadLevel__5CBallFRPUc,0x00421DA0,high,"consumes BALL payload by pointer reference then calls Set; exact Mac bodies/signatures and Windows ABI, ILTs, 0x13c layout, vtable slots, fixed-point math, state transitions and callers corroborate ownership",exact_tuple,0x00003EDC
CODE_06_AI.bin,0x00005599,__ct__19CCollectableManagerFP3CAIi,0x004223C0,high,"constructs network stream-backed manager and initializes CAI owner, capacity and object array fields; exact Mac bodies/signatures and Windows ABI, ILTs, layouts, vtable slots, subtype handling and callers corroborate ownership",exact_tuple,0x00005599
CODE_06_AI.bin,0x00005605,Restart__19CCollectableManagerFv,0x00422420,high,"iterates capacity and invokes each CCollectable Restart through vtable slot 0x104; exact Mac bodies/signatures and Windows ABI, ILTs, layouts, vtable slots, subtype handling and callers corroborate ownership",exact_tuple,0x00005605
CODE_06_AI.bin,0x0000567D,Initialise__19CCollectableManagerFi,0x00422460,high,"stores capacity then allocates and zeroes pointer slots; exact Mac bodies/signatures and Windows ABI, ILTs, layouts, vtable slots, subtype handling and callers corroborate ownership",exact_tuple,0x0000567D
CODE_06_AI.bin,0x00005734,__dt__19CCollectableManagerFv,0x004224C0,high,"deletes collectables, frees pointer table and destroys inherited stream base; exact Mac bodies/signatures and Windows ABI, ILTs, layouts, vtable slots, subtype handling and callers corroborate ownership",exact_tuple,0x00005734
CODE_06_AI.bin,0x00005799,Process__19CCollectableManagerFv,0x00422550,high,"marks active collectables and dispatches their Process vtable slot; exact Mac bodies/signatures and Windows ABI, ILTs, layouts, vtable slots, subtype handling and callers corroborate ownership",exact_tuple,0x00005799
CODE_06_AI.bin,0x00005921,Add__19CCollectableManagerFUsiii11eObjectType,0x00422590,high,"constructs subtype-specific collectable, assigns slot and appends it; exact Mac bodies/signatures and Windows ABI, ILTs, layouts, vtable slots, subtype handling and callers corroborate ownership",exact_tuple,0x00005921
CODE_06_AI.bin,0x00005AE3,LoadLevel__19CCollectableManagerFPUciUc,0x00422790,high,"parses COLL count, slot, subtype and coordinate records and calls Add; exact Mac bodies/signatures and Windows ABI, ILTs, layouts, vtable slots, subtype handling and callers corroborate ownership",exact_tuple,0x00005AE3
CODE_06_AI.bin,0x00005B93,__ct__12CCollectableFiii11eObjectType,0x00422870,high,"constructs managed-entity base and stores fixed-point initial position; exact Mac bodies/signatures and Windows ABI, ILTs, layouts, vtable slots, subtype handling and callers corroborate ownership",exact_tuple,0x00005B93
CODE_06_AI.bin,0x00005BF8,Restart__12CCollectableFv,0x004228B0,high,"restarts base state, copies initial position and selects collectable state; exact Mac bodies/signatures and Windows ABI, ILTs, layouts, vtable slots, subtype handling and callers corroborate ownership",exact_tuple,0x00005BF8
CODE_06_AI.bin,0x00005C5A,__dt__12CCollectableFv,0x004228F0,high,"restores CCollectable vtable and destroys managed-entity base; exact Mac bodies/signatures and Windows ABI, ILTs, layouts, vtable slots, subtype handling and callers corroborate ownership",exact_tuple,0x00005C5A
CODE_06_AI.bin,0x00005E38,Process__12CCollectableFv,0x00422900,high,"runs subtype collectable state machine, target acquisition and terrain adjustment; exact Mac bodies/signatures and Windows ABI, ILTs, layouts, vtable slots, subtype handling and callers corroborate ownership",exact_tuple,0x00005E38
CODE_06_AI.bin,0x00004FA6,__ct__14CBulletManagerFv,0x00417D80,high,"constructs stream-backed 40-object projectile pool with 0x1a4 stride and slot ownership; exact Mac bodies/signatures and Windows ABI, ILTs, pool/object layouts, vtables, movement and networking corroborate ownership",exact_tuple,0x00004FA6
CODE_06_AI.bin,0x0000500E,Restart__14CBulletManagerFv,0x00417E80,high,"clears active iteration fields and restarts all forty pooled bullets; exact Mac bodies/signatures and Windows ABI, ILTs, pool/object layouts, vtables, movement and networking corroborate ownership",exact_tuple,0x0000500E
CODE_06_AI.bin,0x00005084,__dt__14CBulletManagerFv,0x00417EC0,high,"destroys owned bullet array and inherited stream base; exact Mac bodies/signatures and Windows ABI, ILTs, pool/object layouts, vtables, movement and networking corroborate ownership",exact_tuple,0x00005084
CODE_06_AI.bin,0x000050EF,NextFreeBullet__14CBulletManagerFv,0x00417EE0,high,"finds inactive bullet in rotating twenty-slot request window; exact Mac bodies/signatures and Windows ABI, ILTs, pool/object layouts, vtables, movement and networking corroborate ownership",exact_tuple,0x000050EF
CODE_06_AI.bin,0x00005129,GetFirstBullet__14CBulletManagerFv,0x00417F40,high,"resets iterator and returns first active bullet; exact Mac bodies/signatures and Windows ABI, ILTs, pool/object layouts, vtables, movement and networking corroborate ownership",exact_tuple,0x00005129
CODE_06_AI.bin,0x00005175,GetNextBullet__14CBulletManagerFv,0x00417F50,high,"advances active bullet iterator with count bound; exact Mac bodies/signatures and Windows ABI, ILTs, pool/object layouts, vtables, movement and networking corroborate ownership",exact_tuple,0x00005175
CODE_06_AI.bin,0x000051B5,RequestRemoteBullet__14CBulletManagerFP7CBullet,0x00417F80,high,"appends remote bullet pointer to active table; exact Mac bodies/signatures and Windows ABI, ILTs, pool/object layouts, vtables, movement and networking corroborate ownership",exact_tuple,0x000051B5
CODE_06_AI.bin,0x00005289,RequestBullet__14CBulletManagerFUs11eBulletType6eOwneri7AICOORD7AICOORD,0x00417FA0,high,"allocates free pooled bullet, sets and fires it; exact Mac bodies/signatures and Windows ABI, ILTs, pool/object layouts, vtables, movement and networking corroborate ownership",exact_tuple,0x00005289
CODE_06_AI.bin,0x00005322,Process__14CBulletManagerFv,0x00418040,high,"processes active bullets and removes completed ones; exact Mac bodies/signatures and Windows ABI, ILTs, pool/object layouts, vtables, movement and networking corroborate ownership",exact_tuple,0x00005322
CODE_06_AI.bin,0x00005397,RemoveBullet__14CBulletManagerFP7CBullet,0x00418080,high,"deactivates matching bullet and compacts active table; exact Mac bodies/signatures and Windows ABI, ILTs, pool/object layouts, vtables, movement and networking corroborate ownership",exact_tuple,0x00005397
CODE_06_AI.bin,0x00005417,GetViewData__14CBulletManagerFP9CViewData,0x004180E0,high,"emits one view record per active bullet; exact Mac bodies/signatures and Windows ABI, ILTs, pool/object layouts, vtables, movement and networking corroborate ownership",exact_tuple,0x00005417
CODE_06_AI.bin,0x000054E9,CheckGroupIntersection__14CBulletManagerFP7CVSRectP7AICOORD,0x00418120,high,"tests active bullet positions against rectangle and returns AICOORD; exact Mac bodies/signatures and Windows ABI, ILTs, pool/object layouts, vtables, movement and networking corroborate ownership",exact_tuple,0x000054E9
CODE_06_AI.bin,0x00004656,__ct__7CBulletFv,0x0041A510,high,"constructs managed-entity bullet with embedded network stream and 0x1a4 Windows layout; exact Mac bodies/signatures and Windows ABI, ILTs, pool/object layouts, vtables, movement and networking corroborate ownership",exact_tuple,0x00004656
CODE_06_AI.bin,0x0000468E,Restart__7CBulletFv,0x0041A5A0,high,"restarts base, clears active flag and sets inactive state 8; exact Mac bodies/signatures and Windows ABI, ILTs, pool/object layouts, vtables, movement and networking corroborate ownership",exact_tuple,0x0000468E
CODE_06_AI.bin,0x00004765,Set__7CBulletFUs11eBulletType6eOwneri7AICOORD7AICOORD,0x0041A5C0,high,"stores slot/type/owner/start/end coordinates, terrain height and direction; exact Mac bodies/signatures and Windows ABI, ILTs, pool/object layouts, vtables, movement and networking corroborate ownership",exact_tuple,0x00004765
CODE_06_AI.bin,0x0000481E,TriggerBullet__7CBulletFv,0x0041A6D0,high,"initializes fixed-point segment interpolator and arms projectile state; exact Mac bodies/signatures and Windows ABI, ILTs, pool/object layouts, vtables, movement and networking corroborate ownership",exact_tuple,0x0000481E
CODE_06_AI.bin,0x00004880,FireBullet__7CBulletFv,0x0041A760,high,"records start tick, triggers path and publishes network payload; exact Mac bodies/signatures and Windows ABI, ILTs, pool/object layouts, vtables, movement and networking corroborate ownership",exact_tuple,0x00004880
CODE_06_AI.bin,0x00004B0A,Process__7CBulletFv,0x0041A7A0,high,"advances segment, checks terrain and entities, and updates bullet position; exact Mac bodies/signatures and Windows ABI, ILTs, pool/object layouts, vtables, movement and networking corroborate ownership",exact_tuple,0x00004B0A
CODE_06_AI.bin,0x00004C38,AddData__7CBulletFv,0x0041AAA0,high,"serializes bullet network payload in big-endian stream fields; exact Mac bodies/signatures and Windows ABI, ILTs, pool/object layouts, vtables, movement and networking corroborate ownership",exact_tuple,0x00004C38
CODE_06_AI.bin,0x00004DA8,GetData__7CBulletFv,0x0041AB80,high,"deserializes bullet network payload and activates remote state; exact Mac bodies/signatures and Windows ABI, ILTs, pool/object layouts, vtables, movement and networking corroborate ownership",exact_tuple,0x00004DA8
CODE_06_AI.bin,0x00004E00,Free__7CBulletFv,0x0041AC70,high,"clears active and remote flags and returns bullet to inactive state; exact Mac bodies/signatures and Windows ABI, ILTs, pool/object layouts, vtables, movement and networking corroborate ownership",exact_tuple,0x00004E00
CODE_06_AI.bin,0x00004E89,Receive__7CBulletFUsP15CNetworkMessage,0x0041ACA0,high,"dispatches bullet packet type 0x2b and delegates other messages; exact Mac bodies/signatures and Windows ABI, ILTs, pool/object layouts, vtables, movement and networking corroborate ownership",exact_tuple,0x00004E89
CODE_06_AI.bin,0x00008E74,__ct__17CFormationManagerFv,0x0041A140,high,"initializes three eight-vector fixed-point formation blocks and transformed output; exact Mac bodies/signatures and Windows ABI, ILTs, 0x104-byte table layout, fixed-point vector constants and callers corroborate ownership",exact_tuple,0x00008E74
CODE_06_AI.bin,0x00008EA2,Restart__17CFormationManagerFv,0x0041A1B0,high,"clears transformed-vector cursor at offset 0x100; exact Mac bodies/signatures and Windows ABI, ILTs, 0x104-byte table layout, fixed-point vector constants and callers corroborate ownership",exact_tuple,0x00008EA2
CODE_06_AI.bin,0x00008EEA,__dt__17CFormationManagerFv,0x0041A1C0,high,"no-op destructor body matching value-only formation table; exact Mac bodies/signatures and Windows ABI, ILTs, 0x104-byte table layout, fixed-point vector constants and callers corroborate ownership",exact_tuple,0x00008EEA
CODE_06_AI.bin,0x00008F77,TransformFormation__17CFormationManagerFii,0x0041A1D0,high,"rotates selected eight-vector formation block by signed table angle; exact Mac bodies/signatures and Windows ABI, ILTs, 0x104-byte table layout, fixed-point vector constants and callers corroborate ownership",exact_tuple,0x00008F77
CODE_06_AI.bin,0x00008FC7,GetAVector__17CFormationManagerFi,0x0041A320,high,"wraps index and returns transformed vector at offset 0xc0; exact Mac bodies/signatures and Windows ABI, ILTs, 0x104-byte table layout, fixed-point vector constants and callers corroborate ownership",exact_tuple,0x00008FC7
CODE_06_AI.bin,0x00010D90,__ct__5CHandFv,0x00427AD0,high,"constructs level chunk type 0x1f and installs hand vtable; exact Mac bodies/signatures and Windows ABI, ILTs, 0x144 child layout, vtables, state constants and loader behavior corroborate ownership",exact_tuple,0x00010D90
CODE_06_AI.bin,0x00010DBA,Initialise__5CHandFv,0x00427AF0,high,"clears runtime timestamp activation and configured flags; exact Mac bodies/signatures and Windows ABI, ILTs, 0x144 child layout, vtables, state constants and loader behavior corroborate ownership",exact_tuple,0x00010DBA
CODE_06_AI.bin,0x00010E08,Restart__5CHandFv,0x00427B10,high,"restarts managed base and restores configured position; exact Mac bodies/signatures and Windows ABI, ILTs, 0x144 child layout, vtables, state constants and loader behavior corroborate ownership",exact_tuple,0x00010E08
CODE_06_AI.bin,0x00010E62,__dt__5CHandFv,0x00427B40,high,"restores hand vtable and destroys level chunk base; exact Mac bodies/signatures and Windows ABI, ILTs, 0x144 child layout, vtables, state constants and loader behavior corroborate ownership",exact_tuple,0x00010E62
CODE_06_AI.bin,0x00010F3E,Set__5CHandFUsRC7AICOORD,0x00427B50,high,"stores slot and coordinate, enters state 0x18 and marks terrain cells; exact Mac bodies/signatures and Windows ABI, ILTs, 0x144 child layout, vtables, state constants and loader behavior corroborate ownership",exact_tuple,0x00010F3E
CODE_06_AI.bin,0x000110A2,Process__5CHandFv,0x00427C40,high,"advances capture release states and network transitions; exact Mac bodies/signatures and Windows ABI, ILTs, 0x144 child layout, vtables, state constants and loader behavior corroborate ownership",exact_tuple,0x000110A2
CODE_06_AI.bin,0x00011175,StepOn__5CHandFRC7AICOORDP11CGameObject,0x00427D70,high,"tests entity type and capture band then arms state 0x19; exact Mac bodies/signatures and Windows ABI, ILTs, 0x144 child layout, vtables, state constants and loader behavior corroborate ownership",exact_tuple,0x00011175
CODE_06_AI.bin,0x000111DC,DoActivate__5CHandFv,0x00427E10,high,"preserves target and converts relative delays to frame ticks; exact Mac bodies/signatures and Windows ABI, ILTs, 0x144 child layout, vtables, state constants and loader behavior corroborate ownership",exact_tuple,0x000111DC
CODE_06_AI.bin,0x00011260,__ct__12CHandManagerFP3CAIi,0x00427E60,high,"constructs EFF-backed hand manager and stores owner capacity; exact Mac bodies/signatures and Windows ABI, ILTs, 0x144 child layout, vtables, state constants and loader behavior corroborate ownership",exact_tuple,0x00011260
CODE_06_AI.bin,0x000112C4,Restart__12CHandManagerFv,0x00427EC0,high,"restarts all capacity-counted hand children with 0x144 stride; exact Mac bodies/signatures and Windows ABI, ILTs, 0x144 child layout, vtables, state constants and loader behavior corroborate ownership",exact_tuple,0x000112C4
CODE_06_AI.bin,0x0001138C,Initialise__12CHandManagerFi,0x00427EF0,high,"allocates counted 0x144-byte hand array and links manager owner; exact Mac bodies/signatures and Windows ABI, ILTs, 0x144 child layout, vtables, state constants and loader behavior corroborate ownership",exact_tuple,0x0001138C
CODE_06_AI.bin,0x00011408,__dt__12CHandManagerFv,0x00427FA0,high,"destroys owned hand array and EFF stream base; exact Mac bodies/signatures and Windows ABI, ILTs, 0x144 child layout, vtables, state constants and loader behavior corroborate ownership",exact_tuple,0x00011408
CODE_06_AI.bin,0x000114AF,StepOn__12CHandManagerFRC7AICOORDP11CGameObject,0x00428360,high,"dispatches contact to active unarmed hand children; exact Mac bodies/signatures and Windows ABI, ILTs, 0x144 child layout, vtables, state constants and loader behavior corroborate ownership",exact_tuple,0x000114AF
CODE_06_AI.bin,0x0001155E,Process__12CHandManagerFv,0x004283C0,high,"refreshes active and remote hand state machines; exact Mac bodies/signatures and Windows ABI, ILTs, 0x144 child layout, vtables, state constants and loader behavior corroborate ownership",exact_tuple,0x0001155E
CODE_06_AI.bin,0x000115CD,GetViewData__12CHandManagerFP9CViewData,0x00428410,high,"emits one view record per live hand; exact Mac bodies/signatures and Windows ABI, ILTs, 0x144 child layout, vtables, state constants and loader behavior corroborate ownership",exact_tuple,0x000115CD
CODE_06_AI.bin,0x0001167C,Add__12CHandManagerFUsiii,0x00428460,high,"converts level coordinates to fixed point and seeds next hand; exact Mac bodies/signatures and Windows ABI, ILTs, 0x144 child layout, vtables, state constants and loader behavior corroborate ownership",exact_tuple,0x0001167C
CODE_06_AI.bin,0x00011749,LoadLevel__12CHandManagerFPUciUc,0x004284C0,high,"loads count slot ids and coordinate records by level version; exact Mac bodies/signatures and Windows ABI, ILTs, 0x144 child layout, vtables, state constants and loader behavior corroborate ownership",exact_tuple,0x00011749
CODE_06_AI.bin,0x00013546,__ct__6CLaserFv,0x00428890,high,"constructs level chunk type 0x2f and installs laser vtable; exact Mac body/signature and Windows ABI, ILT, 0x148 layout, vtable, state constants and loader behavior corroborate ownership",exact_tuple,0x00013546
CODE_06_AI.bin,0x00013574,Restart__6CLaserFv,0x004288B0,high,"restarts managed base then laser runtime state; exact Mac body/signature and Windows ABI, ILT, 0x148 layout, vtable, state constants and loader behavior corroborate ownership",exact_tuple,0x00013574
CODE_06_AI.bin,0x000135A8,Initialise__6CLaserFv,0x004288D0,high,"clears active flags target and state to 0x18; exact Mac body/signature and Windows ABI, ILT, 0x148 layout, vtable, state constants and loader behavior corroborate ownership",exact_tuple,0x000135A8
CODE_06_AI.bin,0x00013606,__dt__6CLaserFv,0x004288F0,high,"restores laser vtable and destroys level chunk base; exact Mac body/signature and Windows ABI, ILT, 0x148 layout, vtable, state constants and loader behavior corroborate ownership",exact_tuple,0x00013606
CODE_06_AI.bin,0x00013765,Set__6CLaserFUsRC7AICOORD11eObjectType,0x00428900,high,"stores slot coordinate subtype and marks directional beam footprint; exact Mac body/signature and Windows ABI, ILT, 0x148 layout, vtable, state constants and loader behavior corroborate ownership",exact_tuple,0x00013765
CODE_06_AI.bin,0x000138D2,CheckHits__6CLaserFv,0x00428AB0,high,"scans beam path against terrain and type-two managed targets; exact Mac body/signature and Windows ABI, ILT, 0x148 layout, vtable, state constants and loader behavior corroborate ownership",exact_tuple,0x000138D2
CODE_06_AI.bin,0x00013AB8,Process__6CLaserFv,0x00428CF0,high,"advances laser states 0x17 through 0x1a and mirrors network state; exact Mac body/signature and Windows ABI, ILT, 0x148 layout, vtable, state constants and loader behavior corroborate ownership",exact_tuple,0x00013AB8
CODE_06_AI.bin,0x00013B42,Activate__6CLaserFv,0x00428EC0,high,"starts reacquire delay and transitions to state 0x19; exact Mac body/signature and Windows ABI, ILT, 0x148 layout, vtable, state constants and loader behavior corroborate ownership",exact_tuple,0x00013B42
CODE_06_AI.bin,0x00013BC1,StepOn__6CLaserFRC7AICOORDP11CGameObject,0x00428F30,high,"tests target type and distance then binds pending target; exact Mac body/signature and Windows ABI, ILT, 0x148 layout, vtable, state constants and loader behavior corroborate ownership",exact_tuple,0x00013BC1
CODE_06_AI.bin,0x00014017,GetViewData__6CLaserFP9CViewData,0x00428F90,high,"emits base and up to seven directional beam view records; exact Mac body/signature and Windows ABI, ILT, 0x148 layout, vtable, state constants and loader behavior corroborate ownership",exact_tuple,0x00014017
CODE_06_AI.bin,0x000140A6,__ct__13CLaserManagerFP3CAIi,0x00429320,high,"constructs EFF-backed manager with owner and capacity; exact Mac body/signature and Windows ABI, ILT, 0x148 layout, vtable, state constants and loader behavior corroborate ownership",exact_tuple,0x000140A6
CODE_06_AI.bin,0x0001410C,Restart__13CLaserManagerFv,0x00429380,high,"restarts capacity-counted children at 0x148 stride; exact Mac body/signature and Windows ABI, ILT, 0x148 layout, vtable, state constants and loader behavior corroborate ownership",exact_tuple,0x0001410C
CODE_06_AI.bin,0x000141D0,Initialise__13CLaserManagerFi,0x004293B0,high,"allocates constructs and links 0x148-byte child array; exact Mac body/signature and Windows ABI, ILT, 0x148 layout, vtable, state constants and loader behavior corroborate ownership",exact_tuple,0x000141D0
CODE_06_AI.bin,0x0001424C,__dt__13CLaserManagerFv,0x00429450,high,"vector-deletes child array and destroys EFF stream base; exact Mac body/signature and Windows ABI, ILT, 0x148 layout, vtable, state constants and loader behavior corroborate ownership",exact_tuple,0x0001424C
CODE_06_AI.bin,0x000142FF,StepOn__13CLaserManagerFRC7AICOORDP11CGameObject,0x004297F0,high,"dispatches contact to idle eligible laser children; exact Mac body/signature and Windows ABI, ILT, 0x148 layout, vtable, state constants and loader behavior corroborate ownership",exact_tuple,0x000142FF
CODE_06_AI.bin,0x000143B4,Process__13CLaserManagerFv,0x00429850,high,"marks live children dirty and advances active state machines; exact Mac body/signature and Windows ABI, ILT, 0x148 layout, vtable, state constants and loader behavior corroborate ownership",exact_tuple,0x000143B4
CODE_06_AI.bin,0x00014421,GetViewData__13CLaserManagerFP9CViewData,0x004298A0,high,"aggregates variable-count laser view records; exact Mac body/signature and Windows ABI, ILT, 0x148 layout, vtable, state constants and loader behavior corroborate ownership",exact_tuple,0x00014421
CODE_06_AI.bin,0x000144D5,Add__13CLaserManagerFUsiii11eObjectType,0x004298F0,high,"converts tile coordinates and appends typed laser child; exact Mac body/signature and Windows ABI, ILT, 0x148 layout, vtable, state constants and loader behavior corroborate ownership",exact_tuple,0x000144D5
CODE_06_AI.bin,0x000145C5,LoadLevel__13CLaserManagerFPUciUc,0x00429950,high,"loads count optional slot id subtype and tile coordinates; exact Mac body/signature and Windows ABI, ILT, 0x148 layout, vtable, state constants and loader behavior corroborate ownership",exact_tuple,0x000145C5
CODE_06_AI.bin,0x00002FE2,__ct__12CBalloonPostFP3CAI,0x00429F50,high,"initializes four post positions and allocates four typed balloon objects; exact Mac body/signature and Windows ABI, four-record layout, subtype constants, terrain and loader behavior corroborate ownership",exact_tuple,0x00002FE2
CODE_06_AI.bin,0x00003056,Restart__12CBalloonPostFv,0x0042A030,high,"clears active mask and restarts all four owned balloon objects; exact Mac body/signature and Windows ABI, four-record layout, subtype constants, terrain and loader behavior corroborate ownership",exact_tuple,0x00003056
CODE_06_AI.bin,0x00003112,__dt__12CBalloonPostFv,0x0042A070,high,"deletes the four owned balloon objects; exact Mac body/signature and Windows ABI, four-record layout, subtype constants, terrain and loader behavior corroborate ownership",exact_tuple,0x00003112
CODE_06_AI.bin,0x000031CB,FindPost__12CBalloonPostF11eObjectTypeR7AICOORD,0x0042A0B0,high,"selects typed post copies its coordinate and returns active mask bit; exact Mac body/signature and Windows ABI, four-record layout, subtype constants, terrain and loader behavior corroborate ownership",exact_tuple,0x000031CB
CODE_06_AI.bin,0x0000336A,Process__12CBalloonPostFv,0x0042A170,high,"samples terrain height for each active post and updates child coordinates; exact Mac body/signature and Windows ABI, four-record layout, subtype constants, terrain and loader behavior corroborate ownership",exact_tuple,0x0000336A
CODE_06_AI.bin,0x0000345B,GetViewData__12CBalloonPostFP9CViewData,0x0042A320,high,"emits one child view record per active post bit; exact Mac body/signature and Windows ABI, four-record layout, subtype constants, terrain and loader behavior corroborate ownership",exact_tuple,0x0000345B
CODE_06_AI.bin,0x000035C7,LoadLevel__12CBalloonPostFPUciUc,0x0042A4E0,high,"loads active mask and four fixed-point post coordinates; exact Mac body/signature and Windows ABI, four-record layout, subtype constants, terrain and loader behavior corroborate ownership",exact_tuple,0x000035C7
CODE_06_AI.bin,0x00020576,__ct__11CTrampolineFv,0x0042A990,high,constructs level chunk type 0x22 and installs TRAM vtable,exact_tuple,0x00020576
CODE_06_AI.bin,0x000205B4,Restart__11CTrampolineFv,0x0042A9B0,high,resets managed runtime and clears timestamp configured and active fields,exact_tuple,0x000205B4
CODE_06_AI.bin,0x00020616,__dt__11CTrampolineFv,0x0042A9D0,high,restores TRAM vtable and destroys level chunk base,exact_tuple,0x00020616
CODE_06_AI.bin,0x000206C0,Set__11CTrampolineFUsRC7AICOORD,0x0042A9E0,high,stores slot and fixed coordinates enters state 0x18 and marks terrain metadata,exact_tuple,0x000206C0
CODE_06_AI.bin,0x0002076C,Process__11CTrampolineFv,0x0042AA80,high,mirrors state changes and returns state 0x1b to idle after deadline,exact_tuple,0x0002076C
CODE_06_AI.bin,0x00020BC7,Hit__11CTrampolineFRC7AICOORDP11CGameObject,0x0042AB90,high,tests 3D overlap emits bounded impulse enters cooldown and awards score,exact_tuple,0x00020BC7
CODE_06_AI.bin,0x00020C63,__ct__18CTrampolineManagerFP3CAIi,0x0042AF60,high,constructs EFF stream 0x18 payload 0x0d and records owner capacity,exact_tuple,0x00020C63
CODE_06_AI.bin,0x00020CCE,Restart__18CTrampolineManagerFv,0x0042AFC0,high,restarts every child using 0x144 byte stride,exact_tuple,0x00020CCE
CODE_06_AI.bin,0x00020D9D,Initialise__18CTrampolineManagerFi,0x0042AFF0,high,allocates and constructs the 0x144 byte child array,exact_tuple,0x00020D9D
CODE_06_AI.bin,0x00020E1E,__dt__18CTrampolineManagerFv,0x0042B090,high,deletes child array and destroys EFF stream base,exact_tuple,0x00020E1E
CODE_06_AI.bin,0x00020EAA,Process__18CTrampolineManagerFv,0x0042B4A0,high,activates and processes each configured child,exact_tuple,0x00020EAA
CODE_06_AI.bin,0x00020F35,GetViewData__18CTrampolineManagerFP9CViewData,0x0042B4F0,high,emits 0x4c byte view records for active children,exact_tuple,0x00020F35
CODE_06_AI.bin,0x00020FB7,Hit__18CTrampolineManagerFRC7AICOORDP11CGameObject,0x0042B550,high,returns after first child applies trampoline impulse,exact_tuple,0x00020FB7
CODE_06_AI.bin,0x00021070,Add__18CTrampolineManagerFUsiii,0x0042B5A0,high,converts integer coordinates to fixed point and appends one child,exact_tuple,0x00021070
CODE_06_AI.bin,0x00021143,LoadLevel__18CTrampolineManagerFPUciUc,0x0042B600,high,loads versioned slot IDs and coordinates through Add,exact_tuple,0x00021143
CODE_06_AI.bin,0x0001B29E,__ct__9CPaintGunFv,0x0042BAD0,high,constructs level chunk type 0x21 and installs PGUN vtable,exact_tuple,0x0001B29E
CODE_06_AI.bin,0x0001B2DE,Restart__9CPaintGunFv,0x0042BAF0,high,resets managed runtime and clears timestamp active configured and subtype fields,exact_tuple,0x0001B2DE
CODE_06_AI.bin,0x0001B33C,__dt__9CPaintGunFv,0x0042BB20,high,restores PGUN vtable and destroys level chunk base,exact_tuple,0x0001B33C
CODE_06_AI.bin,0x0001B3EC,Set__9CPaintGunFUsRC7AICOORDi,0x0042BB30,high,stores slot fixed coordinates and subtype enters state 0x18 and marks tile metadata,exact_tuple,0x0001B3EC
CODE_06_AI.bin,0x0001B890,Process__9CPaintGunFv,0x0042BBE0,high,runs timed firing states and emits four directional projectiles,exact_tuple,0x0001B890
CODE_06_AI.bin,0x0001B914,__ct__16CPaintGunManagerFP3CAIi,0x0042BFE0,high,constructs EFF stream 0x1f payload 0x14 and records owner capacity,exact_tuple,0x0001B914
CODE_06_AI.bin,0x0001B97C,Restart__16CPaintGunManagerFv,0x0042C040,high,restarts every child using 0x144 byte stride,exact_tuple,0x0001B97C
CODE_06_AI.bin,0x0001BA49,Initialise__16CPaintGunManagerFi,0x0042C070,high,allocates constructs and owns the 0x144 byte child array,exact_tuple,0x0001BA49
CODE_06_AI.bin,0x0001BAC8,__dt__16CPaintGunManagerFv,0x0042C120,high,deletes child array and destroys EFF stream base,exact_tuple,0x0001BAC8
CODE_06_AI.bin,0x0001BB52,Process__16CPaintGunManagerFv,0x0042C4D0,high,marks and processes every configured active child,exact_tuple,0x0001BB52
CODE_06_AI.bin,0x0001BBDB,GetViewData__16CPaintGunManagerFP9CViewData,0x0042C520,high,emits 0x4c byte view records for active children,exact_tuple,0x0001BBDB
CODE_06_AI.bin,0x0001BCAC,Add__16CPaintGunManagerFUsiiii,0x0042C590,high,converts coordinates to fixed point appends child and stores subtype,exact_tuple,0x0001BCAC
CODE_06_AI.bin,0x0001BD99,LoadLevel__16CPaintGunManagerFPUciUc,0x0042C610,high,loads versioned slot coordinates and subtype records through Add,exact_tuple,0x0001BD99
CODE_06_AI.bin,0x0001179A,__ct__4CIceFv,0x0042CA70,high,constructs level chunk type 0x33 and installs ICE vtable,exact_tuple,0x0001179A
CODE_06_AI.bin,0x000117C6,Restart__4CIceFv,0x0042CA90,high,restarts inherited runtime then calls CIce Initialise,exact_tuple,0x000117C6
CODE_06_AI.bin,0x00011804,Initialise__4CIceFv,0x0042CAB0,high,clears runtime flags attached count and records current tick,exact_tuple,0x00011804
CODE_06_AI.bin,0x00011860,__dt__4CIceFv,0x0042CAF0,high,restores ICE vtable and destroys level chunk base,exact_tuple,0x00011860
CODE_06_AI.bin,0x00011A19,Set__4CIceFUsRC8tCoord3dRC8tCoord3diiUc,0x0042CB00,high,stores endpoints movement and activation marks covered terrain and samples heights,exact_tuple,0x00011A19
CODE_06_AI.bin,0x00011FF8,Process__4CIceFv,0x0042CD70,high,moves attached entities toggles activation and redispatches terrain contacts,exact_tuple,0x00011FF8
CODE_06_AI.bin,0x00012151,StepOn__4CIceFRC7AICOORDP11CGameObject,0x0042D380,high,attaches eligible entities inside bounds to the ten-entry held list,exact_tuple,0x00012151
CODE_06_AI.bin,0x000121EC,Leave__4CIceFP14CPlayerLemming,0x0042D4D0,high,removes the matching lemming from the attached entity list,exact_tuple,0x000121EC
CODE_06_AI.bin,0x00012434,Switched__4CIceFv,0x0042D560,high,releases held entities when disabled and refreshes activation timestamp when enabled,exact_tuple,0x00012434
CODE_06_AI.bin,0x000124B4,__ct__11CIceManagerFP3CAIi,0x0042D7A0,high,constructs EFF stream 0x19 payload 0x0e and records owner capacity,exact_tuple,0x000124B4
CODE_06_AI.bin,0x00012518,Restart__11CIceManagerFv,0x0042D800,high,restarts every child using 0x188 byte stride,exact_tuple,0x00012518
CODE_06_AI.bin,0x000125E0,Initialise__11CIceManagerFi,0x0042D830,high,allocates constructs and owns the 0x188 byte child array,exact_tuple,0x000125E0
CODE_06_AI.bin,0x0001265A,__dt__11CIceManagerFv,0x0042D8E0,high,deletes child array and destroys EFF stream base,exact_tuple,0x0001265A
CODE_06_AI.bin,0x000126B2,Process__11CIceManagerFv,0x0042DD00,high,processes every configured child,exact_tuple,0x000126B2
CODE_06_AI.bin,0x000126DF,GetViewData__11CIceManagerFP9CViewData,0x0042DD30,high,exact constant-zero Macintosh view method,exact_tuple,0x000126DF
CODE_06_AI.bin,0x00012759,StepOn__11CIceManagerFRC7AICOORDP11CGameObject,0x0042DD40,high,tries each child until one accepts the entity,exact_tuple,0x00012759
CODE_06_AI.bin,0x00012871,Add__11CIceManagerFUsRC8tCoord3dRC8tCoord3diiUc,0x0042DDF0,high,appends one bounded moving ICE rectangle,exact_tuple,0x00012871
CODE_06_AI.bin,0x000129C8,LoadLevel__11CIceManagerFPUciUc,0x0042DEA0,high,loads versioned endpoints movement activation and slot records through Add,exact_tuple,0x000129C8
CODE_07_Control.bin,0x00001C1C,__ct__5CGameFPc,0x00406DF0,high,constructs the main game context resource archive views audio modes and startup path,exact_tuple,0x00001C1C
CODE_07_Control.bin,0x00001D98,__dt__5CGameFv,0x004071D0,high,tears down active mode view resources audio network state and progress data,exact_tuple,0x00001D98
CODE_07_Control.bin,0x00001E4A,IsValidResource__5CGameFv,0x00407300,high,decodes resource 0x100 and validates the expected master version string,exact_tuple,0x00001E4A
CODE_07_Control.bin,0x00001EAA,LoadFrontendResources__5CGameFi,0x004073B0,high,lazily constructs the frontend variant resource helper for requested mode mask,exact_tuple,0x00001EAA
CODE_07_Control.bin,0x00001EF7,UnLoadFrontendResources__5CGameFv,0x004073F0,high,destroys frees and clears the frontend resource helper,exact_tuple,0x00001EF7
CODE_07_Control.bin,0x0000234D,NextProcess__5CGameF14eFlowProcesses,0x00407420,high,destroys current process creates the requested flow process and switches the active view,exact_tuple,0x0000234D
CODE_07_Control.bin,0x000024F4,Process__5CGameFv,0x004077E0,high,updates active view and process handles transition and quit requests and network service,exact_tuple,0x000024F4
CODE_07_Control.bin,0x00002586,RefreshViews__5CGameFv,0x004078F0,high,presents the active view with refresh timing accounting,exact_tuple,0x00002586
CODE_07_Control.bin,0x0000266C,Run__5CGameFv,0x00407950,high,runs message process and refresh loop until quit,exact_tuple,0x0000266C
CODE_07_Control.bin,0x00000B0E,__ct__5CDemoFi,0x004091B0,high,constructs the demo controller registers render dispatch at priority -100 and resets playback state,exact_tuple,0x00000B0E
CODE_07_Control.bin,0x00000B78,__dt__5CDemoFv,0x00409220,high,releases demo data unregisters render dispatch and restores the base vtable,exact_tuple,0x00000B78
CODE_07_Control.bin,0x00000E1C,SendNextPacket__5CDemoFi,0x00409250,high,dispatches all recorded input packets for the requested frame,exact_tuple,0x00000E1C
CODE_07_Control.bin,0x00000F6A,LoadBuffer__5CDemoFv,0x00409460,high,loads resource or file backed demo data and primes the record cursor,exact_tuple,0x00000F6A
CODE_07_Control.bin,0x00001012,GetUserPacket__5CDemoFPUcRUl,0x00409560,high,reads one length-prefixed user packet and advances remaining data,exact_tuple,0x00001012
CODE_07_Control.bin,0x00001050,Reset__5CDemoFv,0x004095E0,high,resets buffer sentinel frame timeout stop and cursor state,exact_tuple,0x00001050
CODE_07_Control.bin,0x00001092,SetDemoMode__5CDemoFUc,0x00409600,high,enables playback with reset or disables it with cleanup,exact_tuple,0x00001092
CODE_07_Control.bin,0x00001102,Process__5CDemoFv,0x00409620,high,services timed playback and dispatches all packets for the current frame,exact_tuple,0x00001102
CODE_07_Control.bin,0x00001164,CleanUp__5CDemoFv,0x00409660,high,releases resource or owned file buffer and clears pointers,exact_tuple,0x00001164
CODE_07_Control.bin,0x00001192,GameIsOver__5CDemoFv,0x004096A0,high,marks playback stopped and cleans up the active buffer,exact_tuple,0x00001192
CODE_07_Control.bin,0x00001205,ProcessMsg__5CDemoFP10tagMESSAGE,0x004096B0,high,filters live input and passes synthetic recorded messages,exact_tuple,0x00001205
CODE_07_Control.bin,0x000026AC,__ct__12CLevelLoaderFP3CAI,0x00408210,high,constructs the 8-byte loader context with CAI owner level path and cleared level cursor,exact_tuple,0x000026AC
CODE_07_Control.bin,0x00002CB5,LoadLevel__12CLevelLoaderF6eSkilliUc,0x00408240,high,loads and dispatches the complete tagged level chunk stream for skill level and player,exact_tuple,0x00002CB5
CODE_07_Control.bin,0x00002D61,LocateStartOfLevelFile__12CLevelLoaderFv,0x004087B0,high,opens reads and owns the override level file buffer,exact_tuple,0x00002D61
CODE_07_Control.bin,0x00002DCF,GetNextBlockHeader__12CLevelLoaderFP18tagLoadBlockHeader,0x00408830,high,returns first or aligned next tagged level block header,exact_tuple,0x00002DCF
CODE_07_Control.bin,0x000031D9,RetrievePreviewData__12CLevelLoaderF6eSkilliP12tPreviewData,0x00408850,high,reads AI player count name and network totals into preview data,exact_tuple,0x000031D9
CODE_07_Control.bin,0x0000326F,CalcLevelID__12CLevelLoaderF6eSkilli,0x00408B00,high,calculates the BIN resource id from skill-specific bases and level,exact_tuple,0x0000326F
CODE_07_Control.bin,0x000000D8,VSPreInit__FP11tagPRE_INIT,0x00406160,high,copies and finalizes startup graphics configuration including icon and supported dimensions,exact_tuple,0x000000D8
CODE_07_Control.bin,0x00000790,VSmain__FiPPc,0x00406310,high,runs the complete game session lifecycle from command line through CGame and cleanup,exact_tuple,0x00000790
CODE_07_Control.bin,0x000008C6,ReturnFacingDirection__Fiiii,0x00413E80,high,computes the same eight-way fixed-point direction octant between points,exact_tuple,0x000008C6
CODE_07_Control.bin,0x0000095A,Distance__Fiiii,0x00413F80,high,computes Euclidean integer point distance through CVSMath square root,exact_tuple,0x0000095A
CODE_07_Control.bin,0x00000A14,_DEMO_Init__Fi,0x00409150,high,allocates and constructs the global CDemo controller for the requested interval,exact_tuple,0x00000A14
CODE_07_Control.bin,0x00000A5E,_DEMO_Quit__Fv,0x00409180,high,deletes and clears the global CDemo controller,exact_tuple,0x00000A5E
CODE_07_Control.bin,0x00001238,ClockEditMode__FUc,0x00408080,high,sets the level frame clock pause edit-mode flag,exact_tuple,0x00001238
CODE_07_Control.bin,0x0000128E,ResetGameTimes__Fv,0x00408090,high,clears frame clocks and seeds time and 50ms tick baselines,exact_tuple,0x0000128E
CODE_07_Control.bin,0x00001374,SetGameTime__Fv,0x004080D0,high,advances demo or live game time with pause and jump-clamp behavior,exact_tuple,0x00001374
CODE_07_Control.bin,0x000013C0,SetRemoteGameTimeReal__FUl,0x00408190,high,accepts newer remote time and updates its 50ms frame index,exact_tuple,0x000013C0
CODE_06_AI.bin,0x00012A18,__ct__16CInvisibleSwitchFv,0x00409CA0,high,constructs chunk type 0x36 and installs the invisible-switch vtable,exact_tuple,0x00012A18
CODE_06_AI.bin,0x00012A52,Restart__16CInvisibleSwitchFv,0x00409CC0,high,resets inherited state then invisible-switch runtime fields,exact_tuple,0x00012A52
CODE_06_AI.bin,0x00012A9D,Initialise__16CInvisibleSwitchFv,0x00409CE0,high,clears trigger action tracked-object and sound state,exact_tuple,0x00012A9D
CODE_06_AI.bin,0x00012B06,__dt__16CInvisibleSwitchFv,0x00409D10,high,restores the class vtable and destroys the chunk-object base,exact_tuple,0x00012B06
CODE_06_AI.bin,0x00012C63,Set__16CInvisibleSwitchFRC8tCoord3dRC8tCoord3d,0x00409D70,high,normalizes two coordinate bounds marks grid cells and resets tracked objects,exact_tuple,0x00012C63
CODE_06_AI.bin,0x00012D61,VerifyObjects__16CInvisibleSwitchFv,0x00409EC0,high,prunes tracked objects outside the expanded switch bounds,exact_tuple,0x00012D61
CODE_06_AI.bin,0x00012DCF,AddObject__16CInvisibleSwitchFP11CGameObject,0x00409F70,high,appends a tracked object and records this switch slot id,exact_tuple,0x00012DCF
CODE_06_AI.bin,0x00012E8B,StepOn__16CInvisibleSwitchFRC7AICOORDP11CGameObject,0x00409FA0,high,tests contact bounds and requests activation for a new object,exact_tuple,0x00012E8B
CODE_06_AI.bin,0x00012EF1,DoActivate__16CInvisibleSwitchFv,0x0040A020,high,dispatches the activation score or sound action once,exact_tuple,0x00012EF1
CODE_06_AI.bin,0x00012FF6,Process__16CInvisibleSwitchFv,0x0040A050,high,verifies tracked objects and performs the activation action sequence,exact_tuple,0x00012FF6
CODE_06_AI.bin,0x00013120,Load__16CInvisibleSwitchFRPUc,0x0040A110,high,loads slot bounds versioned type and action records through a byte cursor,exact_tuple,0x00013120
CODE_06_AI.bin,0x000131AD,__ct__23CInvisibleSwitchManagerFP3CAIi,0x0040A210,high,constructs the manager stream and records owner capacity and object array,exact_tuple,0x000131AD
CODE_06_AI.bin,0x0001321D,Restart__23CInvisibleSwitchManagerFv,0x0040A270,high,restarts every allocated invisible switch at stride 0x2B8,exact_tuple,0x0001321D
CODE_06_AI.bin,0x000132F1,Initialise__23CInvisibleSwitchManagerFi,0x0040A2A0,high,allocates constructs restarts and binds the invisible-switch array,exact_tuple,0x000132F1
CODE_06_AI.bin,0x00013373,__dt__23CInvisibleSwitchManagerFv,0x0040A350,high,destroys the owned switch array and manager stream base,exact_tuple,0x00013373
CODE_06_AI.bin,0x000133DF,StepOn__23CInvisibleSwitchManagerFRC7AICOORDP11CGameObject,0x0040A370,high,dispatches contact to each active invisible switch,exact_tuple,0x000133DF
CODE_06_AI.bin,0x0001345D,Process__23CInvisibleSwitchManagerFv,0x0040A3B0,high,processes each active invisible switch through its virtual slot,exact_tuple,0x0001345D
CODE_06_AI.bin,0x000134E9,LoadLevel__23CInvisibleSwitchManagerFPUciUc,0x0040A490,high,allocates and loads all serialized invisible switches,exact_tuple,0x000134E9
CODE_06_AI.bin,0x00014618,__ct__5CLiftFv,0x00424D00,high,constructs chunk type 0x212 and installs the lift vtable,exact_tuple,0x00014618
CODE_06_AI.bin,0x00014670,__dt__5CLiftFv,0x00424D20,high,restores the lift vtable and destroys the chunk-object base,exact_tuple,0x00014670
CODE_06_AI.bin,0x0001478E,CalculateCliff__5CLiftFv,0x00424D30,high,refreshes boundary tile-column cliff counts around the lift footprint,exact_tuple,0x0001478E
CODE_06_AI.bin,0x00014959,Edit__5CLiftFisii17eLiftActivateTypeUc,0x00424DF0,high,initializes lift motion bounds modes tile flags and runtime state,exact_tuple,0x00014959
CODE_06_AI.bin,0x000149D9,Set__5CLiftFiiisii17eLiftActivateTypeUc,0x00425010,high,converts the legacy coordinate form and delegates to endpoint setup,exact_tuple,0x000149D9
CODE_06_AI.bin,0x00014AC9,Set__5CLiftFR8tCoord3dR8tCoord3dsii17eLiftActivateTypeUc,0x00425060,high,copies endpoint coordinates assigns id and initializes lift behavior,exact_tuple,0x00014AC9
CODE_06_AI.bin,0x00014DDA,Process__5CLiftFv,0x00425100,high,advances the timed lift state machine and updates covered tile heights,exact_tuple,0x00014DDA
CODE_06_AI.bin,0x00014E86,CheckObjects__5CLiftFv,0x00425440,high,prunes stale or detached lift passengers from eight object slots,exact_tuple,0x00014E86
CODE_06_AI.bin,0x00014FD1,StepOn__5CLiftFRC7AICOORDP11CGameObject,0x004254A0,high,tests footprint and platform height then attaches and activates objects,exact_tuple,0x00014FD1
CODE_06_AI.bin,0x00015024,Activate__5CLiftFv,0x00425640,high,sets active state and requests managed state 0x19,exact_tuple,0x00015024
CODE_06_AI.bin,0x0001506E,ActivateDeactivate__5CLiftFv,0x00425660,high,activates an idle lift or requests deactivation state 8,exact_tuple,0x0001506E
CODE_06_AI.bin,0x000150FA,__ct__12CLiftManagerFP3CAIi,0x00425680,high,constructs stream type 0x12 payload 7 and stores owner and capacity,exact_tuple,0x000150FA
CODE_06_AI.bin,0x00015164,Restart__12CLiftManagerFv,0x004256E0,high,resets the lift id allocator and every allocated lift,exact_tuple,0x00015164
CODE_06_AI.bin,0x0001522C,Initialise__12CLiftManagerFi,0x00425720,high,allocates constructs binds and restarts a contiguous 0x190-stride lift array,exact_tuple,0x0001522C
CODE_06_AI.bin,0x000152A2,__dt__12CLiftManagerFv,0x004257C0,high,destroys the lift array then inherited stream state,exact_tuple,0x000152A2
CODE_06_AI.bin,0x00015328,Process__12CLiftManagerFv,0x00425D30,high,processes and prunes each active lift,exact_tuple,0x00015328
CODE_06_AI.bin,0x0001538B,StepOn__12CLiftManagerFRC7AICOORDP11CGameObject,0x00425D80,high,dispatches entity contact across all active lifts,exact_tuple,0x0001538B
CODE_06_AI.bin,0x000154EB,GetViewData__12CLiftManagerFP9CViewData,0x00425DF0,high,emits one complete view record for each active lift,exact_tuple,0x000154EB
CODE_06_AI.bin,0x000155F3,Switch__12CLiftManagerF9swMessageiii,0x00425F10,high,dispatches activate or toggle action to the addressed lift slot,exact_tuple,0x000155F3
CODE_06_AI.bin,0x00015650,Id__12CLiftManagerFi,0x00425F90,high,returns lift slot id by index or 0xffff out of range,exact_tuple,0x00015650
CODE_06_AI.bin,0x000158DD,LoadLevel__12CLiftManagerFPUciUc,0x00425FC0,high,loads version-dependent lift records with legacy and endpoint layouts,exact_tuple,0x000158DD
CODE_06_AI.bin,0x00015924,__ct__5CMazeFP4CMap,0x00423090,high,constructs the maze around CMap and clears row grid frontier banks dimensions and counters,exact_tuple,0x00015924
CODE_06_AI.bin,0x00015992,__dt__5CMazeFv,0x004230C0,high,frees every allocated distance row and the row pointer table,exact_tuple,0x00015992
CODE_06_AI.bin,0x00015A0C,ReInitialise__5CMazeFv,0x00423110,high,refills the 16-bit passability grid from map tile flag bit zero,exact_tuple,0x00015A0C
CODE_06_AI.bin,0x00015AC0,Initialise__5CMazeFv,0x00423190,high,resizes row storage to map dimensions then reinitialises passability,exact_tuple,0x00015AC0
CODE_06_AI.bin,0x00015BB2,CalcNewDistance__5CMazeFii,0x00423230,high,relaxes one reachable tile from nine edge-mask-constrained neighbors,exact_tuple,0x00015BB2
CODE_06_AI.bin,0x00015C70,FindSquare__5CMazeFUsRiRi,0x004232E0,high,steps backward to an adjacent tile carrying the requested distance,exact_tuple,0x00015C70
CODE_06_AI.bin,0x00015D86,UpdateChangeNext__5CMazeFii,0x00423380,high,marks the bounded 3 by 3 neighborhood in both frontier banks,exact_tuple,0x00015D86
CODE_06_AI.bin,0x00015DF0,Clear__5CMazeFPUc,0x004234A0,high,clears one fixed-stride frontier bitset over active maze dimensions,exact_tuple,0x00015DF0
CODE_06_AI.bin,0x00015E42,SwapChange__5CMazeFv,0x004234F0,high,clears the inactive frontier bank then toggles banks,exact_tuple,0x00015E42
CODE_06_AI.bin,0x00015F34,BInitialise__5CMazeFUciiii,0x00423530,high,seeds timed breadth search coordinates grids and initial frontier,exact_tuple,0x00015F34
CODE_06_AI.bin,0x00016106,BIteration__5CMazeFRUcRUc,0x00423650,high,expands one bounded wavefront iteration and reports found or exhausted state,exact_tuple,0x00016106
CODE_06_AI.bin,0x00016156,Direction__Fiiii,0x00423890,high,computes the direction code used to retain only path turns,exact_tuple,0x00016156
CODE_06_AI.bin,0x00016260,BSolution__5CMazeFRiP9tSolution,0x004238B0,high,walks decreasing distances and emits endpoint and turn solution points,exact_tuple,0x00016260
CODE_06_AI.bin,0x000167D4,__ct__12CMineManagerFP3CAIi,0x00424020,high,constructs stream type 0x0d payload 2 and stores owner capacity object and position arrays,exact_tuple,0x000167D4
CODE_06_AI.bin,0x00016838,Restart__12CMineManagerFv,0x00424080,high,restarts each allocated 0x150-stride mine object,exact_tuple,0x00016838
CODE_06_AI.bin,0x0001691E,Initialise__12CMineManagerFi,0x004240B0,high,allocates constructs indexes binds and restarts mines plus six-byte position cache entries,exact_tuple,0x0001691E
CODE_06_AI.bin,0x000169A8,__dt__12CMineManagerFv,0x00424170,high,destroys the mine array and position cache then inherited stream state,exact_tuple,0x000169A8
CODE_06_AI.bin,0x000169E5,Triggered__12CMineManagerFP5CMine,0x00424560,high,forwards triggering mine index and delay to nearby-mine propagation,exact_tuple,0x000169E5
CODE_06_AI.bin,0x00016B06,Trigger__12CMineManagerFii,0x00424580,high,propagates delayed state 0x1a within squared distance 0x801 excluding source,exact_tuple,0x00016B06
CODE_06_AI.bin,0x00016C2B,StepOn__12CMineManagerFRC7AICOORDP11CGameObject,0x00424630,high,tests active mines in an eight-pixel contact box then notifies and propagates,exact_tuple,0x00016C2B
CODE_06_AI.bin,0x00016D24,Add__12CMineManagerFUs7AICOORD,0x00424710,high,assigns slot seeds a mine and caches its three tile coordinates,exact_tuple,0x00016D24
CODE_06_AI.bin,0x00016DCA,Process__12CMineManagerFv,0x004247B0,high,resamples ground marks dirty and services pending active mines,exact_tuple,0x00016DCA
CODE_06_AI.bin,0x00016E3D,GetViewData__12CMineManagerFP9CViewData,0x00424800,high,emits one 0x4c-byte view record per active mine,exact_tuple,0x00016E3D
CODE_06_AI.bin,0x00016F69,LoadLevel__12CMineManagerFPUciUc,0x00424850,high,loads versioned slot ids and fixed-point mine coordinates,exact_tuple,0x00016F69
CODE_06_AI.bin,0x00006302,Restart__5CDoorFv,0x0040D490,high,restarts the managed entity base runtime state,exact_tuple,0x00006302
CODE_06_AI.bin,0x0000659A,Set__5CDoorF11eObjectTypeUsiii,0x0040D4A0,high,initializes type key position sequence state and vertical or horizontal tile footprint,exact_tuple,0x0000659A
CODE_06_AI.bin,0x000066AE,Delete__5CDoorFv,0x0040D760,high,clears occupancy flags across the door footprint,exact_tuple,0x000066AE
CODE_06_AI.bin,0x0000677A,SetCollision__5CDoorFv,0x0040D910,high,sets blocking flags on vertical or horizontal door footprint tiles,exact_tuple,0x0000677A
CODE_06_AI.bin,0x0000684C,ResetCollision__5CDoorFv,0x0040DA40,high,clears blocking flags on vertical or horizontal door footprint tiles,exact_tuple,0x0000684C
CODE_06_AI.bin,0x000069E0,Process__5CDoorFv,0x0040DB80,high,services delayed open and close states timestamps and collision transitions,exact_tuple,0x000069E0
CODE_06_AI.bin,0x00006A40,Unlock__5CDoorFv,0x0040DD00,high,states 0x1c or 0x1d delay 0x14 trigger 0x0b and state request 0x20,exact_tuple,0x00006A40
CODE_06_AI.bin,0x00006A7A,IsUsable__5CDoorF7eAction,0x0040DD30,high,accepts idle closed and unlocked door action states,exact_tuple,0x00006A7A
CODE_06_AI.bin,0x00006BBF,Hits__5CDoorFRC7AICOORDP11CGameObject,0x0040DD80,high,tests overlap consults key callback and requests door transitions,exact_tuple,0x00006BBF
CODE_06_AI.bin,0x00006CDE,__ct__12CDoorManagerFP3CAIi,0x0040DF30,high,constructs stream type 0x13 payload 8 and stores owner and capacity,exact_tuple,0x00006CDE
CODE_06_AI.bin,0x00006D42,Restart__12CDoorManagerFv,0x0040DF90,high,restarts every allocated 0x14c-stride door,exact_tuple,0x00006D42
CODE_06_AI.bin,0x00006E12,Initialise__12CDoorManagerFi,0x0040DFC0,high,allocates constructs binds and restarts the door array,exact_tuple,0x00006E12
CODE_06_AI.bin,0x00006E90,__dt__12CDoorManagerFv,0x0040E060,high,destroys the door array then inherited stream state,exact_tuple,0x00006E90
CODE_06_AI.bin,0x00006EFF,GetViewData__12CDoorManagerFP9CViewData,0x0040E080,high,emits one 0x4c-byte view record per active door,exact_tuple,0x00006EFF
CODE_06_AI.bin,0x00006FB9,Add__12CDoorManagerFUs11eObjectTypeUsiii,0x0040E0C0,high,assigns a slot initializes a door and returns its array index,exact_tuple,0x00006FB9
CODE_06_AI.bin,0x00007035,Open__12CDoorManagerFRC7AICOORDP11CGameObject,0x0040E500,high,dispatches overlap handling until one active door opens,exact_tuple,0x00007035
CODE_06_AI.bin,0x000070E4,Process__12CDoorManagerFv,0x0040E550,high,marks and services doors with active or delayed state,exact_tuple,0x000070E4
CODE_06_AI.bin,0x000072DB,LoadLevel__12CDoorManagerFPUciUc,0x0040E630,high,loads versioned slot key type and position records,exact_tuple,0x000072DB
CODE_06_AI.bin,0x0000A8AE,Jump__11CGameObjectFv,0x00416130,high,rising trajectory terrain clamp saved-position restore and lift/contact handling match,exact_tuple,0x0000A8AE
CODE_06_AI.bin,0x0000AA94,Fall__11CGameObjectFv,0x00416220,high,falling trajectory tile-centering landing cleanup and lift/contact handling match,exact_tuple,0x0000AA94
CODE_06_AI.bin,0x0000AB93,OffLift__11CGameObjectFR8tCoord3d,0x00416410,high,one-reference virtual forwarder matches slot and RET 4 ABI,exact_tuple,0x0000AB93
CODE_06_AI.bin,0x0000ACAF,OffLift__11CGameObjectFR8tCoord3dR8tCoord3d,0x004164F0,high,two-reference virtual forwarder matches slot and RET 8 ABI,exact_tuple,0x0000ACAF
CODE_06_AI.bin,0x0000AD53,StartSommersault__11CGameObjectFv,0x00416510,high,exact RNG recurrence deadline and alternating phase algorithm,exact_tuple,0x0000AD53
CODE_06_AI.bin,0x0001A116,__ct__14CObjectManagerFP3CAIi,0x0041AF60,high,constructs 0x40-byte GMOB manager and preserves CAI/int ABI,exact_tuple,0x0001A116
CODE_06_AI.bin,0x0001A22E,Restart__14CObjectManagerFv,0x0041AFD0,high,activates children and resolves linked type 0x11 entries,exact_tuple,0x0001A22E
CODE_06_AI.bin,0x0001A2A0,Initialise__14CObjectManagerFi,0x0041B0C0,high,allocates and clears platform-sized child pointer table,exact_tuple,0x0001A2A0
CODE_06_AI.bin,0x0001A350,__dt__14CObjectManagerFv,0x0041B110,high,semantic destructor deletes children frees table and destroys stream base,exact_tuple,0x0001A350
CODE_06_AI.bin,0x0001A409,AddObject__14CObjectManagerFUsP17CGlobalGameObjectUc,0x0041B2A0,high,appends object assigns ID active state and caller state,exact_tuple,0x0001A409
CODE_06_AI.bin,0x0001AA0F,Add__14CObjectManagerFUs7AICOORD11eObjectTypeUs11eObjectType,0x0041B370,high,object-type factory and linked type 0x11 construction flow,exact_tuple,0x0001AA0F
CODE_06_AI.bin,0x0001AAF5,AddSwitch__14CObjectManagerFUsiii9swMessageiii,0x0041B740,high,constructs activates and appends type 0x14 switch object,exact_tuple,0x0001AAF5
CODE_06_AI.bin,0x0001ABCC,Process__14CObjectManagerFv,0x0041B7D0,high,services active children and emits network deactivation callbacks,exact_tuple,0x0001ABCC
CODE_06_AI.bin,0x0001ACB9,GetViewData__14CObjectManagerFP9CViewData,0x0041B830,high,filters active visible children and emits Windows-stride view records,exact_tuple,0x0001ACB9
CODE_06_AI.bin,0x0001AD50,FindObject__14CObjectManagerFi,0x0041B8F0,high,searches child ID and returns only active object,exact_tuple,0x0001AD50
CODE_06_AI.bin,0x0001ADB3,Remove__14CObjectManagerFP17CGlobalGameObject,0x0041B9B0,high,pointer search followed by logical child deactivation,exact_tuple,0x0001ADB3
CODE_06_AI.bin,0x0001B159,LoadLevel__14CObjectManagerFPUcUlUc,0x0041BBC0,high,full versioned GMOB parser and switch action-list loader,exact_tuple,0x0001B159
CODE_06_AI.bin,0x0001B1D5,ConvertVer0ToVer1__14CObjectManagerFv,0x0041BEC0,high,dispatches conversion virtual to type 0x14 children,exact_tuple,0x0001B1D5
CODE_06_AI.bin,0x0001B22B,Receive__14CObjectManagerFUsP17CGlobalGameObjectP15CNetworkMessage,0x0041BF00,high,handles network command 0x2A by logically removing object,exact_tuple,0x0001B22B
CODE_06_AI.bin,0x000060C0,__ct__9CAICursorFP3CAIii,0x00414DA0,high,"constructs cursor node, stores CAI and bounds, and registers it with the render queue; exact 68K body and Windows ABI/layout/ILT evidence",exact_tuple,0x000060C0
CODE_06_AI.bin,0x00006128,__dt__9CAICursorFv,0x00414DE0,high,restores cursor vtable and unregisters the cursor node from its saved render queue; exact 68K body and Windows ABI/layout/ILT evidence,exact_tuple,0x00006128
CODE_06_AI.bin,0x00006164,SetCursorXY__9CAICursorFii,0x00414E00,high,stores x and y then dispatches the shared bounds clamp; exact 68K body and Windows ABI/layout/ILT evidence,exact_tuple,0x00006164
CODE_06_AI.bin,0x000061C7,CheckAndClipCursorBounds__9CAICursorFv,0x00414E20,high,clamps x and y independently to zero and configured maxima; exact 68K body and Windows ABI/layout/ILT evidence,exact_tuple,0x000061C7
CODE_06_AI.bin,0x0000620D,GetCursorSurfaceCoordinates__9CAICursorFRiRi,0x00414E60,high,copies cursor x and y into two integer references; exact 68K body and Windows ABI/layout/ILT evidence,exact_tuple,0x0000620D
CODE_06_AI.bin,0x00006289,ProcessMsg__9CAICursorFP10tagMESSAGE,0x00414E80,high,handles message type one by setting coordinates and increments fallback counter otherwise; exact 68K body and Windows ABI/layout/ILT evidence,exact_tuple,0x00006289
CODE_06_AI.bin,0x0000BBC3,__ct__17CGlobalGameObjectF11eObjectTypeUsUs,0x00416D20,high,"constructs common object with type and two ushort arguments, installs vtable, and clears stream pointer; exact 68K body and Windows ABI/layout/vtable evidence",exact_tuple,0x0000BBC3
CODE_06_AI.bin,0x0000BC24,Restart__17CGlobalGameObjectFv,0x00416D50,high,"resets inherited state and seeds action, request, and usable fields; exact 68K body and Windows ABI/layout/vtable evidence",exact_tuple,0x0000BC24
CODE_06_AI.bin,0x0000BC67,UsableState__17CGlobalGameObjectFv,0x00416D90,high,"returns prior usable state and clears it when nonzero; exact 68K body and Windows ABI/layout/vtable evidence",exact_tuple,0x0000BC67
CODE_06_AI.bin,0x0000BCC1,Action__17CGlobalGameObjectF7eAction,0x00416DB0,high,"stores action and emits object-change packet on network path; exact 68K body and Windows ABI/layout/vtable evidence",exact_tuple,0x0000BCC1
CODE_06_AI.bin,0x0000BD0F,Action__17CGlobalGameObjectF7eActioni,0x00416DE0,high,"stores 16-bit variant then dispatches one-argument Action; exact 68K body and Windows ABI/layout/vtable evidence",exact_tuple,0x0000BD0F
CODE_06_AI.bin,0x0000BD89,RequestAction__17CGlobalGameObjectF7eAction,0x00416E20,high,"network request packet or local action activation with usable state two; exact 68K body and Windows ABI/layout/vtable evidence",exact_tuple,0x0000BD89
CODE_06_AI.bin,0x0000BDD9,CancelRequest__17CGlobalGameObjectFv,0x00416E70,high,"clears active request and expanded runtime fields; exact 68K body and Windows ABI/layout/vtable evidence",exact_tuple,0x0000BDD9
CODE_06_AI.bin,0x0000BF15,Receive__17CGlobalGameObjectFUsP15CNetworkMessage,0x00416E90,high,"dispatches packet types 0x23 through 0x29 with matching rejection and cursor updates; exact 68K body and Windows ABI/layout/vtable evidence",exact_tuple,0x0000BF15
CODE_06_AI.bin,0x0000BF69,SendRemove__17CGlobalGameObjectFv,0x00416FC0,high,"binds shared remove-object packet 0x2A; exact 68K body and Windows ABI/layout/vtable evidence",exact_tuple,0x0000BF69
CODE_06_AI.bin,0x0000BFAD,SendCancel__17CGlobalGameObjectFv,0x00416FD0,high,"binds shared request-cancel packet 0x29; exact 68K body and Windows ABI/layout/vtable evidence",exact_tuple,0x0000BFAD
CODE_06_AI.bin,0x0000C10F,SetMessages__17CGlobalGameObjectFv,0x00416FE0,high,"allocates and constructs the nine shared object message helpers; exact 68K body and Windows ABI/layout/vtable evidence",exact_tuple,0x0000C10F
CODE_06_AI.bin,0x0000C26F,DeleteMessages__17CGlobalGameObjectFv,0x00417150,high,"destroys the nine shared object message helpers in matching order; exact 68K body and Windows ABI/layout/vtable evidence",exact_tuple,0x0000C26F
CODE_06_AI.bin,0x0001D8FC,__ct__7CRocketFv,0x004267D0,high,"constructs type 0x20 chunk object and installs rocket vtable; exact 68K body and Windows ABI/layout/vtable evidence",exact_tuple,0x0001D8FC
CODE_06_AI.bin,0x0001D928,Initialise__7CRocketFv,0x004267F0,high,"clears rocket timestamp and active runtime fields; exact 68K body and Windows ABI/layout/vtable evidence",exact_tuple,0x0001D928
CODE_06_AI.bin,0x0001D95C,Restart__7CRocketFv,0x00426810,high,"composes inherited restart with rocket Initialise; exact 68K body and Windows ABI/layout/vtable evidence",exact_tuple,0x0001D95C
CODE_06_AI.bin,0x0001D9B8,__dt__7CRocketFv,0x00426830,high,"semantic destructor restores rocket vtable and destroys base; exact 68K body and Windows ABI/layout/vtable evidence",exact_tuple,0x0001D9B8
CODE_06_AI.bin,0x0001DA58,Set__7CRocketFUsRC7AICOORD,0x00426840,high,"sets slot, fixed-point position, active state, and tile flag 0x80; exact 68K body and Windows ABI/layout/vtable evidence",exact_tuple,0x0001DA58
CODE_06_AI.bin,0x0001DB76,Process__7CRocketFv,0x004268E0,high,"matches rocket local and network state machine constants and transitions; exact 68K body and Windows ABI/layout/vtable evidence",exact_tuple,0x0001DB76
CODE_06_AI.bin,0x0001DC3D,StepOn__7CRocketFRC7AICOORDP11CGameObject,0x004269D0,high,"matches distance 0x20 activation and target positioning; exact 68K body and Windows ABI/layout/vtable evidence",exact_tuple,0x0001DC3D
CODE_06_AI.bin,0x0001DCE4,DoActivate__7CRocketFv,0x00426A60,high,"updates timers, activates target state 0x15, and emits message 0x12; exact 68K body and Windows ABI/layout/vtable evidence",exact_tuple,0x0001DCE4
CODE_06_AI.bin,0x0001DD6A,__ct__14CRocketManagerFP3CAIi,0x00426AC0,high,"constructs 0x40-byte manager with CAI, capacity, stream type 9, and null array; exact 68K body and Windows ABI/layout/vtable evidence",exact_tuple,0x0001DD6A
CODE_06_AI.bin,0x0001DDD0,Restart__14CRocketManagerFv,0x00426B20,high,"restarts full allocated rocket capacity with Windows stride 0x144; exact 68K body and Windows ABI/layout/vtable evidence",exact_tuple,0x0001DDD0
CODE_06_AI.bin,0x0001DE9A,Initialise__14CRocketManagerFi,0x00426B50,high,"allocates counted rocket array and initializes owner backpointers; exact 68K body and Windows ABI/layout/vtable evidence",exact_tuple,0x0001DE9A
CODE_06_AI.bin,0x0001DF18,__dt__14CRocketManagerFv,0x00426C00,high,"semantic teardown deletes counted array and destroys stream base; exact 68K body and Windows ABI/layout/vtable evidence",exact_tuple,0x0001DF18
CODE_06_AI.bin,0x0001DFC5,StepOn__14CRocketManagerFRC7AICOORDP11CGameObject,0x00426FB0,high,"checks active idle rockets and stops on first contact success; exact 68K body and Windows ABI/layout/vtable evidence",exact_tuple,0x0001DFC5
CODE_06_AI.bin,0x0001E050,Process__14CRocketManagerFv,0x00427010,high,"marks live rockets dirty and invokes each Process; exact 68K body and Windows ABI/layout/vtable evidence",exact_tuple,0x0001E050
CODE_06_AI.bin,0x0001E0DD,GetViewData__14CRocketManagerFP9CViewData,0x00427050,high,"emits non-idle rocket view records with Windows stride 0x4C; exact 68K body and Windows ABI/layout/vtable evidence",exact_tuple,0x0001E0DD
CODE_06_AI.bin,0x0001E18E,Add__14CRocketManagerFUsiii,0x004270B0,high,"capacity-checks, converts coordinates to fixed point, and appends rocket; exact 68K body and Windows ABI/layout/vtable evidence",exact_tuple,0x0001E18E
CODE_06_AI.bin,0x0001E25D,LoadLevel__14CRocketManagerFPUciUc,0x00427110,high,"matches versioned ID fallback and XYZ load loop; exact 68K body and Windows ABI/layout/vtable evidence",exact_tuple,0x0001E25D
CODE_06_AI.bin,0x000211F2,__ct__9CTrapDoorFR7AICOORDUc,0x0040C2D0,high,"constructs type 0x18 object, copies original/runtime position, and stores variant byte; exact 68K body and Windows ABI/layout/vtable evidence",exact_tuple,0x000211F2
CODE_06_AI.bin,0x00021264,Restart__9CTrapDoorFv,0x0040C350,high,"resets base and restores position, clocks, active state, and duration 0x50; exact 68K body and Windows ABI/layout/vtable evidence",exact_tuple,0x00021264
CODE_06_AI.bin,0x000213C1,GetViewData__9CTrapDoorFR9CViewData,0x0040C3B0,high,"samples terrain plus 0x4E and emits complete platform view record; exact 68K body and Windows ABI/layout/vtable evidence",exact_tuple,0x000213C1
CODE_06_AI.bin,0x00021686,Process__9CTrapDoorFv,0x0040C4F0,high,"matches states 0x18 through 0x23, delays, toggles, and boolean results; exact 68K body and Windows ABI/layout/vtable evidence",exact_tuple,0x00021686
CODE_06_AI.bin,0x0002170E,__ct__16CTrapDoorManagerFv,0x0040C750,high,"constructs stream type 0x1E payload 0x13 and clears eight child slots; exact 68K body and Windows ABI/layout/vtable evidence",exact_tuple,0x0002170E
CODE_06_AI.bin,0x0002175E,Restart__16CTrapDoorManagerFv,0x0040C7B0,high,"restarts each live trap door through child restart slot; exact 68K body and Windows ABI/layout/vtable evidence",exact_tuple,0x0002175E
CODE_06_AI.bin,0x000217F8,__dt__16CTrapDoorManagerFv,0x0040C7E0,high,"semantic destructor deletes eight children and destroys stream base; exact 68K body and Windows ABI/layout/vtable evidence",exact_tuple,0x000217F8
CODE_06_AI.bin,0x000218A5,AddNewDoor__16CTrapDoorManagerFUsR7AICOORDUcUl,0x0040C810,high,"allocates 0x150-byte child, constructs, restarts, assigns ID and owner, then increments count; exact 68K body and Windows ABI/layout/vtable evidence",exact_tuple,0x000218A5
CODE_06_AI.bin,0x00021931,GetViewData__16CTrapDoorManagerFP9CViewData,0x0040C890,high,"skips states 0x18 and 0x1E and emits Windows 0x4C-byte view records; exact 68K body and Windows ABI/layout/vtable evidence",exact_tuple,0x00021931
CODE_06_AI.bin,0x000219B8,Process__16CTrapDoorManagerFv,0x0040C8F0,high,"sets prepare flag, processes pending children, and clears completed pending state; exact 68K body and Windows ABI/layout/vtable evidence",exact_tuple,0x000219B8
CODE_06_AI.bin,0x00021B53,LoadLevel__16CTrapDoorManagerFPUciUc,0x0040CA40,high,"parses eight-byte records, samples terrain, conditionally adds doors, and configures ranges; exact 68K body and Windows ABI/layout/vtable evidence",exact_tuple,0x00021B53
CODE_06_AI.bin,0x000195A4,Process__6CTowerFv,0x0041CF70,high,"exact terrain-height refresh and constant success body; exact 68K body plus one shared Windows vtable and ABI evidence",exact_tuple,0x000195A4
CODE_06_AI.bin,0x000195C5,Activate__6CTowerFP11CGameObject,0x0041D000,high,"exact unconditional success body; exact 68K body plus one shared Windows vtable and ABI evidence",exact_tuple,0x000195C5
CODE_06_AI.bin,0x00019642,ActivatePosition__6CTowerFv,0x0041D010,high,"exact current-position copy with x minus 0x30000 and y minus 0x8000; exact 68K body plus one shared Windows vtable and ABI evidence",exact_tuple,0x00019642
