code_file,name_length_offset,name_offset,symbol_flags,mangled_name
CODE_01_Visos (Mac Specific).bin,0x00000674,0x00000675,0x80,__dt__17CBaseQueueHandlerFv
CODE_01_Visos (Mac Specific).bin,0x00000785,0x00000786,0x00,ProcessMsg__11CTranslatorFP10tagMESSAGE
CODE_01_Visos (Mac Specific).bin,0x0000082C,0x0000082D,0x80,__dt__10cstrstreamFv
CODE_01_Visos (Mac Specific).bin,0x0000084C,0x0000084D,0x80,EnterCritical__9CCriticalFv
CODE_01_Visos (Mac Specific).bin,0x00000872,0x00000873,0x80,LeaveCritical__9CCriticalFv
CODE_01_Visos (Mac Specific).bin,0x000008CA,0x000008CB,0x80,__dt__11CTranslatorFv
CODE_01_Visos (Mac Specific).bin,0x0000092A,0x0000092B,0x80,__dt__12CPVFontTableFv
CODE_01_Visos (Mac Specific).bin,0x0000097E,0x0000097F,0x80,__dt__12CResBaseLISTFv
CODE_01_Visos (Mac Specific).bin,0x000009D2,0x000009D3,0x80,__dt__12CResVRAMBaseFv
CODE_01_Visos (Mac Specific).bin,0x00000A18,0x00000A19,0x80,__dt__10CPrimitiveFv
CODE_01_Visos (Mac Specific).bin,0x00000A66,0x00000A67,0x80,__dt__7CBitmapFv
CODE_01_Visos (Mac Specific).bin,0x00000AB0,0x00000AB1,0x80,__dt__5CZRLEFv
CODE_01_Visos (Mac Specific).bin,0x00000AF8,0x00000AF9,0x80,__dt__5CLineFv
CODE_01_Visos (Mac Specific).bin,0x00000B64,0x00000B65,0x80,__dt__5CTextFv
CODE_01_Visos (Mac Specific).bin,0x00000BA4,0x00000BA5,0x80,__dt__15CHotAreaHandlerFv
CODE_01_Visos (Mac Specific).bin,0x00000BF6,0x00000BF7,0x80,__dt__11CZBuffClearFv
CODE_01_Visos (Mac Specific).bin,0x00000C44,0x00000C45,0x80,__dt__15CCopyToBackBuffFv
CODE_01_Visos (Mac Specific).bin,0x00000C96,0x00000C97,0x80,__dt__10CSolidRectFv
CODE_01_Visos (Mac Specific).bin,0x00000CE4,0x00000CE5,0x80,__dt__11CPushActiveFv
CODE_01_Visos (Mac Specific).bin,0x00000D32,0x00000D33,0x80,__dt__10CPopActiveFv
CODE_01_Visos (Mac Specific).bin,0x00000DC4,0x00000DC5,0x80,DisplayRelAssert__FPvPvUi
CODE_01_Visos (Mac Specific).bin,0x00000E0A,0x00000E0B,0x80,__dt__10CMRAMBlockFv
CODE_01_Visos (Mac Specific).bin,0x00000E36,0x00000E37,0x80,SetType__7CResINTFv
CODE_01_Visos (Mac Specific).bin,0x00000E64,0x00000E65,0x80,OnLoad__7CResINTFv
CODE_01_Visos (Mac Specific).bin,0x00000EB4,0x00000EB5,0x80,__dt__7CResINTFv
CODE_01_Visos (Mac Specific).bin,0x00000ED8,0x00000ED9,0x80,SetType__8CResBaseFv
CODE_01_Visos (Mac Specific).bin,0x00000F0A,0x00000F0B,0x80,SetType__11CResPALETTEFv
CODE_01_Visos (Mac Specific).bin,0x00000F3E,0x00000F3F,0x80,SetHeader__11CResPALETTEFv
CODE_01_Visos (Mac Specific).bin,0x00000F96,0x00000F97,0x80,__dt__11CResPALETTEFv
CODE_01_Visos (Mac Specific).bin,0x00000FC2,0x00000FC3,0x80,SetType__10CResSTRINGFv
CODE_01_Visos (Mac Specific).bin,0x00001016,0x00001017,0x80,__dt__10CResSTRINGFv
CODE_01_Visos (Mac Specific).bin,0x00001042,0x00001043,0x80,SetType__10CResEFFECTFv
CODE_01_Visos (Mac Specific).bin,0x00001096,0x00001097,0x80,__dt__10CResEFFECTFv
CODE_01_Visos (Mac Specific).bin,0x000010C2,0x000010C3,0x80,SetType__7CResBINFv
CODE_01_Visos (Mac Specific).bin,0x00001112,0x00001113,0x80,__dt__7CResBINFv
CODE_01_Visos (Mac Specific).bin,0x0000112E,0x0000112F,0x80,SetHeader__8CResBaseFv
CODE_01_Visos (Mac Specific).bin,0x00001158,0x00001159,0x80,GetfVramLoaded__8CResBaseFv
CODE_01_Visos (Mac Specific).bin,0x00001186,0x00001187,0x80,GetfVramSwappable__8CResBaseFv
CODE_01_Visos (Mac Specific).bin,0x000011B8,0x000011B9,0x80,GetfAnyVramLoaded__8CResBaseFv
CODE_01_Visos (Mac Specific).bin,0x000011E4,0x000011E5,0x80,ForceLoadVram__8CResBaseFv
CODE_01_Visos (Mac Specific).bin,0x0000120A,0x0000120B,0x80,UnLoadVramData__8CResBaseFUc
CODE_01_Visos (Mac Specific).bin,0x0000123A,0x0000123B,0x80,GetData__8CResBaseFv
CODE_01_Visos (Mac Specific).bin,0x0000125A,0x0000125B,0x80,OnLoad__8CResBaseFv
CODE_01_Visos (Mac Specific).bin,0x00001278,0x00001279,0x80,OnUnLoad__8CResBaseFv
CODE_01_Visos (Mac Specific).bin,0x000012A0,0x000012A1,0x80,GetSizeUsed__8CResBaseFv
CODE_01_Visos (Mac Specific).bin,0x000012C6,0x000012C7,0x80,HasZBuff__10CPVSurfaceFv
CODE_01_Visos (Mac Specific).bin,0x000012EA,0x000012EB,0x80,Resize__10CPVSurfaceFRC7CVSSize
CODE_01_Visos (Mac Specific).bin,0x00001316,0x00001317,0x80,HasBackBuff__10CPVSurfaceFv
CODE_01_Visos (Mac Specific).bin,0x0000133C,0x0000133D,0x80,SetWorldWidth__10CPVSurfaceFi
CODE_01_Visos (Mac Specific).bin,0x00001366,0x00001367,0x80,GetWorldWidth__10CPVSurfaceFv
CODE_01_Visos (Mac Specific).bin,0x00001396,0x00001397,0x80,HasZBuff__15CPVZBuffSurfaceFv
CODE_01_Visos (Mac Specific).bin,0x000013CC,0x000013CD,0x80,Update__9CTimeStatFUl
CODE_01_Visos (Mac Specific).bin,0x000013FA,0x000013FB,0x80,Draw__11CPushActiveFP4CGDI
CODE_01_Visos (Mac Specific).bin,0x0000144C,0x0000144D,0x80,Render__11CPushActiveFP4CGDI
CODE_01_Visos (Mac Specific).bin,0x00001482,0x00001483,0x80,Draw__10CPopActiveFP4CGDI
CODE_01_Visos (Mac Specific).bin,0x000014CA,0x000014CB,0x80,Render__10CPopActiveFP4CGDI
CODE_01_Visos (Mac Specific).bin,0x0000152E,0x0000152F,0x80,Draw__5CZRLEFP4CGDI
CODE_01_Visos (Mac Specific).bin,0x00001580,0x00001581,0x80,Render__5CZRLEFP4CGDI
CODE_01_Visos (Mac Specific).bin,0x000015DE,0x000015DF,0x80,Draw__7CBitmapFP4CGDI
CODE_01_Visos (Mac Specific).bin,0x00001632,0x00001633,0x80,Render__7CBitmapFP4CGDI
CODE_01_Visos (Mac Specific).bin,0x0000169C,0x0000169D,0x80,Draw__10CBigBitmapFP4CGDI
CODE_01_Visos (Mac Specific).bin,0x000016FC,0x000016FD,0x80,Render__10CBigBitmapFP4CGDI
CODE_01_Visos (Mac Specific).bin,0x0000173B,0x0000173C,0x00,Blit__8CSurfaceFP10CBigBitmapP10CResBITMAP
CODE_01_Visos (Mac Specific).bin,0x000017A8,0x000017A9,0x80,__dt__10CBigBitmapFv
CODE_01_Visos (Mac Specific).bin,0x0000181A,0x0000181B,0x80,Draw__5CAnimFP4CGDI
CODE_01_Visos (Mac Specific).bin,0x0000187E,0x0000187F,0x80,Render__5CAnimFP4CGDI
CODE_01_Visos (Mac Specific).bin,0x000018D6,0x000018D7,0x80,__dt__5CAnimFv
CODE_01_Visos (Mac Specific).bin,0x000018FE,0x000018FF,0x80,Draw__5CLineFP4CGDI
CODE_01_Visos (Mac Specific).bin,0x00001936,0x00001937,0x80,Render__5CLineFP4CGDI
CODE_01_Visos (Mac Specific).bin,0x00001964,0x00001965,0x80,Draw__10CSolidRectFP4CGDI
CODE_01_Visos (Mac Specific).bin,0x000019A2,0x000019A3,0x80,Render__10CSolidRectFP4CGDI
CODE_01_Visos (Mac Specific).bin,0x000019D6,0x000019D7,0x80,Draw__12CDrawingMarkFP4CGDI
CODE_01_Visos (Mac Specific).bin,0x00001A1C,0x00001A1D,0x80,Render__12CDrawingMarkFP4CGDI
CODE_01_Visos (Mac Specific).bin,0x00001A72,0x00001A73,0x80,__dt__12CDrawingMarkFv
CODE_01_Visos (Mac Specific).bin,0x00001AA2,0x00001AA3,0x80,Draw__9CClipRectFP4CGDI
CODE_01_Visos (Mac Specific).bin,0x00001ADE,0x00001ADF,0x80,Render__9CClipRectFP4CGDI
CODE_01_Visos (Mac Specific).bin,0x00001B30,0x00001B31,0x80,__dt__9CClipRectFv
CODE_01_Visos (Mac Specific).bin,0x00001BB6,0x00001BB7,0x80,__dt__9CCopyTextFv
CODE_01_Visos (Mac Specific).bin,0x00001C25,0x00001C26,0x00,Set__9CCopyTextFiiP8CResFONTPCcUlP6CRemap
CODE_01_Visos (Mac Specific).bin,0x00001CAD,0x00001CAE,0x00,Set__9CCopyTextFRC8CVSPointP8CResFONT7CStringUlP6CRemap
CODE_01_Visos (Mac Specific).bin,0x00001D43,0x00001D44,0x00,Set__9CCopyTextFiiP8CResFONT7CStringUlP6CRemap
CODE_01_Visos (Mac Specific).bin,0x00001DCB,0x00001DCC,0x00,Set__9CCopyTextFRC8CVSPointP8CResFONTPCcUlP6CRemap
CODE_01_Visos (Mac Specific).bin,0x00001E1E,0x00001E1F,0x80,Draw__5CTextFP4CGDI
CODE_01_Visos (Mac Specific).bin,0x00001E4A,0x00001E4B,0x80,Draw__13CScreenScrollFP4CGDI
CODE_01_Visos (Mac Specific).bin,0x00001E8C,0x00001E8D,0x80,Render__13CScreenScrollFP4CGDI
CODE_01_Visos (Mac Specific).bin,0x00001EE4,0x00001EE5,0x80,__dt__13CScreenScrollFv
CODE_01_Visos (Mac Specific).bin,0x00001F14,0x00001F15,0x80,Draw__15CCopyToBackBuffFP4CGDI
CODE_01_Visos (Mac Specific).bin,0x00001F59,0x00001F5A,0x00,Render__15CCopyToBackBuffFP4CGDI
CODE_01_Visos (Mac Specific).bin,0x00001F93,0x00001F94,0x00,Draw__21CCopyColourToBackBuffFP4CGDI
CODE_01_Visos (Mac Specific).bin,0x00001FDD,0x00001FDE,0x00,Render__21CCopyColourToBackBuffFP4CGDI
CODE_01_Visos (Mac Specific).bin,0x0000203C,0x0000203D,0x80,__dt__21CCopyColourToBackBuffFv
CODE_01_Visos (Mac Specific).bin,0x00002074,0x00002075,0x80,Draw__11CZBuffClearFP4CGDI
CODE_01_Visos (Mac Specific).bin,0x000020B4,0x000020B5,0x80,Render__11CZBuffClearFP4CGDI
CODE_01_Visos (Mac Specific).bin,0x000020EA,0x000020EB,0x80,Draw__12CZBuffScrollFP4CGDI
CODE_01_Visos (Mac Specific).bin,0x0000212A,0x0000212B,0x80,Render__12CZBuffScrollFP4CGDI
CODE_01_Visos (Mac Specific).bin,0x00002180,0x00002181,0x80,__dt__12CZBuffScrollFv
CODE_01_Visos (Mac Specific).bin,0x000021A3,0x000021A4,0x00,OnButtonDown__15CHotAreaHandlerFRC8CVSPoint12BUTTON_FLAGS
CODE_01_Visos (Mac Specific).bin,0x000021E9,0x000021EA,0x00,OnButtonUp__15CHotAreaHandlerFRC8CVSPoint12BUTTON_FLAGS
CODE_01_Visos (Mac Specific).bin,0x00002247,0x00002248,0x00,OnExternalButtonUp__15CHotAreaHandlerFRC8CVSPoint12BUTTON_FLAGS
CODE_01_Visos (Mac Specific).bin,0x00002292,0x00002293,0x80,OnEnter__15CHotAreaHandlerFv
CODE_01_Visos (Mac Specific).bin,0x000022D4,0x000022D5,0x80,OnExit__15CHotAreaHandlerFv
CODE_01_Visos (Mac Specific).bin,0x000022FB,0x000022FC,0x00,OnInside__15CHotAreaHandlerFRC8CVSPoint
CODE_01_Visos (Mac Specific).bin,0x0000238B,0x0000238C,0x00,InArea__15CHotAreaHandlerFRC8CVSPoint
CODE_01_Visos (Mac Specific).bin,0x00002400,0x00002401,0x80,__dt__14CPVMusicDeviceFv
CODE_01_Visos (Mac Specific).bin,0x00002425,0x00002426,0x00,Initialise__14CPVMusicDeviceFUlUl
CODE_01_Visos (Mac Specific).bin,0x0000245A,0x0000245B,0x80,SetVolume__14CPVMusicDeviceFUc
CODE_01_Visos (Mac Specific).bin,0x0000248A,0x0000248B,0x80,GetVolume__14CPVMusicDeviceFv
CODE_01_Visos (Mac Specific).bin,0x000024B2,0x000024B3,0x80,Process__14CPVMusicDeviceFv
CODE_01_Visos (Mac Specific).bin,0x000024DA,0x000024DB,0x80,GetInfo__14CPVMusicDeviceFv
CODE_01_Visos (Mac Specific).bin,0x00002501,0x00002502,0x00,SetWnd__16CBaseSoundDeviceFP4CWnd
CODE_01_Visos (Mac Specific).bin,0x00002770,0x00002771,0x80,__ct__8CMacWaveFP6VSWAVEUcPc
CODE_01_Visos (Mac Specific).bin,0x000027CE,0x000027CF,0x80,__dt__8CMacWaveFv
CODE_01_Visos (Mac Specific).bin,0x00002A06,0x00002A07,0x80,__ct__12CMacSoundDevFUcUcUli
CODE_01_Visos (Mac Specific).bin,0x00002AAC,0x00002AAD,0x80,__dt__12CMacSoundDevFv
CODE_01_Visos (Mac Specific).bin,0x00002AD6,0x00002AD7,0x80,GetDeviceInfo__12CMacSoundDevFv
CODE_01_Visos (Mac Specific).bin,0x00002BD3,0x00002BD4,0x00,Initialise__12CMacSoundDevFUcUcUl
CODE_01_Visos (Mac Specific).bin,0x00002C03,0x00002C04,0x00,Reinitialise__12CMacSoundDevFUcUcUl
CODE_01_Visos (Mac Specific).bin,0x00002C3A,0x00002C3B,0x80,Detect__12CMacSoundDevFv
CODE_01_Visos (Mac Specific).bin,0x00002CD4,0x00002CD5,0x80,ShutDown__12CMacSoundDevFv
CODE_01_Visos (Mac Specific).bin,0x00002D03,0x00002D04,0x00,HasActiveVoices__12CMacSoundDevFv
CODE_01_Visos (Mac Specific).bin,0x00002D32,0x00002D33,0x80,StopAllMusic__12CMacSoundDevFv
CODE_01_Visos (Mac Specific).bin,0x00002D6B,0x00002D6C,0x00,StopAllEffects__12CMacSoundDevFv
CODE_01_Visos (Mac Specific).bin,0x00002D99,0x00002D9A,0x00,IsMusicCapable__12CMacSoundDevFv
CODE_01_Visos (Mac Specific).bin,0x00002DCD,0x00002DCE,0x00,IsEffectCapable__12CMacSoundDevFv
CODE_01_Visos (Mac Specific).bin,0x00002DFD,0x00002DFE,0x00,AllocatePatch__12CMacSoundDevFP7VSPATCHPUlUcUc
CODE_01_Visos (Mac Specific).bin,0x00002E55,0x00002E56,0x00,AllocateDrumPatch__12CMacSoundDevFP7VSPATCHPUlUcUc
CODE_01_Visos (Mac Specific).bin,0x00002F2F,0x00002F30,0x00,AllocateEffect__12CMacSoundDevFP7VSPATCHPUl
CODE_01_Visos (Mac Specific).bin,0x00002F68,0x00002F69,0x80,FreePatch__12CMacSoundDevFUl
CODE_01_Visos (Mac Specific).bin,0x00002FA3,0x00002FA4,0x00,FreeDrumPatch__12CMacSoundDevFUl
CODE_01_Visos (Mac Specific).bin,0x00002FD1,0x00002FD2,0x00,FreeAllPatches__12CMacSoundDevFv
CODE_01_Visos (Mac Specific).bin,0x00003050,0x00003051,0x80,FreeEffect__12CMacSoundDevFUl
CODE_01_Visos (Mac Specific).bin,0x000030C1,0x000030C2,0x00,FreeAllEffects__12CMacSoundDevFv
CODE_01_Visos (Mac Specific).bin,0x00003129,0x0000312A,0x00,GetMasterVolume__12CMacSoundDevFv
CODE_01_Visos (Mac Specific).bin,0x00003181,0x00003182,0x00,SetMasterVolume__12CMacSoundDevFUc
CODE_01_Visos (Mac Specific).bin,0x000031BD,0x000031BE,0x00,GetMusicVolume__12CMacSoundDevFv
CODE_01_Visos (Mac Specific).bin,0x000031FB,0x000031FC,0x00,SetMusicVolume__12CMacSoundDevFUc
CODE_01_Visos (Mac Specific).bin,0x00003237,0x00003238,0x00,GetEffectVolume__12CMacSoundDevFv
CODE_01_Visos (Mac Specific).bin,0x0000326D,0x0000326E,0x00,GetNumEffectsChannels__12CMacSoundDevFv
CODE_01_Visos (Mac Specific).bin,0x000032A3,0x000032A4,0x00,GetNumMusicChannels__12CMacSoundDevFv
CODE_01_Visos (Mac Specific).bin,0x000032E7,0x000032E8,0x00,SetEffectVolume__12CMacSoundDevFUc
CODE_01_Visos (Mac Specific).bin,0x00003315,0x00003316,0x00,MusicPlayNote__12CMacSoundDevFUcUcUc
CODE_01_Visos (Mac Specific).bin,0x00003345,0x00003346,0x00,MusicSetNoteVolume__12CMacSoundDevFUcUcUc
CODE_01_Visos (Mac Specific).bin,0x0000337B,0x0000337C,0x00,MusicStopNote__12CMacSoundDevFUcUcUc
CODE_01_Visos (Mac Specific).bin,0x000033AF,0x000033B0,0x00,MusicSetChannelVolume__12CMacSoundDevFUcUc
CODE_01_Visos (Mac Specific).bin,0x000033E5,0x000033E6,0x00,MusicSetChannelPatch__12CMacSoundDevFUcUl
CODE_01_Visos (Mac Specific).bin,0x0000341B,0x0000341C,0x00,MusicSetPitchWheel__12CMacSoundDevFUcUs
CODE_01_Visos (Mac Specific).bin,0x0000344F,0x00003450,0x00,MusicMiscControlMessage__12CMacSoundDevFUcUcUc
CODE_01_Visos (Mac Specific).bin,0x000034AF,0x000034B0,0x00,EffectPlay__12CMacSoundDevFUlUcUc
CODE_01_Visos (Mac Specific).bin,0x000036E7,0x000036E8,0x00,EffectPlay__12CMacSoundDevFUlUsUc
CODE_01_Visos (Mac Specific).bin,0x0000377E,0x0000377F,0x80,EffectStop__12CMacSoundDevFUcUc
CODE_01_Visos (Mac Specific).bin,0x0000389F,0x000038A0,0x00,MachineSoundDetect__FPP16CBaseSoundDeviceUcUcUcPUcPP14CPVMusicDevicei
CODE_01_Visos (Mac Specific).bin,0x00003A2C,0x00003A2D,0x80,InitSound__FUcUciP4CWndUc
CODE_01_Visos (Mac Specific).bin,0x00003A96,0x00003A97,0x80,EndSound__Fv
CODE_01_Visos (Mac Specific).bin,0x00003BD8,0x00003BD9,0x80,_QT_Init__Fv
CODE_01_Visos (Mac Specific).bin,0x00003BF4,0x00003BF5,0x80,_QT_Quit__Fv
CODE_01_Visos (Mac Specific).bin,0x00003C36,0x00003C37,0x80,Initialise__8CAnimWndFv
CODE_01_Visos (Mac Specific).bin,0x00003CBE,0x00003CBF,0x80,__ct__8CAnimWndFv
CODE_01_Visos (Mac Specific).bin,0x00003D4C,0x00003D4D,0x80,__dt__8CAnimWndFv
CODE_01_Visos (Mac Specific).bin,0x00003DCF,0x00003DD0,0x00,Create__8CAnimWndFRC7CVSRectP6CPVWndPc
CODE_01_Visos (Mac Specific).bin,0x00003E32,0x00003E33,0x80,_OnCreate__8CAnimWndFv
CODE_01_Visos (Mac Specific).bin,0x00003F3A,0x00003F3B,0x80,Pansy__8CAnimWndFv
CODE_01_Visos (Mac Specific).bin,0x00003FC0,0x00003FC1,0x80,_OnMove__8CAnimWndFv
CODE_01_Visos (Mac Specific).bin,0x000040BA,0x000040BB,0x80,KillPansy__8CAnimWndFv
CODE_01_Visos (Mac Specific).bin,0x00004114,0x00004115,0x80,_OnDestroy__8CAnimWndFv
CODE_01_Visos (Mac Specific).bin,0x00004136,0x00004137,0x80,Refresh__8CAnimWndFv
CODE_01_Visos (Mac Specific).bin,0x000044FE,0x000044FF,0x80,SetAnim__8CAnimWndFUl
CODE_01_Visos (Mac Specific).bin,0x0000459C,0x0000459D,0x80,SetMovieWindow__8CAnimWndFv
CODE_01_Visos (Mac Specific).bin,0x000045EE,0x000045EF,0x80,FreeMovieWindow__8CAnimWndFv
CODE_01_Visos (Mac Specific).bin,0x00004666,0x00004667,0x80,Process__8CAnimWndFv
CODE_01_Visos (Mac Specific).bin,0x00004686,0x00004687,0x80,OnStop__8CAnimWndFv
CODE_01_Visos (Mac Specific).bin,0x000046C4,0x000046C5,0x80,Play__8CAnimWndFv
CODE_01_Visos (Mac Specific).bin,0x00004702,0x00004703,0x80,Stop__8CAnimWndFv
CODE_01_Visos (Mac Specific).bin,0x0000473C,0x0000473D,0x80,Resume__8CAnimWndFv
CODE_01_Visos (Mac Specific).bin,0x0000476A,0x0000476B,0x80,_OnSize__8CAnimWndFv
CODE_01_Visos (Mac Specific).bin,0x0000478A,0x0000478B,0x80,OnSkip__8CAnimWndFi
CODE_01_Visos (Mac Specific).bin,0x000047A8,0x000047A9,0x80,OnFrame__8CAnimWndFi
CODE_01_Visos (Mac Specific).bin,0x000047C8,0x000047C9,0x80,OnStart__8CAnimWndFv
CODE_01_Visos (Mac Specific).bin,0x000047EE,0x000047EF,0x80,GetStyle__10CPVAnimWndFv
CODE_01_Visos (Mac Specific).bin,0x0000482C,0x0000482D,0x80,IsFocusWindow__4CWndFv
CODE_01_Visos (Mac Specific).bin,0x0000484E,0x0000484F,0x80,OnCreate__4CWndFv
CODE_01_Visos (Mac Specific).bin,0x0000486A,0x0000486B,0x80,OnDestroy__4CWndFv
CODE_01_Visos (Mac Specific).bin,0x00004888,0x00004889,0x80,OnSize__4CWndFv
CODE_01_Visos (Mac Specific).bin,0x000048A2,0x000048A3,0x80,OnMove__4CWndFv
CODE_01_Visos (Mac Specific).bin,0x000048BC,0x000048BD,0x80,OnMinimise__4CWndFv
CODE_01_Visos (Mac Specific).bin,0x000048DA,0x000048DB,0x80,OnMaximise__4CWndFv
CODE_01_Visos (Mac Specific).bin,0x000048F8,0x000048F9,0x80,OnRestore__4CWndFv
CODE_01_Visos (Mac Specific).bin,0x00004916,0x00004917,0x80,OnZoom__4CWndFi
CODE_01_Visos (Mac Specific).bin,0x00004930,0x00004931,0x80,OnZoomBox__4CWndFUc
CODE_01_Visos (Mac Specific).bin,0x0000494E,0x0000494F,0x80,Refresh__4CWndFP7CVSRect
CODE_01_Visos (Mac Specific).bin,0x00004975,0x00004976,0x00,GetMenu__6CPVWndFRiPPP11tagMenuList
CODE_01_Visos (Mac Specific).bin,0x000049A4,0x000049A5,0x80,OnDriverChange__6CPVWndFv
CODE_01_Visos (Mac Specific).bin,0x000049D0,0x000049D1,0x80,GetSizeStatus__6CPVWndFv
CODE_01_Visos (Mac Specific).bin,0x000049FF,0x00004A00,0x00,SetSizeStatus__6CPVWndF13wndSizeStatus
CODE_01_Visos (Mac Specific).bin,0x00004A8C,0x00004A8D,0x80,AddChild__6CPVWndFP6CPVWnd
CODE_01_Visos (Mac Specific).bin,0x00004B14,0x00004B15,0x80,RemoveChild__6CPVWndFP6CPVWnd
CODE_01_Visos (Mac Specific).bin,0x00004B5F,0x00004B60,0x00,"FindElement__38CList<6CPVWnd,21CListElement<6CPVWnd>>FP6CPVWnd"
CODE_01_Visos (Mac Specific).bin,0x00004BA8,0x00004BA9,0x80,OnVisibilityChange__6CPVWndFv
CODE_01_Visos (Mac Specific).bin,0x00004BD1,0x00004BD2,0x00,SetDontUpdateRect__6CPVWndFRC7CVSRect
CODE_01_Visos (Mac Specific).bin,0x00004C02,0x00004C03,0x80,Resize__6CPVWndF7CVSSize
CODE_01_Visos (Mac Specific).bin,0x00004CAD,0x00004CAE,0x00,CSurface__BlitZRLENoClipASM__FPUcPPUcss
CODE_01_Visos (Mac Specific).bin,0x00004D27,0x00004D28,0x00,BlitZRLENoClip__8CSurfaceFRC7CVSRectP8CResZRLEUc
CODE_01_Visos (Mac Specific).bin,0x00004E17,0x00004E18,0x00,CSurface__BlitZRLENoClipZBuffASM__FPUcPPUcPPUsssUs
CODE_01_Visos (Mac Specific).bin,0x00004EAD,0x00004EAE,0x00,BlitZRLENoClipZBuff__8CSurfaceFRC7CVSRectP8CResZRLEUs
CODE_01_Visos (Mac Specific).bin,0x00004F6F,0x00004F70,0x00,CSurface__BlitZRLENoClipQZBuffASM__FPUcPPUcPPUsssUs
CODE_01_Visos (Mac Specific).bin,0x00005007,0x00005008,0x00,BlitZRLENoClipQZBuff__8CSurfaceFRC7CVSRectP8CResZRLEUs
CODE_01_Visos (Mac Specific).bin,0x0000511F,0x00005120,0x00,CSurface__BlitZRLEClipASM__FPUcPPUcssss
CODE_01_Visos (Mac Specific).bin,0x0000517C,0x0000517D,0x80,CSurface__GetZRLEEndLine__FPUcs
CODE_01_Visos (Mac Specific).bin,0x00005215,0x00005216,0x00,BlitZRLEClip__8CSurfaceFRC7CVSRectRC7CVSRectP8CResZRLEUc
CODE_01_Visos (Mac Specific).bin,0x00005369,0x0000536A,0x00,CSurface__BlitZRLEClipZBuffASM__FPUcPPUcPPUsssssUs
CODE_01_Visos (Mac Specific).bin,0x00005427,0x00005428,0x00,BlitZRLEClipZBuff__8CSurfaceFRC7CVSRectRC7CVSRectP8CResZRLEUs
CODE_01_Visos (Mac Specific).bin,0x000055CF,0x000055D0,0x00,CSurface__BlitZRLEClipQZBuffASM__FPUcPPUcPPUsssssUs
CODE_01_Visos (Mac Specific).bin,0x0000568F,0x00005690,0x00,BlitZRLEClipQZBuff__8CSurfaceFRC7CVSRectRC7CVSRectP8CResZRLEUs
CODE_01_Visos (Mac Specific).bin,0x000057D0,0x000057D1,0x80,FastMemCpy__Fv
CODE_01_Visos (Mac Specific).bin,0x0000580A,0x0000580B,0x80,InitFastMemCpy__Fv
CODE_01_Visos (Mac Specific).bin,0x000058DE,0x000058DF,0x80,FastMemSet__Fv
CODE_01_Visos (Mac Specific).bin,0x00005918,0x00005919,0x80,InitFastMemSet__Fv
CODE_01_Visos (Mac Specific).bin,0x00005980,0x00005981,0x80,CSurface__2DMemSet__FPPUcUcsss
CODE_01_Visos (Mac Specific).bin,0x000059F1,0x000059F2,0x00,CSurface__2DMemCpy__FPPUcPPUcssss
CODE_01_Visos (Mac Specific).bin,0x00005A65,0x00005A66,0x00,CSurface__2DMemCpyScreen__FPUcPPUcssss
CODE_01_Visos (Mac Specific).bin,0x00005B1D,0x00005B1E,0x00,CSurface__2DMemCpyScreen2__FPUcPPUcssss
CODE_01_Visos (Mac Specific).bin,0x00005BBB,0x00005BBC,0x00,Blit__8CSurfaceFP15CCopyToBackBuff
CODE_01_Visos (Mac Specific).bin,0x00005C41,0x00005C42,0x00,Blit__8CSurfaceFP21CCopyColourToBackBuff
CODE_01_Visos (Mac Specific).bin,0x00005D61,0x00005D62,0x00,CopyBackBuffToScreen__8CSurfaceFRC7CVSRect
CODE_01_Visos (Mac Specific).bin,0x00005DA3,0x00005DA4,0x00,GetWorldWidth__20CPVScrollableSurfaceFv
CODE_01_Visos (Mac Specific).bin,0x00005DDE,0x00005DDF,0x80,GetCurrDB__8CSurfaceFv
CODE_01_Visos (Mac Specific).bin,0x00005E14,0x00005E15,0x80,Flush__8CSurfaceFv
CODE_01_Visos (Mac Specific).bin,0x00005F86,0x00005F87,0x80,KillSystemCursor__7CCursorFv
CODE_01_Visos (Mac Specific).bin,0x00005FBA,0x00005FBB,0x80,RestoreSystemCursor__7CCursorFv
CODE_01_Visos (Mac Specific).bin,0x0000600A,0x0000600B,0x80,InWindow__7CCursorFP5CGWnd
CODE_01_Visos (Mac Specific).bin,0x00006062,0x00006063,0x80,__dt__7CCursorFv
CODE_01_Visos (Mac Specific).bin,0x0000607E,0x0000607F,0x80,RefreshPos__11CBaseCursorFv
CODE_01_Visos (Mac Specific).bin,0x000060D6,0x000060D7,0x80,__dt__17CBroadcastMessageFv
CODE_01_Visos (Mac Specific).bin,0x0000613A,0x0000613B,0x80,__dt__15CMessReqConnectFv
CODE_01_Visos (Mac Specific).bin,0x00006184,0x00006185,0x80,__dt__11CBasePacketFv
CODE_01_Visos (Mac Specific).bin,0x000061D6,0x000061D7,0x80,__dt__11CBaseSocketFv
CODE_01_Visos (Mac Specific).bin,0x0000627A,0x0000627B,0x80,__dt__9CRWSocketFv
CODE_01_Visos (Mac Specific).bin,0x0000631C,0x0000631D,0x80,__dt__17CTCPIPWriteSocketFv
CODE_01_Visos (Mac Specific).bin,0x000063C6,0x000063C7,0x80,__dt__16CTCPIPReadSocketFv
CODE_01_Visos (Mac Specific).bin,0x000065C6,0x000065C7,0x80,__dt__14CTCPIPRWSocketFv
CODE_01_Visos (Mac Specific).bin,0x0000667E,0x0000667F,0x80,__dt__17CFileCommonSocketFv
CODE_01_Visos (Mac Specific).bin,0x000067B0,0x000067B1,0x80,__dt__15CFileReadSocketFv
CODE_01_Visos (Mac Specific).bin,0x00006806,0x00006807,0x80,__dt__10COpenCountFv
CODE_01_Visos (Mac Specific).bin,0x00006A3E,0x00006A3F,0x80,__dt__13CFileRWSocketFv
CODE_01_Visos (Mac Specific).bin,0x00006D66,0x00006D67,0x80,__dt__19CFileOpenManagementFv
CODE_01_Visos (Mac Specific).bin,0x00006DB6,0x00006DB7,0x80,VSFNET_Init__Fv
CODE_01_Visos (Mac Specific).bin,0x00006E2C,0x00006E2D,0x80,VSFNET_Quit__Fv
CODE_01_Visos (Mac Specific).bin,0x00006FA8,0x00006FA9,0x80,Setup__14CFileBroadcastFPCcPCc
CODE_01_Visos (Mac Specific).bin,0x00006FF2,0x00006FF3,0x80,__ct__12CFileNetworkFv
CODE_01_Visos (Mac Specific).bin,0x0000705A,0x0000705B,0x80,Initialise__12CFileNetworkFv
CODE_01_Visos (Mac Specific).bin,0x0000708A,0x0000708B,0x80,UnInitialise__12CFileNetworkFv
CODE_01_Visos (Mac Specific).bin,0x00007102,0x00007103,0x80,ResetTimer__12CFileNetworkFUl
CODE_01_Visos (Mac Specific).bin,0x00007136,0x00007137,0x80,Setup__12CFileNetworkFPCcPCc
CODE_01_Visos (Mac Specific).bin,0x0000717F,0x00007180,0x00,BeforeDestroyConnections__12CFileNetworkFv
CODE_01_Visos (Mac Specific).bin,0x000071D5,0x000071D6,0x00,AfterDestroyConnections__12CFileNetworkFv
CODE_01_Visos (Mac Specific).bin,0x0000727A,0x0000727B,0x80,Process__12CFileNetworkFv
CODE_01_Visos (Mac Specific).bin,0x000072DA,0x000072DB,0x80,ForceProcess__12CFileNetworkFv
CODE_01_Visos (Mac Specific).bin,0x00007336,0x00007337,0x80,__dt__19CBaseNetworkManagerFv
CODE_01_Visos (Mac Specific).bin,0x0000735E,0x0000735F,0x80,AddData__13CPulseMessageFv
CODE_01_Visos (Mac Specific).bin,0x00007384,0x00007385,0x80,GetData__13CPulseMessageFv
CODE_01_Visos (Mac Specific).bin,0x000073E6,0x000073E7,0x80,__dt__13CPulseMessageFv
CODE_01_Visos (Mac Specific).bin,0x0000742C,0x0000742D,0x80,AddData__11CAckMessageFv
CODE_01_Visos (Mac Specific).bin,0x00007474,0x00007475,0x80,GetData__11CAckMessageFv
CODE_01_Visos (Mac Specific).bin,0x000074CA,0x000074CB,0x80,__dt__11CAckMessageFv
CODE_01_Visos (Mac Specific).bin,0x000074F8,0x000074F9,0x80,SetPort__12CWriteSocketFs
CODE_01_Visos (Mac Specific).bin,0x0000752C,0x0000752D,0x80,Closed__9CRWSocketFUc
CODE_01_Visos (Mac Specific).bin,0x00007559,0x0000755A,0x00,ReceiveAcknowledgement__9CRWSocketFv
CODE_01_Visos (Mac Specific).bin,0x00007595,0x00007596,0x00,SendAcknowledgement__9CRWSocketFv
CODE_01_Visos (Mac Specific).bin,0x000075C2,0x000075C3,0x80,Closed__16CTCPIPReadSocketFUc
CODE_01_Visos (Mac Specific).bin,0x000075FD,0x000075FE,0x00,SocketError__18CTCPIPCommonSocketFv
CODE_01_Visos (Mac Specific).bin,0x00007642,0x00007643,0x80,AddData__13CPortsMessageFv
CODE_01_Visos (Mac Specific).bin,0x0000767E,0x0000767F,0x80,GetData__13CPortsMessageFv
CODE_01_Visos (Mac Specific).bin,0x000076E2,0x000076E3,0x80,__dt__13CPortsMessageFv
CODE_01_Visos (Mac Specific).bin,0x00007716,0x00007717,0x80,AddData__10COpenCountFv
CODE_01_Visos (Mac Specific).bin,0x0000774A,0x0000774B,0x80,GetData__10COpenCountFv
CODE_01_Visos (Mac Specific).bin,0x0000776C,0x0000776D,0x80,FirstReceive__11CReadSocketFv
CODE_01_Visos (Mac Specific).bin,0x00007795,0x00007796,0x00,PostRead__11CReadSocketF13NetworkEventsP11CBasePacket
CODE_01_Visos (Mac Specific).bin,0x000077D9,0x000077DA,0x00,CheckMessage__15CNetworkMessageFPCUc
CODE_01_Visos (Mac Specific).bin,0x0000780A,0x0000780B,0x80,GetHeader__15CNetworkMessageFv
CODE_01_Visos (Mac Specific).bin,0x00007834,0x00007835,0x80,AddHeader__15CNetworkMessageFv
CODE_01_Visos (Mac Specific).bin,0x00007868,0x00007869,0x80,GetLastError__12CNetworkFileFv
CODE_01_Visos (Mac Specific).bin,0x0000789A,0x0000789B,0x80,GetFilename__12CNetworkFileFv
CODE_01_Visos (Mac Specific).bin,0x000078C2,0x000078C3,0x80,Closed__15CFileReadSocketFUc
CODE_01_Visos (Mac Specific).bin,0x000078FB,0x000078FC,0x00,SocketError__17CFileCommonSocketFv
CODE_01_Visos (Mac Specific).bin,0x00007951,0x00007952,0x00,GetNewNetworkAddress__12CFileNetworkFv
CODE_01_Visos (Mac Specific).bin,0x000079B6,0x000079B7,0x80,GetNewConnect__12CFileNetworkFv
CODE_01_Visos (Mac Specific).bin,0x00007A15,0x00007A16,0x00,GetNewBroadcast__12CFileNetworkFv
CODE_01_Visos (Mac Specific).bin,0x00007A74,0x00007A75,0x80,__dt__12CFileNetworkFv
CODE_01_Visos (Mac Specific).bin,0x00007A96,0x00007A97,0x80,WaitProcess__12CBaseNetworkFv
CODE_01_Visos (Mac Specific).bin,0x00007C90,0x00007C91,0x80,_GDI_Init__Fv
CODE_01_Visos (Mac Specific).bin,0x00007CFE,0x00007CFF,0x80,_GDI_Quit__Fv
CODE_01_Visos (Mac Specific).bin,0x00007DAC,0x00007DAD,0x80,__ct__10CGDIDeviceFi
CODE_01_Visos (Mac Specific).bin,0x00007E30,0x00007E31,0x80,__dt__10CGDIDeviceFv
CODE_01_Visos (Mac Specific).bin,0x00007E76,0x00007E77,0x80,FindFreeSurface__10CGDIDeviceFv
CODE_01_Visos (Mac Specific).bin,0x000080C5,0x000080C6,0x00,AllocateSurface__10CGDIDeviceFRC7CVSRectP8CSurface
CODE_01_Visos (Mac Specific).bin,0x00008195,0x00008196,0x00,FreeSurface__10CGDIDeviceFP8CSurface
CODE_01_Visos (Mac Specific).bin,0x000081C4,0x000081C5,0x80,Sync__10CGDIDeviceFv
CODE_01_Visos (Mac Specific).bin,0x00008213,0x00008214,0x00,FindSurface__10CGDIDeviceFP8CSurface
CODE_01_Visos (Mac Specific).bin,0x000082EA,0x000082EB,0x80,Flush__10CGDIDeviceFP8CSurface
CODE_01_Visos (Mac Specific).bin,0x00008565,0x00008566,0x00,__ct__8CSurfaceFRC7CVSRectP8CSurface
CODE_01_Visos (Mac Specific).bin,0x0000859F,0x000085A0,0x00,SetWindowPtr__8CSurfaceFP8GrafPort
CODE_01_Visos (Mac Specific).bin,0x00008628,0x00008629,0x80,Initialise__8CSurfaceFv
CODE_01_Visos (Mac Specific).bin,0x00008BD0,0x00008BD1,0x80,NewBitmap__8CSurfaceFRC7CVSRect
CODE_01_Visos (Mac Specific).bin,0x00008C6E,0x00008C6F,0x80,ResetScroll__8CSurfaceFv
CODE_01_Visos (Mac Specific).bin,0x00008E3C,0x00008E3D,0x80,SetLinePtrs__8CSurfaceFv
CODE_01_Visos (Mac Specific).bin,0x00008F84,0x00008F85,0x80,SetDefaultCtable__8CSurfaceFv
CODE_01_Visos (Mac Specific).bin,0x0000901D,0x0000901E,0x00,AttachPalette__8CSurfaceFP11CResPALETTE
CODE_01_Visos (Mac Specific).bin,0x000091E2,0x000091E3,0x80,__ct__8CSurfaceFP8GrafPort
CODE_01_Visos (Mac Specific).bin,0x000093E0,0x000093E1,0x80,__dt__8CSurfaceFv
CODE_01_Visos (Mac Specific).bin,0x0000941F,0x00009420,0x00,"FindElement__42CList<8CSurface,23CListElement<8CSurface>>FP8CSurface"
CODE_01_Visos (Mac Specific).bin,0x00009543,0x00009544,0x00,AddToChangeList__8CSurfaceFRC7CVSRect
CODE_01_Visos (Mac Specific).bin,0x0000957C,0x0000957D,0x80,GetChangeList__8CSurfaceFv
CODE_01_Visos (Mac Specific).bin,0x000095CC,0x000095CD,0x80,Blit__8CSurfaceFP9CClipRect
CODE_01_Visos (Mac Specific).bin,0x0000971A,0x0000971B,0x80,CheckVisibleWindow__8CSurfaceFv
CODE_01_Visos (Mac Specific).bin,0x000098B0,0x000098B1,0x80,CanWriteToScreen__8CSurfaceFv
CODE_01_Visos (Mac Specific).bin,0x00009A57,0x00009A58,0x00,BlitToScreen__8CSurfaceFRC7CVSRect
CODE_01_Visos (Mac Specific).bin,0x00009B3C,0x00009B3D,0x80,ToScreenDirect256__8CSurfaceFv
CODE_01_Visos (Mac Specific).bin,0x00009CA3,0x00009CA4,0x00,BlitToScreenQDraw__8CSurfaceFRC7CVSRect
CODE_01_Visos (Mac Specific).bin,0x00009DFC,0x00009DFD,0x80,ToScreenQuickDraw__8CSurfaceFv
CODE_01_Visos (Mac Specific).bin,0x00009F9E,0x00009F9F,0x80,ToScreen__8CSurfaceFP8CSurface
CODE_01_Visos (Mac Specific).bin,0x0000A0DE,0x0000A0DF,0x80,Resize__8CSurfaceFRC7CVSSize
CODE_01_Visos (Mac Specific).bin,0x0000A144,0x0000A145,0x80,MoveRel__8CSurfaceFRC8CVSPoint
CODE_01_Visos (Mac Specific).bin,0x0000A43E,0x0000A43F,0x80,Move__8CSurfaceFRC8CVSPoint
CODE_01_Visos (Mac Specific).bin,0x0000A4AC,0x0000A4AD,0x80,__mi__FRC8CVSPointRC8CVSPoint
CODE_01_Visos (Mac Specific).bin,0x0000A4E9,0x0000A4EA,0x00,HasScreenSizeChanged__8CSurfaceFv
CODE_01_Visos (Mac Specific).bin,0x0000A52B,0x0000A52C,0x00,HasColourDepthChanged__8CSurfaceFv
CODE_01_Visos (Mac Specific).bin,0x0000A60A,0x0000A60B,0x80,__ct__5CGWndFv
CODE_01_Visos (Mac Specific).bin,0x0000A650,0x0000A651,0x80,__ct__11CZBuffClearFv
CODE_01_Visos (Mac Specific).bin,0x0000A6A6,0x0000A6A7,0x80,__ct__15CCopyToBackBuffFv
CODE_01_Visos (Mac Specific).bin,0x0000A6F2,0x0000A6F3,0x80,__ct__10CSolidRectFv
CODE_01_Visos (Mac Specific).bin,0x0000A79A,0x0000A79B,0x80,__dt__5CGWndFv
CODE_01_Visos (Mac Specific).bin,0x0000A7DF,0x0000A7E0,0x00,Create__5CGWndFRC7CVSRectP6CPVWndPcUl
CODE_01_Visos (Mac Specific).bin,0x0000A9A4,0x0000A9A5,0x80,_OnCreate__5CGWndFv
CODE_01_Visos (Mac Specific).bin,0x0000AA02,0x0000AA03,0x80,__dv__FRC7CVSSizei
CODE_01_Visos (Mac Specific).bin,0x0000AA4C,0x0000AA4D,0x80,_OnDestroy__5CGWndFv
CODE_01_Visos (Mac Specific).bin,0x0000AB34,0x0000AB35,0x80,_OnSize__5CGWndFv
CODE_01_Visos (Mac Specific).bin,0x0000AB84,0x0000AB85,0x80,_OnMove__5CGWndFv
CODE_01_Visos (Mac Specific).bin,0x0000ABA0,0x0000ABA1,0x80,OnPaint__5CGWndFRC7CVSRect
CODE_01_Visos (Mac Specific).bin,0x0000AC6D,0x0000AC6E,0x00,ProcessOtherMessages__5CGWndFR11EventRecords
CODE_01_Visos (Mac Specific).bin,0x0000AD66,0x0000AD67,0x80,Render__5CGWndFv
CODE_01_Visos (Mac Specific).bin,0x0000ADA6,0x0000ADA7,0x80,Flush__5CGWndFv
CODE_01_Visos (Mac Specific).bin,0x0000B2F0,0x0000B2F1,0x80,Refresh__5CGWndFP7CVSRect
CODE_01_Visos (Mac Specific).bin,0x0000B3AE,0x0000B3AF,0x80,AttachPalette__5CGWndFUl
CODE_01_Visos (Mac Specific).bin,0x0000B3D2,0x0000B3D3,0x80,OnMove__5CGWndFv
CODE_01_Visos (Mac Specific).bin,0x0000B424,0x0000B425,0x80,Move__5CGWndFRC8CVSPoint
CODE_01_Visos (Mac Specific).bin,0x0000B4A8,0x0000B4A9,0x80,_SetRect__5CGWndFRC7CVSRect
CODE_01_Visos (Mac Specific).bin,0x0000B4ED,0x0000B4EE,0x00,Create__5CGWndFRC7CVSRectP6CPVWndPc
CODE_01_Visos (Mac Specific).bin,0x0000B51C,0x0000B51D,0x80,OnCreate__5CGWndFv
CODE_01_Visos (Mac Specific).bin,0x0000B53A,0x0000B53B,0x80,OnDestroy__5CGWndFv
CODE_01_Visos (Mac Specific).bin,0x0000B558,0x0000B559,0x80,OnSize__5CGWndFv
CODE_01_Visos (Mac Specific).bin,0x0000B598,0x0000B599,0x80,OnVisibilityChange__7CPVGWndFv
CODE_01_Visos (Mac Specific).bin,0x0000B5C8,0x0000B5C9,0x80,GetStyle__7CPVGWndFv
CODE_01_Visos (Mac Specific).bin,0x0000B61F,0x0000B620,0x00,SetDontUpdateRect__7CPVGWndFRC7CVSRect
CODE_01_Visos (Mac Specific).bin,0x0000B6A2,0x0000B6A3,0x80,__ct__9CMacHLMusFv
CODE_01_Visos (Mac Specific).bin,0x0000B732,0x0000B733,0x80,__dt__9CMacHLMusFv
CODE_01_Visos (Mac Specific).bin,0x0000BAB0,0x0000BAB1,0x80,Prepare__9CMacHLMusFUlUl
CODE_01_Visos (Mac Specific).bin,0x0000BB58,0x0000BB59,0x80,Free__9CMacHLMusFUl
CODE_01_Visos (Mac Specific).bin,0x0000BBF0,0x0000BBF1,0x80,Play__9CMacHLMusFUl
CODE_01_Visos (Mac Specific).bin,0x0000BC80,0x0000BC81,0x80,Stop__9CMacHLMusFUl
CODE_01_Visos (Mac Specific).bin,0x0000BD12,0x0000BD13,0x80,Pause__9CMacHLMusFUl
CODE_01_Visos (Mac Specific).bin,0x0000BDA4,0x0000BDA5,0x80,Resume__9CMacHLMusFUl
CODE_01_Visos (Mac Specific).bin,0x0000BDC6,0x0000BDC7,0x80,HLMusicAvailible__9CMacHLMusFv
CODE_01_Visos (Mac Specific).bin,0x0000BE96,0x0000BE97,0x80,Process__9CMacHLMusFv
CODE_01_Visos (Mac Specific).bin,0x0000BEF8,0x0000BEF9,0x80,convertCtoPStr__FPc
CODE_01_Visos (Mac Specific).bin,0x0000BF3A,0x0000BF3B,0x80,convertPtoCStr__FPUc
CODE_01_Visos (Mac Specific).bin,0x0000C078,0x0000C079,0x80,DoOneLoop__Fv
CODE_01_Visos (Mac Specific).bin,0x0000C0DA,0x0000C0DB,0x80,WaitProcess__Fv
CODE_01_Visos (Mac Specific).bin,0x0000C104,0x0000C105,0x80,main
CODE_01_Visos (Mac Specific).bin,0x0000C122,0x0000C123,0x80,_IDEV_Init__Fv
CODE_01_Visos (Mac Specific).bin,0x0000C14A,0x0000C14B,0x80,_IDEV_Quit__Fv
CODE_01_Visos (Mac Specific).bin,0x0000C166,0x0000C167,0x80,_STD_Init__Fv
CODE_01_Visos (Mac Specific).bin,0x0000C180,0x0000C181,0x80,_STD_Quit__Fv
CODE_01_Visos (Mac Specific).bin,0x0000C290,0x0000C291,0x80,GetDriveInfo__Fv
CODE_01_Visos (Mac Specific).bin,0x0000C2C6,0x0000C2C7,0x80,GetFirstDriveInfo__Fv
CODE_01_Visos (Mac Specific).bin,0x0000C2F6,0x0000C2F7,0x80,GetNextDriveInfo__Fv
CODE_01_Visos (Mac Specific).bin,0x0000C47A,0x0000C47B,0x80,GetCDDir__FPCc
CODE_01_Visos (Mac Specific).bin,0x0000C4CF,0x0000C4D0,0x00,__as__20CTCPIPNetworkAddressFPCc
CODE_01_Visos (Mac Specific).bin,0x0000C535,0x0000C536,0x00,__as__20CTCPIPNetworkAddressF15eBroadcastTypes
CODE_01_Visos (Mac Specific).bin,0x0000C597,0x0000C598,0x00,__as__20CTCPIPNetworkAddressFR15CNetworkAddress
CODE_01_Visos (Mac Specific).bin,0x0000C5E9,0x0000C5EA,0x00,__gt__20CTCPIPNetworkAddressFR15CNetworkAddress
CODE_01_Visos (Mac Specific).bin,0x0000C63A,0x0000C63B,0x80,VSNET_AtExit__Fv
CODE_01_Visos (Mac Specific).bin,0x0000C6C6,0x0000C6C7,0x80,VSNET_Init__Fv
CODE_01_Visos (Mac Specific).bin,0x0000C73C,0x0000C73D,0x80,VSNET_Quit__Fv
CODE_01_Visos (Mac Specific).bin,0x0000C790,0x0000C791,0x80,__ct__18CTCPIPCommonSocketFv
CODE_01_Visos (Mac Specific).bin,0x0000C800,0x0000C801,0x80,__dt__18CTCPIPCommonSocketFv
CODE_01_Visos (Mac Specific).bin,0x0000C833,0x0000C834,0x00,SysCloseSocket__18CTCPIPCommonSocketFv
CODE_01_Visos (Mac Specific).bin,0x0000C9A1,0x0000C9A2,0x00,ReadBuffFrom__16CTCPIPReadSocketFv
CODE_01_Visos (Mac Specific).bin,0x0000CB0A,0x0000CB0B,0x80,ReadBuff__16CTCPIPReadSocketFv
CODE_01_Visos (Mac Specific).bin,0x0000CB8C,0x0000CB8D,0x80,Process__16CTCPIPReadSocketFv
CODE_01_Visos (Mac Specific).bin,0x0000CC44,0x0000CC45,0x80,__ct__17CTCPIPWriteSocketFv
CODE_01_Visos (Mac Specific).bin,0x0000CC93,0x0000CC94,0x00,SetDestAddr__17CTCPIPWriteSocketFP15CNetworkAddress
CODE_01_Visos (Mac Specific).bin,0x0000CCDE,0x0000CCDF,0x80,Get__20CTCPIPNetworkAddressFv
CODE_01_Visos (Mac Specific).bin,0x0000CDA7,0x0000CDA8,0x00,SendPacket__17CTCPIPWriteSocketFPCUci
CODE_01_Visos (Mac Specific).bin,0x0000CDFA,0x0000CDFB,0x80,DNSError__14CTCPIPRWSocketFv
CODE_01_Visos (Mac Specific).bin,0x0000D029,0x0000D02A,0x00,CreateSocket__14CTCPIPRWSocketFv
CODE_01_Visos (Mac Specific).bin,0x0000D065,0x0000D066,0x00,SysCloseSocket__14CTCPIPRWSocketFv
CODE_01_Visos (Mac Specific).bin,0x0000D53A,0x0000D53B,0x80,__ct__15CTCPIPBroadcastFv
CODE_01_Visos (Mac Specific).bin,0x0000D80C,0x0000D80D,0x80,__dt__15CTCPIPBroadcastFv
CODE_01_Visos (Mac Specific).bin,0x0000D899,0x0000D89A,0x00,GetSpecificAddr__15CTCPIPBroadcastFPCc
CODE_01_Visos (Mac Specific).bin,0x0000D9A8,0x0000D9A9,0x80,GotName__15CTCPIPBroadcastFv
CODE_01_Visos (Mac Specific).bin,0x0000D9D7,0x0000D9D8,0x00,GetStr__20CTCPIPNetworkAddressFv
CODE_01_Visos (Mac Specific).bin,0x0000DAD8,0x0000DAD9,0x80,Start__15CTCPIPBroadcastFPCc
CODE_01_Visos (Mac Specific).bin,0x0000DCB0,0x0000DCB1,0x80,GotHost__15CTCPIPBroadcastFv
CODE_01_Visos (Mac Specific).bin,0x0000DCE8,0x0000DCE9,0x80,SetPort__17CTCPIPWriteSocketFs
CODE_01_Visos (Mac Specific).bin,0x0000DD23,0x0000DD24,0x00,StartListen__15CTCPIPBroadcastFv
CODE_01_Visos (Mac Specific).bin,0x0000DD5C,0x0000DD5D,0x80,StopListen__15CTCPIPBroadcastFv
CODE_01_Visos (Mac Specific).bin,0x0000DDDA,0x0000DDDB,0x80,Process__15CTCPIPBroadcastFv
CODE_01_Visos (Mac Specific).bin,0x0000DED2,0x0000DED3,0x80,Start__13CTCPIPConnectFPCcPCc
CODE_01_Visos (Mac Specific).bin,0x0000E00E,0x0000E00F,0x80,GotHost__13CTCPIPConnectFv
CODE_01_Visos (Mac Specific).bin,0x0000E050,0x0000E051,0x80,InitSocket__13CTCPIPConnectFv
CODE_01_Visos (Mac Specific).bin,0x0000E0F3,0x0000E0F4,0x00,Listen__13CTCPIPConnectFP15CNetworkAddress
CODE_01_Visos (Mac Specific).bin,0x0000E164,0x0000E165,0x80,Connect__13CTCPIPConnectFv
CODE_01_Visos (Mac Specific).bin,0x0000E1B2,0x0000E1B3,0x80,Process__13CTCPIPConnectFv
CODE_01_Visos (Mac Specific).bin,0x0000E1F4,0x0000E1F5,0x80,__ct__13CTCPIPNetworkFv
CODE_01_Visos (Mac Specific).bin,0x0000E2B2,0x0000E2B3,0x80,Initialise__13CTCPIPNetworkFv
CODE_01_Visos (Mac Specific).bin,0x0000E302,0x0000E303,0x80,UnInitialise__13CTCPIPNetworkFv
CODE_01_Visos (Mac Specific).bin,0x0000E3DC,0x0000E3DD,0x80,Process__13CTCPIPNetworkFv
CODE_01_Visos (Mac Specific).bin,0x0000E43E,0x0000E43F,0x80,ForceProcess__13CTCPIPNetworkFv
CODE_01_Visos (Mac Specific).bin,0x0000E4AE,0x0000E4AF,0x80,SysShutDown__13CTCPIPNetworkFv
CODE_01_Visos (Mac Specific).bin,0x0000E4F9,0x0000E4FA,0x00,__eq__20CTCPIPNetworkAddressFR15CNetworkAddress
CODE_01_Visos (Mac Specific).bin,0x0000E534,0x0000E535,0x80,Closed__17CBaseCommonSocketFUc
CODE_01_Visos (Mac Specific).bin,0x0000E56E,0x0000E56F,0x80,Closed__17CTCPIPWriteSocketFUc
CODE_01_Visos (Mac Specific).bin,0x0000E5B0,0x0000E5B1,0x80,Closed__14CTCPIPRWSocketFUc
CODE_01_Visos (Mac Specific).bin,0x0000E5E6,0x0000E5E7,0x80,ResetPort__10CBroadcastFs
CODE_01_Visos (Mac Specific).bin,0x0000E618,0x0000E619,0x80,Closed__15CTCPIPBroadcastFUc
CODE_01_Visos (Mac Specific).bin,0x0000E655,0x0000E656,0x00,ReceiveAcknowledgement__14CTCPIPRWSocketFv
CODE_01_Visos (Mac Specific).bin,0x0000E68A,0x0000E68B,0x80,ConnectSetup__8CConnectFv
CODE_01_Visos (Mac Specific).bin,0x0000E94A,0x0000E94B,0x80,__dt__13CTCPIPConnectFv
CODE_01_Visos (Mac Specific).bin,0x0000E97A,0x0000E97B,0x80,Closed__13CTCPIPConnectFUc
CODE_01_Visos (Mac Specific).bin,0x0000E9AB,0x0000E9AC,0x00,ReceiveAcknowledgement__13CTCPIPConnectFv
CODE_01_Visos (Mac Specific).bin,0x0000E9F5,0x0000E9F6,0x00,SendAcknowledgement__14CTCPIPRWSocketFv
CODE_01_Visos (Mac Specific).bin,0x0000EA51,0x0000EA52,0x00,GetNewNetworkAddress__13CTCPIPNetworkFv
CODE_01_Visos (Mac Specific).bin,0x0000EF3B,0x0000EF3C,0x00,GetNewConnect__13CTCPIPNetworkFv
CODE_01_Visos (Mac Specific).bin,0x0000EF8B,0x0000EF8C,0x00,GetNewBroadcast__13CTCPIPNetworkFv
CODE_01_Visos (Mac Specific).bin,0x0000EFC8,0x0000EFC9,0x80,WaitProcess__13CTCPIPNetworkFv
CODE_01_Visos (Mac Specific).bin,0x0000F024,0x0000F025,0x80,__dt__13CTCPIPNetworkFv
CODE_01_Visos (Mac Specific).bin,0x0000F047,0x0000F048,0x00,BeforeDestroyConnections__12CBaseNetworkFv
CODE_01_Visos (Mac Specific).bin,0x0000F07D,0x0000F07E,0x00,AfterDestroyConnections__12CBaseNetworkFv
CODE_01_Visos (Mac Specific).bin,0x0000F5AB,0x0000F5AC,0x00,NewFilename__12CNetworkFileFPCcPPc
CODE_01_Visos (Mac Specific).bin,0x0000F65E,0x0000F65F,0x80,Open__12CNetworkFileFPCcUcUc
CODE_01_Visos (Mac Specific).bin,0x0000F6A2,0x0000F6A3,0x80,Create__12CNetworkFileFPCcUc
CODE_01_Visos (Mac Specific).bin,0x0000F6EE,0x0000F6EF,0x80,Delete__12CNetworkFileFv
CODE_01_Visos (Mac Specific).bin,0x0000F760,0x0000F761,0x80,Delete__12CNetworkFileFPCc
CODE_01_Visos (Mac Specific).bin,0x0000F7C2,0x0000F7C3,0x80,CheckExists__12CNetworkFileFPCc
CODE_01_Visos (Mac Specific).bin,0x0000F92E,0x0000F92F,0x80,Write__12CNetworkFileFPCUci
CODE_01_Visos (Mac Specific).bin,0x0000FAB4,0x0000FAB5,0x80,Read__12CNetworkFileFPUci
CODE_01_Visos (Mac Specific).bin,0x0000FAE4,0x0000FAE5,0x80,Seek__12CNetworkFileFi
CODE_01_Visos (Mac Specific).bin,0x0000FB0E,0x0000FB0F,0x80,Tell__12CNetworkFileFv
CODE_01_Visos (Mac Specific).bin,0x0000FB70,0x0000FB71,0x80,Close__12CNetworkFileFv
CODE_01_Visos (Mac Specific).bin,0x0000FBBE,0x0000FBBF,0x80,GetFileSize__12CNetworkFileFv
CODE_01_Visos (Mac Specific).bin,0x0000FC20,0x0000FC21,0x80,Lock__12CNetworkFileFUlUl
CODE_01_Visos (Mac Specific).bin,0x0000FC7E,0x0000FC7F,0x80,UnLock__12CNetworkFileFUlUl
CODE_01_Visos (Mac Specific).bin,0x0000FCBF,0x0000FCC0,0x00,__ct__6CRemapFUlPUc13ePaletteTypes
CODE_01_Visos (Mac Specific).bin,0x0000FCFE,0x0000FCFF,0x80,__ct__15CPaletteManagerFi
CODE_01_Visos (Mac Specific).bin,0x0000FD24,0x0000FD25,0x80,_DBG_Init__Fv
CODE_01_Visos (Mac Specific).bin,0x0000FD3E,0x0000FD3F,0x80,_DBG_Quit__FUc
CODE_01_Visos (Mac Specific).bin,0x0000FF1E,0x0000FF1F,0x80,_MEM_Init__Fv
CODE_01_Visos (Mac Specific).bin,0x0000FF78,0x0000FF79,0x80,_MEM_Quit__Fv
CODE_01_Visos (Mac Specific).bin,0x0001004E,0x0001004F,0x80,WriteDebugString2File__FPc
CODE_01_Visos (Mac Specific).bin,0x00010088,0x00010089,0x80,_RAWOUT_DebugString__FPc
CODE_01_Visos (Mac Specific).bin,0x000100C0,0x000100C1,0x80,_RAWOUT_ErrorString__FPc
CODE_01_Visos (Mac Specific).bin,0x000100F8,0x000100F9,0x80,_RAWOUT_SysString__FPc
CODE_01_Visos (Mac Specific).bin,0x0001011C,0x0001011D,0x80,_TIME_Init__Fv
CODE_01_Visos (Mac Specific).bin,0x00010138,0x00010139,0x80,_TIME_Quit__Fv
CODE_01_Visos (Mac Specific).bin,0x0001018E,0x0001018F,0x80,CurrentMilliTimer__Fv
CODE_01_Visos (Mac Specific).bin,0x000101B4,0x000101B5,0x80,CurrentQueueTimer__Fv
CODE_01_Visos (Mac Specific).bin,0x00010220,0x00010221,0x80,GetWindow__4CWndFP8GrafPort
CODE_01_Visos (Mac Specific).bin,0x00010322,0x00010323,0x80,ProcessMouseMoves__4CWndFv
CODE_01_Visos (Mac Specific).bin,0x0001066F,0x00010670,0x00,ProcessMessage__4CWndFR11EventRecord
CODE_01_Visos (Mac Specific).bin,0x0001074E,0x0001074F,0x80,HideMenu__4CWndFv
CODE_01_Visos (Mac Specific).bin,0x000107AE,0x000107AF,0x80,ShowMenu__4CWndFv
CODE_01_Visos (Mac Specific).bin,0x00010825,0x00010826,0x00,ProcessWindowMessages__4CWndFR11EventRecords
CODE_01_Visos (Mac Specific).bin,0x0001087F,0x00010880,0x00,ProcessOtherMessages__4CWndFR11EventRecords
CODE_01_Visos (Mac Specific).bin,0x000108EC,0x000108ED,0x80,c2pstr__4CWndFPc
CODE_01_Visos (Mac Specific).bin,0x00010C8F,0x00010C90,0x00,CheckMouseDowns__4CWndFR11EventRecords
CODE_01_Visos (Mac Specific).bin,0x00010CC2,0x00010CC3,0x80,GetStyle__4CWndFv
CODE_01_Visos (Mac Specific).bin,0x00010D03,0x00010D04,0x00,CheckControls__4CWndF5PointP8GrafPort
CODE_01_Visos (Mac Specific).bin,0x00010DEE,0x00010DEF,0x80,__ct__4CWndFv
CODE_01_Visos (Mac Specific).bin,0x00010E4F,0x00010E50,0x00,AdjustClientRect__4CWndFR7CVSRect
CODE_01_Visos (Mac Specific).bin,0x000111D9,0x000111DA,0x00,Create__4CWndFRC7CVSRectP6CPVWndPc
CODE_01_Visos (Mac Specific).bin,0x0001124E,0x0001124F,0x80,__pl__FRC8CVSPointRC8CVSPoint
CODE_01_Visos (Mac Specific).bin,0x000112A8,0x000112A9,0x80,__dt__4CWndFv
CODE_01_Visos (Mac Specific).bin,0x00011362,0x00011363,0x80,MoveAbsolute__4CWndFRC8CVSPoint
CODE_01_Visos (Mac Specific).bin,0x00011448,0x00011449,0x80,Move__4CWndFRC8CVSPoint
CODE_01_Visos (Mac Specific).bin,0x0001153E,0x0001153F,0x80,Destroy__4CWndFv
CODE_01_Visos (Mac Specific).bin,0x0001155A,0x0001155B,0x80,ReSetMenu__4CWndFv
CODE_01_Visos (Mac Specific).bin,0x00011609,0x0001160A,0x00,SetMenu__4CWndFRiPP11tagMenuList
CODE_01_Visos (Mac Specific).bin,0x00011710,0x00011711,0x80,SelectMenu__4CWndFl
CODE_01_Visos (Mac Specific).bin,0x0001176A,0x0001176B,0x80,_OnZoom__4CWndFi
CODE_01_Visos (Mac Specific).bin,0x000119EC,0x000119ED,0x80,_SetRect__4CWndFRC7CVSRect
CODE_01_Visos (Mac Specific).bin,0x00011A4E,0x00011A4F,0x80,_SetRelTL__4CWndFRC8CVSPoint
CODE_01_Visos (Mac Specific).bin,0x00011AEE,0x00011AEF,0x80,Process__4CWndFv
CODE_01_Visos (Mac Specific).bin,0x00011C53,0x00011C54,0x00,Blit__8CSurfaceFP13CScreenScroll
CODE_01_Visos (Mac Specific).bin,0x00011CEA,0x00011CEB,0x80,Blit__8CSurfaceFP11CZBuffClear
CODE_01_Visos (Mac Specific).bin,0x00011D14,0x00011D15,0x80,Blit__8CSurfaceFP12CZBuffScroll
CODE_01_Visos (Mac Specific).bin,0x00011D56,0x00011D57,0x80,Blit__8CSurfaceFP6CPoint
CODE_01_Visos (Mac Specific).bin,0x00011E35,0x00011E36,0x00,BlitPoint__8CSurfaceFRC8CVSPointi
CODE_01_Visos (Mac Specific).bin,0x00011EC8,0x00011EC9,0x80,Blit__8CSurfaceFP10CSolidRect
CODE_01_Visos (Mac Specific).bin,0x00011FAA,0x00011FAB,0x80,BlitRect__8CSurfaceF7CVSRecti
CODE_01_Visos (Mac Specific).bin,0x00012012,0x00012013,0x80,Blit__8CSurfaceFP5CLine
CODE_01_Visos (Mac Specific).bin,0x000121A0,0x000121A1,0x80,BlitLine__8CSurfaceFiiiii
CODE_01_Visos (Mac Specific).bin,0x0001251C,0x0001251D,0x80,LineClip__8CSurfaceFRiRiRiRi
CODE_01_Visos (Mac Specific).bin,0x000125EA,0x000125EB,0x80,ClipCode__8CSurfaceFii
CODE_01_Visos (Mac Specific).bin,0x00012640,0x00012641,0x80,Blit__8CSurfaceFP7CCircle
CODE_01_Visos (Mac Specific).bin,0x0001315A,0x0001315B,0x80,BlitCircle__8CSurfaceFiiii
CODE_01_Visos (Mac Specific).bin,0x000132D8,0x000132D9,0x80,ClipCircle__8CSurfaceFiii
CODE_01_Visos (Mac Specific).bin,0x00013331,0x00013332,0x00,Blit__8CSurfaceFP13CFilledCircle
CODE_01_Visos (Mac Specific).bin,0x00013537,0x00013538,0x00,BlitFilledCircle__8CSurfaceFiiii
CODE_01_Visos (Mac Specific).bin,0x00013853,0x00013854,0x00,DrawClippedFilledCircle__8CSurfaceFiiii
CODE_01_Visos (Mac Specific).bin,0x00013A27,0x00013A28,0x00,FilledCircleClipPoints__8CSurfaceFiiiii
CODE_01_Visos (Mac Specific).bin,0x00013BCD,0x00013BCE,0x00,DrawFullFilledCircle__8CSurfaceFiiii
CODE_01_Visos (Mac Specific).bin,0x00013E51,0x00013E52,0x00,ClipRect__8CSurfaceFR7CVSRectP7CVSRect
CODE_01_Visos (Mac Specific).bin,0x00013F79,0x00013F7A,0x00,BlitZRLEClipR__8CSurfaceFRC7CVSRectRC7CVSRectP8CResZRLEUc
CODE_01_Visos (Mac Specific).bin,0x0001410A,0x0001410B,0x80,ClipZRLELineR__FPUcPUcii
CODE_01_Visos (Mac Specific).bin,0x0001414A,0x0001414B,0x80,GetZRLEEndLine__FPUc
CODE_01_Visos (Mac Specific).bin,0x0001426B,0x0001426C,0x00,BlitZRLENoClipZBuffRemap__8CSurfaceFRC7CVSRectP8CResZRLEUsPUc
CODE_01_Visos (Mac Specific).bin,0x000143AD,0x000143AE,0x00,BlitZRLENoClipQZBuffRemap__8CSurfaceFRC7CVSRectP8CResZRLEUsPUc
CODE_01_Visos (Mac Specific).bin,0x000144B9,0x000144BA,0x00,BlitZRLENoClipR__8CSurfaceFRC7CVSRectP8CResZRLEUc
CODE_01_Visos (Mac Specific).bin,0x000145D3,0x000145D4,0x00,BlitZRLEClipRemap__8CSurfaceFRC7CVSRectRC7CVSRectP8CResZRLEUcPUc
CODE_01_Visos (Mac Specific).bin,0x000147A4,0x000147A5,0x80,ClipZRLELineRemap__FPUcPUciiPUc
CODE_01_Visos (Mac Specific).bin,0x00014881,0x00014882,0x00,BlitZRLEClipZBuffRemap__8CSurfaceFRC7CVSRectRC7CVSRectP8CResZRLEUsPUc
CODE_01_Visos (Mac Specific).bin,0x00014A8B,0x00014A8C,0x00,ClipZRLELineZBuffRemap__FPUcPUciiPUsUsPUc
CODE_01_Visos (Mac Specific).bin,0x00014B73,0x00014B74,0x00,BlitZRLEClipQZBuffRemap__8CSurfaceFRC7CVSRectRC7CVSRectP8CResZRLEUsPUc
CODE_01_Visos (Mac Specific).bin,0x00014DF5,0x00014DF6,0x00,ClipZRLELineQZBuffRemap__FPUcPUciiPUsUsPUc
CODE_01_Visos (Mac Specific).bin,0x00014F2D,0x00014F2E,0x00,BlitZRLEClipRemapR__8CSurfaceFRC7CVSRectRC7CVSRectP8CResZRLEUcPUc
CODE_01_Visos (Mac Specific).bin,0x00015101,0x00015102,0x00,ClipZRLELineRemapR__FPUcPUciiPUc
CODE_01_Visos (Mac Specific).bin,0x000151F5,0x000151F6,0x00,BlitZRLENoClipRemap__8CSurfaceFRC7CVSRectP8CResZRLEUcPUc
CODE_01_Visos (Mac Specific).bin,0x0001530D,0x0001530E,0x00,BlitZRLENoClipRemapR__8CSurfaceFRC7CVSRectP8CResZRLEUcPUc
CODE_01_Visos (Mac Specific).bin,0x000153CF,0x000153D0,0x00,Blit__8CSurfaceFP5CZRLEP8CResZRLE
CODE_01_Visos (Mac Specific).bin,0x00015839,0x0001583A,0x00,BlitZRLE__8CSurfaceFiiP8CResZRLEUlP6CRemapUs
CODE_01_Visos (Mac Specific).bin,0x0001590D,0x0001590E,0x00,Blit__8CSurfaceFP7CBitmapP10CResBITMAP
CODE_01_Visos (Mac Specific).bin,0x00015B11,0x00015B12,0x00,BlitBitmap__8CSurfaceFRC8CVSPointRC7CVSRectP10CResBITMAPUl
CODE_01_Visos (Mac Specific).bin,0x00015B80,0x00015B81,0x80,__ct__5CAnimFv
CODE_01_Visos (Mac Specific).bin,0x00015BB6,0x00015BB7,0x80,__ct__5CZRLEFv
CODE_01_Visos (Mac Specific).bin,0x00015BFC,0x00015BFD,0x80,toPoint__7CVSSizeFv
CODE_01_Visos (Mac Specific).bin,0x00015C52,0x00015C53,0x80,NextSANIM__13CAnimsManagerFv
CODE_01_Visos (Mac Specific).bin,0x00015CB8,0x00015CB9,0x80,NextSZRLE__13CAnimsManagerFv
CODE_01_Visos (Mac Specific).bin,0x00015D06,0x00015D07,0x80,__ct__5CLineFv
CODE_01_Visos (Mac Specific).bin,0x00015D28,0x00015D29,0x80,GetFrameNo__11CStaticAnimFv
CODE_01_Visos (Mac Specific).bin,0x00015D56,0x00015D57,0x80,GetFrameNo__7CFramesFv
CODE_01_Visos (Mac Specific).bin,0x00015D78,0x00015D79,0x80,FreeVram__13CAnimsManagerFv
CODE_01_Visos (Mac Specific).bin,0x00015DA8,0x00015DA9,0x80,SetAnimTime__10CTimedAnimFUl
CODE_01_Visos (Mac Specific).bin,0x00015DDA,0x00015DDB,0x80,SetStartTime__10CTimedAnimFUl
CODE_01_Visos (Mac Specific).bin,0x00015E0D,0x00015E0E,0x00,SetAnimDirection__10CTimedAnimFi
CODE_01_Visos (Mac Specific).bin,0x00015E3B,0x00015E3C,0x00,GetnVramEntries__12CResBaseLISTFv
CODE_01_Visos (Mac Specific).bin,0x00015E7D,0x00015E7E,0x00,GetfVramLoaded__12CResBaseLISTFv
CODE_01_Visos (Mac Specific).bin,0x00015EAB,0x00015EAC,0x00,ForceLoadVram__12CResBaseLISTFUl
CODE_01_Visos (Mac Specific).bin,0x00015EE5,0x00015EE6,0x00,GetfAnyVramLoaded__12CResBaseLISTFv
CODE_01_Visos (Mac Specific).bin,0x00015F15,0x00015F16,0x00,UnLoadVramData__12CResBaseLISTFUlUc
CODE_01_Visos (Mac Specific).bin,0x00015F80,0x00015F81,0x80,__dt__8CResZRLEFv
CODE_01_Visos (Mac Specific).bin,0x00015FEE,0x00015FEF,0x80,__ct__8CResZRLEFv
CODE_01_Visos (Mac Specific).bin,0x00016030,0x00016031,0x80,__ct__7CResINTFv
CODE_01_Visos (Mac Specific).bin,0x00016072,0x00016073,0x80,__ct__10CResSTRINGFv
CODE_01_Visos (Mac Specific).bin,0x000160E6,0x000160E7,0x80,__dt__8CResANIMFv
CODE_01_Visos (Mac Specific).bin,0x00016114,0x00016115,0x80,GetnVramEntries__8CResANIMFv
CODE_01_Visos (Mac Specific).bin,0x0001615D,0x0001615E,0x00,DirectResources__8CResANIMFUlRPUc
CODE_01_Visos (Mac Specific).bin,0x000161AF,0x000161B0,0x00,DirectResources__8CResANIMFUlRPUcRPUc
CODE_01_Visos (Mac Specific).bin,0x000161FC,0x000161FD,0x80,UnLoadResources__8CResANIMFUlUc
CODE_01_Visos (Mac Specific).bin,0x00016238,0x00016239,0x80,SetType__12CResBaseLISTFv
CODE_01_Visos (Mac Specific).bin,0x00016264,0x00016265,0x80,GetSizeUsed__12CResBaseLISTFv
CODE_01_Visos (Mac Specific).bin,0x0001629B,0x0001629C,0x00,GetfVramSwappable__12CResBaseLISTFv
CODE_01_Visos (Mac Specific).bin,0x000162DC,0x000162DD,0x80,SetType__10CResBITMAPFv
CODE_01_Visos (Mac Specific).bin,0x0001633A,0x0001633B,0x80,__dt__10CResBITMAPFv
CODE_01_Visos (Mac Specific).bin,0x0001636C,0x0001636D,0x80,SetType__8CResZRLEFv
CODE_01_Visos (Mac Specific).bin,0x000163B9,0x000163BA,0x00,Set__5CTextFRC8CVSPointP8CResFONTPCcUlP6CRemap
CODE_01_Visos (Mac Specific).bin,0x00016427,0x00016428,0x00,Set__5CTextFRC8CVSPointP8CResFONT7CStringUlP6CRemap
CODE_01_Visos (Mac Specific).bin,0x000164A4,0x000164A5,0x80,__op7CVector__8CVSPointCFv
CODE_01_Visos (Mac Specific).bin,0x000164E8,0x000164E9,0x80,__mi__6CFixedCFv
CODE_01_Visos (Mac Specific).bin,0x0001653A,0x0001653B,0x80,__op8CVSPoint__7CVectorCFv
CODE_01_Visos (Mac Specific).bin,0x000165A4,0x000165A5,0x80,GetBR__7CVSRectCFv
CODE_01_Visos (Mac Specific).bin,0x000165E4,0x000165E5,0x80,__dv__FRC6CFixedi
CODE_01_Visos (Mac Specific).bin,0x00016622,0x00016623,0x80,__ml__FRC6CFixedi
CODE_01_Visos (Mac Specific).bin,0x0001665A,0x0001665B,0x80,__as__19CFileNetworkAddressFPCc
CODE_01_Visos (Mac Specific).bin,0x000166B6,0x000166B7,0x80,__dt__14CHeaderMessageFv
CODE_01_Visos (Mac Specific).bin,0x000166F9,0x000166FA,0x00,__as__19CFileNetworkAddressFR15CNetworkAddress
CODE_01_Visos (Mac Specific).bin,0x00016751,0x00016752,0x00,__eq__19CFileNetworkAddressFR15CNetworkAddress
CODE_01_Visos (Mac Specific).bin,0x00016790,0x00016791,0x80,GetStr__19CFileNetworkAddressFv
CODE_01_Visos (Mac Specific).bin,0x000167CC,0x000167CD,0x80,Closed__16CFileWriteSocketFUc
CODE_01_Visos (Mac Specific).bin,0x0001680C,0x0001680D,0x80,Closed__13CFileRWSocketFUc
CODE_01_Visos (Mac Specific).bin,0x00016847,0x00016848,0x00,ReceiveAcknowledgement__13CFileRWSocketFv
CODE_01_Visos (Mac Specific).bin,0x0001688E,0x0001688F,0x80,Closed__14CFileBroadcastFUc
CODE_01_Visos (Mac Specific).bin,0x000168D0,0x000168D1,0x80,Process__12CFileConnectFv
CODE_01_Visos (Mac Specific).bin,0x00016909,0x0001690A,0x00,SendAcknowledgement__13CFileRWSocketFv
CODE_01_Visos (Mac Specific).bin,0x0001694C,0x0001694D,0x80,Closed__12CFileConnectFUc
CODE_01_Visos (Mac Specific).bin,0x0001697F,0x00016980,0x00,ReceiveAcknowledgement__12CFileConnectFv
CODE_01_Visos (Mac Specific).bin,0x00016FE1,0x00016FE2,0x00,IsRetryOverflow__12CWritePacketFv
CODE_01_Visos (Mac Specific).bin,0x00017026,0x00017027,0x80,SetResend__12CWritePacketFv
CODE_01_Visos (Mac Specific).bin,0x00017088,0x00017089,0x80,__dt__18CMessFAILEDConnectFv
CODE_01_Visos (Mac Specific).bin,0x000170EC,0x000170ED,0x80,__dt__14CMessGOConnectFv
CODE_01_Visos (Mac Specific).bin,0x0001714C,0x0001714D,0x80,__dt__14CMessOKConnectFv
CODE_01_Visos (Mac Specific).bin,0x000171B8,0x000171B9,0x80,__dt__15CMessReqNewPortFv
CODE_01_Visos (Mac Specific).bin,0x00017366,0x00017367,0x80,__dt__16CDepressedButtonFv
CODE_01_Visos (Mac Specific).bin,0x000173B4,0x000173B5,0x80,__ct__9CClipRectFv
CODE_01_Visos (Mac Specific).bin,0x0001740C,0x0001740D,0x80,Destroy__9CPVButtonFv
CODE_01_Visos (Mac Specific).bin,0x0001742C,0x0001742D,0x80,OnPaint__9CPVButtonFRC7CVSRect
CODE_01_Visos (Mac Specific).bin,0x000174C4,0x000174C5,0x80,GetRelRect__6CPVWndFv
CODE_01_Visos (Mac Specific).bin,0x000174FA,0x000174FB,0x80,__ct__11CPushActiveFv
CODE_01_Visos (Mac Specific).bin,0x00017562,0x00017563,0x80,__pl__FRC7CVSSizeRC7CVSSize
CODE_01_Visos (Mac Specific).bin,0x000175C8,0x000175C9,0x80,__ml__FRC7CVSSizei
CODE_01_Visos (Mac Specific).bin,0x0001760D,0x0001760E,0x00,OnReleased__16CDepressedButtonF12BUTTON_FLAGS
CODE_01_Visos (Mac Specific).bin,0x0001766D,0x0001766E,0x00,OnPressed__16CDepressedButtonF12BUTTON_FLAGS
CODE_01_Visos (Mac Specific).bin,0x000176C9,0x000176CA,0x00,OnEnterButton__16CDepressedButtonFv
CODE_01_Visos (Mac Specific).bin,0x0001771D,0x0001771E,0x00,OnExitButton__16CDepressedButtonFv
CODE_01_Visos (Mac Specific).bin,0x00017750,0x00017751,0x80,GetStyle__9CPVButtonFv
CODE_01_Visos (Mac Specific).bin,0x000177D6,0x000177D7,0x80,Move__9CPVButtonFRC8CVSPoint
CODE_01_Visos (Mac Specific).bin,0x0001783B,0x0001783C,0x00,OnVisibilityChange__9CPVButtonFv
CODE_01_Visos (Mac Specific).bin,0x00017910,0x00017911,0x80,GetASCII__8CResFONTCFUl
CODE_01_Visos (Mac Specific).bin,0x0001797E,0x0001797F,0x80,__dv__FRC7CVSSizeRC7CVSSize
CODE_01_Visos (Mac Specific).bin,0x000179EC,0x000179ED,0x80,__mi__FRC7CVSSizeRC7CVSSize
CODE_01_Visos (Mac Specific).bin,0x00017A26,0x00017A27,0x80,__ct__13tagCHANGERECTFv
CODE_01_Visos (Mac Specific).bin,0x00017A77,0x00017A78,0x00,Set__5CTextFiiP8CResFONT7CStringUlP6CRemap
CODE_01_Visos (Mac Specific).bin,0x00017AD7,0x00017AD8,0x00,Set__5CTextFiiP8CResFONTPCcUlP6CRemap
CODE_01_Visos (Mac Specific).bin,0x00017B22,0x00017B23,0x80,OnExit__12CHotAreaListFv
CODE_01_Visos (Mac Specific).bin,0x00017B86,0x00017B87,0x80,__ml__FRC8CVSPointi
CODE_01_Visos (Mac Specific).bin,0x00017BE4,0x00017BE5,0x80,__dv__FRC8CVSPointi
CODE_01_Visos (Mac Specific).bin,0x00017D25,0x00017D26,0x00,ScrollOld__12CPVGDIBitmapFRC7CVSRectRC8CVSPoint
CODE_01_Visos (Mac Specific).bin,0x00017D9E,0x00017D9F,0x80,__dt__11CTimedQueueFv
CODE_01_Visos (Mac Specific).bin,0x00017E05,0x00017E06,0x00,CheckValidPointer__12CSmallMemoryFPUc
CODE_01_Visos (Mac Specific).bin,0x00017E86,0x00017E87,0x80,_SetRect__6CPVWndFRC7CVSRect
CODE_01_Visos (Mac Specific).bin,0x00017EAE,0x00017EAF,0x80,ReSetMenu__6CPVWndFv
CODE_01_Visos (Mac Specific).bin,0x00017ECF,0x00017ED0,0x00,SetMenu__6CPVWndFRiPP11tagMenuList
CODE_01_Visos (Mac Specific).bin,0x00017EFC,0x00017EFD,0x80,_SetRelTL__6CPVWndFRC8CVSPoint
CODE_01_Visos (Mac Specific).bin,0x00017F28,0x00017F29,0x80,IsFocusWindow__6CPVWndFv
CODE_01_Visos (Mac Specific).bin,0x00017F92,0x00017F93,0x80,Mem2Offs__7CBucketFPUc
CODE_01_Visos (Mac Specific).bin,0x00017FC2,0x00017FC3,0x80,__ct__6CFixedFv
CODE_01_Visos (Mac Specific).bin,0x0001800E,0x0001800F,0x80,__dt__15CGameObjectMessFv
CODE_01_Visos (Mac Specific).bin,0x00018058,0x00018059,0x80,__dt__8CProcessFv
CODE_01_Visos (Mac Specific).bin,0x000180A6,0x000180A7,0x80,__dt__18CBaseObjectManagerFv
CODE_01_Visos (Mac Specific).bin,0x00018100,0x00018101,0x80,__dt__17CGlobalGameObjectFv
CODE_01_Visos (Mac Specific).bin,0x00018164,0x00018165,0x80,__dt__17CBaseGlobalObjectFv
CODE_01_Visos (Mac Specific).bin,0x000181BC,0x000181BD,0x80,__dt__19CGameFlaggedMessageFv
CODE_01_Visos (Mac Specific).bin,0x00018216,0x00018217,0x80,__dt__17CGameStateMessageFv
CODE_01_Visos (Mac Specific).bin,0x0001826E,0x0001826F,0x80,__dt__14CPBNetworkGameFv
CODE_01_Visos (Mac Specific).bin,0x000182D5,0x000182D6,0x00,GetViewData__12CBallManagerFP9CViewData
CODE_01_Visos (Mac Specific).bin,0x00018401,0x00018402,0x00,GetViewData__11CGameObjectFR9CViewData
CODE_01_Visos (Mac Specific).bin,0x0001843D,0x0001843E,0x00,SetSndEffect__11CGameObjectF12eSoundEffect
CODE_01_Visos (Mac Specific).bin,0x000184B2,0x000184B3,0x80,GetCollision__12CGroundArrayFii
CODE_01_Visos (Mac Specific).bin,0x00018540,0x00018541,0x80,GetZ__12CGroundArrayFii
CODE_01_Visos (Mac Specific).bin,0x00018575,0x00018576,0x00,GetData__20CTransportObjectMessFv
CODE_01_Visos (Mac Specific).bin,0x000185E0,0x000185E1,0x80,__dt__20CTransportObjectMessFv
CODE_01_Visos (Mac Specific).bin,0x00018648,0x00018649,0x80,__dt__18CRequestCancelMessFv
CODE_01_Visos (Mac Specific).bin,0x000186AE,0x000186AF,0x80,__dt__17CRemoveObjectMessFv
CODE_01_Visos (Mac Specific).bin,0x00018706,0x00018707,0x80,__dt__15CTheBalloonPostFv
CODE_01_Visos (Mac Specific).bin,0x0001875C,0x0001875D,0x80,__dt__11CEnemyGroupFv
CODE_01_Visos (Mac Specific).bin,0x00018785,0x00018786,0x00,GetGroupState__13CGenericGroupFv
CODE_01_Visos (Mac Specific).bin,0x000187BB,0x000187BC,0x00,SetGroupState__13CGenericGroupF11eGroupState
CODE_01_Visos (Mac Specific).bin,0x000187FC,0x000187FD,0x80,Action__11CGameObjectF7eAction
CODE_01_Visos (Mac Specific).bin,0x00018836,0x00018837,0x80,Action__11CGameObjectF7eActioni
CODE_01_Visos (Mac Specific).bin,0x00018861,0x00018862,0x00,ForgetObjectLink__11CGameObjectFUs
CODE_01_Visos (Mac Specific).bin,0x00018890,0x00018891,0x80,Process__11CGameObjectFv
CODE_01_Visos (Mac Specific).bin,0x000188B7,0x000188B8,0x00,Activate__11CGameObjectFP11CGameObject
CODE_01_Visos (Mac Specific).bin,0x000188FA,0x000188FB,0x80,IsFlying__11CGameObjectFv
CODE_01_Visos (Mac Specific).bin,0x00018920,0x00018921,0x80,Usage__11CGameObjectFv
CODE_01_Visos (Mac Specific).bin,0x0001895D,0x0001895E,0x00,ActivatePosition__11CGameObjectFv
CODE_01_Visos (Mac Specific).bin,0x0001898A,0x0001898B,0x80,StartStanding__11CGameObjectFv
CODE_01_Visos (Mac Specific).bin,0x000189BC,0x000189BD,0x80,GetSndEffect__11CGameObjectFv
CODE_01_Visos (Mac Specific).bin,0x00018A3D,0x00018A3E,0x00,Collision__11CGameObjectFRC4CPt3
CODE_01_Visos (Mac Specific).bin,0x00018ACF,0x00018AD0,0x00,Collision__11CGameObjectFRC6CRect3
CODE_01_Visos (Mac Specific).bin,0x00018AFD,0x00018AFE,0x00,HitBullet__11CGameObjectFP7CBullet
CODE_01_Visos (Mac Specific).bin,0x00018B2A,0x00018B2B,0x80,HitBall__11CGameObjectFv
CODE_01_Visos (Mac Specific).bin,0x00018B50,0x00018B51,0x80,IsHit__11CGameObjectFv
CODE_01_Visos (Mac Specific).bin,0x00018B72,0x00018B73,0x80,GetHit__11CGameObjectFv
CODE_01_Visos (Mac Specific).bin,0x00018B94,0x00018B95,0x80,HitMine__11CGameObjectFv
CODE_01_Visos (Mac Specific).bin,0x00018BB8,0x00018BB9,0x80,Die__11CGameObjectFv
CODE_01_Visos (Mac Specific).bin,0x00018BD8,0x00018BD9,0x80,Land__11CGameObjectFv
CODE_01_Visos (Mac Specific).bin,0x00018BFA,0x00018BFB,0x80,FacingCursor__11CGameObjectFv
CODE_01_Visos (Mac Specific).bin,0x00018C23,0x00018C24,0x00,TurnToFaceCursor__11CGameObjectFv
CODE_01_Visos (Mac Specific).bin,0x00018C53,0x00018C54,0x00,IsRequestingFire__11CGameObjectFv
CODE_01_Visos (Mac Specific).bin,0x00018C82,0x00018C83,0x80,Bored__11CGameObjectFv
CODE_01_Visos (Mac Specific).bin,0x00018CA4,0x00018CA5,0x80,SetBored__11CGameObjectFUl
CODE_01_Visos (Mac Specific).bin,0x00018CCA,0x00018CCB,0x80,Fire__11CGameObjectFv
CODE_01_Visos (Mac Specific).bin,0x00018CEA,0x00018CEB,0x80,StartFiring__11CGameObjectFv
CODE_01_Visos (Mac Specific).bin,0x00018D12,0x00018D13,0x80,EndFiring__11CGameObjectFv
CODE_01_Visos (Mac Specific).bin,0x00018D38,0x00018D39,0x80,RandomAction__11CGameObjectFv
CODE_01_Visos (Mac Specific).bin,0x00018D62,0x00018D63,0x80,FacingTarget__11CGameObjectFv
CODE_01_Visos (Mac Specific).bin,0x00018D8B,0x00018D8C,0x00,TurnToFaceTarget__11CGameObjectFv
CODE_01_Visos (Mac Specific).bin,0x00018DBA,0x00018DBB,0x80,PossiblyOnLift__11CGameObjectFv
CODE_01_Visos (Mac Specific).bin,0x00018DE7,0x00018DE8,0x00,HasObject__11CGameObjectF11eObjectType
CODE_01_Visos (Mac Specific).bin,0x00018E1B,0x00018E1C,0x00,AddObject__11CGameObjectF11eObjectTypeP11CGameObject
CODE_01_Visos (Mac Specific).bin,0x00018E5A,0x00018E5B,0x80,ReNumberNode__11CGameObjectFii
CODE_01_Visos (Mac Specific).bin,0x00018E86,0x00018E87,0x80,NeedsNode__11CGameObjectFi
CODE_01_Visos (Mac Specific).bin,0x00018EAD,0x00018EAE,0x00,ConvertVer0ToVer1__11CGameObjectFv
CODE_01_Visos (Mac Specific).bin,0x00018EDA,0x00018EDB,0x80,Delete__11CGameObjectFv
CODE_01_Visos (Mac Specific).bin,0x00018EFC,0x00018EFD,0x80,PickUpAmmo__11CGameObjectFUs
CODE_01_Visos (Mac Specific).bin,0x00018F25,0x00018F26,0x00,ExternalControlEnd__11CGameObjectFv
CODE_01_Visos (Mac Specific).bin,0x00018F60,0x00018F61,0x80,RequestBalloon__11CGameObjectFv
CODE_01_Visos (Mac Specific).bin,0x00018F96,0x00018F97,0x80,StartBalloon__11CGameObjectFv
CODE_01_Visos (Mac Specific).bin,0x00018FCA,0x00018FCB,0x80,OnBalloon__11CGameObjectFv
CODE_01_Visos (Mac Specific).bin,0x00019006,0x00019007,0x80,QOnBalloon__11CGameObjectFv
CODE_01_Visos (Mac Specific).bin,0x0001902D,0x0001902E,0x00,OnConveyor__11CGameObjectFUcP4CIceUc
CODE_01_Visos (Mac Specific).bin,0x0001905E,0x0001905F,0x80,OnConveyor__11CGameObjectFv
CODE_01_Visos (Mac Specific).bin,0x00019086,0x00019087,0x80,Conveyor__11CGameObjectFv
CODE_01_Visos (Mac Specific).bin,0x000190AA,0x000190AB,0x80,SendRemove__11CGameObjectFv
CODE_01_Visos (Mac Specific).bin,0x000190D0,0x000190D1,0x80,SendCancel__11CGameObjectFv
CODE_01_Visos (Mac Specific).bin,0x000190F8,0x000190F9,0x80,UsableState__11CGameObjectFv
CODE_01_Visos (Mac Specific).bin,0x0001912D,0x0001912E,0x00,IsUsable__11CGameObjectF7eAction
CODE_01_Visos (Mac Specific).bin,0x0001916E,0x0001916F,0x80,AddData__17CNetworkGameStageFv
CODE_01_Visos (Mac Specific).bin,0x000191AA,0x000191AB,0x80,GetData__17CNetworkGameStageFv
CODE_01_Visos (Mac Specific).bin,0x00019206,0x00019207,0x80,__dt__17CNetworkGameStageFv
CODE_01_Visos (Mac Specific).bin,0x0001926A,0x0001926B,0x80,__dt__18CGameRejectMessageFv
CODE_01_Visos (Mac Specific).bin,0x000192D0,0x000192D1,0x80,__dt__18CGameAcceptMessageFv
CODE_01_Visos (Mac Specific).bin,0x00019302,0x00019303,0x80,Process__3CAIFv
CODE_01_Visos (Mac Specific).bin,0x00019374,0x00019375,0x80,__ct__7AICOORDFv
CODE_01_Visos (Mac Specific).bin,0x000193F6,0x000193F7,0x80,__mi__FRC7CVectorRC7CVector
CODE_01_Visos (Mac Specific).bin,0x00019442,0x00019443,0x80,__mi__FRC6CFixedRC6CFixed
CODE_01_Visos (Mac Specific).bin,0x000194CA,0x000194CB,0x80,FindNext__16CCollisionHolderFv
CODE_01_Visos (Mac Specific).bin,0x00019554,0x00019555,0x80,Pos__9CVMovePosFii
CODE_01_Visos (Mac Specific).bin,0x000195C8,0x000195C9,0x80,Pos__6CVMoveFii
CODE_01_Visos (Mac Specific).bin,0x00019644,0x00019645,0x80,__ml__FRC7CVectori
CODE_01_Visos (Mac Specific).bin,0x000196AF,0x000196B0,0x00,Delete__16CCollisionHolderFPC11CGameObject
CODE_01_Visos (Mac Specific).bin,0x00019716,0x00019717,0x80,__dt__5CBallFv
CODE_01_Visos (Mac Specific).bin,0x00019733,0x00019734,0x00,Receive__18CBaseObjectManagerFUsP17CGlobalGameObjectP15CNetworkMessage
CODE_01_Visos (Mac Specific).bin,0x00019784,0x00019785,0x80,Restart__18CBaseObjectManagerFv
CODE_01_Visos (Mac Specific).bin,0x000197B1,0x000197B2,0x00,GetViewData__18CBaseObjectManagerFP9CViewData
CODE_01_Visos (Mac Specific).bin,0x000197EA,0x000197EB,0x80,DoActivate__7CBulletFv
CODE_01_Visos (Mac Specific).bin,0x00019864,0x00019865,0x80,__dt__7CBulletFv
CODE_01_Visos (Mac Specific).bin,0x000198A8,0x000198A9,0x80,Collected__12CCollectableFv
CODE_01_Visos (Mac Specific).bin,0x000198CE,0x000198CF,0x80,SetSFX__12CCollectableFv
CODE_01_Visos (Mac Specific).bin,0x00019951,0x00019952,0x00,GetViewData__19CCollectableManagerFP9CViewData
CODE_01_Visos (Mac Specific).bin,0x000199BA,0x000199BB,0x80,__dt__5CFlagFv
CODE_01_Visos (Mac Specific).bin,0x00019A04,0x00019A05,0x80,__dt__6CBonusFv
CODE_01_Visos (Mac Specific).bin,0x00019A4E,0x00019A4F,0x80,__dt__10CTimeBonusFv
CODE_01_Visos (Mac Specific).bin,0x00019A6E,0x00019A6F,0x80,DoActivate__12CCollectableFv
CODE_01_Visos (Mac Specific).bin,0x00019ADB,0x00019ADC,0x00,SetCollision__12CGroundArrayFiii
CODE_01_Visos (Mac Specific).bin,0x00019B4F,0x00019B50,0x00,ResetCollision__12CGroundArrayFiii
CODE_01_Visos (Mac Specific).bin,0x00019BBA,0x00019BBB,0x80,__dt__5CDoorFv
CODE_01_Visos (Mac Specific).bin,0x00019BD6,0x00019BD7,0x80,Usage__11CDuplicatorFv
CODE_01_Visos (Mac Specific).bin,0x00019C74,0x00019C75,0x80,__ml__FRC6CFixedRC6CFixed
CODE_01_Visos (Mac Specific).bin,0x00019CCA,0x00019CCB,0x80,Abs__6CFixedCFv
CODE_01_Visos (Mac Specific).bin,0x00019CEC,0x00019CED,0x80,IsHit__6CEnemyFv
CODE_01_Visos (Mac Specific).bin,0x00019D1A,0x00019D1B,0x80,__ct__7CVectorFv
CODE_01_Visos (Mac Specific).bin,0x00019DAE,0x00019DAF,0x80,Rotate__6VSTrigCFR7CVectori
CODE_01_Visos (Mac Specific).bin,0x00019EB1,0x00019EB2,0x00,Rotate__6VSTrigCF7CVectorR6CFixedR6CFixed
CODE_01_Visos (Mac Specific).bin,0x00019F0C,0x00019F0D,0x80,__pl__FRC6CFixedRC6CFixed
CODE_01_Visos (Mac Specific).bin,0x00019F5C,0x00019F5D,0x80,Cos__6VSTrigCFi
CODE_01_Visos (Mac Specific).bin,0x00019FC6,0x00019FC7,0x80,Sin__6VSTrigCFi
CODE_01_Visos (Mac Specific).bin,0x0001A000,0x0001A001,0x80,__ct__12CInstructionFv
CODE_01_Visos (Mac Specific).bin,0x0001A0AA,0x0001A0AB,0x80,__ml__FRC9C3DVectori
CODE_01_Visos (Mac Specific).bin,0x0001A0FD,0x0001A0FE,0x00,CurrentCoord__16CInstructionListFv
CODE_01_Visos (Mac Specific).bin,0x0001A144,0x0001A145,0x80,Coord__12CInstructionFv
CODE_01_Visos (Mac Specific).bin,0x0001A167,0x0001A168,0x00,DoActivate__17CGlobalGameObjectFv
CODE_01_Visos (Mac Specific).bin,0x0001A1D2,0x0001A1D3,0x80,__dt__17CRequestReplyMessFv
CODE_01_Visos (Mac Specific).bin,0x0001A236,0x0001A237,0x80,__dt__18CRequestActionMessFv
CODE_01_Visos (Mac Specific).bin,0x0001A29D,0x0001A29E,0x00,__dt__22CObjectChangeStateMessFv
CODE_01_Visos (Mac Specific).bin,0x0001A306,0x0001A307,0x80,__dt__14CObjectPosMessFv
CODE_01_Visos (Mac Specific).bin,0x0001A368,0x0001A369,0x80,__dt__14CObjectHitMessFv
CODE_01_Visos (Mac Specific).bin,0x0001A3CA,0x0001A3CB,0x80,__dt__15CObjectDiesMessFv
CODE_01_Visos (Mac Specific).bin,0x0001A408,0x0001A409,0x80,Position__11CGameObjectFv
CODE_01_Visos (Mac Specific).bin,0x0001A4E2,0x0001A4E3,0x80,Next__16CInstructionListFv
CODE_01_Visos (Mac Specific).bin,0x0001A629,0x0001A62A,0x00,GetViewData__14CPlayerLemmingFR9CViewData
CODE_01_Visos (Mac Specific).bin,0x0001A6D2,0x0001A6D3,0x80,AlreadyOn__4CIceFP11CGameObject
CODE_01_Visos (Mac Specific).bin,0x0001A704,0x0001A705,0x80,OnConveyor__14CPlayerLemmingFv
CODE_01_Visos (Mac Specific).bin,0x0001A72E,0x0001A72F,0x80,DoActivate__6CLaserFv
CODE_01_Visos (Mac Specific).bin,0x0001A74E,0x0001A74F,0x80,DoActivate__5CLiftFv
CODE_01_Visos (Mac Specific).bin,0x0001A786,0x0001A787,0x80,AdvanceBit__5CMazeFRUc
CODE_01_Visos (Mac Specific).bin,0x0001A7DC,0x0001A7DD,0x80,ChangeAddr__5CMazeFii
CODE_01_Visos (Mac Specific).bin,0x0001A830,0x0001A831,0x80,ChangeNextAddr__5CMazeFii
CODE_01_Visos (Mac Specific).bin,0x0001A892,0x0001A893,0x80,__dt__5CMineFv
CODE_01_Visos (Mac Specific).bin,0x0001A8BE,0x0001A8BF,0x80,NextNode__6CMoverFv
CODE_01_Visos (Mac Specific).bin,0x0001A900,0x0001A901,0x80,__pl__FRC6CFixedi
CODE_01_Visos (Mac Specific).bin,0x0001A91C,0x0001A91D,0x80,DoActivate__6CMoverFv
CODE_01_Visos (Mac Specific).bin,0x0001A962,0x0001A963,0x80,__mi__FRC6CFixedi
CODE_01_Visos (Mac Specific).bin,0x0001A980,0x0001A981,0x80,Usage__9CCatapultFv
CODE_01_Visos (Mac Specific).bin,0x0001A9E8,0x0001A9E9,0x80,__dt__9CCatapultFv
CODE_01_Visos (Mac Specific).bin,0x0001AA08,0x0001AA09,0x80,Usage__5CAmmoFv
CODE_01_Visos (Mac Specific).bin,0x0001AA6C,0x0001AA6D,0x80,__dt__5CAmmoFv
CODE_01_Visos (Mac Specific).bin,0x0001AAFC,0x0001AAFD,0x80,__dt__6CCrateFv
CODE_01_Visos (Mac Specific).bin,0x0001AB18,0x0001AB19,0x80,Usage__6CCrateFv
CODE_01_Visos (Mac Specific).bin,0x0001AB34,0x0001AB35,0x80,DoActivate__6CTowerFv
CODE_01_Visos (Mac Specific).bin,0x0001AB56,0x0001AB57,0x80,Usage__6CTowerFv
CODE_01_Visos (Mac Specific).bin,0x0001ABBC,0x0001ABBD,0x80,__dt__6CTowerFv
CODE_01_Visos (Mac Specific).bin,0x0001ABD8,0x0001ABD9,0x80,Usage__7CSwitchFv
CODE_01_Visos (Mac Specific).bin,0x0001ACF5,0x0001ACF6,0x00,GetViewData__7CSwitchFR9CViewData
CODE_01_Visos (Mac Specific).bin,0x0001AD24,0x0001AD25,0x80,Usage__4CKeyFv
CODE_01_Visos (Mac Specific).bin,0x0001AD88,0x0001AD89,0x80,__dt__4CKeyFv
CODE_01_Visos (Mac Specific).bin,0x0001ADA2,0x0001ADA3,0x80,Usage__8CBalloonFv
CODE_01_Visos (Mac Specific).bin,0x0001AE0A,0x0001AE0B,0x80,__dt__8CBalloonFv
CODE_01_Visos (Mac Specific).bin,0x0001AE26,0x0001AE27,0x80,DoActivate__9CPaintGunFv
CODE_01_Visos (Mac Specific).bin,0x0001AE6E,0x0001AE6F,0x80,__dt__7CDrawerFv
CODE_01_Visos (Mac Specific).bin,0x0001AE8A,0x0001AE8B,0x80,ShutDown__7CDrawerFv
CODE_01_Visos (Mac Specific).bin,0x0001AEAA,0x0001AEAB,0x80,OnZoom__7CDrawerFRC7CVSRect
CODE_01_Visos (Mac Specific).bin,0x0001AED0,0x0001AED1,0x80,OnSize__7CDrawerFRC7CVSRect
CODE_01_Visos (Mac Specific).bin,0x0001AEF6,0x0001AEF7,0x80,OnMove__7CDrawerFRC7CVSRect
CODE_01_Visos (Mac Specific).bin,0x0001AF1C,0x0001AF1D,0x80,OnPause__7CDrawerFUc
CODE_01_Visos (Mac Specific).bin,0x0001AF3C,0x0001AF3D,0x80,DestroyDrawer__7CDrawerFv
CODE_01_Visos (Mac Specific).bin,0x0001AF60,0x0001AF61,0x80,Process__7CDrawerFv
CODE_01_Visos (Mac Specific).bin,0x0001AF7E,0x0001AF7F,0x80,Initialise__7CDrawerFv
CODE_01_Visos (Mac Specific).bin,0x0001AFA0,0x0001AFA1,0x80,OnDriverChange__7CDrawerFv
CODE_01_Visos (Mac Specific).bin,0x0001AFC6,0x0001AFC7,0x80,RefreshView__7CDrawerFv
CODE_01_Visos (Mac Specific).bin,0x0001AFEA,0x0001AFEB,0x80,UseChangingCursor__7CDrawerFv
CODE_01_Visos (Mac Specific).bin,0x0001B01B,0x0001B01C,0x00,SetOptionSelection__19CReceiveWindowStateF17eOptionSelections
CODE_01_Visos (Mac Specific).bin,0x0001B067,0x0001B068,0x00,GetPauser__19CReceiveWindowStateFv
CODE_01_Visos (Mac Specific).bin,0x0001B0A8,0x0001B0A9,0x80,Bored__14CPlayerLemmingFv
CODE_01_Visos (Mac Specific).bin,0x0001B0D4,0x0001B0D5,0x80,IsHit__14CPlayerLemmingFv
CODE_01_Visos (Mac Specific).bin,0x0001B112,0x0001B113,0x80,GetHit__14CPlayerLemmingFv
CODE_01_Visos (Mac Specific).bin,0x0001B14E,0x0001B14F,0x80,HitBall__14CPlayerLemmingFv
CODE_01_Visos (Mac Specific).bin,0x0001B18E,0x0001B18F,0x80,PickUpAmmo__14CPlayerLemmingFUs
CODE_01_Visos (Mac Specific).bin,0x0001B1C0,0x0001B1C1,0x80,Conveyor__14CPlayerLemmingFv
CODE_01_Visos (Mac Specific).bin,0x0001B1FE,0x0001B1FF,0x80,QOnBalloon__14CPlayerLemmingFv
CODE_01_Visos (Mac Specific).bin,0x0001B345,0x0001B346,0x00,GetViewData__7CRocketFR9CViewData
CODE_01_Visos (Mac Specific).bin,0x0001B3A4,0x0001B3A5,0x80,__dt__6CSheepFv
CODE_01_Visos (Mac Specific).bin,0x0001B3F0,0x0001B3F1,0x80,__dt__11CSheepGroupFv
CODE_01_Visos (Mac Specific).bin,0x0001B45F,0x0001B460,0x00,FindNextRect__16CCollisionHolderFv
CODE_01_Visos (Mac Specific).bin,0x0001B4BE,0x0001B4BF,0x80,__dt__7CSlinkyFv
CODE_01_Visos (Mac Specific).bin,0x0001B56A,0x0001B56B,0x80,__pl__FRC9C3DVectorRC9C3DVector
CODE_01_Visos (Mac Specific).bin,0x0001B5AF,0x0001B5B0,0x00,CurrentMomentum__11CGameObjectFv
CODE_01_Visos (Mac Specific).bin,0x0001B5DA,0x0001B5DB,0x80,DoActivate__11CTrampolineFv
CODE_01_Visos (Mac Specific).bin,0x0001B64A,0x0001B64B,0x80,__dt__9CTrapDoorFv
CODE_01_Visos (Mac Specific).bin,0x0001B66A,0x0001B66B,0x80,Usage__9CTrapDoorFv
CODE_01_Visos (Mac Specific).bin,0x0001B688,0x0001B689,0x80,DoActivate__9CTrapDoorFv
CODE_01_Visos (Mac Specific).bin,0x0001B78A,0x0001B78B,0x80,__dt__8tagPRIMSFv
CODE_01_Visos (Mac Specific).bin,0x0001B7E3,0x0001B7E4,0x00,__dt__Q214CPreviewDrawer8tagPRIMSFv
CODE_01_Visos (Mac Specific).bin,0x0001B885,0x0001B886,0x00,__dt__Q215CSuccFailDrawer8tagPRIMSFv
CODE_01_Visos (Mac Specific).bin,0x0001B8DC,0x0001B8DD,0x80,Lock__8CResBaseFv
CODE_01_Visos (Mac Specific).bin,0x0001B936,0x0001B937,0x80,__dt__10CIntroAnimFv
CODE_01_Visos (Mac Specific).bin,0x0001B994,0x0001B995,0x80,__dt__13CMainOptions1Fv
CODE_01_Visos (Mac Specific).bin,0x0001B9F4,0x0001B9F5,0x80,__dt__13CMainOptions2Fv
CODE_01_Visos (Mac Specific).bin,0x0001BA54,0x0001BA55,0x80,__dt__8CPreviewFv
CODE_01_Visos (Mac Specific).bin,0x0001BAAE,0x0001BAAF,0x80,__dt__9CSuccFailFv
CODE_01_Visos (Mac Specific).bin,0x0001BACD,0x0001BACE,0x00,Processing__20CBaseFrontendProcessFv
CODE_01_Visos (Mac Specific).bin,0x0001BAFF,0x0001BB00,0x00,ProcessMessages__20CBaseFrontendProcessFP10tagMESSAGE
CODE_01_Visos (Mac Specific).bin,0x0001BB7E,0x0001BB7F,0x80,__dt__13CPasswordProcFv
CODE_01_Visos (Mac Specific).bin,0x0001BCDE,0x0001BCDF,0x80,__ct__8tagPRIMSFv
CODE_01_Visos (Mac Specific).bin,0x0001BD46,0x0001BD47,0x80,__ct__10CBigBitmapFv
CODE_01_Visos (Mac Specific).bin,0x0001BD67,0x0001BD68,0x00,DrawText__19CBaseFrontendDrawerFv
CODE_01_Visos (Mac Specific).bin,0x0001BD95,0x0001BD96,0x00,DrawAnims__19CBaseFrontendDrawerFv
CODE_01_Visos (Mac Specific).bin,0x0001BDC3,0x0001BDC4,0x00,DrawBackGround__19CBaseFrontendDrawerFv
CODE_01_Visos (Mac Specific).bin,0x0001BE40,0x0001BE41,0x80,__dv__8CVSPointFRC7CVSSize
CODE_01_Visos (Mac Specific).bin,0x0001BE92,0x0001BE93,0x80,toSize__8CVSPointFv
CODE_01_Visos (Mac Specific).bin,0x0001BEB3,0x0001BEB4,0x00,ProcessMessages__19CBaseFrontendDrawerFP10tagMESSAGE
CODE_01_Visos (Mac Specific).bin,0x0001BEF3,0x0001BEF4,0x00,Processing__19CBaseFrontendDrawerFv
CODE_01_Visos (Mac Specific).bin,0x0001BF25,0x0001BF26,0x00,ConfirmedAction__19CBaseFrontendDrawerF12eUserActions
CODE_01_Visos (Mac Specific).bin,0x0001BF98,0x0001BF99,0x80,__dt__18CUserActionMessageFv
CODE_01_Visos (Mac Specific).bin,0x0001BFC9,0x0001BFCA,0x00,GetReturnState__19CBaseFrontendDrawerFv
CODE_01_Visos (Mac Specific).bin,0x0001C005,0x0001C006,0x00,QuitYet__19CBaseFrontendDrawerFv
CODE_01_Visos (Mac Specific).bin,0x0001C059,0x0001C05A,0x00,OnSize__19CBaseFrontendDrawerFRC7CVSRect
CODE_01_Visos (Mac Specific).bin,0x0001C0AE,0x0001C0AF,0x80,__ct__9CUsePointFv
CODE_01_Visos (Mac Specific).bin,0x0001C102,0x0001C103,0x80,__ct__7CBitmapFv
CODE_01_Visos (Mac Specific).bin,0x0001C184,0x0001C185,0x80,__pl__FRC7CVectorRC7CVector
CODE_01_Visos (Mac Specific).bin,0x0001C200,0x0001C201,0x80,__dt__10CGunButtonFv
CODE_01_Visos (Mac Specific).bin,0x0001C2E1,0x0001C2E2,0x00,DrawAnim__13CAnimsManagerFP4CGDIRC8CVSPointUlUlP14CAnimFrameBASEP6CRemap
CODE_01_Visos (Mac Specific).bin,0x0001C349,0x0001C34A,0x00,GetStyle__20CIntroAnimAnimWindowFv
CODE_01_Visos (Mac Specific).bin,0x0001C3B0,0x0001C3B1,0x80,__dt__13CEntryHandlerFv
CODE_01_Visos (Mac Specific).bin,0x0001C3F4,0x0001C3F5,0x80,__ct__13CEntryHandlerFv
CODE_01_Visos (Mac Specific).bin,0x0001C42B,0x0001C42C,0x00,ConnectionsChanged__15CNetworkManagerFv
CODE_01_Visos (Mac Specific).bin,0x0001C468,0x0001C469,0x80,OnEnter__13CEntryHandlerFv
CODE_01_Visos (Mac Specific).bin,0x0001C496,0x0001C497,0x80,OnExit__13CEntryHandlerFv
CODE_01_Visos (Mac Specific).bin,0x0001C4BB,0x0001C4BC,0x00,Processing__19CNetworkOptionsProcFv
CODE_01_Visos (Mac Specific).bin,0x0001C593,0x0001C594,0x00,__ct__Q215CSuccFailDrawer8tagPRIMSFv
CODE_01_Visos (Mac Specific).bin,0x0001C629,0x0001C62A,0x00,__ct__Q214CPreviewDrawer8tagPRIMSFv
CODE_01_Visos (Mac Specific).bin,0x0001C66E,0x0001C66F,0x80,GetStyle__12CTrackWindowFv
CODE_01_Visos (Mac Specific).bin,0x0001C6DC,0x0001C6DD,0x80,__ct__7CGroundFv
CODE_01_Visos (Mac Specific).bin,0x0001C72A,0x0001C72B,0x80,__dt__19CNetworkGameMessageFv
CODE_01_Visos (Mac Specific).bin,0x0001C765,0x0001C766,0x00,GetGameName__19CNetworkOptionsProcFv
CODE_01_Visos (Mac Specific).bin,0x0001C7A4,0x0001C7A5,0x80,OnRestore__14CMain2DDisplayFv
CODE_01_Visos (Mac Specific).bin,0x0001C7D4,0x0001C7D5,0x80,OnZoomBox__14CMain2DDisplayFUc
CODE_01_Visos (Mac Specific).bin,0x0001C854,0x0001C855,0x80,__dt__13CToggleButtonFv
CODE_01_Visos (Mac Specific).bin,0x0001C890,0x0001C891,0x80,Momentum__9CViewDataFv
CODE_01_Visos (Mac Specific).bin,0x0001C8CC,0x0001C8CD,0x80,GetRemap__3C2DF14ePrimaryRemaps
CODE_01_Visos (Mac Specific).bin,0x0001C910,0x0001C911,0x80,Coord__9CViewDataFv
CODE_01_Visos (Mac Specific).bin,0x0001C942,0x0001C943,0x80,__ct__7CVSRectFv
CODE_01_Visos (Mac Specific).bin,0x0001C9AE,0x0001C9AF,0x80,GetPos__11CBaseCursorFP6CPVWnd
CODE_01_Visos (Mac Specific).bin,0x0001C9EB,0x0001C9EC,0x00,OnReleased__13CToggleButtonF12BUTTON_FLAGS
CODE_01_Visos (Mac Specific).bin,0x0001CA37,0x0001CA38,0x00,OnPressed__13CToggleButtonF12BUTTON_FLAGS
CODE_01_Visos (Mac Specific).bin,0x0001CA83,0x0001CA84,0x00,OnEnterButton__13CToggleButtonFv
CODE_01_Visos (Mac Specific).bin,0x0001CAC4,0x0001CAC5,0x80,OnExitButton__13CToggleButtonFv
CODE_01_Visos (Mac Specific).bin,0x0001CB28,0x0001CB29,0x80,__ct__21CCopyColourToBackBuffFv
CODE_01_Visos (Mac Specific).bin,0x0001CB84,0x0001CB85,0x80,__ct__9CViewDataFv
CODE_01_Visos (Mac Specific).bin,0x0001CBA8,0x0001CBA9,0x80,__ct__6CObjSqFv
CODE_01_Visos (Mac Specific).bin,0x0001CBC4,0x0001CBC5,0x80,UseChangingCursor__3C2DFv
CODE_01_Visos (Mac Specific).bin,0x0001CBF0,0x0001CBF1,0x80,QuitYet__3C2DFv
CODE_01_Visos (Mac Specific).bin,0x0001CC12,0x0001CC13,0x80,GetReturnState__3C2DFv
CODE_01_Visos (Mac Specific).bin,0x0001CC3C,0x0001CC3D,0x80,GetPauser__3C2DFv
CODE_01_Visos (Mac Specific).bin,0x0001CD21,0x0001CD22,0x00,DrawAnim__13CAnimsManagerFiiUlUlP14CAnimFrameBASEP6CRemap
CODE_01_Visos (Mac Specific).bin,0x0001CDC8,0x0001CDC9,0x80,__dt__17CPanelPauseButtonFv
CODE_01_Visos (Mac Specific).bin,0x0001CDEE,0x0001CDEF,0x80,OnEnterButton__12CPanelButtonFv
CODE_01_Visos (Mac Specific).bin,0x0001CE18,0x0001CE19,0x80,OnExitButton__12CPanelButtonFv
CODE_01_Visos (Mac Specific).bin,0x0001CEC8,0x0001CEC9,0x80,GetBL__7CVSRectCFv
CODE_01_Visos (Mac Specific).bin,0x0001CF22,0x0001CF23,0x80,GetTR__7CVSRectCFv
CODE_01_Visos (Mac Specific).bin,0x0001CFCB,0x0001CFCC,0x00,SetTableEntry__10CSoundViewFR11tEffectSpec
CODE_02_Visos (Generic).bin,0x00000064,0x00000065,0x80,GetFrameNo__10CTimedAnimFv
CODE_02_Visos (Generic).bin,0x000000B2,0x000000B3,0x80,StartAnim__11CRepeatAnimFUl
CODE_02_Visos (Generic).bin,0x00000100,0x00000101,0x80,StartAnim__13CPlayThruAnimFUl
CODE_02_Visos (Generic).bin,0x0000017C,0x0000017D,0x80,GetFrameNo__13CPlayThruAnimFv
CODE_02_Visos (Generic).bin,0x0000030D,0x0000030E,0x00,__ct__13CAnimsManagerFP4CGDIUliiiUc
CODE_02_Visos (Generic).bin,0x00000422,0x00000423,0x80,__dt__13CAnimsManagerFv
CODE_02_Visos (Generic).bin,0x000004CA,0x000004CB,0x80,LoadAnims__13CAnimsManagerFUl
CODE_02_Visos (Generic).bin,0x00000538,0x00000539,0x80,UnLoadAnims__13CAnimsManagerFUl
CODE_02_Visos (Generic).bin,0x00000598,0x00000599,0x80,GetnAnims__13CAnimsManagerFUl
CODE_02_Visos (Generic).bin,0x00000629,0x0000062A,0x00,GetAnimSize__13CAnimsManagerFUlUl
CODE_02_Visos (Generic).bin,0x00000837,0x00000838,0x00,DrawAnim__13CAnimsManagerFRC8CVSPointUlUlP14CAnimFrameBASEP6CRemap
CODE_02_Visos (Generic).bin,0x000008FB,0x000008FC,0x00,ResetPrimitives__13CAnimsManagerFv
CODE_02_Visos (Generic).bin,0x00000973,0x00000974,0x00,__ct__10CBaseRemapFUlPUc13ePaletteTypes
CODE_02_Visos (Generic).bin,0x000009E4,0x000009E5,0x80,__dt__10CBaseRemapFv
CODE_02_Visos (Generic).bin,0x00000A90,0x00000A91,0x80,MapRemap__10CBaseRemapFPCUc
CODE_02_Visos (Generic).bin,0x00000C4D,0x00000C4E,0x00,CalculateGreyScale__10CBaseRemapFv
CODE_02_Visos (Generic).bin,0x00000CB6,0x00000CB7,0x80,__ct__15CBasePalManagerFi
CODE_02_Visos (Generic).bin,0x00000D3E,0x00000D3F,0x80,__dt__15CBasePalManagerFv
CODE_02_Visos (Generic).bin,0x00000DB7,0x00000DB8,0x00,RegisterRemap__15CBasePalManagerFUlPUc13ePaletteTypes
CODE_02_Visos (Generic).bin,0x00000E55,0x00000E56,0x00,UnRegisterRemap__15CBasePalManagerFP6CRemap
CODE_02_Visos (Generic).bin,0x00000EB0,0x00000EB1,0x80,__ct__7CStringFv
CODE_02_Visos (Generic).bin,0x00000F0A,0x00000F0B,0x80,__ct__7CStringFPc
CODE_02_Visos (Generic).bin,0x00000F5C,0x00000F5D,0x80,__ct__7CStringFR7CString
CODE_02_Visos (Generic).bin,0x00000FA8,0x00000FA9,0x80,__dt__7CStringFv
CODE_02_Visos (Generic).bin,0x00001008,0x00001009,0x80,__as__7CStringFR7CString
CODE_02_Visos (Generic).bin,0x00001078,0x00001079,0x80,__as__7CStringFPCc
CODE_02_Visos (Generic).bin,0x00001150,0x00001151,0x80,__apl__7CStringFR7CString
CODE_02_Visos (Generic).bin,0x00001228,0x00001229,0x80,__apl__7CStringFPCc
CODE_02_Visos (Generic).bin,0x0000125A,0x0000125B,0x80,__ls__FR10CVSOStreamR7CString
CODE_02_Visos (Generic).bin,0x00001296,0x00001297,0x80,getlength__7CStringFv
CODE_02_Visos (Generic).bin,0x00001312,0x00001313,0x80,lower__7CStringFv
CODE_02_Visos (Generic).bin,0x00001357,0x00001358,0x00,__ct__12CMasterInputFP10CBaseQueue
CODE_02_Visos (Generic).bin,0x000013CE,0x000013CF,0x80,__dt__12CMasterInputFv
CODE_02_Visos (Generic).bin,0x000013F5,0x000013F6,0x00,StreamOut__12CMasterInputFR10CVSOStream
CODE_02_Visos (Generic).bin,0x00001570,0x00001571,0x80,_RES_Init__Fv
CODE_02_Visos (Generic).bin,0x00001608,0x00001609,0x80,_RES_Quit__Fv
CODE_02_Visos (Generic).bin,0x00001634,0x00001635,0x80,__ls__FR10CVSOStream5RNAME
CODE_02_Visos (Generic).bin,0x000016E2,0x000016E3,0x80,__nw__13CMogloadArenaFUl
CODE_02_Visos (Generic).bin,0x00001758,0x00001759,0x80,__dl__13CMogloadArenaFPv
CODE_02_Visos (Generic).bin,0x000017A0,0x000017A1,0x80,Open__8CRawReadFPcPc
CODE_02_Visos (Generic).bin,0x000017D8,0x000017D9,0x80,InputByte__8CRawReadFv
CODE_02_Visos (Generic).bin,0x00001812,0x00001813,0x80,InputDword__8CRawReadFv
CODE_02_Visos (Generic).bin,0x00001884,0x00001885,0x80,NameCmp__8CRawReadFPcPc
CODE_02_Visos (Generic).bin,0x00001A54,0x00001A55,0x80,__ct__7CMogDirFUl
CODE_02_Visos (Generic).bin,0x00001B12,0x00001B13,0x80,__dt__7CMogDirFv
CODE_02_Visos (Generic).bin,0x00001BBF,0x00001BC0,0x00,GetChunkInfo__7CMogDirFP12tagChunkInfo
CODE_02_Visos (Generic).bin,0x00001C2C,0x00001C2D,0x80,NewChunkInfo__7CMogDirFv
CODE_02_Visos (Generic).bin,0x00001DBC,0x00001DBD,0x80,GetNextDir__7CMogDirFv
CODE_02_Visos (Generic).bin,0x00001E71,0x00001E72,0x00,FindNext__7CMogDirFR8tagCHUNK7CHUNKID
CODE_02_Visos (Generic).bin,0x00001ECF,0x00001ED0,0x00,FindFirst__7CMogDirFR8tagCHUNK7CHUNKID
CODE_02_Visos (Generic).bin,0x00001FA1,0x00001FA2,0x00,Find__7CMogDirFR8tagCHUNKUl7RECURSE
CODE_02_Visos (Generic).bin,0x00002120,0x00002121,0x80,__ct__7CMogResFPcPPcUl
CODE_02_Visos (Generic).bin,0x000021EE,0x000021EF,0x80,__dt__7CMogResFv
CODE_02_Visos (Generic).bin,0x0000231C,0x0000231D,0x80,SetWD__7CMogResFPc
CODE_02_Visos (Generic).bin,0x000023DC,0x000023DD,0x80,KillLeastResource__7CMogResFUl
CODE_02_Visos (Generic).bin,0x00002462,0x00002463,0x80,GetFreeHandle__7CMogResFv
CODE_02_Visos (Generic).bin,0x0000251C,0x0000251D,0x80,AllocateMainMem__7CMogResFUl
CODE_02_Visos (Generic).bin,0x000025C0,0x000025C1,0x80,Find__7CMogResFUl
CODE_02_Visos (Generic).bin,0x00002625,0x00002626,0x00,Load__7CMogResFP8CResBase8tagCHUNK
CODE_02_Visos (Generic).bin,0x000026EF,0x000026F0,0x00,Load__7CMogResFUlP8CResBase7RECURSE
CODE_02_Visos (Generic).bin,0x0000276A,0x0000276B,0x80,CheckAllUnloaded__7CMogResFv
CODE_02_Visos (Generic).bin,0x000027EE,0x000027EF,0x80,AgeResources__7CMogResFv
CODE_02_Visos (Generic).bin,0x0000286B,0x0000286C,0x00,Load__7CMogResFRC8CVSRangeRPUcP8CResBase
CODE_02_Visos (Generic).bin,0x00002912,0x00002913,0x80,CleanUpResources__7CMogResFv
CODE_02_Visos (Generic).bin,0x00002980,0x00002981,0x80,Remove__7CMogResFP8CResBase
CODE_02_Visos (Generic).bin,0x000029AE,0x000029AF,0x80,DeallocateMem__7CMogResFPUcUc
CODE_02_Visos (Generic).bin,0x00002A32,0x00002A33,0x80,DoLoad__8CResBaseFUl
CODE_02_Visos (Generic).bin,0x00002AB3,0x00002AB4,0x00,Direct__8CResBaseFRPUcP12CResBaseLIST
CODE_02_Visos (Generic).bin,0x00002B89,0x00002B8A,0x00,Direct__8CResBaseFRPUcRPUcP12CResBaseLIST
CODE_02_Visos (Generic).bin,0x00002BE4,0x00002BE5,0x80,__dt__8CResBaseFv
CODE_02_Visos (Generic).bin,0x00002C58,0x00002C59,0x80,Initialise__8CResBaseFv
CODE_02_Visos (Generic).bin,0x00002F01,0x00002F02,0x00,StreamOut__8CResBaseFR10CVSOStream
CODE_02_Visos (Generic).bin,0x00002F90,0x00002F91,0x80,OnRead__8CResBaseFPUcPPUcUl
CODE_02_Visos (Generic).bin,0x00003072,0x00003073,0x80,LoadData__8CResBaseFv
CODE_02_Visos (Generic).bin,0x000030F2,0x000030F3,0x80,UnLoad__8CResBaseFv
CODE_02_Visos (Generic).bin,0x00003178,0x00003179,0x80,UnLoadData__8CResBaseFUc
CODE_02_Visos (Generic).bin,0x000031CA,0x000031CB,0x80,UnLoadExtData__8CResBaseFUc
CODE_02_Visos (Generic).bin,0x0000323A,0x0000323B,0x80,CheckError__8CResBaseFv
CODE_02_Visos (Generic).bin,0x0000327A,0x0000327B,0x80,SetHeader__12CResBaseLISTFv
CODE_02_Visos (Generic).bin,0x00003437,0x00003438,0x00,OnRead__12CResBaseLISTFPUcPPUcUl
CODE_02_Visos (Generic).bin,0x00003568,0x00003569,0x80,LoadData__12CResBaseLISTFv
CODE_02_Visos (Generic).bin,0x000035F4,0x000035F5,0x80,ForceLoadVram__12CResBaseLISTFv
CODE_02_Visos (Generic).bin,0x000036AC,0x000036AD,0x80,UnLoadData__12CResBaseLISTFUc
CODE_02_Visos (Generic).bin,0x00003729,0x0000372A,0x00,UnLoadVramData__12CResBaseLISTFUc
CODE_02_Visos (Generic).bin,0x00003802,0x00003803,0x80,Load__8CResANIMFUl
CODE_02_Visos (Generic).bin,0x0000386A,0x0000386B,0x80,AllocateResources__8CResANIMFUl
CODE_02_Visos (Generic).bin,0x000038B8,0x000038B9,0x80,UnLoadVramData__8CResANIMFUlUc
CODE_02_Visos (Generic).bin,0x00003932,0x00003933,0x80,ForceLoadVram__8CResANIMFUl
CODE_02_Visos (Generic).bin,0x000039BC,0x000039BD,0x80,__ct__8CResFONTFUl
CODE_02_Visos (Generic).bin,0x00003A6A,0x00003A6B,0x80,__dt__8CResFONTFv
CODE_02_Visos (Generic).bin,0x00003AEE,0x00003AEF,0x80,Load__8CResFONTFUl
CODE_02_Visos (Generic).bin,0x00003B90,0x00003B91,0x80,AllocateResources__8CResFONTFUl
CODE_02_Visos (Generic).bin,0x00003BD8,0x00003BD9,0x80,GetnVramEntries__8CResFONTFv
CODE_02_Visos (Generic).bin,0x00003C75,0x00003C76,0x00,DirectResources__8CResFONTFUlRPUcRPUc
CODE_02_Visos (Generic).bin,0x00003D13,0x00003D14,0x00,DirectResources__8CResFONTFUlRPUc
CODE_02_Visos (Generic).bin,0x00003D80,0x00003D81,0x80,UnLoadResources__8CResFONTFUlUc
CODE_02_Visos (Generic).bin,0x00003DCE,0x00003DCF,0x80,UnLoadVramData__8CResFONTFUlUc
CODE_02_Visos (Generic).bin,0x00003E48,0x00003E49,0x80,ForceLoadVram__8CResFONTFUl
CODE_02_Visos (Generic).bin,0x00003EA0,0x00003EA1,0x80,OnLoad__8CResFONTFv
CODE_02_Visos (Generic).bin,0x00003ED4,0x00003ED5,0x80,ASCIItoZRLE__8CResFONTCFUl
CODE_02_Visos (Generic).bin,0x00003FFE,0x00003FFF,0x80,GetSize__8CResFONTCFPCcUl
CODE_02_Visos (Generic).bin,0x000040A0,0x000040A1,0x80,Load__11CResPALETTEFUl
CODE_02_Visos (Generic).bin,0x00004140,0x00004141,0x80,Load__10CResSTRINGFUl
CODE_02_Visos (Generic).bin,0x000041CA,0x000041CB,0x80,Load__9CResMOVIEFUl
CODE_02_Visos (Generic).bin,0x00004246,0x00004247,0x80,__ct__9CResMOVIEFUl
CODE_02_Visos (Generic).bin,0x000042D0,0x000042D1,0x80,__dt__9CResMOVIEFv
CODE_02_Visos (Generic).bin,0x00004373,0x00004374,0x00,AllocateResources__9CResMOVIEFUl
CODE_02_Visos (Generic).bin,0x00004413,0x00004414,0x00,DirectResources__9CResMOVIEFUlRPUcRPUc
CODE_02_Visos (Generic).bin,0x000044B1,0x000044B2,0x00,DirectResources__9CResMOVIEFUlRPUc
CODE_02_Visos (Generic).bin,0x0000451F,0x00004520,0x00,UnLoadResources__9CResMOVIEFUlUc
CODE_02_Visos (Generic).bin,0x000045DC,0x000045DD,0x80,Load__10CResBITMAPFUl
CODE_02_Visos (Generic).bin,0x00004634,0x00004635,0x80,SetHeader__10CResBITMAPFv
CODE_02_Visos (Generic).bin,0x000046FE,0x000046FF,0x80,Load__8CResZRLEFUl
CODE_02_Visos (Generic).bin,0x0000478E,0x0000478F,0x80,SetHeader__8CResZRLEFv
CODE_02_Visos (Generic).bin,0x0000482E,0x0000482F,0x80,Load__10CResEFFECTFUl
CODE_02_Visos (Generic).bin,0x000048CC,0x000048CD,0x80,Load__7CResBINFUl
CODE_02_Visos (Generic).bin,0x0000490C,0x0000490D,0x80,__ct__17CBaseQueueHandlerFv
CODE_02_Visos (Generic).bin,0x0000494D,0x0000494E,0x00,ProcessMsg__17CBaseQueueHandlerFP10tagMESSAGE
CODE_02_Visos (Generic).bin,0x0000498B,0x0000498C,0x00,StreamOut__17CBaseQueueHandlerFR10CVSOStream
CODE_02_Visos (Generic).bin,0x000049E2,0x000049E3,0x80,PackParam__Fss
CODE_02_Visos (Generic).bin,0x00004A94,0x00004A95,0x80,__ct__10CBaseQueueFUi
CODE_02_Visos (Generic).bin,0x00004B4C,0x00004B4D,0x80,__ct__10CBaseQueueFUiPc
CODE_02_Visos (Generic).bin,0x00004BE2,0x00004BE3,0x80,__dt__10CBaseQueueFv
CODE_02_Visos (Generic).bin,0x00004CB5,0x00004CB6,0x00,Post__10CBaseQueueFR10tagMESSAGE
CODE_02_Visos (Generic).bin,0x00004D45,0x00004D46,0x00,Send__10CBaseQueueFR10tagMESSAGE
CODE_02_Visos (Generic).bin,0x00004D75,0x00004D76,0x00,StreamOut__10CBaseQueueFR10CVSOStream
CODE_02_Visos (Generic).bin,0x00004EB3,0x00004EB4,0x00,Attach__10CBaseQueueFP17CBaseQueueHandleri
CODE_02_Visos (Generic).bin,0x00004F91,0x00004F92,0x00,Detach__10CBaseQueueFP17CBaseQueueHandleri
CODE_02_Visos (Generic).bin,0x00005015,0x00005016,0x00,GetNth__10CBaseQueueFP10tagMESSAGEUi
CODE_02_Visos (Generic).bin,0x000050B3,0x000050B4,0x00,PeekNth__10CBaseQueueFP10tagMESSAGEUi
CODE_02_Visos (Generic).bin,0x000051D7,0x000051D8,0x00,PutNth__10CBaseQueueFP10tagMESSAGEUi
CODE_02_Visos (Generic).bin,0x00005326,0x00005327,0x80,DeleteNth__10CBaseQueueFUi
CODE_02_Visos (Generic).bin,0x000053E2,0x000053E3,0x80,ProcessNMsgs__10CBaseQueueFUi
CODE_02_Visos (Generic).bin,0x00005483,0x00005484,0x00,Process__10CBaseQueueFP10tagMESSAGE
CODE_02_Visos (Generic).bin,0x0000566C,0x0000566D,0x80,__ct__12CTextManagerFUliiUi
CODE_02_Visos (Generic).bin,0x00005748,0x00005749,0x80,__dt__12CTextManagerFv
CODE_02_Visos (Generic).bin,0x000057A4,0x000057A5,0x80,LoadFont__12CTextManagerFUl
CODE_02_Visos (Generic).bin,0x000057F6,0x000057F7,0x80,GetFont__12CTextManagerFUl
CODE_02_Visos (Generic).bin,0x00005854,0x00005855,0x80,UnLoadFont__12CTextManagerFUl
CODE_02_Visos (Generic).bin,0x000058FF,0x00005900,0x00,DrawString__12CTextManagerFP4CGDIR8CVSPointRC7CVSSizeUlPcUlP6CRemap
CODE_02_Visos (Generic).bin,0x000059ED,0x000059EE,0x00,DrawString__12CTextManagerFP4CGDIR8CVSPointRC7CVSSizeUl7CStringUlP6CRemap
CODE_02_Visos (Generic).bin,0x00005A4B,0x00005A4C,0x00,ResetPrimitives__12CTextManagerFv
CODE_02_Visos (Generic).bin,0x00005A8A,0x00005A8B,0x80,_VSRELassert
CODE_02_Visos (Generic).bin,0x00005B68,0x00005B69,0x80,__ct__11CBaseCursorFv
CODE_02_Visos (Generic).bin,0x00005C44,0x00005C45,0x80,__dt__11CBaseCursorFv
CODE_02_Visos (Generic).bin,0x00005DC4,0x00005DC5,0x80,Initialise__11CBaseCursorFv
CODE_02_Visos (Generic).bin,0x00006015,0x00006016,0x00,ProcessMsg__11CBaseCursorFP10tagMESSAGE
CODE_02_Visos (Generic).bin,0x00006085,0x00006086,0x00,SetPos__11CBaseCursorFRC8CVSPoint
CODE_02_Visos (Generic).bin,0x00006116,0x00006117,0x80,SetMainID__11CBaseCursorFUl
CODE_02_Visos (Generic).bin,0x000061AC,0x000061AD,0x80,SetActive__11CBaseCursorFUc
CODE_02_Visos (Generic).bin,0x00006262,0x00006263,0x80,SetMainID__11CBaseCursorFUli
CODE_02_Visos (Generic).bin,0x0000644A,0x0000644B,0x80,InWindow__11CBaseCursorFP5CGWnd
CODE_02_Visos (Generic).bin,0x0000679A,0x0000679B,0x80,Draw__11CBaseCursorFP5CGWnd
CODE_02_Visos (Generic).bin,0x00006B7A,0x00006B7B,0x80,Process__11CBaseCursorFv
CODE_02_Visos (Generic).bin,0x00006BDB,0x00006BDC,0x00,__as__19CFileNetworkAddressF15eBroadcastTypes
CODE_02_Visos (Generic).bin,0x00006C3B,0x00006C3C,0x00,__gt__19CFileNetworkAddressFR15CNetworkAddress
CODE_02_Visos (Generic).bin,0x00006CB6,0x00006CB7,0x80,__ct__14CHeaderMessageFv
CODE_02_Visos (Generic).bin,0x00006D28,0x00006D29,0x80,AddData__14CHeaderMessageFv
CODE_02_Visos (Generic).bin,0x00006DA6,0x00006DA7,0x80,GetData__14CHeaderMessageFv
CODE_02_Visos (Generic).bin,0x00006E6E,0x00006E6F,0x80,__ct__8CHeadersFi
CODE_02_Visos (Generic).bin,0x00006ED8,0x00006ED9,0x80,__dt__8CHeadersFv
CODE_02_Visos (Generic).bin,0x00006F38,0x00006F39,0x80,AddData__8CHeadersFv
CODE_02_Visos (Generic).bin,0x00006F98,0x00006F99,0x80,GetData__8CHeadersFv
CODE_02_Visos (Generic).bin,0x0000700E,0x0000700F,0x80,__ct__13CPortsMessageFv
CODE_02_Visos (Generic).bin,0x00007052,0x00007053,0x80,AnyUsed__13CPortsMessageFv
CODE_02_Visos (Generic).bin,0x0000710F,0x00007110,0x00,CreateSocket__17CFileCommonSocketFPCc
CODE_02_Visos (Generic).bin,0x0000715F,0x00007160,0x00,SysCloseSocket__17CFileCommonSocketFv
CODE_02_Visos (Generic).bin,0x0000719A,0x0000719B,0x80,__ct__15CFileBaseSocketFv
CODE_02_Visos (Generic).bin,0x0000730A,0x0000730B,0x80,__ct__15CFileReadSocketFv
CODE_02_Visos (Generic).bin,0x000073FD,0x000073FE,0x00,Read__15CFileReadSocketFR15CNetworkMessageUcUc
CODE_02_Visos (Generic).bin,0x0000752C,0x0000752D,0x80,ReadBuff__15CFileReadSocketFi
CODE_02_Visos (Generic).bin,0x000077CA,0x000077CB,0x80,Process__15CFileReadSocketFv
CODE_02_Visos (Generic).bin,0x0000793C,0x0000793D,0x80,__ct__16CFileWriteSocketFv
CODE_02_Visos (Generic).bin,0x00007A6E,0x00007A6F,0x80,__dt__16CFileWriteSocketFv
CODE_02_Visos (Generic).bin,0x00007B87,0x00007B88,0x00,Write__16CFileWriteSocketFR15CNetworkMessageUcUc
CODE_02_Visos (Generic).bin,0x00007BD5,0x00007BD6,0x00,SetDestAddr__16CFileWriteSocketFP15CNetworkAddress
CODE_02_Visos (Generic).bin,0x00007D71,0x00007D72,0x00,SendPacket__16CFileWriteSocketFPCUci
CODE_02_Visos (Generic).bin,0x0000800A,0x0000800B,0x80,__ct__13CFileRWSocketFv
CODE_02_Visos (Generic).bin,0x00008071,0x00008072,0x00,SendPacket__13CFileRWSocketFPCUci
CODE_02_Visos (Generic).bin,0x0000811F,0x00008120,0x00,IncOpenCount__19CFileOpenManagementFv
CODE_02_Visos (Generic).bin,0x000081D1,0x000081D2,0x00,DecOpenCount__19CFileOpenManagementFv
CODE_02_Visos (Generic).bin,0x0000824D,0x0000824E,0x00,SysCloseSocket__19CFileOpenManagementFv
CODE_02_Visos (Generic).bin,0x000088B0,0x000088B1,0x80,__ct__14CFileBroadcastFv
CODE_02_Visos (Generic).bin,0x00008D28,0x00008D29,0x80,__dt__14CFileBroadcastFv
CODE_02_Visos (Generic).bin,0x00008E11,0x00008E12,0x00,InitialiseFile__14CFileBroadcastFv
CODE_02_Visos (Generic).bin,0x00008E3F,0x00008E40,0x00,GetSpecificAddr__14CFileBroadcastFPCc
CODE_02_Visos (Generic).bin,0x00008F92,0x00008F93,0x80,Start__14CFileBroadcastFPCc
CODE_02_Visos (Generic).bin,0x00009079,0x0000907A,0x00,ReadPortInfo__14CFileBroadcastFv
CODE_02_Visos (Generic).bin,0x00009171,0x00009172,0x00,WritePortInfo__14CFileBroadcastFv
CODE_02_Visos (Generic).bin,0x00009254,0x00009255,0x80,FindPort__14CFileBroadcastFPCUc
CODE_02_Visos (Generic).bin,0x0000933E,0x0000933F,0x80,ResetPort__14CFileBroadcastFs
CODE_02_Visos (Generic).bin,0x00009370,0x00009371,0x80,StartListen__14CFileBroadcastFv
CODE_02_Visos (Generic).bin,0x000093A2,0x000093A3,0x80,StopListen__14CFileBroadcastFv
CODE_02_Visos (Generic).bin,0x0000940C,0x0000940D,0x80,Process__14CFileBroadcastFv
CODE_02_Visos (Generic).bin,0x00009A3E,0x00009A3F,0x80,__ct__12CFileConnectFv
CODE_02_Visos (Generic).bin,0x00009E98,0x00009E99,0x80,__dt__12CFileConnectFv
CODE_02_Visos (Generic).bin,0x00009EF3,0x00009EF4,0x00,InitialiseFile__12CFileConnectFv
CODE_02_Visos (Generic).bin,0x00009F82,0x00009F83,0x80,Start__12CFileConnectFPCcPCc
CODE_02_Visos (Generic).bin,0x0000A02C,0x0000A02D,0x80,InitSocket__12CFileConnectFv
CODE_02_Visos (Generic).bin,0x0000A0E7,0x0000A0E8,0x00,Listen__12CFileConnectFP15CNetworkAddress
CODE_02_Visos (Generic).bin,0x0000A16A,0x0000A16B,0x80,Connect__12CFileConnectFv
CODE_02_Visos (Generic).bin,0x0000A466,0x0000A467,0x80,ConnectSetup__12CFileConnectFv
CODE_02_Visos (Generic).bin,0x0000A4AC,0x0000A4AD,0x80,Initialise__15CNetworkMessageFv
CODE_02_Visos (Generic).bin,0x0000A558,0x0000A559,0x80,__dt__15CNetworkMessageFv
CODE_02_Visos (Generic).bin,0x0000A590,0x0000A591,0x80,Add__15CNetworkMessageFUl
CODE_02_Visos (Generic).bin,0x0000A5C8,0x0000A5C9,0x80,Add__15CNetworkMessageFUs
CODE_02_Visos (Generic).bin,0x0000A5FC,0x0000A5FD,0x80,Add__15CNetworkMessageFUc
CODE_02_Visos (Generic).bin,0x0000A652,0x0000A653,0x80,Add__15CNetworkMessageFPCc
CODE_02_Visos (Generic).bin,0x0000A6A6,0x0000A6A7,0x80,Add__15CNetworkMessageFPCUci
CODE_02_Visos (Generic).bin,0x0000A6E0,0x0000A6E1,0x80,GetDWORD__15CNetworkMessageFv
CODE_02_Visos (Generic).bin,0x0000A71E,0x0000A71F,0x80,Get__15CNetworkMessageFRUl
CODE_02_Visos (Generic).bin,0x0000A74D,0x0000A74E,0x00,ConvertDWORD__15CNetworkMessageFv
CODE_02_Visos (Generic).bin,0x0000A78C,0x0000A78D,0x80,GetWORD__15CNetworkMessageFv
CODE_02_Visos (Generic).bin,0x0000A7CA,0x0000A7CB,0x80,Get__15CNetworkMessageFRUs
CODE_02_Visos (Generic).bin,0x0000A7F9,0x0000A7FA,0x00,ConvertWORD__15CNetworkMessageFv
CODE_02_Visos (Generic).bin,0x0000A836,0x0000A837,0x80,GetBYTE__15CNetworkMessageFv
CODE_02_Visos (Generic).bin,0x0000A870,0x0000A871,0x80,Get__15CNetworkMessageFRUc
CODE_02_Visos (Generic).bin,0x0000A89F,0x0000A8A0,0x00,ConvertBYTE__15CNetworkMessageFv
CODE_02_Visos (Generic).bin,0x0000A8F0,0x0000A8F1,0x80,Get__15CNetworkMessageFRPCc
CODE_02_Visos (Generic).bin,0x0000A92A,0x0000A92B,0x80,Get__15CNetworkMessageFRPCUci
CODE_02_Visos (Generic).bin,0x0000A980,0x0000A981,0x80,GetCopy__15CNetworkMessageFPc
CODE_02_Visos (Generic).bin,0x0000A9D6,0x0000A9D7,0x80,GetCopy__15CNetworkMessageFPUci
CODE_02_Visos (Generic).bin,0x0000AA7D,0x0000AA7E,0x00,OpenDataStream__15CNetworkMessageFv
CODE_02_Visos (Generic).bin,0x0000AAB5,0x0000AAB6,0x00,CloseDataStream__15CNetworkMessageFv
CODE_02_Visos (Generic).bin,0x0000AB2D,0x0000AB2E,0x00,CopyDataStream__15CNetworkMessageFPUci
CODE_02_Visos (Generic).bin,0x0000AB96,0x0000AB97,0x80,Set__15CNetworkMessageFPUc
CODE_02_Visos (Generic).bin,0x0000AC19,0x0000AC1A,0x00,Send__15CNetworkMessageFP8CConnect
CODE_02_Visos (Generic).bin,0x0000AC57,0x0000AC58,0x00,AddHeader__17CBroadcastMessageFv
CODE_02_Visos (Generic).bin,0x0000ACC5,0x0000ACC6,0x00,GetHeader__17CBroadcastMessageFv
CODE_02_Visos (Generic).bin,0x0000AD50,0x0000AD51,0x80,__ct__15CMessReqConnectFPCc
CODE_02_Visos (Generic).bin,0x0000ADA4,0x0000ADA5,0x80,GetData__15CMessReqConnectFv
CODE_02_Visos (Generic).bin,0x0000ADFC,0x0000ADFD,0x80,AddData__15CMessReqConnectFv
CODE_02_Visos (Generic).bin,0x0000AE48,0x0000AE49,0x80,__ct__15CMessReqNewPortFPCc
CODE_02_Visos (Generic).bin,0x0000AE88,0x0000AE89,0x80,GetData__15CMessReqNewPortFv
CODE_02_Visos (Generic).bin,0x0000AECC,0x0000AECD,0x80,AddData__15CMessReqNewPortFv
CODE_02_Visos (Generic).bin,0x0000AF4C,0x0000AF4D,0x80,__ct__14CMessOKConnectFPCc
CODE_02_Visos (Generic).bin,0x0000AF90,0x0000AF91,0x80,GetData__14CMessOKConnectFv
CODE_02_Visos (Generic).bin,0x0000AFD6,0x0000AFD7,0x80,AddData__14CMessOKConnectFv
CODE_02_Visos (Generic).bin,0x0000B054,0x0000B055,0x80,__ct__14CMessGOConnectFPCc
CODE_02_Visos (Generic).bin,0x0000B098,0x0000B099,0x80,GetData__14CMessGOConnectFv
CODE_02_Visos (Generic).bin,0x0000B0DE,0x0000B0DF,0x80,AddData__14CMessGOConnectFv
CODE_02_Visos (Generic).bin,0x0000B156,0x0000B157,0x80,__ct__18CMessFAILEDConnectFPCc
CODE_02_Visos (Generic).bin,0x0000B190,0x0000B191,0x80,GetData__18CMessFAILEDConnectFv
CODE_02_Visos (Generic).bin,0x0000B1CA,0x0000B1CB,0x80,AddData__18CMessFAILEDConnectFv
CODE_02_Visos (Generic).bin,0x0000B23C,0x0000B23D,0x80,__ct__17CBaseCommonSocketFv
CODE_02_Visos (Generic).bin,0x0000B294,0x0000B295,0x80,__dt__17CBaseCommonSocketFv
CODE_02_Visos (Generic).bin,0x0000B2FF,0x0000B300,0x00,SocketError__17CBaseCommonSocketF13NetworkErrors
CODE_02_Visos (Generic).bin,0x0000B37F,0x0000B380,0x00,CloseSocket__17CBaseCommonSocketFv
CODE_02_Visos (Generic).bin,0x0000B3E6,0x0000B3E7,0x80,__ct__11CBaseSocketFv
CODE_02_Visos (Generic).bin,0x0000B464,0x0000B465,0x80,AddData__11CBaseSocketFv
CODE_02_Visos (Generic).bin,0x0000B4B8,0x0000B4B9,0x80,GetData__11CBaseSocketFv
CODE_02_Visos (Generic).bin,0x0000B556,0x0000B557,0x80,__ct__11CReadSocketFv
CODE_02_Visos (Generic).bin,0x0000B5E6,0x0000B5E7,0x80,__dt__11CReadSocketFv
CODE_02_Visos (Generic).bin,0x0000B65F,0x0000B660,0x00,DeleteNCBuffers__11CReadSocketFv
CODE_02_Visos (Generic).bin,0x0000B6E2,0x0000B6E3,0x80,DeleteCBuffers__11CReadSocketFv
CODE_02_Visos (Generic).bin,0x0000B783,0x0000B784,0x00,SetNCBuffers__11CReadSocketFUlUli
CODE_02_Visos (Generic).bin,0x0000B83C,0x0000B83D,0x80,SetCBuffers__11CReadSocketFii
CODE_02_Visos (Generic).bin,0x0000BA56,0x0000BA57,0x80,ProcessPacket__11CReadSocketFv
CODE_02_Visos (Generic).bin,0x0000BB0A,0x0000BB0B,0x80,Process__11CReadSocketFv
CODE_02_Visos (Generic).bin,0x0000BB51,0x0000BB52,0x00,IsChanged__11CReadSocketFR15CNetworkMessage
CODE_02_Visos (Generic).bin,0x0000BBD9,0x0000BBDA,0x00,GetLatest__11CReadSocketFR15CNetworkMessage
CODE_02_Visos (Generic).bin,0x0000BC1E,0x0000BC1F,0x80,UnUseAllNC__11CReadSocketFv
CODE_02_Visos (Generic).bin,0x0000BC52,0x0000BC53,0x80,UnUseAllC__11CReadSocketFv
CODE_02_Visos (Generic).bin,0x0000BD12,0x0000BD13,0x80,__ct__12CWriteSocketFv
CODE_02_Visos (Generic).bin,0x0000BDBE,0x0000BDBF,0x80,__dt__12CWriteSocketFv
CODE_02_Visos (Generic).bin,0x0000BDF7,0x0000BDF8,0x00,_SetDestAddr__12CWriteSocketFP15CNetworkAddress
CODE_02_Visos (Generic).bin,0x0000BE63,0x0000BE64,0x00,DeleteNCBuffers__12CWriteSocketFv
CODE_02_Visos (Generic).bin,0x0000BEED,0x0000BEEE,0x00,DeleteCBuffers__12CWriteSocketFv
CODE_02_Visos (Generic).bin,0x0000BF21,0x0000BF22,0x00,SetNCBuffers__12CWriteSocketFUlUli
CODE_02_Visos (Generic).bin,0x0000BF8A,0x0000BF8B,0x80,SetCBuffers__12CWriteSocketFii
CODE_02_Visos (Generic).bin,0x0000C04F,0x0000C050,0x00,SendCritical__12CWriteSocketFR15CNetworkMessage
CODE_02_Visos (Generic).bin,0x0000C0E1,0x0000C0E2,0x00,ResendCritical__12CWriteSocketFP12CWritePacket
CODE_02_Visos (Generic).bin,0x0000C263,0x0000C264,0x00,SendNCMS__12CWriteSocketFR15CNetworkMessage
CODE_02_Visos (Generic).bin,0x0000C385,0x0000C386,0x00,Send__12CWriteSocketFR15CNetworkMessage
CODE_02_Visos (Generic).bin,0x0000C3DB,0x0000C3DC,0x00,SendAcknowledgement__12CWriteSocketFv
CODE_02_Visos (Generic).bin,0x0000C4A1,0x0000C4A2,0x00,ReceiveAcknowledgement__12CWriteSocketFv
CODE_02_Visos (Generic).bin,0x0000C4EE,0x0000C4EF,0x80,Closed__12CWriteSocketFUc
CODE_02_Visos (Generic).bin,0x0000C5F2,0x0000C5F3,0x80,Process__12CWriteSocketFv
CODE_02_Visos (Generic).bin,0x0000C794,0x0000C795,0x80,__ct__10CBroadcastFv
CODE_02_Visos (Generic).bin,0x0000C8FC,0x0000C8FD,0x80,__dt__10CBroadcastFv
CODE_02_Visos (Generic).bin,0x0000C93C,0x0000C93D,0x80,Closed__10CBroadcastFUc
CODE_02_Visos (Generic).bin,0x0000C99A,0x0000C99B,0x80,FindPort__10CBroadcastFPCUc
CODE_02_Visos (Generic).bin,0x0000C9FF,0x0000CA00,0x00,SetSpecificAddr__10CBroadcastFPCc
CODE_02_Visos (Generic).bin,0x0000CB34,0x0000CB35,0x80,Initialise__10CBroadcastFPCc
CODE_02_Visos (Generic).bin,0x0000CB88,0x0000CB89,0x80,Stop__10CBroadcastFv
CODE_02_Visos (Generic).bin,0x0000CC77,0x0000CC78,0x00,PostRead__10CBroadcastF13NetworkEventsP11CBasePacket
CODE_02_Visos (Generic).bin,0x0000CCD3,0x0000CCD4,0x00,AddToMessage__10CBroadcastFR17CBroadcastMessage
CODE_02_Visos (Generic).bin,0x0000CDFA,0x0000CDFB,0x80,Process__10CBroadcastFv
CODE_02_Visos (Generic).bin,0x0000CE43,0x0000CE44,0x00,SendFailedInit__10CBroadcastF13NetworkErrors
CODE_02_Visos (Generic).bin,0x0000CE94,0x0000CE95,0x80,Run__10CBroadcastFv
CODE_02_Visos (Generic).bin,0x0000CEBA,0x0000CEBB,0x80,Suspend__10CBroadcastFv
CODE_02_Visos (Generic).bin,0x0000CF13,0x0000CF14,0x00,Send__10CBroadcastFP15CNetworkAddressR17CBroadcastMessage
CODE_02_Visos (Generic).bin,0x0000D0B2,0x0000D0B3,0x80,__ct__8CConnectFv
CODE_02_Visos (Generic).bin,0x0000D1AE,0x0000D1AF,0x80,__dt__8CConnectFv
CODE_02_Visos (Generic).bin,0x0000D22D,0x0000D22E,0x00,InitConnect__8CConnectFPCcP15CNetworkAddresss
CODE_02_Visos (Generic).bin,0x0000D296,0x0000D297,0x80,CheckConnectTime__8CConnectFv
CODE_02_Visos (Generic).bin,0x0000D2CC,0x0000D2CD,0x80,SetConnectTime__8CConnectFv
CODE_02_Visos (Generic).bin,0x0000D334,0x0000D335,0x80,Stop__8CConnectFv
CODE_02_Visos (Generic).bin,0x0000D3F8,0x0000D3F9,0x80,FirstReceive__8CConnectFv
CODE_02_Visos (Generic).bin,0x0000D4C5,0x0000D4C6,0x00,Send__8CConnectFR15CNetworkMessage
CODE_02_Visos (Generic).bin,0x0000D53E,0x0000D53F,0x80,Closed__8CConnectFUc
CODE_02_Visos (Generic).bin,0x0000D5A5,0x0000D5A6,0x00,ReceiveAcknowledgement__8CConnectFv
CODE_02_Visos (Generic).bin,0x0000D626,0x0000D627,0x80,Kill__8CConnectFv
CODE_02_Visos (Generic).bin,0x0000D673,0x0000D674,0x00,PostRead__8CConnectF13NetworkEventsP11CBasePacket
CODE_02_Visos (Generic).bin,0x0000D702,0x0000D703,0x80,Process__8CConnectFv
CODE_02_Visos (Generic).bin,0x0000D786,0x0000D787,0x80,__ct__11CReadPacketFUs
CODE_02_Visos (Generic).bin,0x0000D7F0,0x0000D7F1,0x80,__dt__11CReadPacketFv
CODE_02_Visos (Generic).bin,0x0000D85E,0x0000D85F,0x80,Fill__11CReadPacketFPCUcUs
CODE_02_Visos (Generic).bin,0x0000D8BA,0x0000D8BB,0x80,__ct__12CWritePacketFUs
CODE_02_Visos (Generic).bin,0x0000D918,0x0000D919,0x80,__dt__12CWritePacketFv
CODE_02_Visos (Generic).bin,0x0000D96F,0x0000D970,0x00,Fill__12CWritePacketFPCUcUsP15CNetworkMessage
CODE_02_Visos (Generic).bin,0x0000D9E2,0x0000D9E3,0x80,__ct__15CBasePacketBuffFiUs
CODE_02_Visos (Generic).bin,0x0000DA6E,0x0000DA6F,0x80,__dt__15CBasePacketBuffFv
CODE_02_Visos (Generic).bin,0x0000DAE8,0x0000DAE9,0x80,__ct__15CReadPacketBuffFiUs
CODE_02_Visos (Generic).bin,0x0000DB48,0x0000DB49,0x80,FillPacket__15CReadPacketBuffFi
CODE_02_Visos (Generic).bin,0x0000DB90,0x0000DB91,0x80,UnUseAll__15CReadPacketBuffFv
CODE_02_Visos (Generic).bin,0x0000DC0E,0x0000DC0F,0x80,__ct__16CWritePacketBuffFiUs
CODE_02_Visos (Generic).bin,0x0000DC57,0x0000DC58,0x00,FillPacket__16CWritePacketBuffFiPCUcUsP15CNetworkMessage
CODE_02_Visos (Generic).bin,0x0000DCFE,0x0000DCFF,0x80,__ct__11CReadMSBuffFiiUs
CODE_02_Visos (Generic).bin,0x0000DD62,0x0000DD63,0x80,__dt__11CReadMSBuffFv
CODE_02_Visos (Generic).bin,0x0000DE7E,0x0000DE7F,0x80,FillPacket__11CReadMSBuffFv
CODE_02_Visos (Generic).bin,0x0000DECE,0x0000DECF,0x80,__ct__11CReadNCBuffFUlUs
CODE_02_Visos (Generic).bin,0x0000DF74,0x0000DF75,0x80,UpdatePacket__11CReadNCBuffFv
CODE_02_Visos (Generic).bin,0x0000DFBA,0x0000DFBB,0x80,GetPacket__11CReadNCBuffFUl
CODE_02_Visos (Generic).bin,0x0000E084,0x0000E085,0x80,__ct__13CReadNCMSBuffFUlUliUs
CODE_02_Visos (Generic).bin,0x0000E126,0x0000E127,0x80,__dt__13CReadNCMSBuffFv
CODE_02_Visos (Generic).bin,0x0000E1ED,0x0000E1EE,0x00,UpdateSubPacket__13CReadNCMSBuffFv
CODE_02_Visos (Generic).bin,0x0000E23E,0x0000E23F,0x80,__ct__10CReadCBuffFiUs
CODE_02_Visos (Generic).bin,0x0000E2D2,0x0000E2D3,0x80,StorePacket__10CReadCBuffFv
CODE_02_Visos (Generic).bin,0x0000E336,0x0000E337,0x80,NextPacketReady__10CReadCBuffFv
CODE_02_Visos (Generic).bin,0x0000E3E6,0x0000E3E7,0x80,__ct__12CReadCMSBuffFiiUs
CODE_02_Visos (Generic).bin,0x0000E484,0x0000E485,0x80,__dt__12CReadCMSBuffFv
CODE_02_Visos (Generic).bin,0x0000E4E7,0x0000E4E8,0x00,StoreSubPacket__12CReadCMSBuffFv
CODE_02_Visos (Generic).bin,0x0000E526,0x0000E527,0x80,__ct__11CWriteCBuffFiUs
CODE_02_Visos (Generic).bin,0x0000E595,0x0000E596,0x00,StorePacket__11CWriteCBuffFUsPCUciP15CNetworkMessage
CODE_02_Visos (Generic).bin,0x0000E5F5,0x0000E5F6,0x00,IsPacketAvailable__11CWriteCBuffFUs
CODE_02_Visos (Generic).bin,0x0000E6E2,0x0000E6E3,0x80,__ct__12CBaseNetworkFv
CODE_02_Visos (Generic).bin,0x0000E864,0x0000E865,0x80,Initialise__12CBaseNetworkFPCci
CODE_02_Visos (Generic).bin,0x0000EA62,0x0000EA63,0x80,DoInitialise__12CBaseNetworkFv
CODE_02_Visos (Generic).bin,0x0000EB36,0x0000EB37,0x80,__dt__12CBaseNetworkFv
CODE_02_Visos (Generic).bin,0x0000ED82,0x0000ED83,0x80,ShutDown__12CBaseNetworkFv
CODE_02_Visos (Generic).bin,0x0000EE4D,0x0000EE4E,0x00,Delete__12CBaseNetworkFP8CConnect
CODE_02_Visos (Generic).bin,0x0000EF52,0x0000EF53,0x80,NewConnect__12CBaseNetworkFv
CODE_02_Visos (Generic).bin,0x0000EFC7,0x0000EFC8,0x00,Exists__12CBaseNetworkFP8CConnect
CODE_02_Visos (Generic).bin,0x0000F039,0x0000F03A,0x00,FindConnection__12CBaseNetworkFP15CNetworkAddress
CODE_02_Visos (Generic).bin,0x0000F097,0x0000F098,0x00,KillUnBornConnection__12CBaseNetworkFP15CNetworkAddress
CODE_02_Visos (Generic).bin,0x0000F193,0x0000F194,0x00,CtoSRequestConnect__12CBaseNetworkFP15CNetworkAddress
CODE_02_Visos (Generic).bin,0x0000F2C3,0x0000F2C4,0x00,CtoSRequestNewPort__12CBaseNetworkFP15CNetworkAddress
CODE_02_Visos (Generic).bin,0x0000F449,0x0000F44A,0x00,StoCOKConnect__12CBaseNetworkFP15CNetworkAddress
CODE_02_Visos (Generic).bin,0x0000F49B,0x0000F49C,0x00,StoCFAILEDConnect__12CBaseNetworkFP15CNetworkAddress
CODE_02_Visos (Generic).bin,0x0000F509,0x0000F50A,0x00,CtoSGOConnect__12CBaseNetworkFP15CNetworkAddress
CODE_02_Visos (Generic).bin,0x0000F5FF,0x0000F600,0x00,Establish__12CBaseNetworkFP15CNetworkAddressPUc
CODE_02_Visos (Generic).bin,0x0000F651,0x0000F652,0x00,SetNCBuffers__12CBaseNetworkFUlUli
CODE_02_Visos (Generic).bin,0x0000F68E,0x0000F68F,0x80,SetCBuffers__12CBaseNetworkFii
CODE_02_Visos (Generic).bin,0x0000F6D5,0x0000F6D6,0x00,AttachMessageQueue__12CBaseNetworkFP17CBaseQueueHandler
CODE_02_Visos (Generic).bin,0x0000F741,0x0000F742,0x00,DetachMessageQueue__12CBaseNetworkFv
CODE_02_Visos (Generic).bin,0x0000F84A,0x0000F84B,0x80,Process__12CBaseNetworkFv
CODE_02_Visos (Generic).bin,0x0000F8C3,0x0000F8C4,0x00,SendAll__12CBaseNetworkFR15CNetworkMessage
CODE_02_Visos (Generic).bin,0x0000F969,0x0000F96A,0x00,ProcessMsg__12CBaseNetworkFP10tagMESSAGE
CODE_02_Visos (Generic).bin,0x0000FA51,0x0000FA52,0x00,__ct__9CPVButtonFRC7CVSRectP7CPVGWnd
CODE_02_Visos (Generic).bin,0x0000FAFC,0x0000FAFD,0x80,__ct__9CPVButtonFP7CPVGWnd
CODE_02_Visos (Generic).bin,0x0000FB7E,0x0000FB7F,0x80,Initialise__9CPVButtonFv
CODE_02_Visos (Generic).bin,0x0000FC58,0x0000FC59,0x80,__dt__9CPVButtonFv
CODE_02_Visos (Generic).bin,0x0000FC80,0x0000FC81,0x80,SetAutoDraw__9CPVButtonFUc
CODE_02_Visos (Generic).bin,0x0000FDA2,0x0000FDA3,0x80,CheckForceDraw__9CPVButtonFv
CODE_02_Visos (Generic).bin,0x0000FE00,0x0000FE01,0x80,_DrawButton__9CPVButtonFv
CODE_02_Visos (Generic).bin,0x0000FE7C,0x0000FE7D,0x80,Draw__9CPVButtonFUc
CODE_02_Visos (Generic).bin,0x0000FECC,0x0000FECD,0x80,OnEnter__9CPVButtonFv
CODE_02_Visos (Generic).bin,0x0000FF10,0x0000FF11,0x80,OnExit__9CPVButtonFv
CODE_02_Visos (Generic).bin,0x0000FF61,0x0000FF62,0x00,ConvertDoubleClick__9CPVButtonF12BUTTON_FLAGS
CODE_02_Visos (Generic).bin,0x00010019,0x0001001A,0x00,OnButtonDown__9CPVButtonFRC8CVSPoint12BUTTON_FLAGS
CODE_02_Visos (Generic).bin,0x000100CD,0x000100CE,0x00,OnButtonUp__9CPVButtonFRC8CVSPoint12BUTTON_FLAGS
CODE_02_Visos (Generic).bin,0x00010163,0x00010164,0x00,OnExternalButtonUp__9CPVButtonFRC8CVSPoint12BUTTON_FLAGS
CODE_02_Visos (Generic).bin,0x0001020B,0x0001020C,0x00,_OnReleased__9CPVButtonF12BUTTON_FLAGS
CODE_02_Visos (Generic).bin,0x000102A1,0x000102A2,0x00,_OnPressed__9CPVButtonF12BUTTON_FLAGS
CODE_02_Visos (Generic).bin,0x00010310,0x00010311,0x80,_OnEnterButton__9CPVButtonFv
CODE_02_Visos (Generic).bin,0x00010376,0x00010377,0x80,_OnExitButton__9CPVButtonFv
CODE_02_Visos (Generic).bin,0x000103F1,0x000103F2,0x00,_DrawButton__16CDepressedButtonFv
CODE_02_Visos (Generic).bin,0x000104E7,0x000104E8,0x00,OnPaint__16CDepressedButtonFRC7CVSRect
CODE_02_Visos (Generic).bin,0x00010659,0x0001065A,0x00,__ct__14CGraphicButtonFRC8CVSPointP7CPVGWndUlUl
CODE_02_Visos (Generic).bin,0x000108E4,0x000108E5,0x80,Initialise__14CGraphicButtonFv
CODE_02_Visos (Generic).bin,0x00010944,0x00010945,0x80,SetAnimID__14CGraphicButtonFUl
CODE_02_Visos (Generic).bin,0x00010A0E,0x00010A0F,0x80,__dt__14CGraphicButtonFv
CODE_02_Visos (Generic).bin,0x00010A50,0x00010A51,0x80,OnDestroy__14CGraphicButtonFv
CODE_02_Visos (Generic).bin,0x00010B46,0x00010B47,0x80,DrawButton__14CGraphicButtonFv
CODE_02_Visos (Generic).bin,0x00010BF4,0x00010BF5,0x80,__ct__10CFontTableFP8CResFONT
CODE_02_Visos (Generic).bin,0x00010C2C,0x00010C2D,0x80,GetZRLE__10CFontTableCFi
CODE_02_Visos (Generic).bin,0x00010C79,0x00010C7A,0x00,GetChar__10CFontTableCFP8CResZRLE
CODE_02_Visos (Generic).bin,0x00010CE0,0x00010CE1,0x80,__dt__10CFontTableFv
CODE_02_Visos (Generic).bin,0x00010E23,0x00010E24,0x00,__ct__11CChangeListFi7CVSSize7CVSSize
CODE_02_Visos (Generic).bin,0x00010E7C,0x00010E7D,0x80,FreeMap__11CChangeListFv
CODE_02_Visos (Generic).bin,0x00010ECE,0x00010ECF,0x80,AllocMap__11CChangeListFv
CODE_02_Visos (Generic).bin,0x00010F78,0x00010F79,0x80,Resize__11CChangeListF7CVSSize
CODE_02_Visos (Generic).bin,0x00010FF8,0x00010FF9,0x80,Reset__11CChangeListFv
CODE_02_Visos (Generic).bin,0x00011058,0x00011059,0x80,__dt__11CChangeListFv
CODE_02_Visos (Generic).bin,0x000110AE,0x000110AF,0x80,PushActive__11CChangeListFUc
CODE_02_Visos (Generic).bin,0x000110E8,0x000110E9,0x80,PopActive__11CChangeListFv
CODE_02_Visos (Generic).bin,0x0001120A,0x0001120B,0x80,Add__11CChangeListFRC7CVSRect
CODE_02_Visos (Generic).bin,0x0001126C,0x0001126D,0x80,SetDrawMark__11CChangeListFv
CODE_02_Visos (Generic).bin,0x0001129C,0x0001129D,0x80,GetArea__11CChangeListFv
CODE_02_Visos (Generic).bin,0x000114DF,0x000114E0,0x00,GetNextArea__11CChangeListFUcUcUc
CODE_02_Visos (Generic).bin,0x00011610,0x00011611,0x80,GetNumItems__11CChangeListFv
CODE_02_Visos (Generic).bin,0x0001165E,0x0001165F,0x80,GetNItem__11CChangeListFi
CODE_02_Visos (Generic).bin,0x000116A8,0x000116A9,0x80,GetDrawMark__11CChangeListFv
CODE_02_Visos (Generic).bin,0x000116DE,0x000116DF,0x80,vsOpen__FPcPc
CODE_02_Visos (Generic).bin,0x00011700,0x00011701,0x80,vsClose__FP6_Filet
CODE_02_Visos (Generic).bin,0x00011734,0x00011735,0x80,vsRead__FP6_FiletPvUl
CODE_02_Visos (Generic).bin,0x0001177C,0x0001177D,0x80,vsWrite__FP6_FiletPvUl
CODE_02_Visos (Generic).bin,0x000117BA,0x000117BB,0x80,vsSeek__FP6_Filetli
CODE_02_Visos (Generic).bin,0x000117E2,0x000117E3,0x80,vsTell__FP6_Filet
CODE_02_Visos (Generic).bin,0x00011830,0x00011831,0x80,vsGetFileSize__FP6_Filet
CODE_02_Visos (Generic).bin,0x000118C1,0x000118C2,0x00,__ct__4CGDIFRC7CVSRectiP8CSurface
CODE_02_Visos (Generic).bin,0x0001192C,0x0001192D,0x80,__dt__4CGDIFv
CODE_02_Visos (Generic).bin,0x00011958,0x00011959,0x80,AddToList__4CGDIFP10CPrimitive
CODE_02_Visos (Generic).bin,0x000119DC,0x000119DD,0x80,Render__4CGDIFv
CODE_02_Visos (Generic).bin,0x00011AC4,0x00011AC5,0x80,NextPos__5CTextFv
CODE_02_Visos (Generic).bin,0x00011C72,0x00011C73,0x80,Render__5CTextFP4CGDI
CODE_02_Visos (Generic).bin,0x00011D03,0x00011D04,0x00,__ct__15CHotAreaHandlerFRC7CVSRect
CODE_02_Visos (Generic).bin,0x00011D68,0x00011D69,0x80,__ct__15CHotAreaHandlerFv
CODE_02_Visos (Generic).bin,0x00011DAC,0x00011DAD,0x80,Initialise__15CHotAreaHandlerFv
CODE_02_Visos (Generic).bin,0x00011E0C,0x00011E0D,0x80,Reset__15CHotAreaHandlerFv
CODE_02_Visos (Generic).bin,0x00012013,0x00012014,0x00,ProcessArea__15CHotAreaHandlerFP10tagMESSAGERC8CVSPointP15CHotAreaHandler
CODE_02_Visos (Generic).bin,0x00012094,0x00012095,0x80,SetActive__15CHotAreaHandlerFUc
CODE_02_Visos (Generic).bin,0x000120D3,0x000120D4,0x00,SetParent__15CHotAreaHandlerFP12CHotAreaList
CODE_02_Visos (Generic).bin,0x000121E5,0x000121E6,0x00,__ct__12CHotAreaListFRC7CVSRectRC8CVSPointRC8CVSPoint
CODE_02_Visos (Generic).bin,0x000122DA,0x000122DB,0x80,__dt__12CHotAreaListFv
CODE_02_Visos (Generic).bin,0x0001230F,0x00012310,0x00,UpdateHandlers__12CHotAreaListFv
CODE_02_Visos (Generic).bin,0x0001237D,0x0001237E,0x00,DeleteEntry__12CHotAreaListFP15CHotAreaElement
CODE_02_Visos (Generic).bin,0x0001242B,0x0001242C,0x00,ProcessMsg__12CHotAreaListFP10tagMESSAGE
CODE_02_Visos (Generic).bin,0x000126F3,0x000126F4,0x00,ProcessHandlers__12CHotAreaListFRC8CVSPointP10tagMESSAGE
CODE_02_Visos (Generic).bin,0x000127A1,0x000127A2,0x00,AddToList__12CHotAreaListFP15CHotAreaHandler
CODE_02_Visos (Generic).bin,0x00012815,0x00012816,0x00,RemoveFromList__12CHotAreaListFP15CHotAreaHandler
CODE_02_Visos (Generic).bin,0x000128B0,0x000128B1,0x80,__ct__12CPVGDIBitmapFv
CODE_02_Visos (Generic).bin,0x00012902,0x00012903,0x80,__dt__12CPVGDIBitmapFv
CODE_02_Visos (Generic).bin,0x00012948,0x00012949,0x80,Free__12CPVGDIBitmapFv
CODE_02_Visos (Generic).bin,0x00012994,0x00012995,0x80,Initialise__12CPVGDIBitmapFv
CODE_02_Visos (Generic).bin,0x00012A23,0x00012A24,0x00,CreateLinePtrs__12CPVGDIBitmapFv
CODE_02_Visos (Generic).bin,0x00012AC6,0x00012AC7,0x80,ResetLinePtrs__12CPVGDIBitmapFv
CODE_02_Visos (Generic).bin,0x00012B3E,0x00012B3F,0x80,SetLinePtrs__12CPVGDIBitmapFv
CODE_02_Visos (Generic).bin,0x00012C21,0x00012C22,0x00,Scroll__12CPVGDIBitmapFRC7CVSRectRC8CVSPoint
CODE_02_Visos (Generic).bin,0x00012CF1,0x00012CF2,0x00,SetSize__12CPVGDIBitmapFRC7CVSSizei
CODE_02_Visos (Generic).bin,0x00012D67,0x00012D68,0x00,SetBitsBase__12CPVGDIBitmapFPUci
CODE_02_Visos (Generic).bin,0x00012E5B,0x00012E5C,0x00,GetRects__12CPVGDIBitmapFRC7CVSRectRP7CVSRectRP7CVSRect
CODE_02_Visos (Generic).bin,0x00012EA6,0x00012EA7,0x80,ResetScroll__12CPVGDIBitmapFv
CODE_02_Visos (Generic).bin,0x00012F39,0x00012F3A,0x00,Post__11CTimedQueueFR10tagMESSAGE
CODE_02_Visos (Generic).bin,0x00012F89,0x00012F8A,0x00,Send__11CTimedQueueFR10tagMESSAGE
CODE_02_Visos (Generic).bin,0x00012FCA,0x00012FCB,0x80,OkFailed__FUc
CODE_02_Visos (Generic).bin,0x0001301E,0x0001301F,0x80,strtol__FPcPPci
CODE_02_Visos (Generic).bin,0x00013164,0x00013165,0x80,_STRM_Init__Fv
CODE_02_Visos (Generic).bin,0x00013246,0x00013247,0x80,_STRM_Quit__Fv
CODE_02_Visos (Generic).bin,0x0001331E,0x0001331F,0x80,_INP_Init__Fv
CODE_02_Visos (Generic).bin,0x000133CC,0x000133CD,0x80,_INP_Quit__Fv
CODE_02_Visos (Generic).bin,0x00013792,0x00013793,0x80,INIT_SubSystems__Fv
CODE_02_Visos (Generic).bin,0x000138A4,0x000138A5,0x80,INIT_QuitSubSystems__Fv
CODE_02_Visos (Generic).bin,0x000139AE,0x000139AF,0x80,INIT_CheckOptions__FPc
CODE_02_Visos (Generic).bin,0x00013B0A,0x00013B0B,0x80,INIT_CmdLine__FPc
CODE_02_Visos (Generic).bin,0x00013C28,0x00013C29,0x80,INIT_Main__FPc
CODE_02_Visos (Generic).bin,0x00013C44,0x00013C45,0x80,_VSExit__Fi
CODE_02_Visos (Generic).bin,0x00013C68,0x00013C69,0x80,__ct__12CVSStreambufFPci
CODE_02_Visos (Generic).bin,0x00013CB0,0x00013CB1,0x80,__dt__12CVSStreambufFv
CODE_02_Visos (Generic).bin,0x00013D00,0x00013D01,0x80,__ct__6CVSIOsFP12CVSStreambuf
CODE_02_Visos (Generic).bin,0x00013D4C,0x00013D4D,0x80,__dt__6CVSIOsFv
CODE_02_Visos (Generic).bin,0x00013DA1,0x00013DA2,0x00,__ct__10CVSOStreamFP12CVSStreambuf
CODE_02_Visos (Generic).bin,0x00013E12,0x00013E13,0x80,__dt__10CVSOStreamFv
CODE_02_Visos (Generic).bin,0x00013F0E,0x00013F0F,0x80,_FormatNum__10CVSOStreamFv
CODE_02_Visos (Generic).bin,0x00013F50,0x00013F51,0x80,__ls__10CVSOStreamFPCc
CODE_02_Visos (Generic).bin,0x00013F8E,0x00013F8F,0x80,__ls__10CVSOStreamFc
CODE_02_Visos (Generic).bin,0x00013FDE,0x00013FDF,0x80,__ls__10CVSOStreamFl
CODE_02_Visos (Generic).bin,0x0001402E,0x0001402F,0x80,__ls__10CVSOStreamFi
CODE_02_Visos (Generic).bin,0x000140A0,0x000140A1,0x80,__ls__10CVSOStreamFPCv
CODE_02_Visos (Generic).bin,0x000140F2,0x000140F3,0x80,__ls__10CVSOStreamFUl
CODE_02_Visos (Generic).bin,0x0001416C,0x0001416D,0x80,__ls__10CVSOStreamF3HEX
CODE_02_Visos (Generic).bin,0x00014224,0x00014225,0x80,__ls__10CVSOStreamF4HEX8
CODE_02_Visos (Generic).bin,0x00014280,0x00014281,0x80,__ls__10CVSOStreamF5CHAR4
CODE_02_Visos (Generic).bin,0x000142D8,0x000142D9,0x80,vsLtoa__FlPci
CODE_02_Visos (Generic).bin,0x000143B4,0x000143B5,0x80,vsULtoa__FUlPci
CODE_02_Visos (Generic).bin,0x00014421,0x00014422,0x00,__ct__17CVSDebugStreambufFPciPFPc_Uc
CODE_02_Visos (Generic).bin,0x00014480,0x00014481,0x80,__dt__17CVSDebugStreambufFv
CODE_02_Visos (Generic).bin,0x000144E4,0x000144E5,0x80,flush__17CVSDebugStreambufFv
CODE_02_Visos (Generic).bin,0x0001464A,0x0001464B,0x80,sputc__17CVSDebugStreambufFc
CODE_02_Visos (Generic).bin,0x000146A8,0x000146A9,0x80,sputs__17CVSDebugStreambufFPc
CODE_02_Visos (Generic).bin,0x000147AC,0x000147AD,0x80,SqRoot__7CVSMathFUi
CODE_02_Visos (Generic).bin,0x00014827,0x00014828,0x00,__ct__6CArenaFUlPcP6CArenaP6CArena
CODE_02_Visos (Generic).bin,0x000148DC,0x000148DD,0x80,DeleteLists__6CArenaFv
CODE_02_Visos (Generic).bin,0x0001491C,0x0001491D,0x80,__dt__6CArenaFv
CODE_02_Visos (Generic).bin,0x000149CB,0x000149CC,0x00,CheckAndAmalgamate__6CArenaFP7CMBlockP7CMBlock
CODE_02_Visos (Generic).bin,0x00014A37,0x00014A38,0x00,AddToFreeList__6CArenaFP7CMBlock
CODE_02_Visos (Generic).bin,0x00014AA7,0x00014AA8,0x00,AddToBlockList__6CArenaFP7CMBlockP7CMBlock
CODE_02_Visos (Generic).bin,0x00014B1D,0x00014B1E,0x00,AddToArenaList__6CArenaFP6CArena
CODE_02_Visos (Generic).bin,0x00014B83,0x00014B84,0x00,RemoveFromFreeList__6CArenaFP7CMBlock
CODE_02_Visos (Generic).bin,0x00014BEF,0x00014BF0,0x00,RemoveFromBlockList__6CArenaFP7CMBlock
CODE_02_Visos (Generic).bin,0x00014C67,0x00014C68,0x00,RemoveFromArenaList__6CArenaFP6CArena
CODE_02_Visos (Generic).bin,0x00014CF0,0x00014CF1,0x80,FindSmallestBlock__6CArenaFUlPc
CODE_02_Visos (Generic).bin,0x00014F4C,0x00014F4D,0x80,Allocate__6CArenaFPPUcUlPc
CODE_02_Visos (Generic).bin,0x000150CC,0x000150CD,0x80,Shrink__6CArenaFPUcUl
CODE_02_Visos (Generic).bin,0x000151BA,0x000151BB,0x80,Free__6CArenaFPUc
CODE_02_Visos (Generic).bin,0x0001527B,0x0001527C,0x00,AllocateArena__6CArenaFPP6CArenaUlPc
CODE_02_Visos (Generic).bin,0x00015300,0x00015301,0x80,FreeArena__6CArenaFP6CArena
CODE_02_Visos (Generic).bin,0x0001537C,0x0001537D,0x80,CheckValidPointer__6CArenaFPv
CODE_02_Visos (Generic).bin,0x000153B5,0x000153B6,0x00,CheckMemoryBlock__6CArenaFP7CMBlock
CODE_02_Visos (Generic).bin,0x0001540D,0x0001540E,0x00,CheckFreeMemoryBlock__6CArenaFP7CMBlock
CODE_02_Visos (Generic).bin,0x0001555B,0x0001555C,0x00,StreamOut__6CArenaFR10CVSOStream
CODE_02_Visos (Generic).bin,0x00015588,0x00015589,0x80,CheckIntegrity__6CArenaFv
CODE_02_Visos (Generic).bin,0x000155B4,0x000155B5,0x80,GetFreeSize__6CArenaFv
CODE_02_Visos (Generic).bin,0x00015612,0x00015613,0x80,GetAllocSize__6CArenaFv
CODE_02_Visos (Generic).bin,0x00015638,0x00015639,0x80,__nw__6CArenaFUlPv
CODE_02_Visos (Generic).bin,0x0001566C,0x0001566D,0x80,MemSet__6CArenaFPUcUcUl
CODE_02_Visos (Generic).bin,0x000156A0,0x000156A1,0x80,MemCopy__6CArenaFPUcPUcUl
CODE_02_Visos (Generic).bin,0x0001578D,0x0001578E,0x00,__ct__9CRAMArenaFUlPcP6CArenaP6CArena
CODE_02_Visos (Generic).bin,0x000157F2,0x000157F3,0x80,__dt__9CRAMArenaFv
CODE_02_Visos (Generic).bin,0x00015812,0x00015813,0x80,GetSizeOf__9CRAMArenaFv
CODE_02_Visos (Generic).bin,0x00015836,0x00015837,0x80,GetSizeOfBlock__9CRAMArenaFv
CODE_02_Visos (Generic).bin,0x00015891,0x00015892,0x00,CreateNew__9CRAMArenaFPUcUlPcP6CArenaP6CArena
CODE_02_Visos (Generic).bin,0x00015901,0x00015902,0x00,CreateNewBlock__9CRAMArenaFPUcP6CArenaP7CMBlockPcUl
CODE_02_Visos (Generic).bin,0x00015973,0x00015974,0x00,__ct__7CMBlockFP6CArenaP7CMBlockPcUl
CODE_02_Visos (Generic).bin,0x000159B4,0x000159B5,0x80,__dt__7CMBlockFv
CODE_02_Visos (Generic).bin,0x00015A4B,0x00015A4C,0x00,StreamOut__7CMBlockFR10CVSOStream
CODE_02_Visos (Generic).bin,0x00015A78,0x00015A79,0x80,SetDesc__7CMBlockFPc
CODE_02_Visos (Generic).bin,0x00015A9C,0x00015A9D,0x80,__nw__7CMBlockFUlPv
CODE_02_Visos (Generic).bin,0x00015B03,0x00015B04,0x00,__ct__10CMRAMBlockFP6CArenaP7CMBlockPcUl
CODE_02_Visos (Generic).bin,0x00015BCC,0x00015BCD,0x80,InternalNew__FUl
CODE_02_Visos (Generic).bin,0x00015C48,0x00015C49,0x80,InternalDelete__FPv
CODE_02_Visos (Generic).bin,0x00015C6E,0x00015C6F,0x80,__nw__FUl
CODE_02_Visos (Generic).bin,0x00015C8A,0x00015C8B,0x80,__dl__FPv
CODE_02_Visos (Generic).bin,0x00015CE2,0x00015CE3,0x80,CheckValidPointer__FPv
CODE_02_Visos (Generic).bin,0x00015DBE,0x00015DBF,0x80,INIT_PreInit__Fv
CODE_02_Visos (Generic).bin,0x00015E5E,0x00015E5F,0x80,__ct__10CPVSurfaceFv
CODE_02_Visos (Generic).bin,0x00015EA4,0x00015EA5,0x80,__dt__10CPVSurfaceFv
CODE_02_Visos (Generic).bin,0x00015F18,0x00015F19,0x80,__ct__18CPVBackBuffSurfaceFv
CODE_02_Visos (Generic).bin,0x00015F96,0x00015F97,0x80,__dt__18CPVBackBuffSurfaceFv
CODE_02_Visos (Generic).bin,0x00015FF3,0x00015FF4,0x00,HasBackBuff__18CPVBackBuffSurfaceFv
CODE_02_Visos (Generic).bin,0x00016055,0x00016056,0x00,FreeBackBuff__18CPVBackBuffSurfaceFv
CODE_02_Visos (Generic).bin,0x00016177,0x00016178,0x00,AllocateBackBuff__18CPVBackBuffSurfaceFv
CODE_02_Visos (Generic).bin,0x000161D5,0x000161D6,0x00,EnableBackBuff__18CPVBackBuffSurfaceFUc
CODE_02_Visos (Generic).bin,0x00016211,0x00016212,0x00,ResizeBackBuff__18CPVBackBuffSurfaceFv
CODE_02_Visos (Generic).bin,0x00016296,0x00016297,0x80,__ct__15CPVZBuffSurfaceFv
CODE_02_Visos (Generic).bin,0x00016310,0x00016311,0x80,__dt__15CPVZBuffSurfaceFv
CODE_02_Visos (Generic).bin,0x00016366,0x00016367,0x80,FreeZBuff__15CPVZBuffSurfaceFv
CODE_02_Visos (Generic).bin,0x00016491,0x00016492,0x00,AllocateZBuff__15CPVZBuffSurfaceFv
CODE_02_Visos (Generic).bin,0x000164E9,0x000164EA,0x00,EnableZBuff__15CPVZBuffSurfaceFUc
CODE_02_Visos (Generic).bin,0x0001651F,0x00016520,0x00,ResizeZBuff__15CPVZBuffSurfaceFv
CODE_02_Visos (Generic).bin,0x0001657B,0x0001657C,0x00,SetDontUpdateRect__10CPVSurfaceFRC7CVSRect
CODE_02_Visos (Generic).bin,0x000165FB,0x000165FC,0x00,SetWorldWidth__20CPVScrollableSurfaceFi
CODE_02_Visos (Generic).bin,0x000168DC,0x000168DD,0x80,Clear__7CPVGWndFi
CODE_02_Visos (Generic).bin,0x00016907,0x00016908,0x00,SetInnerWindow__7CPVGWndFRC7CVSRect
CODE_02_Visos (Generic).bin,0x0001697C,0x0001697D,0x80,_OnZoom__7CPVGWndFi
CODE_02_Visos (Generic).bin,0x00016A3E,0x00016A3F,0x80,__ct__6CPVWndFv
CODE_02_Visos (Generic).bin,0x00016ADC,0x00016ADD,0x80,__dt__6CPVWndFv
CODE_02_Visos (Generic).bin,0x00016B39,0x00016B3A,0x00,SetInnerWindow__6CPVWndFRC7CVSRect
CODE_02_Visos (Generic).bin,0x00016B7A,0x00016B7B,0x80,SetRect__6CPVWndFRC7CVSRect
CODE_02_Visos (Generic).bin,0x00016C1D,0x00016C1E,0x00,SetRectInnerZoom__6CPVWndFRC7CVSRectRC7CVSRecti
CODE_02_Visos (Generic).bin,0x00016D72,0x00016D73,0x80,InitHotAreaList__6CPVWndFv
CODE_02_Visos (Generic).bin,0x00016DFE,0x00016DFF,0x80,_OnCreate__6CPVWndFv
CODE_02_Visos (Generic).bin,0x00016EC4,0x00016EC5,0x80,_OnDestroy__6CPVWndFv
CODE_02_Visos (Generic).bin,0x0001700E,0x0001700F,0x80,_OnSize__6CPVWndFv
CODE_02_Visos (Generic).bin,0x00017156,0x00017157,0x80,_OnMove__6CPVWndFv
CODE_02_Visos (Generic).bin,0x000171AE,0x000171AF,0x80,_OnMove__6CPVWndF8CVSPoint
CODE_02_Visos (Generic).bin,0x00017212,0x00017213,0x80,_OnZoom__6CPVWndFi
CODE_02_Visos (Generic).bin,0x0001728E,0x0001728F,0x80,SetZoom__6CPVWndFi
CODE_02_Visos (Generic).bin,0x00017400,0x00017401,0x80,VSQSort
CODE_02_Visos (Generic).bin,0x00017460,0x00017461,0x80,shortsort
CODE_02_Visos (Generic).bin,0x00017494,0x00017495,0x80,swap
CODE_02_Visos (Generic).bin,0x000175A2,0x000175A3,0x80,__ct__7CBucketFiiPUcPUl
CODE_02_Visos (Generic).bin,0x00017652,0x00017653,0x80,__dt__7CBucketFv
CODE_02_Visos (Generic).bin,0x00017772,0x00017773,0x80,Allocate__7CBucketFPPUc
CODE_02_Visos (Generic).bin,0x0001788A,0x0001788B,0x80,Free__7CBucketFPUc
CODE_02_Visos (Generic).bin,0x0001791F,0x00017920,0x00,FindFreeOffset__7CBucketF10tagBOFFSET
CODE_02_Visos (Generic).bin,0x000179F6,0x000179F7,0x80,NewChild__7CBucketFv
CODE_02_Visos (Generic).bin,0x00017A5A,0x00017A5B,0x80,RemoveChild__7CBucketFv
CODE_02_Visos (Generic).bin,0x00017A8A,0x00017A8B,0x80,RemoveThis__7CBucketFv
CODE_02_Visos (Generic).bin,0x00017AEA,0x00017AEB,0x80,CheckValidPointer__7CBucketFPUc
CODE_02_Visos (Generic).bin,0x00017BDA,0x00017BDB,0x80,__ct__12CSmallMemoryFv
CODE_02_Visos (Generic).bin,0x00017C4C,0x00017C4D,0x80,__dt__12CSmallMemoryFv
CODE_02_Visos (Generic).bin,0x00017CC4,0x00017CC5,0x80,Allocate__12CSmallMemoryFiPc
CODE_02_Visos (Generic).bin,0x00017D34,0x00017D35,0x80,Free__12CSmallMemoryFPUc
CODE_02_Visos (Generic).bin,0x00017D5D,0x00017D5E,0x00,__ls__FR10CVSOStreamR12CSmallMemory
CODE_02_Visos (Generic).bin,0x00017D9A,0x00017D9B,0x80,__ct__16CBaseSoundDeviceFv
CODE_02_Visos (Generic).bin,0x00017DE4,0x00017DE5,0x80,__dt__16CBaseSoundDeviceFv
CODE_02_Visos (Generic).bin,0x00017E0F,0x00017E10,0x00,GetMasterVolume__16CBaseSoundDeviceFv
CODE_02_Visos (Generic).bin,0x00017E41,0x00017E42,0x00,SetMasterVolume__16CBaseSoundDeviceFUc
CODE_02_Visos (Generic).bin,0x00017E77,0x00017E78,0x00,GetMusicVolume__16CBaseSoundDeviceFv
CODE_02_Visos (Generic).bin,0x00017EA7,0x00017EA8,0x00,SetMusicVolume__16CBaseSoundDeviceFUc
CODE_02_Visos (Generic).bin,0x00017EDD,0x00017EDE,0x00,GetEffectVolume__16CBaseSoundDeviceFv
CODE_02_Visos (Generic).bin,0x00017F0F,0x00017F10,0x00,SetEffectVolume__16CBaseSoundDeviceFUc
CODE_02_Visos (Generic).bin,0x00017F43,0x00017F44,0x00,SetVolume__16CBaseSoundDeviceFUliUc
CODE_02_Visos (Generic).bin,0x00017F73,0x00017F74,0x00,MusicPlayNote__16CBaseSoundDeviceFUcUcUc
CODE_02_Visos (Generic).bin,0x00017FA7,0x00017FA8,0x00,MusicSetNoteVolume__16CBaseSoundDeviceFUcUcUc
CODE_02_Visos (Generic).bin,0x00017FE1,0x00017FE2,0x00,MusicStopNote__16CBaseSoundDeviceFUcUcUc
CODE_02_Visos (Generic).bin,0x00018017,0x00018018,0x00,MusicSetChannelVolume__16CBaseSoundDeviceFUcUc
CODE_02_Visos (Generic).bin,0x00018051,0x00018052,0x00,MusicSetChannelPatch__16CBaseSoundDeviceFUcUl
CODE_02_Visos (Generic).bin,0x0001808B,0x0001808C,0x00,MusicSetPitchWheel__16CBaseSoundDeviceFUcUs
CODE_02_Visos (Generic).bin,0x000180C3,0x000180C4,0x00,MusicMiscControlMessage__16CBaseSoundDeviceFUcUcUc
CODE_02_Visos (Generic).bin,0x00018103,0x00018104,0x00,EffectPlay__16CBaseSoundDeviceFUlUsUc
CODE_02_Visos (Generic).bin,0x00018137,0x00018138,0x00,EffectPlay__16CBaseSoundDeviceFUlUcUc
CODE_02_Visos (Generic).bin,0x0001816B,0x0001816C,0x00,EffectStop__16CBaseSoundDeviceFUcUc
CODE_02_Visos (Generic).bin,0x00018341,0x00018342,0x00,__ct__13CSoundManagerFUcUcUciP4CWnd
CODE_02_Visos (Generic).bin,0x00018450,0x00018451,0x80,__dt__13CSoundManagerFv
CODE_02_Visos (Generic).bin,0x000184B0,0x000184B1,0x80,SetResId__13CSoundManagerFUl
CODE_02_Visos (Generic).bin,0x00018512,0x00018513,0x80,Background__13CSoundManagerFv
CODE_02_Visos (Generic).bin,0x000185E2,0x000185E3,0x80,Foreground__13CSoundManagerFv
CODE_02_Visos (Generic).bin,0x0001865B,0x0001865C,0x00,PrepareMusic__13CSoundManagerFUlUc
CODE_02_Visos (Generic).bin,0x0001868D,0x0001868E,0x00,StreamOut__13CSoundManagerFR10CVSOStream
CODE_02_Visos (Generic).bin,0x000186F4,0x000186F5,0x80,PlayMusic__13CSoundManagerFUl
CODE_02_Visos (Generic).bin,0x0001873B,0x0001873C,0x00,ProcessMusic__13CSoundManagerFUl
CODE_02_Visos (Generic).bin,0x00018794,0x00018795,0x80,StopMusic__13CSoundManagerFUl
CODE_02_Visos (Generic).bin,0x000187F0,0x000187F1,0x80,FreeMusic__13CSoundManagerFUl
CODE_02_Visos (Generic).bin,0x0001889B,0x0001889C,0x00,PrepareEffect__13CSoundManagerFUl
CODE_02_Visos (Generic).bin,0x00018902,0x00018903,0x80,PlayEffect__13CSoundManagerFUl
CODE_02_Visos (Generic).bin,0x00018955,0x00018956,0x00,PlayEffect__13CSoundManagerFUlUc
CODE_02_Visos (Generic).bin,0x000189A0,0x000189A1,0x80,FreeEffect__13CSoundManagerFUl
CODE_02_Visos (Generic).bin,0x00018A3C,0x00018A3D,0x80,SetVolumes__13CSoundManagerFii
CODE_02_Visos (Generic).bin,0x00018A85,0x00018A86,0x00,GetEffectVolume__13CSoundManagerFv
CODE_02_Visos (Generic).bin,0x00018AC9,0x00018ACA,0x00,SetEffectsWnd__13CSoundManagerFP4CWnd
CODE_02_Visos (Generic).bin,0x00018B19,0x00018B1A,0x00,SetMusicWnd__13CSoundManagerFP4CWnd
CODE_02_Visos (Generic).bin,0x00018B56,0x00018B57,0x80,UseMusicCD__13CSoundManagerFUc
CODE_02_Visos (Generic).bin,0x00018BB4,0x00018BB5,0x80,_STAT_Init__Fv
CODE_02_Visos (Generic).bin,0x00018C08,0x00018C09,0x80,_STAT_Quit__Fv
CODE_02_Visos (Generic).bin,0x00018C5A,0x00018C5B,0x80,__ct__12CStatManagerFi
CODE_02_Visos (Generic).bin,0x00018CE6,0x00018CE7,0x80,__dt__12CStatManagerFv
CODE_02_Visos (Generic).bin,0x00018D29,0x00018D2A,0x00,Register__12CStatManagerFP9CBaseStat
CODE_02_Visos (Generic).bin,0x00018DCD,0x00018DCE,0x00,StreamOut__12CStatManagerFR10CVSOStream
CODE_02_Visos (Generic).bin,0x00018E48,0x00018E49,0x80,__ct__9CBaseStatFPc
CODE_02_Visos (Generic).bin,0x00018E9C,0x00018E9D,0x80,__dt__9CBaseStatFv
CODE_02_Visos (Generic).bin,0x00018EFC,0x00018EFD,0x80,Update__9CBaseStatFUl
CODE_02_Visos (Generic).bin,0x0001906F,0x00019070,0x00,StreamOut__9CBaseStatFR10CVSOStream
CODE_02_Visos (Generic).bin,0x00019118,0x00019119,0x80,__ct__6VSTrigFv
CODE_06_AI.bin,0x00000048,0x00000049,0x80,__ct__17CGameStateMessageFv
CODE_06_AI.bin,0x000000B2,0x000000B3,0x80,AddData__17CGameStateMessageFv
CODE_06_AI.bin,0x00000118,0x00000119,0x80,GetData__17CGameStateMessageFv
CODE_06_AI.bin,0x00000270,0x00000271,0x80,__ct__3CAIFP5CGame
CODE_06_AI.bin,0x00000C38,0x00000C39,0x80,Restart__3CAIFv
CODE_06_AI.bin,0x00000CEE,0x00000CEF,0x80,OnLoaded__3CAIFv
CODE_06_AI.bin,0x00001160,0x00001161,0x80,__dt__3CAIFv
CODE_06_AI.bin,0x000011DC,0x000011DD,0x80,Start__3CAIFv
CODE_06_AI.bin,0x0000129F,0x000012A0,0x00,SendGameState__3CAIF11eGameStates16eGameStateStages
CODE_06_AI.bin,0x0000153D,0x0000153E,0x00,RemoteGameState__3CAIFP17CGameStateMessage
CODE_06_AI.bin,0x000016B8,0x000016B9,0x80,GameState__3CAIF11eGameStatus
CODE_06_AI.bin,0x0000175A,0x0000175B,0x80,SetPlayerIDs__3CAIFv
CODE_06_AI.bin,0x00001896,0x00001897,0x80,DecideAnimsRequired__3CAIFv
CODE_06_AI.bin,0x000018C8,0x000018C9,0x80,AddTime__3CAIFi
CODE_06_AI.bin,0x00001B74,0x00001B75,0x80,Process__3CAIFUc
CODE_06_AI.bin,0x00001C3C,0x00001C3D,0x80,GetData__3CAIFP9CViewData
CODE_06_AI.bin,0x00001C77,0x00001C78,0x00,HitTrampoline__3CAIFRC7AICOORDP11CGameObject
CODE_06_AI.bin,0x00001CC1,0x00001CC2,0x00,IsLemmingPlayerControlled__3CAIFP14CPlayerLemming
CODE_06_AI.bin,0x00001D59,0x00001D5A,0x00,FireBullet__3CAIFUs11eBulletType6eOwneri7AICOORD7AICOORD
CODE_06_AI.bin,0x00001E8A,0x00001E8B,0x80,ProcessMsg__3CAIFP10tagMESSAGE
CODE_06_AI.bin,0x00001ED1,0x00001ED2,0x00,PlayerCheckGroupIntersection__3CAIFP7CVSRectP7AICOORD
CODE_06_AI.bin,0x00001F2F,0x00001F30,0x00,EnemyCheckGroupIntersection__3CAIFP7CVSRectP7AICOORD
CODE_06_AI.bin,0x00001F8B,0x00001F8C,0x00,SheepCheckGroupIntersection__3CAIFP7CVSRectP7AICOORD
CODE_06_AI.bin,0x00001FE1,0x00001FE2,0x00,BulletCheckGroupIntersection__3CAIFP7CVSRectP7AICOORD
CODE_06_AI.bin,0x00002255,0x00002256,0x00,StepOn__3CAIFRC7AICOORDP11CGameObjectUs
CODE_06_AI.bin,0x00002307,0x00002308,0x00,OpenDoor__3CAIFRC7AICOORDP11CGameObjectUs
CODE_06_AI.bin,0x00002374,0x00002375,0x80,GetNodePosition__3CAIFi
CODE_06_AI.bin,0x000023F0,0x000023F1,0x80,AddData__3CAIFv
CODE_06_AI.bin,0x0000245E,0x0000245F,0x80,GetData__3CAIFv
CODE_06_AI.bin,0x00002486,0x00002487,0x80,LemmingsSFXChanged__3CAIFv
CODE_06_AI.bin,0x000024D4,0x000024D5,0x80,QuitGame__3CAIFv
CODE_06_AI.bin,0x000025A9,0x000025AA,0x00,SwitchMessage__3CAIF9swMessageiii
CODE_06_AI.bin,0x0000262E,0x0000262F,0x80,GetPlayerPos__3CAIFiR7AICOORD
CODE_06_AI.bin,0x0000266E,0x0000266F,0x80,GetOrigin__3CAIFR7AICOORDRUc
CODE_06_AI.bin,0x0000270C,0x0000270D,0x80,AddNewTrapDoor__3CAIFiiiUl
CODE_06_AI.bin,0x0000273C,0x0000273D,0x80,LevelName__3CAIFv
CODE_06_AI.bin,0x00002800,0x00002801,0x80,LoadLevel__3CAIFPUciUc
CODE_06_AI.bin,0x0000287E,0x0000287F,0x80,FixUpLevel__3CAIFv
CODE_06_AI.bin,0x000028AE,0x000028AF,0x80,DoorId__3CAIFi
CODE_06_AI.bin,0x000028DA,0x000028DB,0x80,LiftId__3CAIFi
CODE_06_AI.bin,0x00002902,0x00002903,0x80,GetDead__3CAIFv
CODE_06_AI.bin,0x0000291F,0x00002920,0x00,GetObjectRequired__3CAIF11eObjectType
CODE_06_AI.bin,0x0000297B,0x0000297C,0x00,SetObjectRequired__3CAIF11eObjectTypeUc
CODE_06_AI.bin,0x000029C8,0x000029C9,0x80,FindMoverHeight__3CAIFiiRi
CODE_06_AI.bin,0x000029F8,0x000029F9,0x80,NLemmings__3CAIFi
CODE_06_AI.bin,0x00002A36,0x00002A37,0x80,AddANetworkStart__3CAIFiiii
CODE_06_AI.bin,0x00002AE8,0x00002AE9,0x80,SetNetworkTrapDoors__3CAIFiiiii
CODE_06_AI.bin,0x00002BA8,0x00002BA9,0x80,LoadFlagInfo__3CAIFPUci
CODE_06_AI.bin,0x00002BD6,0x00002BD7,0x80,nDead__3CAIFv
CODE_06_AI.bin,0x00002C0C,0x00002C0D,0x80,Score__3CAIFi
CODE_06_AI.bin,0x00002C48,0x00002C49,0x80,AnimSpCmp__FPCvPCv
CODE_06_AI.bin,0x00002EE9,0x00002EEA,0x00,Initialise__12CAnimSpecialFP4CMap
CODE_06_AI.bin,0x00002FE2,0x00002FE3,0x80,__ct__12CBalloonPostFP3CAI
CODE_06_AI.bin,0x00003056,0x00003057,0x80,Restart__12CBalloonPostFv
CODE_06_AI.bin,0x00003112,0x00003113,0x80,__dt__12CBalloonPostFv
CODE_06_AI.bin,0x000031CB,0x000031CC,0x00,FindPost__12CBalloonPostF11eObjectTypeR7AICOORD
CODE_06_AI.bin,0x0000336A,0x0000336B,0x80,Process__12CBalloonPostFv
CODE_06_AI.bin,0x0000345B,0x0000345C,0x00,GetViewData__12CBalloonPostFP9CViewData
CODE_06_AI.bin,0x000035C7,0x000035C8,0x00,LoadLevel__12CBalloonPostFPUciUc
CODE_06_AI.bin,0x0000361F,0x00003620,0x00,__ct__15CTheBalloonPostF11eObjectTypeUc
CODE_06_AI.bin,0x00003696,0x00003697,0x80,__ct__5CBallFv
CODE_06_AI.bin,0x000036DC,0x000036DD,0x80,Restart__5CBallFv
CODE_06_AI.bin,0x000037A0,0x000037A1,0x80,Set__5CBallF7AICOORD7AICOORDi
CODE_06_AI.bin,0x0000390A,0x0000390B,0x80,StartMovement__5CBallFUc
CODE_06_AI.bin,0x00003A86,0x00003A87,0x80,Move__5CBallFv
CODE_06_AI.bin,0x00003AB0,0x00003AB1,0x80,HitBullet__5CBallFP7CBullet
CODE_06_AI.bin,0x00003B12,0x00003B13,0x80,Delete__5CBallFv
CODE_06_AI.bin,0x00003B74,0x00003B75,0x80,SetHeightCorrect__5CBallFv
CODE_06_AI.bin,0x00003D42,0x00003D43,0x80,Process__5CBallFv
CODE_06_AI.bin,0x00003EDC,0x00003EDD,0x80,LoadLevel__5CBallFRPUc
CODE_06_AI.bin,0x00003F16,0x00003F17,0x80,__ct__12CBallManagerFP3CAIi
CODE_06_AI.bin,0x00003F70,0x00003F71,0x80,Restart__12CBallManagerFv
CODE_06_AI.bin,0x00004014,0x00004015,0x80,Initialise__12CBallManagerFi
CODE_06_AI.bin,0x000040A4,0x000040A5,0x80,__dt__12CBallManagerFv
CODE_06_AI.bin,0x000040F6,0x000040F7,0x80,Process__12CBallManagerFv
CODE_06_AI.bin,0x0000416E,0x0000416F,0x80,Delete__12CBallManagerFP5CBall
CODE_06_AI.bin,0x000041EB,0x000041EC,0x00,LoadLevel__12CBallManagerFPUciUc
CODE_06_AI.bin,0x000042CF,0x000042D0,0x00,Add__18CBaseObjectManagerFP15CNetworkMessage
CODE_06_AI.bin,0x00004306,0x00004307,0x80,AddData__18CBaseObjectManagerFv
CODE_06_AI.bin,0x0000446D,0x0000446E,0x00,ProcessNetwork__18CBaseObjectManagerFv
CODE_06_AI.bin,0x00004550,0x00004551,0x80,GetData__18CBaseObjectManagerFv
CODE_06_AI.bin,0x00004656,0x00004657,0x80,__ct__7CBulletFv
CODE_06_AI.bin,0x0000468E,0x0000468F,0x80,Restart__7CBulletFv
CODE_06_AI.bin,0x00004765,0x00004766,0x00,Set__7CBulletFUs11eBulletType6eOwneri7AICOORD7AICOORD
CODE_06_AI.bin,0x0000481E,0x0000481F,0x80,TriggerBullet__7CBulletFv
CODE_06_AI.bin,0x00004880,0x00004881,0x80,FireBullet__7CBulletFv
CODE_06_AI.bin,0x00004B0A,0x00004B0B,0x80,Process__7CBulletFv
CODE_06_AI.bin,0x00004C38,0x00004C39,0x80,AddData__7CBulletFv
CODE_06_AI.bin,0x00004DA8,0x00004DA9,0x80,GetData__7CBulletFv
CODE_06_AI.bin,0x00004E00,0x00004E01,0x80,Free__7CBulletFv
CODE_06_AI.bin,0x00004E89,0x00004E8A,0x00,Receive__7CBulletFUsP15CNetworkMessage
CODE_06_AI.bin,0x00004FA6,0x00004FA7,0x80,__ct__14CBulletManagerFv
CODE_06_AI.bin,0x0000500E,0x0000500F,0x80,Restart__14CBulletManagerFv
CODE_06_AI.bin,0x00005084,0x00005085,0x80,__dt__14CBulletManagerFv
CODE_06_AI.bin,0x000050EF,0x000050F0,0x00,NextFreeBullet__14CBulletManagerFv
CODE_06_AI.bin,0x00005129,0x0000512A,0x00,GetFirstBullet__14CBulletManagerFv
CODE_06_AI.bin,0x00005175,0x00005176,0x00,GetNextBullet__14CBulletManagerFv
CODE_06_AI.bin,0x000051B5,0x000051B6,0x00,RequestRemoteBullet__14CBulletManagerFP7CBullet
CODE_06_AI.bin,0x00005289,0x0000528A,0x00,RequestBullet__14CBulletManagerFUs11eBulletType6eOwneri7AICOORD7AICOORD
CODE_06_AI.bin,0x00005322,0x00005323,0x80,Process__14CBulletManagerFv
CODE_06_AI.bin,0x00005397,0x00005398,0x00,RemoveBullet__14CBulletManagerFP7CBullet
CODE_06_AI.bin,0x00005417,0x00005418,0x00,GetViewData__14CBulletManagerFP9CViewData
CODE_06_AI.bin,0x000054E9,0x000054EA,0x00,CheckGroupIntersection__14CBulletManagerFP7CVSRectP7AICOORD
CODE_06_AI.bin,0x00005599,0x0000559A,0x00,__ct__19CCollectableManagerFP3CAIi
CODE_06_AI.bin,0x00005605,0x00005606,0x00,Restart__19CCollectableManagerFv
CODE_06_AI.bin,0x0000567D,0x0000567E,0x00,Initialise__19CCollectableManagerFi
CODE_06_AI.bin,0x00005734,0x00005735,0x80,__dt__19CCollectableManagerFv
CODE_06_AI.bin,0x00005799,0x0000579A,0x00,Process__19CCollectableManagerFv
CODE_06_AI.bin,0x00005921,0x00005922,0x00,Add__19CCollectableManagerFUsiii11eObjectType
CODE_06_AI.bin,0x00005AE3,0x00005AE4,0x00,LoadLevel__19CCollectableManagerFPUciUc
CODE_06_AI.bin,0x00005B93,0x00005B94,0x00,__ct__12CCollectableFiii11eObjectType
CODE_06_AI.bin,0x00005BF8,0x00005BF9,0x80,Restart__12CCollectableFv
CODE_06_AI.bin,0x00005C5A,0x00005C5B,0x80,__dt__12CCollectableFv
CODE_06_AI.bin,0x00005E38,0x00005E39,0x80,Process__12CCollectableFv
CODE_06_AI.bin,0x00005E70,0x00005E71,0x80,SetSFX__5CFlagFv
CODE_06_AI.bin,0x00005F1A,0x00005F1B,0x80,Process__5CFlagFv
CODE_06_AI.bin,0x00005F74,0x00005F75,0x80,Collected__5CFlagFv
CODE_06_AI.bin,0x00005FA4,0x00005FA5,0x80,Collected__6CBonusFv
CODE_06_AI.bin,0x00005FD8,0x00005FD9,0x80,SetSFX__6CBonusFv
CODE_06_AI.bin,0x00006008,0x00006009,0x80,SetSFX__10CTimeBonusFv
CODE_06_AI.bin,0x0000604C,0x0000604D,0x80,Collected__10CTimeBonusFv
CODE_06_AI.bin,0x000060C0,0x000060C1,0x80,__ct__9CAICursorFP3CAIii
CODE_06_AI.bin,0x00006128,0x00006129,0x80,__dt__9CAICursorFv
CODE_06_AI.bin,0x00006164,0x00006165,0x80,SetCursorXY__9CAICursorFii
CODE_06_AI.bin,0x000061C7,0x000061C8,0x00,CheckAndClipCursorBounds__9CAICursorFv
CODE_06_AI.bin,0x0000620D,0x0000620E,0x00,GetCursorSurfaceCoordinates__9CAICursorFRiRi
CODE_06_AI.bin,0x00006289,0x0000628A,0x00,ProcessMsg__9CAICursorFP10tagMESSAGE
CODE_06_AI.bin,0x000062DE,0x000062DF,0x80,__ct__5CDoorFv
CODE_06_AI.bin,0x00006302,0x00006303,0x80,Restart__5CDoorFv
CODE_06_AI.bin,0x0000659A,0x0000659B,0x80,Set__5CDoorF11eObjectTypeUsiii
CODE_06_AI.bin,0x000066AE,0x000066AF,0x80,Delete__5CDoorFv
CODE_06_AI.bin,0x0000677A,0x0000677B,0x80,SetCollision__5CDoorFv
CODE_06_AI.bin,0x0000684C,0x0000684D,0x80,ResetCollision__5CDoorFv
CODE_06_AI.bin,0x000069E0,0x000069E1,0x80,Process__5CDoorFv
CODE_06_AI.bin,0x00006A40,0x00006A41,0x80,Unlock__5CDoorFv
CODE_06_AI.bin,0x00006A7A,0x00006A7B,0x80,IsUsable__5CDoorF7eAction
CODE_06_AI.bin,0x00006BBF,0x00006BC0,0x00,Hits__5CDoorFRC7AICOORDP11CGameObject
CODE_06_AI.bin,0x00006C5A,0x00006C5B,0x80,DoActivate__5CDoorFv
CODE_06_AI.bin,0x00006CDE,0x00006CDF,0x80,__ct__12CDoorManagerFP3CAIi
CODE_06_AI.bin,0x00006D42,0x00006D43,0x80,Restart__12CDoorManagerFv
CODE_06_AI.bin,0x00006E12,0x00006E13,0x80,Initialise__12CDoorManagerFi
CODE_06_AI.bin,0x00006E90,0x00006E91,0x80,__dt__12CDoorManagerFv
CODE_06_AI.bin,0x00006EFF,0x00006F00,0x00,GetViewData__12CDoorManagerFP9CViewData
CODE_06_AI.bin,0x00006FB9,0x00006FBA,0x00,Add__12CDoorManagerFUs11eObjectTypeUsiii
CODE_06_AI.bin,0x00007035,0x00007036,0x00,Open__12CDoorManagerFRC7AICOORDP11CGameObject
CODE_06_AI.bin,0x000070E4,0x000070E5,0x80,Process__12CDoorManagerFv
CODE_06_AI.bin,0x0000716F,0x00007170,0x00,Switch__12CDoorManagerF9swMessagei
CODE_06_AI.bin,0x000071CC,0x000071CD,0x80,Id__12CDoorManagerFi
CODE_06_AI.bin,0x000072DB,0x000072DC,0x00,LoadLevel__12CDoorManagerFPUciUc
CODE_06_AI.bin,0x00007346,0x00007347,0x80,__ct__11CDuplicatorFRC7AICOORD
CODE_06_AI.bin,0x000073AE,0x000073AF,0x80,__dt__11CDuplicatorFv
CODE_06_AI.bin,0x00007404,0x00007405,0x80,Restart__11CDuplicatorFv
CODE_06_AI.bin,0x000074BE,0x000074BF,0x80,Set__11CDuplicatorFRC7AICOORD
CODE_06_AI.bin,0x0000755A,0x0000755B,0x80,Delete__11CDuplicatorFv
CODE_06_AI.bin,0x0000769C,0x0000769D,0x80,Process__11CDuplicatorFv
CODE_06_AI.bin,0x00007711,0x00007712,0x00,ActivatePosition__11CDuplicatorFv
CODE_06_AI.bin,0x0000778F,0x00007790,0x00,Activate__11CDuplicatorFP11CGameObject
CODE_06_AI.bin,0x00007866,0x00007867,0x80,DoActivate__11CDuplicatorFv
CODE_06_AI.bin,0x000079BC,0x000079BD,0x80,__ct__6CEnemyFP3CAIiiii
CODE_06_AI.bin,0x00007A88,0x00007A89,0x80,Restart__6CEnemyFv
CODE_06_AI.bin,0x00007B4C,0x00007B4D,0x80,__dt__6CEnemyFv
CODE_06_AI.bin,0x00007B8F,0x00007B90,0x80,SetEnemy
CODE_06_AI.bin,0x00007B98,0x00007B99,0x00,ype__6CEnemyF18eEnemyStateActions16eEnemyStateRules18eEnemyStateActions16eEnemyState
CODE_06_AI.bin,0x00007CBC,0x00007CBD,0x80,Process__6CEnemyFv
CODE_06_AI.bin,0x00007D79,0x00007D7A,0x00,ProcessAction__6CEnemyF16eEnemyStateRules18eEnemyStateActionsP18tEnemyLemmingUnion
CODE_06_AI.bin,0x00007E55,0x00007E56,0x00,ProcessRule__6CEnemyF16eEnemyStateRules
CODE_06_AI.bin,0x00007EB4,0x00007EB5,0x80,EnemyRule_RADIUS50__6CEnemyFv
CODE_06_AI.bin,0x00007F3B,0x00007F3C,0x00,EnemyRule_RADIUS50ANDLINEOFSIGHT__6CEnemyFv
CODE_06_AI.bin,0x00008049,0x0000804A,0x00,EnemyAction_PATROL__6CEnemyFP18tEnemyLemmingUnion
CODE_06_AI.bin,0x00008095,0x00008096,0x00,EnemyAction_TURNANDFIRERAPID__6CEnemyFP18tEnemyLemmingUnion
CODE_06_AI.bin,0x000080EB,0x000080EC,0x00,EnemyAction_TURNANDFIRESLOW__6CEnemyFP18tEnemyLemmingUnion
CODE_06_AI.bin,0x00008171,0x00008172,0x00,EnemyAction_TURNANDFIRERANDOM__6CEnemyFP18tEnemyLemmingUnion
CODE_06_AI.bin,0x00008260,0x00008261,0x80,CheckRadius__6CEnemyFi
CODE_06_AI.bin,0x00008376,0x00008377,0x80,LineOfSight__6CEnemyF7AICOORD
CODE_06_AI.bin,0x0000844C,0x0000844D,0x80,TurnToFaceTarget__6CEnemyFv
CODE_06_AI.bin,0x00008482,0x00008483,0x80,IsRequestingFire__6CEnemyFv
CODE_06_AI.bin,0x000084E8,0x000084E9,0x80,RequestFire__6CEnemyFi
CODE_06_AI.bin,0x000085AE,0x000085AF,0x80,Fire__6CEnemyFv
CODE_06_AI.bin,0x000085D8,0x000085D9,0x80,StartFiring__6CEnemyFv
CODE_06_AI.bin,0x000086B8,0x000086B9,0x80,EndFiring__6CEnemyFv
CODE_06_AI.bin,0x00008712,0x00008713,0x80,HitBullet__6CEnemyFP7CBullet
CODE_06_AI.bin,0x0000879A,0x0000879B,0x80,FacingTarget__6CEnemyFv
CODE_06_AI.bin,0x0000880A,0x0000880B,0x80,HitMine__6CEnemyFv
CODE_06_AI.bin,0x0000884E,0x0000884F,0x80,HitBall__6CEnemyFv
CODE_06_AI.bin,0x00008898,0x00008899,0x80,GetHit__6CEnemyFv
CODE_06_AI.bin,0x000088E7,0x000088E8,0x00,__ct__11CEnemyGroupFP3CAIP14CObjectManagerP17CFormationManager
CODE_06_AI.bin,0x0000893A,0x0000893B,0x80,ENEMY_GetLONG__FPUl
CODE_06_AI.bin,0x000089EF,0x000089F0,0x00,__ct__18CEnemyGroupManagerFP3CAIP14CObjectManagerP17CFormationManager
CODE_06_AI.bin,0x00008A72,0x00008A73,0x80,__dt__18CEnemyGroupManagerFv
CODE_06_AI.bin,0x00008AE4,0x00008AE5,0x80,Restart__18CEnemyGroupManagerFv
CODE_06_AI.bin,0x00008C7F,0x00008C80,0x00,LoadLevel__18CEnemyGroupManagerFP16tagLoadEnemyDataUlUc
CODE_06_AI.bin,0x00008D6F,0x00008D70,0x00,LoadLevelAdditional_Waypoint__18CEnemyGroupManagerFP32tagLoadEnemyDataAdditionalActionRP22tagWaypointInformation
CODE_06_AI.bin,0x00008E74,0x00008E75,0x80,__ct__17CFormationManagerFv
CODE_06_AI.bin,0x00008EA2,0x00008EA3,0x80,Restart__17CFormationManagerFv
CODE_06_AI.bin,0x00008EEA,0x00008EEB,0x80,__dt__17CFormationManagerFv
CODE_06_AI.bin,0x00008F77,0x00008F78,0x00,TransformFormation__17CFormationManagerFii
CODE_06_AI.bin,0x00008FC7,0x00008FC8,0x00,GetAVector__17CFormationManagerFi
CODE_06_AI.bin,0x000091DD,0x000091DE,0x00,__ct__11CGameObjectF11eObjectTypeUsUs
CODE_06_AI.bin,0x000092BE,0x000092BF,0x80,Restart__11CGameObjectFv
CODE_06_AI.bin,0x00009352,0x00009353,0x80,__dt__11CGameObjectFv
CODE_06_AI.bin,0x000093C6,0x000093C7,0x80,Initialise__11CGameObjectFv
CODE_06_AI.bin,0x0000949B,0x0000949C,0x00,StartFly__11CGameObjectFR9C3DVectorP9C3DVector
CODE_06_AI.bin,0x000097B4,0x000097B5,0x80,Fly__11CGameObjectFv
CODE_06_AI.bin,0x000097EB,0x000097EC,0x00,RotateClockwise__11CGameObjectFv
CODE_06_AI.bin,0x0000982B,0x0000982C,0x00,RotateAnticlockwise__11CGameObjectFv
CODE_06_AI.bin,0x00009A90,0x00009A91,0x80,StartMoving__11CGameObjectFv
CODE_06_AI.bin,0x00009ADE,0x00009ADF,0x80,StopMoving__11CGameObjectFv
CODE_06_AI.bin,0x00009B9C,0x00009B9D,0x80,MapCheck__11CGameObjectFii
CODE_06_AI.bin,0x00009C7E,0x00009C7F,0x80,StartRoute__11CGameObjectFv
CODE_06_AI.bin,0x00009EB2,0x00009EB3,0x80,SearchRoute__11CGameObjectFv
CODE_06_AI.bin,0x00009EF0,0x00009EF1,0x80,Blocked__11CGameObjectFv
CODE_06_AI.bin,0x0000A24E,0x0000A24F,0x80,Move__11CGameObjectFv
CODE_06_AI.bin,0x0000A321,0x0000A322,0x00,TurnToFaceDestination__11CGameObjectFv
CODE_06_AI.bin,0x0000A3BB,0x0000A3BC,0x00,FacingDestination__11CGameObjectFv
CODE_06_AI.bin,0x0000A46D,0x0000A46E,0x00,DeleteFirstEntryFromDestinationList__11CGameObjectFv
CODE_06_AI.bin,0x0000A4F1,0x0000A4F2,0x00,AddDestination__11CGameObjectFRC7AICOORD
CODE_06_AI.bin,0x0000A5F9,0x0000A5FA,0x00,AlterDestination__11CGameObjectFRC7AICOORD
CODE_06_AI.bin,0x0000A68E,0x0000A68F,0x80,GetDestination__11CGameObjectFv
CODE_06_AI.bin,0x0000A6CD,0x0000A6CE,0x00,DestinationExists__11CGameObjectFv
CODE_06_AI.bin,0x0000A705,0x0000A706,0x00,EmptyDestinationList__11CGameObjectFv
CODE_06_AI.bin,0x0000A76B,0x0000A76C,0x00,GetBoundingBox__11CGameObjectFR7CVSRect
CODE_06_AI.bin,0x0000A8AE,0x0000A8AF,0x80,Jump__11CGameObjectFv
CODE_06_AI.bin,0x0000AA94,0x0000AA95,0x80,Fall__11CGameObjectFv
CODE_06_AI.bin,0x0000AB53,0x0000AB54,0x00,OnLift__11CGameObjectFR8tCoord3d
CODE_06_AI.bin,0x0000AB93,0x0000AB94,0x00,OffLift__11CGameObjectFR8tCoord3d
CODE_06_AI.bin,0x0000AC61,0x0000AC62,0x00,OnLift__11CGameObjectFR8tCoord3dR8tCoord3d
CODE_06_AI.bin,0x0000ACAF,0x0000ACB0,0x00,OffLift__11CGameObjectFR8tCoord3dR8tCoord3d
CODE_06_AI.bin,0x0000AD53,0x0000AD54,0x00,StartSommersault__11CGameObjectFv
CODE_06_AI.bin,0x0000ADA0,0x0000ADA1,0x80,IsSelectable__11CGameObjectFv
CODE_06_AI.bin,0x0000AE37,0x0000AE38,0x00,ResetInstructions__11CGameObjectFv
CODE_06_AI.bin,0x0000AE96,0x0000AE97,0x80,Init__11CGameObjectFP3CAI
CODE_06_AI.bin,0x0000AEC2,0x0000AEC3,0x80,GetId__11CGameObjectFv
CODE_06_AI.bin,0x0000AEF8,0x0000AEF9,0x80,SetId__11CGameObjectFUs
CODE_06_AI.bin,0x0000AF76,0x0000AF77,0x80,ReSetId__11CGameObjectFv
CODE_06_AI.bin,0x0000AFEC,0x0000AFED,0x80,NextId__11CGameObjectFv
CODE_06_AI.bin,0x0000B05E,0x0000B05F,0x80,NextLoadingId__11CGameObjectFv
CODE_06_AI.bin,0x0000B126,0x0000B127,0x80,RegisterId__11CGameObjectFv
CODE_06_AI.bin,0x0000B1C3,0x0000B1C4,0x00,UpdateCollision__11CGameObjectFv
CODE_06_AI.bin,0x0000B21C,0x0000B21D,0x80,StartLand__11CGameObjectFv
CODE_06_AI.bin,0x0000B274,0x0000B275,0x80,__ct__15CGameObjectMessFUl
CODE_06_AI.bin,0x0000B2BB,0x0000B2BC,0x00,Send__15CGameObjectMessFP17CGlobalGameObject
CODE_06_AI.bin,0x0000B31E,0x0000B31F,0x80,AddData__15CGameObjectMessFv
CODE_06_AI.bin,0x0000B346,0x0000B347,0x80,GetData__15CGameObjectMessFv
CODE_06_AI.bin,0x0000B393,0x0000B394,0x00,__ct__22CObjectChangeStateMessFv
CODE_06_AI.bin,0x0000B413,0x0000B414,0x00,AddData__22CObjectChangeStateMessFv
CODE_06_AI.bin,0x0000B525,0x0000B526,0x00,GetData__22CObjectChangeStateMessFv
CODE_06_AI.bin,0x0000B576,0x0000B577,0x80,__ct__18CRequestActionMessFv
CODE_06_AI.bin,0x0000B5C4,0x0000B5C5,0x80,AddData__18CRequestActionMessFv
CODE_06_AI.bin,0x0000B678,0x0000B679,0x80,GetData__18CRequestActionMessFv
CODE_06_AI.bin,0x0000B6C4,0x0000B6C5,0x80,__ct__17CRequestReplyMessFv
CODE_06_AI.bin,0x0000B710,0x0000B711,0x80,AddData__17CRequestReplyMessFv
CODE_06_AI.bin,0x0000B7B8,0x0000B7B9,0x80,GetData__17CRequestReplyMessFv
CODE_06_AI.bin,0x0000B800,0x0000B801,0x80,__ct__18CRequestCancelMessFv
CODE_06_AI.bin,0x0000B846,0x0000B847,0x80,__ct__17CRemoveObjectMessFv
CODE_06_AI.bin,0x0000B890,0x0000B891,0x80,__ct__14CObjectPosMessFv
CODE_06_AI.bin,0x0000B940,0x0000B941,0x80,AddData__14CObjectPosMessFv
CODE_06_AI.bin,0x0000BA00,0x0000BA01,0x80,GetData__14CObjectPosMessFv
CODE_06_AI.bin,0x0000BA48,0x0000BA49,0x80,__ct__14CObjectHitMessFv
CODE_06_AI.bin,0x0000BA92,0x0000BA93,0x80,AddData__14CObjectHitMessFv
CODE_06_AI.bin,0x0000BAD2,0x0000BAD3,0x80,GetData__14CObjectHitMessFv
CODE_06_AI.bin,0x0000BB1A,0x0000BB1B,0x80,__ct__15CObjectDiesMessFv
CODE_06_AI.bin,0x0000BB46,0x0000BB47,0x80,AddData__15CObjectDiesMessFv
CODE_06_AI.bin,0x0000BB6E,0x0000BB6F,0x80,GetData__15CObjectDiesMessFv
CODE_06_AI.bin,0x0000BBC3,0x0000BBC4,0x00,__ct__17CGlobalGameObjectF11eObjectTypeUsUs
CODE_06_AI.bin,0x0000BC24,0x0000BC25,0x80,Restart__17CGlobalGameObjectFv
CODE_06_AI.bin,0x0000BC67,0x0000BC68,0x00,UsableState__17CGlobalGameObjectFv
CODE_06_AI.bin,0x0000BCC1,0x0000BCC2,0x00,Action__17CGlobalGameObjectF7eAction
CODE_06_AI.bin,0x0000BD0F,0x0000BD10,0x00,Action__17CGlobalGameObjectF7eActioni
CODE_06_AI.bin,0x0000BD89,0x0000BD8A,0x00,RequestAction__17CGlobalGameObjectF7eAction
CODE_06_AI.bin,0x0000BDD9,0x0000BDDA,0x00,CancelRequest__17CGlobalGameObjectFv
CODE_06_AI.bin,0x0000BF15,0x0000BF16,0x00,Receive__17CGlobalGameObjectFUsP15CNetworkMessage
CODE_06_AI.bin,0x0000BF69,0x0000BF6A,0x00,SendRemove__17CGlobalGameObjectFv
CODE_06_AI.bin,0x0000BFAD,0x0000BFAE,0x00,SendCancel__17CGlobalGameObjectFv
CODE_06_AI.bin,0x0000C10F,0x0000C110,0x00,SetMessages__17CGlobalGameObjectFv
CODE_06_AI.bin,0x0000C26F,0x0000C270,0x00,DeleteMessages__17CGlobalGameObjectFv
CODE_06_AI.bin,0x0000C365,0x0000C366,0x00,__ct__13CGenericGroupFP3CAIP14CObjectManagerP17CFormationManagerii
CODE_06_AI.bin,0x0000C432,0x0000C433,0x80,__dt__13CGenericGroupFv
CODE_06_AI.bin,0x0000C482,0x0000C483,0x80,Restart__13CGenericGroupFv
CODE_06_AI.bin,0x0000C4EC,0x0000C4ED,0x80,Process__13CGenericGroupFv
CODE_06_AI.bin,0x0000C51B,0x0000C51C,0x00,GetElementsInGroup__13CGenericGroupFv
CODE_06_AI.bin,0x0000C55B,0x0000C55C,0x00,GetFirstElementInGroup__13CGenericGroupFv
CODE_06_AI.bin,0x0000C5B3,0x0000C5B4,0x00,GetNextElementInGroup__13CGenericGroupFv
CODE_06_AI.bin,0x0000C605,0x0000C606,0x00,GetCurrentElementInGroup__13CGenericGroupFv
CODE_06_AI.bin,0x0000C661,0x0000C662,0x00,GetNthElementInGroup__13CGenericGroupFi
CODE_06_AI.bin,0x0000C6DF,0x0000C6E0,0x00,SwapElements__13CGenericGroupFP11CGameObjectP11CGameObject
CODE_06_AI.bin,0x0000C741,0x0000C742,0x00,AddElementToGroup__13CGenericGroupFP11CGameObject
CODE_06_AI.bin,0x0000C7DB,0x0000C7DC,0x00,RemoveElementFromGroup__13CGenericGroupFP11CGameObject
CODE_06_AI.bin,0x0000C845,0x0000C846,0x00,ConfirmElementIsInGroup__13CGenericGroupFP11CGameObject
CODE_06_AI.bin,0x0000C8C1,0x0000C8C2,0x00,ConfirmElementIsInGroup__13CGenericGroupFUs
CODE_06_AI.bin,0x0000C94F,0x0000C950,0x00,GetBoundingBox__13CGenericGroupFv
CODE_06_AI.bin,0x0000C9AF,0x0000C9B0,0x00,GetBoundingBox__13CGenericGroupFR7CVSRect
CODE_06_AI.bin,0x0000CAD9,0x0000CADA,0x00,CalculateBoundingBox__13CGenericGroupFi
CODE_06_AI.bin,0x0000CB57,0x0000CB58,0x00,AddNewWaypoint__13CGenericGroupF7AICOORDP17CFormationManager
CODE_06_AI.bin,0x0000CCD7,0x0000CCD8,0x00,SendNewWaypoint__13CGenericGroupF7AICOORD
CODE_06_AI.bin,0x0000CD0D,0x0000CD0E,0x00,OverideExistingWaypoints__13CGenericGroupF7AICOORD
CODE_06_AI.bin,0x0000CD8F,0x0000CD90,0x00,ClearExistingWaypoints__13CGenericGroupFv
CODE_06_AI.bin,0x0000CDCF,0x0000CDD0,0x00,SetFormationIndex__13CGenericGroupFi
CODE_06_AI.bin,0x0000CE07,0x0000CE08,0x00,GetFormationIndex__13CGenericGroupFv
CODE_06_AI.bin,0x0000CFB7,0x0000CFB8,0x00,ReformAlteredGroup__13CGenericGroupFP17CFormationManager
CODE_06_AI.bin,0x0000D10D,0x0000D10E,0x00,CheckGroupIntersection__13CGenericGroupFP7CVSRectP7AICOORD
CODE_06_AI.bin,0x0000D1AF,0x0000D1B0,0x00,GetViewData__13CGenericGroupFP9CViewData
CODE_06_AI.bin,0x0000D227,0x0000D228,0x00,__ct__20CGenericGroupManagerFP3CAIP14CObjectManagerP17CFormationManager
CODE_06_AI.bin,0x0000D2D4,0x0000D2D5,0x80,__dt__20CGenericGroupManagerFv
CODE_06_AI.bin,0x0000D343,0x0000D344,0x00,Restart__20CGenericGroupManagerFv
CODE_06_AI.bin,0x0000D3B7,0x0000D3B8,0x00,Process__20CGenericGroupManagerFv
CODE_06_AI.bin,0x0000D3ED,0x0000D3EE,0x00,GetNumberOfGroups__20CGenericGroupManagerFv
CODE_06_AI.bin,0x0000D439,0x0000D43A,0x00,GetFirstGroup__20CGenericGroupManagerFv
CODE_06_AI.bin,0x0000D48B,0x0000D48C,0x00,GetNextGroup__20CGenericGroupManagerFv
CODE_06_AI.bin,0x0000D4DD,0x0000D4DE,0x00,GetNthGroup__20CGenericGroupManagerFi
CODE_06_AI.bin,0x0000D529,0x0000D52A,0x00,GetCurrentGroup__20CGenericGroupManagerFv
CODE_06_AI.bin,0x0000D5A9,0x0000D5AA,0x00,GetNumberOfElements__20CGenericGroupManagerFv
CODE_06_AI.bin,0x0000D613,0x0000D614,0x00,GetFirstElement__20CGenericGroupManagerFv
CODE_06_AI.bin,0x0000D6B7,0x0000D6B8,0x00,GetNextElement__20CGenericGroupManagerFv
CODE_06_AI.bin,0x0000D721,0x0000D722,0x00,GetCurrentElement__20CGenericGroupManagerFv
CODE_06_AI.bin,0x0000D79D,0x0000D79E,0x00,GetNthElement__20CGenericGroupManagerFi
CODE_06_AI.bin,0x0000D827,0x0000D828,0x00,GetGroupElementIsMemberOf__20CGenericGroupManagerFP11CGameObject
CODE_06_AI.bin,0x0000D90F,0x0000D910,0x00,CreateNewGroup__20CGenericGroupManagerFUsPUs
CODE_06_AI.bin,0x0000D961,0x0000D962,0x00,AddNewGroup__20CGenericGroupManagerFP13CGenericGroup
CODE_06_AI.bin,0x0000D9A1,0x0000D9A2,0x00,CreateNewGroup__20CGenericGroupManagerFv
CODE_06_AI.bin,0x0000DA2F,0x0000DA30,0x00,DeleteGroup__20CGenericGroupManagerFP13CGenericGroup
CODE_06_AI.bin,0x0000DA97,0x0000DA98,0x00,AddElementToGroup__20CGenericGroupManagerFP11CGameObjectP13CGenericGroup
CODE_06_AI.bin,0x0000DB81,0x0000DB82,0x00,RemoveElementFromGroup__20CGenericGroupManagerFP11CGameObjectP13CGenericGroup
CODE_06_AI.bin,0x0000DC13,0x0000DC14,0x00,FindElementInGroupAndRemoveIt__20CGenericGroupManagerFP11CGameObject
CODE_06_AI.bin,0x0000DD0F,0x0000DD10,0x00,GetAllBoundingBoxes__20CGenericGroupManagerFP5tRect
CODE_06_AI.bin,0x0000DDAB,0x0000DDAC,0x00,GetViewData__20CGenericGroupManagerFP9CViewData
CODE_06_AI.bin,0x0000DE45,0x0000DE46,0x00,CheckGroupIntersection__20CGenericGroupManagerFP7CVSRectP7AICOORD
CODE_06_AI.bin,0x0000DF44,0x0000DF45,0x80,__ct__11CGodManagerFi
CODE_06_AI.bin,0x0000DFEC,0x0000DFED,0x80,__dt__11CGodManagerFv
CODE_06_AI.bin,0x0000E044,0x0000E045,0x80,Restart__11CGodManagerFv
CODE_06_AI.bin,0x0000E0AB,0x0000E0AC,0x00,Register__11CGodManagerFP18CBaseObjectManager
CODE_06_AI.bin,0x0000E165,0x0000E166,0x00,ProcessMsg__11CGodManagerFP10tagMESSAGE
CODE_06_AI.bin,0x0000E1F1,0x0000E1F2,0x00,TransportReceive__11CGodManagerFP11CReadPacket
CODE_06_AI.bin,0x0000E26F,0x0000E270,0x00,GetViewData__11CGodManagerFP9CViewData
CODE_06_AI.bin,0x0000E2F2,0x0000E2F3,0x80,Process__11CGodManagerFv
CODE_06_AI.bin,0x0000E31A,0x0000E31B,0x80,__ct__11CGroundAnimFv
CODE_06_AI.bin,0x0000E352,0x0000E353,0x80,Restart__11CGroundAnimFv
CODE_06_AI.bin,0x0000E394,0x0000E395,0x80,__dt__11CGroundAnimFv
CODE_06_AI.bin,0x0000E482,0x0000E483,0x80,CheckAllAnims__11CGroundAnimFv
CODE_06_AI.bin,0x0000E592,0x0000E593,0x80,Process__11CGroundAnimFv
CODE_06_AI.bin,0x0000E607,0x0000E608,0x00,Check__11CGroundAnimFRC8tCoord3d
CODE_06_AI.bin,0x0000E743,0x0000E744,0x00,Add__11CGroundAnimFRC8tCoord3dUsUs
CODE_06_AI.bin,0x0000E7F8,0x0000E7F9,0x80,LoadLevel__11CGroundAnimFPUciUc
CODE_06_AI.bin,0x0000E855,0x0000E856,0x00,__ct__19CPlayerLemmingGroupFP3CAIP14CObjectManagerP17CFormationManager
CODE_06_AI.bin,0x0000E8C9,0x0000E8CA,0x00,Restart__19CPlayerLemmingGroupFv
CODE_06_AI.bin,0x0000E926,0x0000E927,0x80,__dt__19CPlayerLemmingGroupFv
CODE_06_AI.bin,0x0000E9B5,0x0000E9B6,0x00,GetViewData__19CPlayerLemmingGroupFP9CViewData
CODE_06_AI.bin,0x0000EA52,0x0000EA53,0x80,CloseTo__F7AICOORD7AICOORD
CODE_06_AI.bin,0x0000EA90,0x0000EA91,0x80,Delete__19CPlayerLemmingGroupFv
CODE_06_AI.bin,0x0000F0CF,0x0000F0D0,0x00,Process__19CPlayerLemmingGroupFv
CODE_06_AI.bin,0x0000F161,0x0000F162,0x00,AddLemmingToGroup__19CPlayerLemmingGroupFP14CPlayerLemming
CODE_06_AI.bin,0x0000F27D,0x0000F27E,0x00,AddUseObject__19CPlayerLemmingGroupFi
CODE_06_AI.bin,0x0000F355,0x0000F356,0x00,AddUseObject__19CPlayerLemmingGroupFP11CGameObjecti
CODE_06_AI.bin,0x0000F3DD,0x0000F3DE,0x00,RemoveLemmingFromGroup__19CPlayerLemmingGroupFP14CPlayerLemming
CODE_06_AI.bin,0x0000F4A3,0x0000F4A4,0x00,SetPlayerControlled__19CPlayerLemmingGroupFUcP14CPlayerLemming
CODE_06_AI.bin,0x0000F4F5,0x0000F4F6,0x00,CheckPlayerControlled__19CPlayerLemmingGroupFv
CODE_06_AI.bin,0x0000F567,0x0000F568,0x00,GetFirstDeadLemming__19CPlayerLemmingGroupFv
CODE_06_AI.bin,0x0000F637,0x0000F638,0x00,ClearExistingWaypoints__19CPlayerLemmingGroupFv
CODE_06_AI.bin,0x0000F6BB,0x0000F6BC,0x00,HasSFXChanged__19CPlayerLemmingGroupFv
CODE_06_AI.bin,0x0000F7F9,0x0000F7FA,0x00,__ct__26CPlayerLemmingGroupManagerFP3CAIP14CObjectManagerP17CFormationManager
CODE_06_AI.bin,0x0000F865,0x0000F866,0x00,Restart__26CPlayerLemmingGroupManagerFv
CODE_06_AI.bin,0x0000F985,0x0000F986,0x00,__dt__26CPlayerLemmingGroupManagerFv
CODE_06_AI.bin,0x0000F9D5,0x0000F9D6,0x00,GetDead__26CPlayerLemmingGroupManagerFv
CODE_06_AI.bin,0x0000FA53,0x0000FA54,0x00,GetLeaderPos__26CPlayerLemmingGroupManagerFR7AICOORD
CODE_06_AI.bin,0x0000FA93,0x0000FA94,0x00,ProcessDead__26CPlayerLemmingGroupManagerFv
CODE_06_AI.bin,0x0000FBA9,0x0000FBAA,0x00,Process__26CPlayerLemmingGroupManagerFv
CODE_06_AI.bin,0x0000FBED,0x0000FBEE,0x00,DeleteGroup__26CPlayerLemmingGroupManagerFP19CPlayerLemmingGroup
CODE_06_AI.bin,0x0000FD01,0x0000FD02,0x00,CreateNewGroup__26CPlayerLemmingGroupManagerFUsPUs
CODE_06_AI.bin,0x0000FD63,0x0000FD64,0x00,AddPlayerLemmingToGroup__26CPlayerLemmingGroupManagerFP14CPlayerLemmingP19CPlayerLemmingGroup
CODE_06_AI.bin,0x0000FDF5,0x0000FDF6,0x00,IsLemmingPlayerControlled__26CPlayerLemmingGroupManagerFP14CPlayerLemming
CODE_06_AI.bin,0x0000FEC1,0x0000FEC2,0x00,MakeNextGroupPlayerControlled__26CPlayerLemmingGroupManagerFv
CODE_06_AI.bin,0x0000FF89,0x0000FF8A,0x00,MakePreviousGroupPlayerControlled__26CPlayerLemmingGroupManagerFv
CODE_06_AI.bin,0x0001003D,0x0001003E,0x00,MakeParticularGroupPlayerControlled__26CPlayerLemmingGroupManagerFP19CPlayerLemmingGroup
CODE_06_AI.bin,0x000100D3,0x000100D4,0x00,MakeNoGroupsPlayerControlled__26CPlayerLemmingGroupManagerFv
CODE_06_AI.bin,0x00010151,0x00010152,0x00,GetPlayerControlledGroup__26CPlayerLemmingGroupManagerFv
CODE_06_AI.bin,0x0001021D,0x0001021E,0x00,AddNewWaypointToCurrentGroup__26CPlayerLemmingGroupManagerFii
CODE_06_AI.bin,0x0001028B,0x0001028C,0x00,RemoveWaypointsFromCurrentGroup__26CPlayerLemmingGroupManagerFv
CODE_06_AI.bin,0x00010361,0x00010362,0x00,UseObject__26CPlayerLemmingGroupManagerFi
CODE_06_AI.bin,0x000103E1,0x000103E2,0x00,ReformAlteredGroups__26CPlayerLemmingGroupManagerFP19CPlayerLemmingGroup
CODE_06_AI.bin,0x00010483,0x00010484,0x00,PlayerGroupRequestFire__26CPlayerLemmingGroupManagerFii
CODE_06_AI.bin,0x0001056B,0x0001056C,0x00,InitialiseNetwork__26CPlayerLemmingGroupManagerFv
CODE_06_AI.bin,0x00010875,0x00010876,0x00,LoadLevel__26CPlayerLemmingGroupManagerFPUcUlUc
CODE_06_AI.bin,0x00010C09,0x00010C0A,0x00,LoadAdditionalPlayerStartPositions__26CPlayerLemmingGroupManagerFPUcUlUc
CODE_06_AI.bin,0x00010C95,0x00010C96,0x00,HasSFXChanged__26CPlayerLemmingGroupManagerFv
CODE_06_AI.bin,0x00010D29,0x00010D2A,0x00,GetViewData__26CPlayerLemmingGroupManagerFP9CViewData
CODE_06_AI.bin,0x00010D90,0x00010D91,0x80,__ct__5CHandFv
CODE_06_AI.bin,0x00010DBA,0x00010DBB,0x80,Initialise__5CHandFv
CODE_06_AI.bin,0x00010E08,0x00010E09,0x80,Restart__5CHandFv
CODE_06_AI.bin,0x00010E62,0x00010E63,0x80,__dt__5CHandFv
CODE_06_AI.bin,0x00010F3E,0x00010F3F,0x80,Set__5CHandFUsRC7AICOORD
CODE_06_AI.bin,0x000110A2,0x000110A3,0x80,Process__5CHandFv
CODE_06_AI.bin,0x00011175,0x00011176,0x00,StepOn__5CHandFRC7AICOORDP11CGameObject
CODE_06_AI.bin,0x000111DC,0x000111DD,0x80,DoActivate__5CHandFv
CODE_06_AI.bin,0x00011260,0x00011261,0x80,__ct__12CHandManagerFP3CAIi
CODE_06_AI.bin,0x000112C4,0x000112C5,0x80,Restart__12CHandManagerFv
CODE_06_AI.bin,0x0001138C,0x0001138D,0x80,Initialise__12CHandManagerFi
CODE_06_AI.bin,0x00011408,0x00011409,0x80,__dt__12CHandManagerFv
CODE_06_AI.bin,0x000114AF,0x000114B0,0x00,StepOn__12CHandManagerFRC7AICOORDP11CGameObject
CODE_06_AI.bin,0x0001155E,0x0001155F,0x80,Process__12CHandManagerFv
CODE_06_AI.bin,0x000115CD,0x000115CE,0x00,GetViewData__12CHandManagerFP9CViewData
CODE_06_AI.bin,0x0001167C,0x0001167D,0x80,Add__12CHandManagerFUsiii
CODE_06_AI.bin,0x00011749,0x0001174A,0x00,LoadLevel__12CHandManagerFPUciUc
CODE_06_AI.bin,0x0001179A,0x0001179B,0x80,__ct__4CIceFv
CODE_06_AI.bin,0x000117C6,0x000117C7,0x80,Restart__4CIceFv
CODE_06_AI.bin,0x00011804,0x00011805,0x80,Initialise__4CIceFv
CODE_06_AI.bin,0x00011860,0x00011861,0x80,__dt__4CIceFv
CODE_06_AI.bin,0x00011A19,0x00011A1A,0x00,Set__4CIceFUsRC8tCoord3dRC8tCoord3diiUc
CODE_06_AI.bin,0x00011FF8,0x00011FF9,0x80,Process__4CIceFv
CODE_06_AI.bin,0x00012151,0x00012152,0x00,StepOn__4CIceFRC7AICOORDP11CGameObject
CODE_06_AI.bin,0x000121EC,0x000121ED,0x80,Leave__4CIceFP14CPlayerLemming
CODE_06_AI.bin,0x00012224,0x00012225,0x80,Switch__4CIceFv
CODE_06_AI.bin,0x00012434,0x00012435,0x80,Switched__4CIceFv
CODE_06_AI.bin,0x000124B4,0x000124B5,0x80,__ct__11CIceManagerFP3CAIi
CODE_06_AI.bin,0x00012518,0x00012519,0x80,Restart__11CIceManagerFv
CODE_06_AI.bin,0x000125E0,0x000125E1,0x80,Initialise__11CIceManagerFi
CODE_06_AI.bin,0x0001265A,0x0001265B,0x80,__dt__11CIceManagerFv
CODE_06_AI.bin,0x000126B2,0x000126B3,0x80,Process__11CIceManagerFv
CODE_06_AI.bin,0x000126DF,0x000126E0,0x00,GetViewData__11CIceManagerFP9CViewData
CODE_06_AI.bin,0x00012759,0x0001275A,0x00,StepOn__11CIceManagerFRC7AICOORDP11CGameObject
CODE_06_AI.bin,0x000127F9,0x000127FA,0x00,Switch__11CIceManagerF9swMessagei
CODE_06_AI.bin,0x00012871,0x00012872,0x00,Add__11CIceManagerFUsRC8tCoord3dRC8tCoord3diiUc
CODE_06_AI.bin,0x000129C8,0x000129C9,0x80,LoadLevel__11CIceManagerFPUciUc
CODE_06_AI.bin,0x00012A18,0x00012A19,0x80,__ct__16CInvisibleSwitchFv
CODE_06_AI.bin,0x00012A52,0x00012A53,0x80,Restart__16CInvisibleSwitchFv
CODE_06_AI.bin,0x00012A9D,0x00012A9E,0x00,Initialise__16CInvisibleSwitchFv
CODE_06_AI.bin,0x00012B06,0x00012B07,0x80,__dt__16CInvisibleSwitchFv
CODE_06_AI.bin,0x00012C63,0x00012C64,0x00,Set__16CInvisibleSwitchFRC8tCoord3dRC8tCoord3d
CODE_06_AI.bin,0x00012D61,0x00012D62,0x00,VerifyObjects__16CInvisibleSwitchFv
CODE_06_AI.bin,0x00012DCF,0x00012DD0,0x00,AddObject__16CInvisibleSwitchFP11CGameObject
CODE_06_AI.bin,0x00012E8B,0x00012E8C,0x00,StepOn__16CInvisibleSwitchFRC7AICOORDP11CGameObject
CODE_06_AI.bin,0x00012EF1,0x00012EF2,0x00,DoActivate__16CInvisibleSwitchFv
CODE_06_AI.bin,0x00012FF6,0x00012FF7,0x80,Process__16CInvisibleSwitchFv
CODE_06_AI.bin,0x00013120,0x00013121,0x80,Load__16CInvisibleSwitchFRPUc
CODE_06_AI.bin,0x000131AD,0x000131AE,0x00,__ct__23CInvisibleSwitchManagerFP3CAIi
CODE_06_AI.bin,0x0001321D,0x0001321E,0x00,Restart__23CInvisibleSwitchManagerFv
CODE_06_AI.bin,0x000132F1,0x000132F2,0x00,Initialise__23CInvisibleSwitchManagerFi
CODE_06_AI.bin,0x00013373,0x00013374,0x00,__dt__23CInvisibleSwitchManagerFv
CODE_06_AI.bin,0x000133DF,0x000133E0,0x00,StepOn__23CInvisibleSwitchManagerFRC7AICOORDP11CGameObject
CODE_06_AI.bin,0x0001345D,0x0001345E,0x00,Process__23CInvisibleSwitchManagerFv
CODE_06_AI.bin,0x000134E9,0x000134EA,0x00,LoadLevel__23CInvisibleSwitchManagerFPUciUc
CODE_06_AI.bin,0x00013546,0x00013547,0x80,__ct__6CLaserFv
CODE_06_AI.bin,0x00013574,0x00013575,0x80,Restart__6CLaserFv
CODE_06_AI.bin,0x000135A8,0x000135A9,0x80,Initialise__6CLaserFv
CODE_06_AI.bin,0x00013606,0x00013607,0x80,__dt__6CLaserFv
CODE_06_AI.bin,0x00013765,0x00013766,0x00,Set__6CLaserFUsRC7AICOORD11eObjectType
CODE_06_AI.bin,0x000138D2,0x000138D3,0x80,CheckHits__6CLaserFv
CODE_06_AI.bin,0x00013AB8,0x00013AB9,0x80,Process__6CLaserFv
CODE_06_AI.bin,0x00013B42,0x00013B43,0x80,Activate__6CLaserFv
CODE_06_AI.bin,0x00013BC1,0x00013BC2,0x00,StepOn__6CLaserFRC7AICOORDP11CGameObject
CODE_06_AI.bin,0x00014017,0x00014018,0x00,GetViewData__6CLaserFP9CViewData
CODE_06_AI.bin,0x000140A6,0x000140A7,0x80,__ct__13CLaserManagerFP3CAIi
CODE_06_AI.bin,0x0001410C,0x0001410D,0x80,Restart__13CLaserManagerFv
CODE_06_AI.bin,0x000141D0,0x000141D1,0x80,Initialise__13CLaserManagerFi
CODE_06_AI.bin,0x0001424C,0x0001424D,0x80,__dt__13CLaserManagerFv
CODE_06_AI.bin,0x000142FF,0x00014300,0x00,StepOn__13CLaserManagerFRC7AICOORDP11CGameObject
CODE_06_AI.bin,0x000143B4,0x000143B5,0x80,Process__13CLaserManagerFv
CODE_06_AI.bin,0x00014421,0x00014422,0x00,GetViewData__13CLaserManagerFP9CViewData
CODE_06_AI.bin,0x000144D5,0x000144D6,0x00,Add__13CLaserManagerFUsiii11eObjectType
CODE_06_AI.bin,0x000145C5,0x000145C6,0x00,LoadLevel__13CLaserManagerFPUciUc
CODE_06_AI.bin,0x00014618,0x00014619,0x80,__ct__5CLiftFv
CODE_06_AI.bin,0x00014670,0x00014671,0x80,__dt__5CLiftFv
CODE_06_AI.bin,0x0001478E,0x0001478F,0x80,CalculateCliff__5CLiftFv
CODE_06_AI.bin,0x00014959,0x0001495A,0x00,Edit__5CLiftFisii17eLiftActivateTypeUc
CODE_06_AI.bin,0x000149D9,0x000149DA,0x00,Set__5CLiftFiiisii17eLiftActivateTypeUc
CODE_06_AI.bin,0x00014AC9,0x00014ACA,0x00,Set__5CLiftFR8tCoord3dR8tCoord3dsii17eLiftActivateTypeUc
CODE_06_AI.bin,0x00014DDA,0x00014DDB,0x80,Process__5CLiftFv
CODE_06_AI.bin,0x00014E86,0x00014E87,0x80,CheckObjects__5CLiftFv
CODE_06_AI.bin,0x00014FD1,0x00014FD2,0x00,StepOn__5CLiftFRC7AICOORDP11CGameObject
CODE_06_AI.bin,0x00015024,0x00015025,0x80,Activate__5CLiftFv
CODE_06_AI.bin,0x0001506E,0x0001506F,0x80,ActivateDeactivate__5CLiftFv
CODE_06_AI.bin,0x000150FA,0x000150FB,0x80,__ct__12CLiftManagerFP3CAIi
CODE_06_AI.bin,0x00015164,0x00015165,0x80,Restart__12CLiftManagerFv
CODE_06_AI.bin,0x0001522C,0x0001522D,0x80,Initialise__12CLiftManagerFi
CODE_06_AI.bin,0x000152A2,0x000152A3,0x80,__dt__12CLiftManagerFv
CODE_06_AI.bin,0x00015328,0x00015329,0x80,Process__12CLiftManagerFv
CODE_06_AI.bin,0x0001538B,0x0001538C,0x00,StepOn__12CLiftManagerFRC7AICOORDP11CGameObject
CODE_06_AI.bin,0x000154EB,0x000154EC,0x00,GetViewData__12CLiftManagerFP9CViewData
CODE_06_AI.bin,0x000155F3,0x000155F4,0x00,Switch__12CLiftManagerF9swMessageiii
CODE_06_AI.bin,0x00015650,0x00015651,0x80,Id__12CLiftManagerFi
CODE_06_AI.bin,0x000158DD,0x000158DE,0x00,LoadLevel__12CLiftManagerFPUciUc
CODE_06_AI.bin,0x00015924,0x00015925,0x80,__ct__5CMazeFP4CMap
CODE_06_AI.bin,0x00015992,0x00015993,0x80,__dt__5CMazeFv
CODE_06_AI.bin,0x00015A0C,0x00015A0D,0x80,ReInitialise__5CMazeFv
CODE_06_AI.bin,0x00015AC0,0x00015AC1,0x80,Initialise__5CMazeFv
CODE_06_AI.bin,0x00015BB2,0x00015BB3,0x80,CalcNewDistance__5CMazeFii
CODE_06_AI.bin,0x00015C70,0x00015C71,0x80,FindSquare__5CMazeFUsRiRi
CODE_06_AI.bin,0x00015D86,0x00015D87,0x80,UpdateChangeNext__5CMazeFii
CODE_06_AI.bin,0x00015DF0,0x00015DF1,0x80,Clear__5CMazeFPUc
CODE_06_AI.bin,0x00015E42,0x00015E43,0x80,SwapChange__5CMazeFv
CODE_06_AI.bin,0x00015F34,0x00015F35,0x80,BInitialise__5CMazeFUciiii
CODE_06_AI.bin,0x00016106,0x00016107,0x80,BIteration__5CMazeFRUcRUc
CODE_06_AI.bin,0x00016156,0x00016157,0x80,Direction__Fiiii
CODE_06_AI.bin,0x00016260,0x00016261,0x80,BSolution__5CMazeFRiP9tSolution
CODE_06_AI.bin,0x000162B0,0x000162B1,0x80,__ct__5CMineFv
CODE_06_AI.bin,0x000162DE,0x000162DF,0x80,Restart__5CMineFv
CODE_06_AI.bin,0x0001633C,0x0001633D,0x80,Initialise__5CMineFv
CODE_06_AI.bin,0x000163D8,0x000163D9,0x80,Set__5CMineF7AICOORD
CODE_06_AI.bin,0x00016428,0x00016429,0x80,Trigger__5CMineFi
CODE_06_AI.bin,0x00016498,0x00016499,0x80,DoActivate__5CMineFv
CODE_06_AI.bin,0x00016560,0x00016561,0x80,SetTerrain__5CMineFv
CODE_06_AI.bin,0x0001659E,0x0001659F,0x80,StepOn__5CMineFP11CGameObject
CODE_06_AI.bin,0x000165DE,0x000165DF,0x80,IsUsable__5CMineF7eAction
CODE_06_AI.bin,0x000166E8,0x000166E9,0x80,Process__5CMineFv
CODE_06_AI.bin,0x0001674E,0x0001674F,0x80,OnGround__5CMineFv
CODE_06_AI.bin,0x000167D4,0x000167D5,0x80,__ct__12CMineManagerFP3CAIi
CODE_06_AI.bin,0x00016838,0x00016839,0x80,Restart__12CMineManagerFv
CODE_06_AI.bin,0x0001691E,0x0001691F,0x80,Initialise__12CMineManagerFi
CODE_06_AI.bin,0x000169A8,0x000169A9,0x80,__dt__12CMineManagerFv
CODE_06_AI.bin,0x000169E5,0x000169E6,0x00,Triggered__12CMineManagerFP5CMine
CODE_06_AI.bin,0x00016B06,0x00016B07,0x80,Trigger__12CMineManagerFii
CODE_06_AI.bin,0x00016C2B,0x00016C2C,0x00,StepOn__12CMineManagerFRC7AICOORDP11CGameObject
CODE_06_AI.bin,0x00016D24,0x00016D25,0x80,Add__12CMineManagerFUs7AICOORD
CODE_06_AI.bin,0x00016DCA,0x00016DCB,0x80,Process__12CMineManagerFv
CODE_06_AI.bin,0x00016E3D,0x00016E3E,0x00,GetViewData__12CMineManagerFP9CViewData
CODE_06_AI.bin,0x00016F69,0x00016F6A,0x00,LoadLevel__12CMineManagerFPUciUc
CODE_06_AI.bin,0x000170EA,0x000170EB,0x80,Set__7CMove3dFR4CPt3R4CPt3ii
CODE_06_AI.bin,0x00017188,0x00017189,0x80,Position__7CMove3dFR4CPt3i
CODE_06_AI.bin,0x0001722A,0x0001722B,0x80,__ct__6CMoverFv
CODE_06_AI.bin,0x00017258,0x00017259,0x80,Restart__6CMoverFv
CODE_06_AI.bin,0x0001729E,0x0001729F,0x80,Initialise__6CMoverFv
CODE_06_AI.bin,0x000172FC,0x000172FD,0x80,__dt__6CMoverFv
CODE_06_AI.bin,0x0001738C,0x0001738D,0x80,SetPos__6CMoverFv
CODE_06_AI.bin,0x000173FA,0x000173FB,0x80,IsAt__6CMoverFiiRi
CODE_06_AI.bin,0x000174C2,0x000174C3,0x80,Set__6CMoverFUsiUcii
CODE_06_AI.bin,0x000175EE,0x000175EF,0x80,SetUpNextNode__6CMoverFUl
CODE_06_AI.bin,0x00017708,0x00017709,0x80,FindObjectsOnTopOfMe__6CMoverFv
CODE_06_AI.bin,0x000177BC,0x000177BD,0x80,MoveObjects__6CMoverFiii
CODE_06_AI.bin,0x00017B78,0x00017B79,0x80,Process__6CMoverFv
CODE_06_AI.bin,0x00017BA0,0x00017BA1,0x80,Switch__6CMoverFv
CODE_06_AI.bin,0x00017C1C,0x00017C1D,0x80,IsOn__6CMoverFR7AICOORD
CODE_06_AI.bin,0x00017D1A,0x00017D1B,0x80,VerifyObjects__6CMoverFv
CODE_06_AI.bin,0x00017E74,0x00017E75,0x80,GetOn__6CMoverFP11CGameObject
CODE_06_AI.bin,0x00017EEE,0x00017EEF,0x80,StopObjectsMoving__6CMoverFv
CODE_06_AI.bin,0x00017F7A,0x00017F7B,0x80,__ct__13CMoverManagerFP3CAIi
CODE_06_AI.bin,0x00017FE0,0x00017FE1,0x80,Restart__13CMoverManagerFv
CODE_06_AI.bin,0x000180AA,0x000180AB,0x80,Initialise__13CMoverManagerFi
CODE_06_AI.bin,0x00018126,0x00018127,0x80,__dt__13CMoverManagerFv
CODE_06_AI.bin,0x000181A4,0x000181A5,0x80,Find__13CMoverManagerFiiRi
CODE_06_AI.bin,0x00018218,0x00018219,0x80,Process__13CMoverManagerFv
CODE_06_AI.bin,0x00018289,0x0001828A,0x00,GetViewData__13CMoverManagerFP9CViewData
CODE_06_AI.bin,0x00018302,0x00018303,0x80,Add__13CMoverManagerFUsiUcii
CODE_06_AI.bin,0x00018391,0x00018392,0x00,Switch__13CMoverManagerF9swMessagei
CODE_06_AI.bin,0x000184A5,0x000184A6,0x00,LoadLevel__13CMoverManagerFPUciUc
CODE_06_AI.bin,0x000184DE,0x000184DF,0x80,__ct__12CNodeManagerFi
CODE_06_AI.bin,0x00018530,0x00018531,0x80,Restart__12CNodeManagerFv
CODE_06_AI.bin,0x000185CE,0x000185CF,0x80,Initialise__12CNodeManagerFi
CODE_06_AI.bin,0x00018628,0x00018629,0x80,__dt__12CNodeManagerFv
CODE_06_AI.bin,0x00018687,0x00018688,0x00,GetNodePosition__12CNodeManagerFi
CODE_06_AI.bin,0x000186CA,0x000186CB,0x80,__ct__5CNodeFv
CODE_06_AI.bin,0x000186EC,0x000186ED,0x80,Restart__5CNodeFv
CODE_06_AI.bin,0x00018738,0x00018739,0x80,__dt__5CNodeFv
CODE_06_AI.bin,0x0001879A,0x0001879B,0x80,Initialise__5CNodeFiii
CODE_06_AI.bin,0x000187E0,0x000187E1,0x80,AddANeighbour__5CNodeFii
CODE_06_AI.bin,0x0001883E,0x0001883F,0x80,Position__5CNodeFv
CODE_06_AI.bin,0x00018939,0x0001893A,0x00,LoadLevel__12CNodeManagerFP22tagLoadNodeInformationUlUc
CODE_06_AI.bin,0x000189C5,0x000189C6,0x00,OldRestart__17CBaseGlobalObjectFv
CODE_06_AI.bin,0x00018A24,0x00018A25,0x80,Restart__17CBaseGlobalObjectFv
CODE_06_AI.bin,0x00018A5E,0x00018A5F,0x80,Restart__9CCatapultFv
CODE_06_AI.bin,0x00018D52,0x00018D53,0x80,Process__9CCatapultFv
CODE_06_AI.bin,0x00018DB7,0x00018DB8,0x00,Activate__9CCatapultFP11CGameObject
CODE_06_AI.bin,0x00018E46,0x00018E47,0x80,DoActivate__9CCatapultFv
CODE_06_AI.bin,0x00018EBC,0x00018EBD,0x80,ActivatePosition__9CCatapultFv
CODE_06_AI.bin,0x00018EF6,0x00018EF7,0x80,Restart__5CAmmoFv
CODE_06_AI.bin,0x0001901C,0x0001901D,0x80,Process__5CAmmoFv
CODE_06_AI.bin,0x00019082,0x00019083,0x80,Activate__5CAmmoFP11CGameObject
CODE_06_AI.bin,0x00019100,0x00019101,0x80,DoActivate__5CAmmoFv
CODE_06_AI.bin,0x0001916E,0x0001916F,0x80,ActivatePosition__5CAmmoFv
CODE_06_AI.bin,0x000191A6,0x000191A7,0x80,Restart__6CCrateFv
CODE_06_AI.bin,0x00019212,0x00019213,0x80,TriggerContents__6CCrateFv
CODE_06_AI.bin,0x0001936E,0x0001936F,0x80,Process__6CCrateFv
CODE_06_AI.bin,0x000193BD,0x000193BE,0x00,Activate__6CCrateFP11CGameObject
CODE_06_AI.bin,0x00019462,0x00019463,0x80,DoActivate__6CCrateFv
CODE_06_AI.bin,0x00019536,0x00019537,0x80,ActivatePosition__6CCrateFv
CODE_06_AI.bin,0x000195A4,0x000195A5,0x80,Process__6CTowerFv
CODE_06_AI.bin,0x000195C5,0x000195C6,0x00,Activate__6CTowerFP11CGameObject
CODE_06_AI.bin,0x00019642,0x00019643,0x80,ActivatePosition__6CTowerFv
CODE_06_AI.bin,0x00019709,0x0001970A,0x00,__ct__7CSwitchFR7AICOORD9swMessageiii
CODE_06_AI.bin,0x00019756,0x00019757,0x80,Restart__7CSwitchFv
CODE_06_AI.bin,0x000197BE,0x000197BF,0x80,__dt__7CSwitchFv
CODE_06_AI.bin,0x0001983E,0x0001983F,0x80,Throw__7CSwitchFv
CODE_06_AI.bin,0x0001993A,0x0001993B,0x80,Process__7CSwitchFv
CODE_06_AI.bin,0x000199A5,0x000199A6,0x00,Activate__7CSwitchFP11CGameObject
CODE_06_AI.bin,0x00019A0A,0x00019A0B,0x80,DoActivate__7CSwitchFv
CODE_06_AI.bin,0x00019A7C,0x00019A7D,0x80,ActivatePosition__7CSwitchFv
CODE_06_AI.bin,0x00019AD8,0x00019AD9,0x80,AddEntry__7CSwitchF9swMessageUs
CODE_06_AI.bin,0x00019BAE,0x00019BAF,0x80,ConvertVer0ToVer1__7CSwitchFv
CODE_06_AI.bin,0x00019C2A,0x00019C2B,0x80,Load__7CSwitchFRPUc
CODE_06_AI.bin,0x00019CF2,0x00019CF3,0x80,Process__4CKeyFv
CODE_06_AI.bin,0x00019D4C,0x00019D4D,0x80,Activate__4CKeyFP11CGameObject
CODE_06_AI.bin,0x00019DBA,0x00019DBB,0x80,DoActivate__4CKeyFv
CODE_06_AI.bin,0x00019E28,0x00019E29,0x80,ActivatePosition__4CKeyFv
CODE_06_AI.bin,0x00019E8C,0x00019E8D,0x80,Restart__8CBalloonFv
CODE_06_AI.bin,0x00019F5A,0x00019F5B,0x80,Process__8CBalloonFv
CODE_06_AI.bin,0x00019FB9,0x00019FBA,0x00,Activate__8CBalloonFP11CGameObject
CODE_06_AI.bin,0x0001A02A,0x0001A02B,0x80,DoActivate__8CBalloonFv
CODE_06_AI.bin,0x0001A078,0x0001A079,0x80,ActivatePosition__8CBalloonFv
CODE_06_AI.bin,0x0001A116,0x0001A117,0x80,__ct__14CObjectManagerFP3CAIi
CODE_06_AI.bin,0x0001A22E,0x0001A22F,0x80,Restart__14CObjectManagerFv
CODE_06_AI.bin,0x0001A2A0,0x0001A2A1,0x80,Initialise__14CObjectManagerFi
CODE_06_AI.bin,0x0001A350,0x0001A351,0x80,__dt__14CObjectManagerFv
CODE_06_AI.bin,0x0001A409,0x0001A40A,0x00,AddObject__14CObjectManagerFUsP17CGlobalGameObjectUc
CODE_06_AI.bin,0x0001AA0F,0x0001AA10,0x00,Add__14CObjectManagerFUs7AICOORD11eObjectTypeUs11eObjectType
CODE_06_AI.bin,0x0001AAF5,0x0001AAF6,0x00,AddSwitch__14CObjectManagerFUsiii9swMessageiii
CODE_06_AI.bin,0x0001ABCC,0x0001ABCD,0x80,Process__14CObjectManagerFv
CODE_06_AI.bin,0x0001ACB9,0x0001ACBA,0x00,GetViewData__14CObjectManagerFP9CViewData
CODE_06_AI.bin,0x0001AD50,0x0001AD51,0x80,FindObject__14CObjectManagerFi
CODE_06_AI.bin,0x0001ADB3,0x0001ADB4,0x00,Remove__14CObjectManagerFP17CGlobalGameObject
CODE_06_AI.bin,0x0001B159,0x0001B15A,0x00,LoadLevel__14CObjectManagerFPUcUlUc
CODE_06_AI.bin,0x0001B1D5,0x0001B1D6,0x00,ConvertVer0ToVer1__14CObjectManagerFv
CODE_06_AI.bin,0x0001B22B,0x0001B22C,0x00,Receive__14CObjectManagerFUsP17CGlobalGameObjectP15CNetworkMessage
CODE_06_AI.bin,0x0001B29E,0x0001B29F,0x80,__ct__9CPaintGunFv
CODE_06_AI.bin,0x0001B2DE,0x0001B2DF,0x80,Restart__9CPaintGunFv
CODE_06_AI.bin,0x0001B33C,0x0001B33D,0x80,__dt__9CPaintGunFv
CODE_06_AI.bin,0x0001B3EC,0x0001B3ED,0x80,Set__9CPaintGunFUsRC7AICOORDi
CODE_06_AI.bin,0x0001B890,0x0001B891,0x80,Process__9CPaintGunFv
CODE_06_AI.bin,0x0001B914,0x0001B915,0x80,__ct__16CPaintGunManagerFP3CAIi
CODE_06_AI.bin,0x0001B97C,0x0001B97D,0x80,Restart__16CPaintGunManagerFv
CODE_06_AI.bin,0x0001BA49,0x0001BA4A,0x00,Initialise__16CPaintGunManagerFi
CODE_06_AI.bin,0x0001BAC8,0x0001BAC9,0x80,__dt__16CPaintGunManagerFv
CODE_06_AI.bin,0x0001BB52,0x0001BB53,0x80,Process__16CPaintGunManagerFv
CODE_06_AI.bin,0x0001BBDB,0x0001BBDC,0x00,GetViewData__16CPaintGunManagerFP9CViewData
CODE_06_AI.bin,0x0001BCAC,0x0001BCAD,0x80,Add__16CPaintGunManagerFUsiiii
CODE_06_AI.bin,0x0001BD99,0x0001BD9A,0x00,LoadLevel__16CPaintGunManagerFPUciUc
CODE_06_AI.bin,0x0001BEE8,0x0001BEE9,0x80,__ct__14CPlayerLemmingFiiiiUcUl
CODE_06_AI.bin,0x0001C13E,0x0001C13F,0x80,Restart__14CPlayerLemmingFv
CODE_06_AI.bin,0x0001C1BC,0x0001C1BD,0x80,__dt__14CPlayerLemmingFv
CODE_06_AI.bin,0x0001C29D,0x0001C29E,0x00,HitBullet__14CPlayerLemmingFP7CBullet
CODE_06_AI.bin,0x0001C2D9,0x0001C2DA,0x00,SetGroup__14CPlayerLemmingFP19CPlayerLemmingGroup
CODE_06_AI.bin,0x0001C31E,0x0001C31F,0x80,GetGroup__14CPlayerLemmingFv
CODE_06_AI.bin,0x0001C351,0x0001C352,0x00,SetGroupLeader__14CPlayerLemmingFUc
CODE_06_AI.bin,0x0001C38A,0x0001C38B,0x80,SetGroup__14CPlayerLemmingFUc
CODE_06_AI.bin,0x0001C3F8,0x0001C3F9,0x80,Process__14CPlayerLemmingFv
CODE_06_AI.bin,0x0001C4E7,0x0001C4E8,0x00,TurnToFaceCursor__14CPlayerLemmingFv
CODE_06_AI.bin,0x0001C5D9,0x0001C5DA,0x00,TurnToFaceTarget__14CPlayerLemmingFv
CODE_06_AI.bin,0x0001C619,0x0001C61A,0x00,IsRequestingFire__14CPlayerLemmingFv
CODE_06_AI.bin,0x0001C68D,0x0001C68E,0x00,RequestFire__14CPlayerLemmingFii
CODE_06_AI.bin,0x0001C7AA,0x0001C7AB,0x80,Fire__14CPlayerLemmingFv
CODE_06_AI.bin,0x0001C7DE,0x0001C7DF,0x80,StartFiring__14CPlayerLemmingFv
CODE_06_AI.bin,0x0001C810,0x0001C811,0x80,EndFiring__14CPlayerLemmingFv
CODE_06_AI.bin,0x0001C8A1,0x0001C8A2,0x00,FacingCursor__14CPlayerLemmingFv
CODE_06_AI.bin,0x0001C92D,0x0001C92E,0x00,FacingTarget__14CPlayerLemmingFv
CODE_06_AI.bin,0x0001C9E6,0x0001C9E7,0x80,Die__14CPlayerLemmingFv
CODE_06_AI.bin,0x0001CA46,0x0001CA47,0x80,HitMine__14CPlayerLemmingFv
CODE_06_AI.bin,0x0001CB48,0x0001CB49,0x80,GetData__14CPlayerLemmingFv
CODE_06_AI.bin,0x0001CC40,0x0001CC41,0x80,AddData__14CPlayerLemmingFv
CODE_06_AI.bin,0x0001CC92,0x0001CC93,0x80,CheckSFX__14CPlayerLemmingFv
CODE_06_AI.bin,0x0001CD09,0x0001CD0A,0x00,HasObject__14CPlayerLemmingF11eObjectType
CODE_06_AI.bin,0x0001CD95,0x0001CD96,0x00,AddObject__14CPlayerLemmingF11eObjectTypeP11CGameObject
CODE_06_AI.bin,0x0001CE43,0x0001CE44,0x00,RandomAction__14CPlayerLemmingFv
CODE_06_AI.bin,0x0001CFAF,0x0001CFB0,0x00,Resurrect__14CPlayerLemmingFRC7AICOORD
CODE_06_AI.bin,0x0001D03F,0x0001D040,0x00,GetLastBalloon__14CPlayerLemmingFv
CODE_06_AI.bin,0x0001D0BF,0x0001D0C0,0x00,RemoveObject__14CPlayerLemmingF11eObjectType
CODE_06_AI.bin,0x0001D116,0x0001D117,0x80,GetObject__14CPlayerLemmingFi
CODE_06_AI.bin,0x0001D18F,0x0001D190,0x00,ExternalControlEnd__14CPlayerLemmingFv
CODE_06_AI.bin,0x0001D3E8,0x0001D3E9,0x80,OnBalloon__14CPlayerLemmingFv
CODE_06_AI.bin,0x0001D411,0x0001D412,0x00,StartBalloon__14CPlayerLemmingFv
CODE_06_AI.bin,0x0001D54D,0x0001D54E,0x00,RequestBalloon__14CPlayerLemmingFv
CODE_06_AI.bin,0x0001D5D6,0x0001D5D7,0x80,SetBored__14CPlayerLemmingFUl
CODE_06_AI.bin,0x0001D721,0x0001D722,0x00,StartStanding__14CPlayerLemmingFv
CODE_06_AI.bin,0x0001D77F,0x0001D780,0x00,Action__14CPlayerLemmingF7eAction
CODE_06_AI.bin,0x0001D839,0x0001D83A,0x00,OnConveyor__14CPlayerLemmingFUcP4CIceUc
CODE_06_AI.bin,0x0001D8AB,0x0001D8AC,0x00,IsSelectable__14CPlayerLemmingFv
CODE_06_AI.bin,0x0001D8FC,0x0001D8FD,0x80,__ct__7CRocketFv
CODE_06_AI.bin,0x0001D928,0x0001D929,0x80,Initialise__7CRocketFv
CODE_06_AI.bin,0x0001D95C,0x0001D95D,0x80,Restart__7CRocketFv
CODE_06_AI.bin,0x0001D9B8,0x0001D9B9,0x80,__dt__7CRocketFv
CODE_06_AI.bin,0x0001DA58,0x0001DA59,0x80,Set__7CRocketFUsRC7AICOORD
CODE_06_AI.bin,0x0001DB76,0x0001DB77,0x80,Process__7CRocketFv
CODE_06_AI.bin,0x0001DC3D,0x0001DC3E,0x00,StepOn__7CRocketFRC7AICOORDP11CGameObject
CODE_06_AI.bin,0x0001DCE4,0x0001DCE5,0x80,DoActivate__7CRocketFv
CODE_06_AI.bin,0x0001DD6A,0x0001DD6B,0x80,__ct__14CRocketManagerFP3CAIi
CODE_06_AI.bin,0x0001DDD0,0x0001DDD1,0x80,Restart__14CRocketManagerFv
CODE_06_AI.bin,0x0001DE9A,0x0001DE9B,0x80,Initialise__14CRocketManagerFi
CODE_06_AI.bin,0x0001DF18,0x0001DF19,0x80,__dt__14CRocketManagerFv
CODE_06_AI.bin,0x0001DFC5,0x0001DFC6,0x00,StepOn__14CRocketManagerFRC7AICOORDP11CGameObject
CODE_06_AI.bin,0x0001E050,0x0001E051,0x80,Process__14CRocketManagerFv
CODE_06_AI.bin,0x0001E0DD,0x0001E0DE,0x00,GetViewData__14CRocketManagerFP9CViewData
CODE_06_AI.bin,0x0001E18E,0x0001E18F,0x80,Add__14CRocketManagerFUsiii
CODE_06_AI.bin,0x0001E25D,0x0001E25E,0x00,LoadLevel__14CRocketManagerFPUciUc
CODE_06_AI.bin,0x0001E32A,0x0001E32B,0x80,__ct__6CSheepFP3CAIiiii
CODE_06_AI.bin,0x0001E40E,0x0001E40F,0x80,Restart__6CSheepFv
CODE_06_AI.bin,0x0001E43E,0x0001E43F,0x80,Process__6CSheepFv
CODE_06_AI.bin,0x0001E46C,0x0001E46D,0x80,HitBall__6CSheepFv
CODE_06_AI.bin,0x0001E4C0,0x0001E4C1,0x80,HitMine__6CSheepFv
CODE_06_AI.bin,0x0001E511,0x0001E512,0x00,__ct__11CSheepGroupFP3CAIP14CObjectManagerP17CFormationManager
CODE_06_AI.bin,0x0001E722,0x0001E723,0x80,RunAway__11CSheepGroupF7AICOORD
CODE_06_AI.bin,0x0001E847,0x0001E848,0x00,CheckAgainstLemmings__11CSheepGroupFv
CODE_06_AI.bin,0x0001E8CC,0x0001E8CD,0x80,Process__11CSheepGroupFv
CODE_06_AI.bin,0x0001E8F3,0x0001E8F4,0x00,CheckAgainstCatapults__11CSheepGroupFv
CODE_06_AI.bin,0x0001E94F,0x0001E950,0x00,__ct__18CSheepGroupManagerFP3CAIP14CObjectManagerP17CFormationManager
CODE_06_AI.bin,0x0001E9FA,0x0001E9FB,0x80,Restart__18CSheepGroupManagerFv
CODE_06_AI.bin,0x0001EA6A,0x0001EA6B,0x80,Process__18CSheepGroupManagerFv
CODE_06_AI.bin,0x0001EBF1,0x0001EBF2,0x00,LoadLevel__18CSheepGroupManagerFP16tagLoadSheepDataUlUc
CODE_06_AI.bin,0x0001ECB0,0x0001ECB1,0x80,__ct__7CSlinkyFv
CODE_06_AI.bin,0x0001ED8A,0x0001ED8B,0x80,Set__7CSlinkyFiiii
CODE_06_AI.bin,0x0001EDF2,0x0001EDF3,0x80,GoodEndPt__7CSlinkyFRC7AICOORD
CODE_06_AI.bin,0x0001EEE0,0x0001EEE1,0x80,Move__7CSlinkyFv
CODE_06_AI.bin,0x0001F07A,0x0001F07B,0x80,Process__7CSlinkyFv
CODE_06_AI.bin,0x0001F0AA,0x0001F0AB,0x80,__ct__14CSlinkyManagerFP3CAIi
CODE_06_AI.bin,0x0001F10A,0x0001F10B,0x80,Restart__14CSlinkyManagerFv
CODE_06_AI.bin,0x0001F1B4,0x0001F1B5,0x80,Initialise__14CSlinkyManagerFi
CODE_06_AI.bin,0x0001F214,0x0001F215,0x80,__dt__14CSlinkyManagerFv
CODE_06_AI.bin,0x0001F28C,0x0001F28D,0x80,Add__14CSlinkyManagerFiiiii
CODE_06_AI.bin,0x0001F2F5,0x0001F2F6,0x00,GetViewData__14CSlinkyManagerFP9CViewData
CODE_06_AI.bin,0x0001F35C,0x0001F35D,0x80,Process__14CSlinkyManagerFv
CODE_06_AI.bin,0x0001F449,0x0001F44A,0x00,LoadLevel__14CSlinkyManagerFPUciUc
CODE_06_AI.bin,0x0001F543,0x0001F544,0x00,StateMachine__FPP11tStateEntryP3CAIP11CGameObject
CODE_06_AI.bin,0x0001F593,0x0001F594,0x00,UserLemming__FP3CAIP11CGameObject
CODE_06_AI.bin,0x0001F5D3,0x0001F5D4,0x00,AIPlayerLemming__FP3CAIP11CGameObject
CODE_06_AI.bin,0x0001F617,0x0001F618,0x00,SheepState__FP3CAIP11CGameObject
CODE_06_AI.bin,0x0001F655,0x0001F656,0x00,EnemyState__FP3CAIP11CGameObject
CODE_06_AI.bin,0x0001F699,0x0001F69A,0x00,PlayerNotFacingCursor__FP3CAIP11CGameObjectP5tInfo
CODE_06_AI.bin,0x0001F709,0x0001F70A,0x00,PlayerNotFacingTarget__FP3CAIP11CGameObjectP5tInfo
CODE_06_AI.bin,0x0001F757,0x0001F758,0x00,PlayerRequestingFire__FP3CAIP11CGameObjectP5tInfo
CODE_06_AI.bin,0x0001F7C1,0x0001F7C2,0x00,PlayerWaitingToFire__FP3CAIP11CGameObjectP5tInfo
CODE_06_AI.bin,0x0001F80D,0x0001F80E,0x00,PlayerBored__FP3CAIP11CGameObjectP5tInfo
CODE_06_AI.bin,0x0001F873,0x0001F874,0x00,EnemyNotFacingTarget__FP3CAIP11CGameObjectP5tInfo
CODE_06_AI.bin,0x0001F8C1,0x0001F8C2,0x00,EnemyRequestingFire__FP3CAIP11CGameObjectP5tInfo
CODE_06_AI.bin,0x0001F929,0x0001F92A,0x00,EnemyWaitingToFire__FP3CAIP11CGameObjectP5tInfo
CODE_06_AI.bin,0x0001F981,0x0001F982,0x00,GameOver__FP3CAIP11CGameObjectP5tInfo
CODE_06_AI.bin,0x0001F9CD,0x0001F9CE,0x00,IsStuck__FP3CAIP11CGameObjectP5tInfo
CODE_06_AI.bin,0x0001FA17,0x0001FA18,0x00,RequestDeath__FP3CAIP11CGameObjectP5tInfo
CODE_06_AI.bin,0x0001FA7D,0x0001FA7E,0x00,NotFacingDestination__FP3CAIP11CGameObjectP5tInfo
CODE_06_AI.bin,0x0001FAC5,0x0001FAC6,0x00,GotDestination__FP3CAIP11CGameObjectP5tInfo
CODE_06_AI.bin,0x0001FB11,0x0001FB12,0x00,AtDestination__FP3CAIP11CGameObjectP5tInfo
CODE_06_AI.bin,0x0001FB5B,0x0001FB5C,0x00,NotTimeUp__FP3CAIP11CGameObjectP5tInfo
CODE_06_AI.bin,0x0001FB9D,0x0001FB9E,0x00,Flying__FP3CAIP11CGameObjectP5tInfo
CODE_06_AI.bin,0x0001FBDD,0x0001FBDE,0x00,IsHit__FP3CAIP11CGameObjectP5tInfo
CODE_06_AI.bin,0x0001FC21,0x0001FC22,0x00,IsJumping__FP3CAIP11CGameObjectP5tInfo
CODE_06_AI.bin,0x0001FC69,0x0001FC6A,0x00,IsFalling__FP3CAIP11CGameObjectP5tInfo
CODE_06_AI.bin,0x0001FCAB,0x0001FCAC,0x00,QOnBalloon__FP3CAIP11CGameObjectP5tInfo
CODE_06_AI.bin,0x0001FD01,0x0001FD02,0x00,PlayerTurnToFaceCursor__FP3CAIP11CGameObjectP5tInfo
CODE_06_AI.bin,0x0001FD63,0x0001FD64,0x00,PlayerTurnToFaceTarget__FP3CAIP11CGameObjectP5tInfo
CODE_06_AI.bin,0x0001FDB3,0x0001FDB4,0x00,PlayerFire__FP3CAIP11CGameObjectP5tInfo
CODE_06_AI.bin,0x0001FE09,0x0001FE0A,0x00,PlayerEndFiring__FP3CAIP11CGameObjectP5tInfo
CODE_06_AI.bin,0x0001FE51,0x0001FE52,0x00,StartStanding__FP3CAIP11CGameObjectP5tInfo
CODE_06_AI.bin,0x0001FEC1,0x0001FEC2,0x00,PlayerRandomAction__FP3CAIP11CGameObjectP5tInfo
CODE_06_AI.bin,0x0001FF31,0x0001FF32,0x00,PlayerStopWalking__FP3CAIP11CGameObjectP5tInfo
CODE_06_AI.bin,0x0001FF7B,0x0001FF7C,0x00,StartLand__FP3CAIP11CGameObjectP5tInfo
CODE_06_AI.bin,0x0001FFB7,0x0001FFB8,0x00,StartSommersault__FP3CAIP11CGameObjectP5tInfo
CODE_06_AI.bin,0x00020011,0x00020012,0x00,Land__FP3CAIP11CGameObjectP5tInfo
CODE_06_AI.bin,0x0002004F,0x00020050,0x00,StartRoute__FP3CAIP11CGameObjectP5tInfo
CODE_06_AI.bin,0x00020093,0x00020094,0x00,SearchRoute__FP3CAIP11CGameObjectP5tInfo
CODE_06_AI.bin,0x000200D7,0x000200D8,0x00,Die__FP3CAIP11CGameObjectP5tInfo
CODE_06_AI.bin,0x00020113,0x00020114,0x00,Fly__FP3CAIP11CGameObjectP5tInfo
CODE_06_AI.bin,0x00020149,0x0002014A,0x00,StartWalking__FP3CAIP11CGameObjectP5tInfo
CODE_06_AI.bin,0x00020189,0x0002018A,0x00,StopWalking__FP3CAIP11CGameObjectP5tInfo
CODE_06_AI.bin,0x000201CD,0x000201CE,0x00,Walk__FP3CAIP11CGameObjectP5tInfo
CODE_06_AI.bin,0x00020205,0x00020206,0x00,TurnToFaceDestination__FP3CAIP11CGameObjectP5tInfo
CODE_06_AI.bin,0x00020289,0x0002028A,0x00,Hit__FP3CAIP11CGameObjectP5tInfo
CODE_06_AI.bin,0x000202BF,0x000202C0,0x00,Jump__FP3CAIP11CGameObjectP5tInfo
CODE_06_AI.bin,0x000202F7,0x000202F8,0x00,Fall__FP3CAIP11CGameObjectP5tInfo
CODE_06_AI.bin,0x00020335,0x00020336,0x00,ExternalControlEnd__FP3CAIP11CGameObjectP5tInfo
CODE_06_AI.bin,0x000203B7,0x000203B8,0x00,StartBalloon__FP3CAIP11CGameObjectP5tInfo
CODE_06_AI.bin,0x000203FD,0x000203FE,0x00,OnBalloon__FP3CAIP11CGameObjectP5tInfo
CODE_06_AI.bin,0x0002043F,0x00020440,0x00,EnemyTurnToFaceTarget__FP3CAIP11CGameObjectP5tInfo
CODE_06_AI.bin,0x0002048D,0x0002048E,0x00,EnemyStartFiring__FP3CAIP11CGameObjectP5tInfo
CODE_06_AI.bin,0x000204D7,0x000204D8,0x00,EnemyFire__FP3CAIP11CGameObjectP5tInfo
CODE_06_AI.bin,0x00020519,0x0002051A,0x00,EnemyEndFiring__FP3CAIP11CGameObjectP5tInfo
CODE_06_AI.bin,0x00020576,0x00020577,0x80,__ct__11CTrampolineFv
CODE_06_AI.bin,0x000205B4,0x000205B5,0x80,Restart__11CTrampolineFv
CODE_06_AI.bin,0x00020616,0x00020617,0x80,__dt__11CTrampolineFv
CODE_06_AI.bin,0x000206C0,0x000206C1,0x80,Set__11CTrampolineFUsRC7AICOORD
CODE_06_AI.bin,0x0002076C,0x0002076D,0x80,Process__11CTrampolineFv
CODE_06_AI.bin,0x00020BC7,0x00020BC8,0x00,Hit__11CTrampolineFRC7AICOORDP11CGameObject
CODE_06_AI.bin,0x00020C63,0x00020C64,0x00,__ct__18CTrampolineManagerFP3CAIi
CODE_06_AI.bin,0x00020CCE,0x00020CCF,0x80,Restart__18CTrampolineManagerFv
CODE_06_AI.bin,0x00020D9D,0x00020D9E,0x00,Initialise__18CTrampolineManagerFi
CODE_06_AI.bin,0x00020E1E,0x00020E1F,0x80,__dt__18CTrampolineManagerFv
CODE_06_AI.bin,0x00020EAA,0x00020EAB,0x80,Process__18CTrampolineManagerFv
CODE_06_AI.bin,0x00020F35,0x00020F36,0x00,GetViewData__18CTrampolineManagerFP9CViewData
CODE_06_AI.bin,0x00020FB7,0x00020FB8,0x00,Hit__18CTrampolineManagerFRC7AICOORDP11CGameObject
CODE_06_AI.bin,0x00021070,0x00021071,0x80,Add__18CTrampolineManagerFUsiii
CODE_06_AI.bin,0x00021143,0x00021144,0x00,LoadLevel__18CTrampolineManagerFPUciUc
CODE_06_AI.bin,0x000211F2,0x000211F3,0x80,__ct__9CTrapDoorFR7AICOORDUc
CODE_06_AI.bin,0x00021264,0x00021265,0x80,Restart__9CTrapDoorFv
CODE_06_AI.bin,0x000213C1,0x000213C2,0x00,GetViewData__9CTrapDoorFR9CViewData
CODE_06_AI.bin,0x00021686,0x00021687,0x80,Process__9CTrapDoorFv
CODE_06_AI.bin,0x0002170E,0x0002170F,0x80,__ct__16CTrapDoorManagerFv
CODE_06_AI.bin,0x0002175E,0x0002175F,0x80,Restart__16CTrapDoorManagerFv
CODE_06_AI.bin,0x000217F8,0x000217F9,0x80,__dt__16CTrapDoorManagerFv
CODE_06_AI.bin,0x000218A5,0x000218A6,0x00,AddNewDoor__16CTrapDoorManagerFUsR7AICOORDUcUl
CODE_06_AI.bin,0x00021931,0x00021932,0x00,GetViewData__16CTrapDoorManagerFP9CViewData
CODE_06_AI.bin,0x000219B8,0x000219B9,0x80,Process__16CTrapDoorManagerFv
CODE_06_AI.bin,0x00021B53,0x00021B54,0x00,LoadLevel__16CTrapDoorManagerFPUciUc
CODE_07_Control.bin,0x000000D8,0x000000D9,0x80,VSPreInit__FP11tagPRE_INIT
CODE_07_Control.bin,0x000001BA,0x000001BB,0x80,SetGameDefaults__Fv
CODE_07_Control.bin,0x000001D8,0x000001D9,0x80,DisplayHelp__Fv
CODE_07_Control.bin,0x000002C6,0x000002C7,0x80,StrCmpI__FPCcPCci
CODE_07_Control.bin,0x00000666,0x00000667,0x80,DoCommandLine__FiPPc
CODE_07_Control.bin,0x00000790,0x00000791,0x80,VSmain__FiPPc
CODE_07_Control.bin,0x000008C6,0x000008C7,0x80,ReturnFacingDirection__Fiiii
CODE_07_Control.bin,0x0000095A,0x0000095B,0x80,Distance__Fiiii
CODE_07_Control.bin,0x00000992,0x00000993,0x80,GETWORD__FPUs
CODE_07_Control.bin,0x000009D2,0x000009D3,0x80,GETLONG__FPUl
CODE_07_Control.bin,0x00000A14,0x00000A15,0x80,_DEMO_Init__Fi
CODE_07_Control.bin,0x00000A5E,0x00000A5F,0x80,_DEMO_Quit__Fv
CODE_07_Control.bin,0x00000B0E,0x00000B0F,0x80,__ct__5CDemoFi
CODE_07_Control.bin,0x00000B78,0x00000B79,0x80,__dt__5CDemoFv
CODE_07_Control.bin,0x00000E1C,0x00000E1D,0x80,SendNextPacket__5CDemoFi
CODE_07_Control.bin,0x00000F6A,0x00000F6B,0x80,LoadBuffer__5CDemoFv
CODE_07_Control.bin,0x00001012,0x00001013,0x80,GetUserPacket__5CDemoFPUcRUl
CODE_07_Control.bin,0x00001050,0x00001051,0x80,Reset__5CDemoFv
CODE_07_Control.bin,0x00001092,0x00001093,0x80,SetDemoMode__5CDemoFUc
CODE_07_Control.bin,0x00001102,0x00001103,0x80,Process__5CDemoFv
CODE_07_Control.bin,0x00001164,0x00001165,0x80,CleanUp__5CDemoFv
CODE_07_Control.bin,0x00001192,0x00001193,0x80,GameIsOver__5CDemoFv
CODE_07_Control.bin,0x00001205,0x00001206,0x00,ProcessMsg__5CDemoFP10tagMESSAGE
CODE_07_Control.bin,0x00001238,0x00001239,0x80,ClockEditMode__FUc
CODE_07_Control.bin,0x0000128E,0x0000128F,0x80,ResetGameTimes__Fv
CODE_07_Control.bin,0x00001374,0x00001375,0x80,SetGameTime__Fv
CODE_07_Control.bin,0x000013C0,0x000013C1,0x80,SetRemoteGameTimeReal__FUl
CODE_07_Control.bin,0x00001428,0x00001429,0x80,__ct__11CGameStatusFv
CODE_07_Control.bin,0x000014BB,0x000014BC,0x00,JiggleLevelData__11CGameStatusFv
CODE_07_Control.bin,0x00001577,0x00001578,0x00,UnJiggleLevelData__11CGameStatusFUl
CODE_07_Control.bin,0x000015DE,0x000015DF,0x80,CalcCheckSum__11CGameStatusFUl
CODE_07_Control.bin,0x0000167E,0x0000167F,0x80,EncodePassword__11CGameStatusFv
CODE_07_Control.bin,0x00001795,0x00001796,0x00,DecodePassword__11CGameStatusFPc
CODE_07_Control.bin,0x000017F8,0x000017F9,0x80,StringToDWord__11CGameStatusFv
CODE_07_Control.bin,0x0000183A,0x0000183B,0x80,GotoLastLevels__11CGameStatusFv
CODE_07_Control.bin,0x00001C1C,0x00001C1D,0x80,__ct__5CGameFPc
CODE_07_Control.bin,0x00001D98,0x00001D99,0x80,__dt__5CGameFv
CODE_07_Control.bin,0x00001E4A,0x00001E4B,0x80,IsValidResource__5CGameFv
CODE_07_Control.bin,0x00001EAA,0x00001EAB,0x80,LoadFrontendResources__5CGameFi
CODE_07_Control.bin,0x00001EF7,0x00001EF8,0x00,UnLoadFrontendResources__5CGameFv
CODE_07_Control.bin,0x0000234D,0x0000234E,0x00,NextProcess__5CGameF14eFlowProcesses
CODE_07_Control.bin,0x000024F4,0x000024F5,0x80,Process__5CGameFv
CODE_07_Control.bin,0x00002586,0x00002587,0x80,RefreshViews__5CGameFv
CODE_07_Control.bin,0x0000266C,0x0000266D,0x80,Run__5CGameFv
CODE_07_Control.bin,0x000026AC,0x000026AD,0x80,__ct__12CLevelLoaderFP3CAI
CODE_07_Control.bin,0x00002CB5,0x00002CB6,0x00,LoadLevel__12CLevelLoaderF6eSkilliUc
CODE_07_Control.bin,0x00002D61,0x00002D62,0x00,LocateStartOfLevelFile__12CLevelLoaderFv
CODE_07_Control.bin,0x00002DCF,0x00002DD0,0x00,GetNextBlockHeader__12CLevelLoaderFP18tagLoadBlockHeader
CODE_07_Control.bin,0x000031D9,0x000031DA,0x00,RetrievePreviewData__12CLevelLoaderF6eSkilliP12tPreviewData
CODE_07_Control.bin,0x0000326F,0x00003270,0x00,CalcLevelID__12CLevelLoaderF6eSkilli
CODE_07_Control.bin,0x00003316,0x00003317,0x80,IncLevel__11CGameStatusFv
CODE_07_Control.bin,0x00003358,0x00003359,0x80,DecLevel__11CGameStatusFv
CODE_07_Control.bin,0x000033C8,0x000033C9,0x80,IncSkill__11CGameStatusFUc
CODE_07_Control.bin,0x00003425,0x00003426,0x00,NoOfLevelsInSkill__11CGameStatusFi
CODE_07_Control.bin,0x00003481,0x00003482,0x00,NextLevelAvailable__11CGameStatusFv
CODE_07_Control.bin,0x000034BF,0x000034C0,0x00,LastLevelAvailable__11CGameStatusFv
CODE_07_Control.bin,0x0000354E,0x0000354F,0x80,SetMaxLevel__11CGameStatusFii
CODE_07_Control.bin,0x0000358A,0x0000358B,0x80,Level__11CGameStatusFi
CODE_07_Control.bin,0x000035BA,0x000035BB,0x80,Level__11CGameStatusFv
CODE_08_Frontend.bin,0x00000046,0x00000047,0x80,__ct__18CUserActionMessageFv
CODE_08_Frontend.bin,0x0000009A,0x0000009B,0x80,AddData__18CUserActionMessageFv
CODE_08_Frontend.bin,0x000000E6,0x000000E7,0x80,GetData__18CUserActionMessageFv
CODE_08_Frontend.bin,0x000002B3,0x000002B4,0x00,__ct__19CBaseFrontendDrawerFP14CMain2DDisplayP4CGDIRC7CVSRect14eFlowProcessesiiiii
CODE_08_Frontend.bin,0x0000046A,0x0000046B,0x80,Setup__19CBaseFrontendDrawerFv
CODE_08_Frontend.bin,0x00000606,0x00000607,0x80,__dt__19CBaseFrontendDrawerFv
CODE_08_Frontend.bin,0x000006E9,0x000006EA,0x00,OnPause__19CBaseFrontendDrawerFUc
CODE_08_Frontend.bin,0x00000889,0x0000088A,0x00,InitialiseBackBuffer__19CBaseFrontendDrawerFv
CODE_08_Frontend.bin,0x0000092F,0x00000930,0x00,Draw__19CBaseFrontendDrawerFRC7CVSRect
CODE_08_Frontend.bin,0x00000ABB,0x00000ABC,0x00,ReplaceBackground__19CBaseFrontendDrawerFv
CODE_08_Frontend.bin,0x00000D85,0x00000D86,0x00,_DrawBackGround__19CBaseFrontendDrawerFv
CODE_08_Frontend.bin,0x00000E17,0x00000E18,0x00,Restart__19CBaseFrontendDrawerFv
CODE_08_Frontend.bin,0x00000F18,0x00000F19,0x80,_Load__19CBaseFrontendDrawerFv
CODE_08_Frontend.bin,0x00000FA7,0x00000FA8,0x00,_UnLoad__19CBaseFrontendDrawerFv
CODE_08_Frontend.bin,0x00001015,0x00001016,0x00,_DrawAnims__19CBaseFrontendDrawerFv
CODE_08_Frontend.bin,0x0000106F,0x00001070,0x00,ResetPrimitives__19CBaseFrontendDrawerFv
CODE_08_Frontend.bin,0x00001119,0x0000111A,0x00,DrawFrame__19CBaseFrontendDrawerF12tagCoordPair12tagCoordPair
CODE_08_Frontend.bin,0x000014C7,0x000014C8,0x00,DrawFrame__19CBaseFrontendDrawerF7CVSRect
CODE_08_Frontend.bin,0x00001597,0x00001598,0x00,ProcessMsg__19CBaseFrontendDrawerFP10tagMESSAGE
CODE_08_Frontend.bin,0x000016CF,0x000016D0,0x00,Process__19CBaseFrontendDrawerFv
CODE_08_Frontend.bin,0x0000170B,0x0000170C,0x00,LostConnection__19CBaseFrontendDrawerFv
CODE_08_Frontend.bin,0x0000175D,0x0000175E,0x00,Action__19CBaseFrontendDrawerF12eUserActions17eUserActionStages
CODE_08_Frontend.bin,0x0000186B,0x0000186C,0x00,RemoteAction__19CBaseFrontendDrawerF12eUserActions17eUserActionStages
CODE_08_Frontend.bin,0x00001905,0x00001906,0x00,OnDriverChange__19CBaseFrontendDrawerFv
CODE_08_Frontend.bin,0x000019E3,0x000019E4,0x00,__ct__20CBaseFrontendProcessFP5CGame
CODE_08_Frontend.bin,0x00001A9C,0x00001A9D,0x80,__dt__20CBaseFrontendProcessFv
CODE_08_Frontend.bin,0x00001AF5,0x00001AF6,0x00,Process__20CBaseFrontendProcessFv
CODE_08_Frontend.bin,0x00001B9B,0x00001B9C,0x00,Action__20CBaseFrontendProcessF12eUserActions17eUserActionStages
CODE_08_Frontend.bin,0x00001CA9,0x00001CAA,0x00,ProcessMsg__20CBaseFrontendProcessFP10tagMESSAGE
CODE_08_Frontend.bin,0x00001CE7,0x00001CE8,0x00,ReceiveCritical__20CBaseFrontendProcessFUlP11CReadPacketP8CConnect
CODE_08_Frontend.bin,0x0000207D,0x0000207E,0x00,__ct__11CCDLoadAnimFP4CGDIP14CMain2DDisplay
CODE_08_Frontend.bin,0x0000223A,0x0000223B,0x80,__dt__11CCDLoadAnimFv
CODE_08_Frontend.bin,0x000022A9,0x000022AA,0x00,InitialiseScreen__11CCDLoadAnimFv
CODE_08_Frontend.bin,0x000028E6,0x000028E7,0x80,Draw__11CCDLoadAnimFv
CODE_08_Frontend.bin,0x00002920,0x00002921,0x80,Draw__11CCDLoadAnimFs
CODE_08_Frontend.bin,0x00002954,0x00002955,0x80,sgn__Fi
CODE_08_Frontend.bin,0x00002991,0x00002992,0x00,OnReleased__10CGunButtonF12BUTTON_FLAGS
CODE_08_Frontend.bin,0x00002A05,0x00002A06,0x00,OnPressed__10CGunButtonF12BUTTON_FLAGS
CODE_08_Frontend.bin,0x00002B1F,0x00002B20,0x00,__ct__11CGunButtonsFP5CGWndP4CGDIiiPUlUciiiUlPvUl
CODE_08_Frontend.bin,0x00002BAA,0x00002BAB,0x80,__dt__11CGunButtonsFv
CODE_08_Frontend.bin,0x00002C0E,0x00002C0F,0x80,SetActive__11CGunButtonsFUc
CODE_08_Frontend.bin,0x00002C48,0x00002C49,0x80,DrawBackBuffer__11CGunButtonsFv
CODE_08_Frontend.bin,0x00002DD1,0x00002DD2,0x00,ProcessMsg__11CGunButtonsFP10tagMESSAGE
CODE_08_Frontend.bin,0x00002E38,0x00002E39,0x80,Draw__11CGunButtonsFUcUc
CODE_08_Frontend.bin,0x00002FFA,0x00002FFB,0x80,LoadFaces__11CGunButtonsFPUl
CODE_08_Frontend.bin,0x000030A2,0x000030A3,0x80,UnLoadFaces__11CGunButtonsFv
CODE_08_Frontend.bin,0x000030EA,0x000030EB,0x80,__ct__13CSpriteWindowFv
CODE_08_Frontend.bin,0x00003128,0x00003129,0x80,OnCreate__13CSpriteWindowFv
CODE_08_Frontend.bin,0x0000357B,0x0000357C,0x00,__ct__14CGunControllerFP5CGWndP4CGDIiUc
CODE_08_Frontend.bin,0x000035F1,0x000035F2,0x00,ActivateButtons__14CGunControllerFUc
CODE_08_Frontend.bin,0x000036CD,0x000036CE,0x00,SetSpriteWindow__14CGunControllerFv
CODE_08_Frontend.bin,0x000038D2,0x000038D3,0x80,__dt__14CGunControllerFv
CODE_08_Frontend.bin,0x000039A7,0x000039A8,0x00,ProcessMsg__14CGunControllerFP10tagMESSAGE
CODE_08_Frontend.bin,0x00003A83,0x00003A84,0x00,AddButton__14CGunControllerFiiPUlUciiiPvUl
CODE_08_Frontend.bin,0x00003C9D,0x00003C9E,0x00,AddJunction__14CGunControllerFiiUcUl
CODE_08_Frontend.bin,0x00003D11,0x00003D12,0x00,DrawButtons__14CGunControllerFUcUc
CODE_08_Frontend.bin,0x00004227,0x00004228,0x00,DrawSpriteWindow__14CGunControllerFv
CODE_08_Frontend.bin,0x00004340,0x00004341,0x80,MoveUp__14CGunControllerFv
CODE_08_Frontend.bin,0x00004454,0x00004455,0x80,MoveDown__14CGunControllerFv
CODE_08_Frontend.bin,0x000044D0,0x000044D1,0x80,MoveLeft__14CGunControllerFv
CODE_08_Frontend.bin,0x00004550,0x00004551,0x80,MoveRight__14CGunControllerFv
CODE_08_Frontend.bin,0x0000463E,0x0000463F,0x80,SetGun__14CGunControllerFi
CODE_08_Frontend.bin,0x00004851,0x00004852,0x00,SelectOption__14CGunControllerFv
CODE_08_Frontend.bin,0x00004A32,0x00004A33,0x80,Process__14CGunControllerFv
CODE_08_Frontend.bin,0x00004A90,0x00004A91,0x80,SetActive__14CGunControllerFUc
CODE_08_Frontend.bin,0x00004BA9,0x00004BAA,0x00,__ct__14CHiliteButtonsFP5CGWndP4CGDIiiPUlUciiiUlPvUl
CODE_08_Frontend.bin,0x00004C36,0x00004C37,0x80,__dt__14CHiliteButtonsFv
CODE_08_Frontend.bin,0x00004D4D,0x00004D4E,0x00,ProcessMsg__14CHiliteButtonsFP10tagMESSAGE
CODE_08_Frontend.bin,0x00004D9C,0x00004D9D,0x80,Draw__14CHiliteButtonsFUc
CODE_08_Frontend.bin,0x00004E9A,0x00004E9B,0x80,LoadFaces__14CHiliteButtonsFPUl
CODE_08_Frontend.bin,0x00004F20,0x00004F21,0x80,UnLoadFaces__14CHiliteButtonsFv
CODE_08_Frontend.bin,0x00004F93,0x00004F94,0x00,UpdateAnimID__14CHiliteButtonsFv
CODE_08_Frontend.bin,0x00004FDE,0x00004FDF,0x80,__ct__13CHiliteWindowFv
CODE_08_Frontend.bin,0x0000501C,0x0000501D,0x80,OnCreate__13CHiliteWindowFv
CODE_08_Frontend.bin,0x00005185,0x00005186,0x00,__ct__17CHiliteControllerFP5CGWndP4CGDIiUcUc
CODE_08_Frontend.bin,0x00005269,0x0000526A,0x00,SetHiliteWindow__17CHiliteControllerFv
CODE_08_Frontend.bin,0x000053C6,0x000053C7,0x80,__dt__17CHiliteControllerFv
CODE_08_Frontend.bin,0x0000559D,0x0000559E,0x00,ProcessMsg__17CHiliteControllerFP10tagMESSAGE
CODE_08_Frontend.bin,0x0000566F,0x00005670,0x00,AddButton__17CHiliteControllerFiiPUlUciiiPvUl
CODE_08_Frontend.bin,0x000056F5,0x000056F6,0x00,AddHJunction__17CHiliteControllerFiiUl
CODE_08_Frontend.bin,0x00005765,0x00005766,0x00,DrawButtons__17CHiliteControllerFUc
CODE_08_Frontend.bin,0x00005891,0x00005892,0x00,DrawHiliteWindow__17CHiliteControllerFv
CODE_08_Frontend.bin,0x00005936,0x00005937,0x80,MoveLeft__17CHiliteControllerFv
CODE_08_Frontend.bin,0x000059D5,0x000059D6,0x00,MoveRight__17CHiliteControllerFv
CODE_08_Frontend.bin,0x00005A4F,0x00005A50,0x00,SetHilite__17CHiliteControllerFi
CODE_08_Frontend.bin,0x00005A82,0x00005A83,0x80,Process__17CHiliteControllerFv
CODE_08_Frontend.bin,0x00005AFD,0x00005AFE,0x00,ActivateButtons__17CHiliteControllerFUc
CODE_08_Frontend.bin,0x00005B83,0x00005B84,0x00,UpdateAnimIDs__17CHiliteControllerFUl
CODE_08_Frontend.bin,0x00005BED,0x00005BEE,0x00,SetActive__17CHiliteControllerFUc
CODE_08_Frontend.bin,0x00005D3F,0x00005D40,0x00,__ct__16CIntroAnimDrawerFP14CMain2DDisplayP4CGDIRC7CVSRectUc
CODE_08_Frontend.bin,0x00005D94,0x00005D95,0x80,Load__16CIntroAnimDrawerFv
CODE_08_Frontend.bin,0x00005DBA,0x00005DBB,0x80,UnLoad__16CIntroAnimDrawerFv
CODE_08_Frontend.bin,0x00005E9A,0x00005E9B,0x80,__dt__16CIntroAnimDrawerFv
CODE_08_Frontend.bin,0x00005EFB,0x00005EFC,0x00,DestroyDrawer__16CIntroAnimDrawerFv
CODE_08_Frontend.bin,0x00005F60,0x00005F61,0x80,EndPhase__16CIntroAnimDrawerFv
CODE_08_Frontend.bin,0x00005FE9,0x00005FEA,0x00,ProcessMessages__16CIntroAnimDrawerFP10tagMESSAGE
CODE_08_Frontend.bin,0x0000617F,0x00006180,0x00,Processing__16CIntroAnimDrawerFv
CODE_08_Frontend.bin,0x000061C1,0x000061C2,0x00,Initialise__20CIntroAnimAnimWindowFP16CIntroAnimDrawerP14CMain2DDisplayUc
CODE_08_Frontend.bin,0x00006277,0x00006278,0x00,SetAnim__20CIntroAnimAnimWindowFv
CODE_08_Frontend.bin,0x000062C1,0x000062C2,0x00,OnStop__20CIntroAnimAnimWindowFv
CODE_08_Frontend.bin,0x0000631E,0x0000631F,0x80,__ct__11CEditStringFi
CODE_08_Frontend.bin,0x0000636A,0x0000636B,0x80,__apl__11CEditStringFc
CODE_08_Frontend.bin,0x000063BE,0x000063BF,0x80,__as__11CEditStringFPCc
CODE_08_Frontend.bin,0x000063F0,0x000063F1,0x80,Reset__13CEntryHandlerFv
CODE_08_Frontend.bin,0x0000642D,0x0000642E,0x00,OnButtonDown__13CEntryHandlerFRC8CVSPoint12BUTTON_FLAGS
CODE_08_Frontend.bin,0x00006603,0x00006604,0x00,__ct__21CNetworkOptionsDrawerFP14CMain2DDisplayP4CGDIRC7CVSRect
CODE_08_Frontend.bin,0x00006788,0x00006789,0x80,Load__21CNetworkOptionsDrawerFv
CODE_08_Frontend.bin,0x000067DB,0x000067DC,0x00,UnLoad__21CNetworkOptionsDrawerFv
CODE_08_Frontend.bin,0x00006932,0x00006933,0x80,__dt__21CNetworkOptionsDrawerFv
CODE_08_Frontend.bin,0x0000698D,0x0000698E,0x00,DrawBackGround__21CNetworkOptionsDrawerFv
CODE_08_Frontend.bin,0x00006A77,0x00006A78,0x00,DrawFrame__21CNetworkOptionsDrawerF17eNetOptsPositions
CODE_08_Frontend.bin,0x00006D59,0x00006D5A,0x00,DrawEntry__21CNetworkOptionsDrawerFUlRi7eRemaps
CODE_08_Frontend.bin,0x0000759F,0x000075A0,0x00,DrawText__21CNetworkOptionsDrawerFv
CODE_08_Frontend.bin,0x000075CF,0x000075D0,0x00,DrawAnims__21CNetworkOptionsDrawerFv
CODE_08_Frontend.bin,0x00007A03,0x00007A04,0x00,ProcessMessages__21CNetworkOptionsDrawerFP10tagMESSAGE
CODE_08_Frontend.bin,0x00007AD5,0x00007AD6,0x00,Start__21CNetworkOptionsDrawerFUc
CODE_08_Frontend.bin,0x00007B77,0x00007B78,0x00,StartBroadcast__21CNetworkOptionsDrawerFv
CODE_08_Frontend.bin,0x00007BF0,0x00007BF1,0x80,Stop__21CNetworkOptionsDrawerFv
CODE_08_Frontend.bin,0x00007C43,0x00007C44,0x00,SetMessage__21CNetworkOptionsDrawerF16eNetOptsMessages
CODE_08_Frontend.bin,0x00007D3B,0x00007D3C,0x00,StartEditing__21CNetworkOptionsDrawerF13eEditingStageUc
CODE_08_Frontend.bin,0x00007E3D,0x00007E3E,0x00,StopEditing__21CNetworkOptionsDrawerFv
CODE_08_Frontend.bin,0x00007EAF,0x00007EB0,0x00,LastError__21CNetworkOptionsDrawerFv
CODE_08_Frontend.bin,0x00007F13,0x00007F14,0x00,StartMessageTimeout__21CNetworkOptionsDrawerF16eNetOptsMessagesUl
CODE_08_Frontend.bin,0x0000813D,0x0000813E,0x00,Processing__21CNetworkOptionsDrawerFv
CODE_08_Frontend.bin,0x000081BB,0x000081BC,0x00,RegisterRemaps__21CNetworkOptionsDrawerFv
CODE_08_Frontend.bin,0x00008223,0x00008224,0x00,UnRegisterRemaps__21CNetworkOptionsDrawerFv
CODE_08_Frontend.bin,0x00008281,0x00008282,0x00,GameReady__21CNetworkOptionsDrawerFi
CODE_08_Frontend.bin,0x000082ED,0x000082EE,0x00,GameNotReady__21CNetworkOptionsDrawerFi
CODE_08_Frontend.bin,0x00008393,0x00008394,0x00,UpdateHighlightedEntry__21CNetworkOptionsDrawerFv
CODE_08_Frontend.bin,0x000084A1,0x000084A2,0x00,HighlightPreviousEntry__21CNetworkOptionsDrawerFv
CODE_08_Frontend.bin,0x000085D3,0x000085D4,0x00,HighlightNextEntry__21CNetworkOptionsDrawerFv
CODE_08_Frontend.bin,0x00008761,0x00008762,0x00,InitialiseHandlers__21CNetworkOptionsDrawerFv
CODE_08_Frontend.bin,0x00008809,0x0000880A,0x00,ResetHandlers__21CNetworkOptionsDrawerFv
CODE_08_Frontend.bin,0x00008872,0x00008873,0x80,Lock__21CNetworkOptionsDrawerFv
CODE_08_Frontend.bin,0x000088AD,0x000088AE,0x00,UnLock__21CNetworkOptionsDrawerFv
CODE_08_Frontend.bin,0x0000895D,0x0000895E,0x00,AcceptingLock__21CNetworkOptionsDrawerFv
CODE_08_Frontend.bin,0x00008A0F,0x00008A10,0x00,__ct__19CNetworkOptionsProcFP5CGame
CODE_08_Frontend.bin,0x00008AF4,0x00008AF5,0x80,__dt__19CNetworkOptionsProcFv
CODE_08_Frontend.bin,0x00008BCC,0x00008BCD,0x80,Start__19CNetworkOptionsProcFv
CODE_08_Frontend.bin,0x00008CE9,0x00008CEA,0x00,StopBroadcast__19CNetworkOptionsProcFv
CODE_08_Frontend.bin,0x00008DA8,0x00008DA9,0x80,Stop__19CNetworkOptionsProcFv
CODE_08_Frontend.bin,0x00008E09,0x00008E0A,0x00,NetworkEvent__19CNetworkOptionsProcF13NetworkEvents
CODE_08_Frontend.bin,0x00008F61,0x00008F62,0x00,ReceiveCritical__19CNetworkOptionsProcFUlP11CReadPacketP8CConnect
CODE_08_Frontend.bin,0x00008FD7,0x00008FD8,0x00,Accept__19CNetworkOptionsProcFP8CConnectUc
CODE_08_Frontend.bin,0x0000902D,0x0000902E,0x00,Reject__19CNetworkOptionsProcFP8CConnect
CODE_08_Frontend.bin,0x0000915B,0x0000915C,0x00,__ct__15CSuccFailDrawerFP14CMain2DDisplayP4CGDIRC7CVSRectUc
CODE_08_Frontend.bin,0x000094E3,0x000094E4,0x00,CalculateText__15CSuccFailDrawerFv
CODE_08_Frontend.bin,0x0000986C,0x0000986D,0x80,Load__15CSuccFailDrawerFv
CODE_08_Frontend.bin,0x000098D4,0x000098D5,0x80,UnLoad__15CSuccFailDrawerFv
CODE_08_Frontend.bin,0x0000997E,0x0000997F,0x80,__dt__15CSuccFailDrawerFv
CODE_08_Frontend.bin,0x000099A3,0x000099A4,0x00,DestroyDrawer__15CSuccFailDrawerFv
CODE_08_Frontend.bin,0x00009AA4,0x00009AA5,0x80,DrawText__15CSuccFailDrawerFv
CODE_08_Frontend.bin,0x00009B59,0x00009B5A,0x00,ProcessMessages__15CSuccFailDrawerFP10tagMESSAGE
CODE_08_Frontend.bin,0x00009BA4,0x00009BA5,0x80,Return__15CSuccFailDrawerFv
CODE_08_Frontend.bin,0x00009C2E,0x00009C2F,0x80,Go__15CSuccFailDrawerFv
CODE_08_Frontend.bin,0x00009C7F,0x00009C80,0x00,ConfirmedAction__15CSuccFailDrawerF12eUserActions
CODE_08_Frontend.bin,0x00009D74,0x00009D75,0x80,Processing__15CSuccFailDrawerFv
CODE_08_Frontend.bin,0x00009E0F,0x00009E10,0x00,DrawBackGround__15CSuccFailDrawerFv
CODE_08_Frontend.bin,0x00009E70,0x00009E71,0x80,__ct__9CSuccFailFP5CGameUc
CODE_08_Frontend.bin,0x00009F95,0x00009F96,0x00,__ct__19CMainOptions1DrawerFP14CMain2DDisplayP4CGDIRC7CVSRect
CODE_08_Frontend.bin,0x0000A2CA,0x0000A2CB,0x80,Load__19CMainOptions1DrawerFv
CODE_08_Frontend.bin,0x0000A31A,0x0000A31B,0x80,UnLoad__19CMainOptions1DrawerFv
CODE_08_Frontend.bin,0x0000A40E,0x0000A40F,0x80,__dt__19CMainOptions1DrawerFv
CODE_08_Frontend.bin,0x0000A437,0x0000A438,0x00,DrawBackGround__19CMainOptions1DrawerFv
CODE_08_Frontend.bin,0x0000A565,0x0000A566,0x00,ProcessMessages__19CMainOptions1DrawerFP10tagMESSAGE
CODE_08_Frontend.bin,0x0000A677,0x0000A678,0x00,Processing__19CMainOptions1DrawerFv
CODE_08_Frontend.bin,0x0000A78B,0x0000A78C,0x00,__ct__19CMainOptions2DrawerFP14CMain2DDisplayP4CGDIRC7CVSRect
CODE_08_Frontend.bin,0x0000AAD8,0x0000AAD9,0x80,Load__19CMainOptions2DrawerFv
CODE_08_Frontend.bin,0x0000AB28,0x0000AB29,0x80,UnLoad__19CMainOptions2DrawerFv
CODE_08_Frontend.bin,0x0000AC6C,0x0000AC6D,0x80,__dt__19CMainOptions2DrawerFv
CODE_08_Frontend.bin,0x0000AD6F,0x0000AD70,0x00,ProcessMessages__19CMainOptions2DrawerFP10tagMESSAGE
CODE_08_Frontend.bin,0x0000ADAF,0x0000ADB0,0x00,DrawBackGround__19CMainOptions2DrawerFv
CODE_08_Frontend.bin,0x0000AFC5,0x0000AFC6,0x00,__ct__14CPreviewDrawerFP14CMain2DDisplayP4CGDIRC7CVSRect
CODE_08_Frontend.bin,0x0000B328,0x0000B329,0x80,Load__14CPreviewDrawerFv
CODE_08_Frontend.bin,0x0000B3B8,0x0000B3B9,0x80,UnLoad__14CPreviewDrawerFv
CODE_08_Frontend.bin,0x0000B480,0x0000B481,0x80,__dt__14CPreviewDrawerFv
CODE_08_Frontend.bin,0x0000B507,0x0000B508,0x00,DrawBackGround__14CPreviewDrawerFv
CODE_08_Frontend.bin,0x0000B80E,0x0000B80F,0x80,DrawText__14CPreviewDrawerFv
CODE_08_Frontend.bin,0x0000BB22,0x0000BB23,0x80,DrawAnims__14CPreviewDrawerFv
CODE_08_Frontend.bin,0x0000BC5F,0x0000BC60,0x00,ProcessMessages__14CPreviewDrawerFP10tagMESSAGE
CODE_08_Frontend.bin,0x0000BCB0,0x0000BCB1,0x80,NextLevel__14CPreviewDrawerFv
CODE_08_Frontend.bin,0x0000BCEF,0x0000BCF0,0x00,PreviousLevel__14CPreviewDrawerFv
CODE_08_Frontend.bin,0x0000BD2C,0x0000BD2D,0x80,Go__14CPreviewDrawerFv
CODE_08_Frontend.bin,0x0000BD5E,0x0000BD5F,0x80,Return__14CPreviewDrawerFv
CODE_08_Frontend.bin,0x0000BDD1,0x0000BDD2,0x00,ConfirmedAction__14CPreviewDrawerF12eUserActions
CODE_08_Frontend.bin,0x0000BE24,0x0000BE25,0x80,Processing__14CPreviewDrawerFv
CODE_08_Frontend.bin,0x0000C123,0x0000C124,0x00,LoadLevelInformation__14CPreviewDrawerFv
CODE_08_Frontend.bin,0x0000C1AF,0x0000C1B0,0x00,SubWord__14CPreviewDrawerFPcPcRiRi
CODE_08_Frontend.bin,0x0000C231,0x0000C232,0x00,AddWord__14CPreviewDrawerFPcPcRiRi
CODE_08_Frontend.bin,0x0000C2F3,0x0000C2F4,0x00,RegisterRemaps__14CPreviewDrawerFv
CODE_08_Frontend.bin,0x0000C335,0x0000C336,0x00,UnRegisterRemaps__14CPreviewDrawerFv
CODE_08_Frontend.bin,0x0000C3D7,0x0000C3D8,0x00,DisableNextLastButtons__14CPreviewDrawerFv
CODE_08_Frontend.bin,0x0000C438,0x0000C439,0x80,__ct__8CPreviewFP5CGame
CODE_08_Frontend.bin,0x0000C54B,0x0000C54C,0x00,__ct__15CPasswordDrawerFP14CMain2DDisplayP4CGDIRC7CVSRect
CODE_08_Frontend.bin,0x0000C7E0,0x0000C7E1,0x80,Load__15CPasswordDrawerFv
CODE_08_Frontend.bin,0x0000C8B0,0x0000C8B1,0x80,UnLoad__15CPasswordDrawerFv
CODE_08_Frontend.bin,0x0000C956,0x0000C957,0x80,__dt__15CPasswordDrawerFv
CODE_08_Frontend.bin,0x0000C985,0x0000C986,0x00,DrawBackGround__15CPasswordDrawerFv
CODE_08_Frontend.bin,0x0000C9C8,0x0000C9C9,0x80,DrawAnims__15CPasswordDrawerFv
CODE_08_Frontend.bin,0x0000CA95,0x0000CA96,0x00,ShiftHilite__15CPasswordDrawerFi
CODE_08_Frontend.bin,0x0000CD9B,0x0000CD9C,0x00,ProcessMessages__15CPasswordDrawerFP10tagMESSAGE
CODE_08_Frontend.bin,0x0000CDFC,0x0000CDFD,0x80,Processing__15CPasswordDrawerFv
CODE_08_Frontend.bin,0x0000D014,0x0000D015,0x80,DrawText__15CPasswordDrawerFv
CODE_08_Frontend.bin,0x0000D0C7,0x0000D0C8,0x00,DrawPassword__15CPasswordDrawerFv
CODE_08_Frontend.bin,0x0000D241,0x0000D242,0x00,ButtonNumeric__15CPasswordDrawerFi
CODE_08_Frontend.bin,0x0000D29F,0x0000D2A0,0x00,DrawButtons__15CPasswordDrawerFv
CODE_08_Frontend.bin,0x0000D3A6,0x0000D3A7,0x80,DrawHilite__15CPasswordDrawerFv
CODE_08_Frontend.bin,0x0000D477,0x0000D478,0x00,SetHiliteWindow__15CPasswordDrawerFv
CODE_08_Frontend.bin,0x0000D4F0,0x0000D4F1,0x80,OnPause__15CPasswordDrawerFUc
CODE_08_Frontend.bin,0x0000D53A,0x0000D53B,0x80,__ct__21CPasswordHiliteWindowFv
CODE_08_Frontend.bin,0x0000D581,0x0000D582,0x00,OnCreate__21CPasswordHiliteWindowFv
CODE_08_Frontend.bin,0x0000D959,0x0000D95A,0x00,__ct__23CFrontendResourceLoaderFP14CMain2DDisplayi
CODE_08_Frontend.bin,0x0000DB3D,0x0000DB3E,0x00,__dt__23CFrontendResourceLoaderFv
CODE_08_Frontend.bin,0x0000DB97,0x0000DB98,0x00,UpdateNonCacheLoad__23CFrontendResourceLoaderFv
CODE_08_Frontend.bin,0x0000DC03,0x0000DC04,0x00,LoadANIM__23CFrontendResourceLoaderFUl
CODE_08_Frontend.bin,0x0000DC85,0x0000DC86,0x00,UnLoadANIM__23CFrontendResourceLoaderFUl
CODE_08_Frontend.bin,0x0000DCE9,0x0000DCEA,0x00,LoadZRLE__23CFrontendResourceLoaderFUl
CODE_08_Frontend.bin,0x0000DD6B,0x0000DD6C,0x00,UnLoadZRLE__23CFrontendResourceLoaderFUl
CODE_08_Frontend.bin,0x0000DDCF,0x0000DDD0,0x00,LoadFONT__23CFrontendResourceLoaderFUl
CODE_08_Frontend.bin,0x0000DE51,0x0000DE52,0x00,UnLoadFONT__23CFrontendResourceLoaderFUl
CODE_08_Frontend.bin,0x0000DEB5,0x0000DEB6,0x00,LoadBITMAP__23CFrontendResourceLoaderFUl
CODE_08_Frontend.bin,0x0000DF39,0x0000DF3A,0x00,UnLoadBITMAP__23CFrontendResourceLoaderFUl
CODE_08_Frontend.bin,0x0000DF9F,0x0000DFA0,0x00,LoadPALETTE__23CFrontendResourceLoaderFUl
CODE_08_Frontend.bin,0x0000E025,0x0000E026,0x00,UnLoadPALETTE__23CFrontendResourceLoaderFUl
CODE_08_Frontend.bin,0x0000E08D,0x0000E08E,0x00,LoadSTRING__23CFrontendResourceLoaderFUl
CODE_08_Frontend.bin,0x0000E111,0x0000E112,0x00,UnLoadSTRING__23CFrontendResourceLoaderFUl
CODE_08_Frontend.bin,0x0000E177,0x0000E178,0x00,LoadMOVIE__23CFrontendResourceLoaderFUl
CODE_08_Frontend.bin,0x0000E2B5,0x0000E2B6,0x00,__ct__12CTrackWindowFRC7CVSRectiP7CPVGWnd
CODE_08_Frontend.bin,0x0000E3BC,0x0000E3BD,0x80,__dt__12CTrackWindowFv
CODE_08_Frontend.bin,0x0000E3FA,0x0000E3FB,0x80,OnCreate__12CTrackWindowFv
CODE_08_Frontend.bin,0x0000E49D,0x0000E49E,0x00,Create__12CTrackWindowFRC7CVSRectP6CPVWndPc
CODE_08_Frontend.bin,0x0000E509,0x0000E50A,0x00,Move__12CTrackWindowFRC8CVSPoint
CODE_08_Frontend.bin,0x0000E70D,0x0000E70E,0x00,OnPaint__12CTrackWindowFRC7CVSRect
CODE_08_Frontend.bin,0x0000E79B,0x0000E79C,0x00,SetButtonValue__12CTrackWindowFi
CODE_08_Frontend.bin,0x0000E81B,0x0000E81C,0x00,OnInside__12CTrackWindowFRC8CVSPoint
CODE_08_Frontend.bin,0x0000E85F,0x0000E860,0x00,OnButtonDown__12CTrackWindowFRC8CVSPoint12BUTTON_FLAGS
CODE_08_Frontend.bin,0x0000E8A1,0x0000E8A2,0x00,OnDriverChange__12CTrackWindowFv
CODE_08_Frontend.bin,0x0000E9C7,0x0000E9C8,0x00,__ct__14CTrackerButtonFRC8CVSPointP7CPVGWndUlR7CVSRecti
CODE_08_Frontend.bin,0x0000EA90,0x0000EA91,0x80,__dt__14CTrackerButtonFv
CODE_08_Frontend.bin,0x0000EB73,0x0000EB74,0x00,Move__14CTrackerButtonFRC8CVSPoint
CODE_09_Map.bin,0x00000134,0x00000135,0x80,GetZ__7CGroundFii
CODE_09_Map.bin,0x0000033E,0x0000033F,0x80,IsHit__7CGroundFiiUc
CODE_09_Map.bin,0x000003E6,0x000003E7,0x80,SetCollision__7CGroundFv
CODE_09_Map.bin,0x00000456,0x00000457,0x80,Clear__12CGroundArrayFv
CODE_09_Map.bin,0x000004A2,0x000004A3,0x80,__ct__4CMapFv
CODE_09_Map.bin,0x000004DE,0x000004DF,0x80,Restart__4CMapFv
CODE_09_Map.bin,0x0000054C,0x0000054D,0x80,__dt__4CMapFv
CODE_09_Map.bin,0x0000061C,0x0000061D,0x80,ReSize__4CMapFii
CODE_09_Map.bin,0x000006C0,0x000006C1,0x80,GetZ__4CMapFiiPP6CMover
CODE_09_Map.bin,0x00000718,0x00000719,0x80,GetWalk__4CMapFii
CODE_09_Map.bin,0x0000097A,0x0000097B,0x80,CreateWalkBits__4CMapFv
CODE_09_Map.bin,0x000009DF,0x000009E0,0x00,SetTerrain__4CMapFii11eObjectTypei
CODE_09_Map.bin,0x00000AFC,0x00000AFD,0x80,ScreenToGame__4CMapFiiRiRi
CODE_09_Map.bin,0x00000C16,0x00000C17,0x80,GameToScreen__4CMapFiiRiRi
CODE_09_Map.bin,0x00000D2C,0x00000D2D,0x80,GameToScreen__4CMapFRiRi
CODE_09_Map.bin,0x00000E43,0x00000E44,0x00,LoadLevel__4CMapFP24tagLoadGroundSurfaceDataUlUc
CODE_09_Map.bin,0x00000E93,0x00000E94,0x00,LoadLevelName__4CMapFP17tagLoadGroundNameUl
CODE_09_Map.bin,0x00000EFF,0x00000F00,0x00,LoadDefaultBlox__4CMapFP18tagLoadDefaultBloxUl
CODE_09_Map.bin,0x00000F5A,0x00000F5B,0x80,SetLevelName__4CMapFPc
CODE_09_Map.bin,0x0000105C,0x0000105D,0x80,CalculateCliff__4CMapFv
CODE_10_Network.bin,0x00000040,0x00000041,0x80,__ct__17CNetworkGameStageFv
CODE_10_Network.bin,0x000000A2,0x000000A3,0x80,__ct__19CNetworkGameMessageFv
CODE_10_Network.bin,0x00000161,0x00000162,0x00,AddData__19CNetworkGameMessageFv
CODE_10_Network.bin,0x000001B7,0x000001B8,0x00,GetData__19CNetworkGameMessageFv
CODE_10_Network.bin,0x00000218,0x00000219,0x80,__ct__19CGameFlaggedMessageFUl
CODE_10_Network.bin,0x00000259,0x0000025A,0x00,AddData__19CGameFlaggedMessageFv
CODE_10_Network.bin,0x00000297,0x00000298,0x00,GetData__19CGameFlaggedMessageFv
CODE_10_Network.bin,0x000002E0,0x000002E1,0x80,__ct__18CGameRejectMessageFv
CODE_10_Network.bin,0x00000326,0x00000327,0x80,__ct__18CGameAcceptMessageFv
CODE_10_Network.bin,0x000004E2,0x000004E3,0x80,__ct__15CNetworkManagerFPCc
CODE_10_Network.bin,0x000005CC,0x000005CD,0x80,__dt__15CNetworkManagerFv
CODE_10_Network.bin,0x00000640,0x00000641,0x80,Start__15CNetworkManagerFv
CODE_10_Network.bin,0x000006AF,0x000006B0,0x00,StartBroadcast__15CNetworkManagerFPCc
CODE_10_Network.bin,0x0000078A,0x0000078B,0x80,Stop__15CNetworkManagerFv
CODE_10_Network.bin,0x00000967,0x00000968,0x00,ProcessMsg__15CNetworkManagerFP10tagMESSAGE
CODE_10_Network.bin,0x00000A1F,0x00000A20,0x00,Broadcast__15CNetworkManagerFPCc
CODE_10_Network.bin,0x00000A54,0x00000A55,0x80,Kill__15CNetworkManagerFv
CODE_10_Network.bin,0x00000B47,0x00000B48,0x00,GameProcess__15CNetworkManagerFv
CODE_10_Network.bin,0x00000B72,0x00000B73,0x80,Process__15CNetworkManagerFv
CODE_10_Network.bin,0x00000BCB,0x00000BCC,0x00,GetGameMessage__15CNetworkManagerFP8CConnect
CODE_10_Network.bin,0x00000C29,0x00000C2A,0x00,GetnGame__15CNetworkManagerFP8CConnect
CODE_10_Network.bin,0x00000CB2,0x00000CB3,0x80,__ct__14CPBNetworkGameFP3CAI
CODE_10_Network.bin,0x00000D34,0x00000D35,0x80,AddData__14CPBNetworkGameFv
CODE_10_Network.bin,0x00000DE6,0x00000DE7,0x80,GetData__14CPBNetworkGameFv
CODE_11_views_2d.bin,0x00000175,0x00000176,0x00,CursorChangeType__F18eCursorDisplayTypei
CODE_11_views_2d.bin,0x000002DA,0x000002DB,0x80,__ct__14CMain2DDisplayFP5CGame
CODE_11_views_2d.bin,0x000003DC,0x000003DD,0x80,__dt__14CMain2DDisplayFv
CODE_11_views_2d.bin,0x0000047A,0x0000047B,0x80,GetStyle__14CMain2DDisplayFv
CODE_11_views_2d.bin,0x00000548,0x00000549,0x80,OnCreate__14CMain2DDisplayFv
CODE_11_views_2d.bin,0x000005FE,0x000005FF,0x80,OnDestroy__14CMain2DDisplayFv
CODE_11_views_2d.bin,0x0000068F,0x00000690,0x00,OnPaint__14CMain2DDisplayFRC7CVSRect
CODE_11_views_2d.bin,0x000006E0,0x000006E1,0x80,OnSize__14CMain2DDisplayFv
CODE_11_views_2d.bin,0x00000728,0x00000729,0x80,OnZoom__14CMain2DDisplayFi
CODE_11_views_2d.bin,0x0000077A,0x0000077B,0x80,OnMove__14CMain2DDisplayFv
CODE_11_views_2d.bin,0x00000837,0x00000838,0x00,IsWindowValid__14CMain2DDisplayFv
CODE_11_views_2d.bin,0x000008AE,0x000008AF,0x80,RefreshView__14CMain2DDisplayFv
CODE_11_views_2d.bin,0x00000904,0x00000905,0x80,Process__14CMain2DDisplayFv
CODE_11_views_2d.bin,0x0000096F,0x00000970,0x00,KillDrawer__14CMain2DDisplayF14eFlowProcesses
CODE_11_views_2d.bin,0x00000CBF,0x00000CC0,0x00,StatusUpdate__14CMain2DDisplayF14eFlowProcesses
CODE_11_views_2d.bin,0x00000D37,0x00000D38,0x00,ToggleResolution__14CMain2DDisplayFv
CODE_11_views_2d.bin,0x00000E05,0x00000E06,0x00,ProcessMsg__14CMain2DDisplayFP10tagMESSAGE
CODE_11_views_2d.bin,0x00000E49,0x00000E4A,0x00,GetMenu__14CMain2DDisplayFRiPPP11tagMenuList
CODE_11_views_2d.bin,0x00000E9B,0x00000E9C,0x00,OnDriverChange__14CMain2DDisplayFv
CODE_11_views_2d.bin,0x00000F62,0x00000F63,0x80,QuitYet__14CMain2DDisplayFv
CODE_11_views_2d.bin,0x00000FBD,0x00000FBE,0x00,GetReturnState__14CMain2DDisplayFv
CODE_11_views_2d.bin,0x000010FE,0x000010FF,0x80,GetUseRect__14CMain2DDisplayFii
CODE_11_views_2d.bin,0x00001581,0x00001582,0x00,DrawGround__3C2DFii11eObjectTypeUs
CODE_11_views_2d.bin,0x00001614,0x00001615,0x80,DrawCliff__3C2DFiiii
CODE_11_views_2d.bin,0x00001970,0x00001971,0x80,DoClipWidth__3C2DFiii
CODE_11_views_2d.bin,0x00001CD2,0x00001CD3,0x80,DoClipWidthSearch__3C2DFiii
CODE_11_views_2d.bin,0x00001D22,0x00001D23,0x80,DrawClipData__3C2DFv
CODE_11_views_2d.bin,0x0000216D,0x0000216E,0x00,DrawClippedRectangle__3C2DFRC7CVSRect
CODE_11_views_2d.bin,0x0000228A,0x0000228B,0x80,LemmingFly__3C2DFR9CViewDataRi
CODE_11_views_2d.bin,0x000023AB,0x000023AC,0x00,DrawLemmingFlyShadow__3C2DFR9CViewData
CODE_11_views_2d.bin,0x000024C3,0x000024C4,0x00,DrawLemmingJump__3C2DFR9CViewDataUc
CODE_11_views_2d.bin,0x000025A9,0x000025AA,0x00,DrawLemmingLanding__3C2DFR9CViewDataUc
CODE_11_views_2d.bin,0x000025EB,0x000025EC,0x00,DrawLemmingFall__3C2DFR9CViewDataUc
CODE_11_views_2d.bin,0x00002723,0x00002724,0x00,DrawLemmingExternal__3C2DFR9CViewDataUc
CODE_11_views_2d.bin,0x000027C5,0x000027C6,0x00,DrawLemmingOnConveyor__3C2DFR9CViewDataUc
CODE_11_views_2d.bin,0x00002C1D,0x00002C1E,0x00,DrawLemming__3C2DFR9CViewDataiUc
CODE_11_views_2d.bin,0x00002CAE,0x00002CAF,0x80,DrawBullet__3C2DFR9CViewDatai
CODE_11_views_2d.bin,0x00002D80,0x00002D81,0x80,DrawAmmo__3C2DFR9CViewDatai
CODE_11_views_2d.bin,0x00002EBE,0x00002EBF,0x80,DrawRocket__3C2DFR9CViewData
CODE_11_views_2d.bin,0x00002F92,0x00002F93,0x80,DrawHand__3C2DFR9CViewData
CODE_11_views_2d.bin,0x00003089,0x0000308A,0x00,DrawLemmingOnBalloon__3C2DFR9CViewDataiUc
CODE_11_views_2d.bin,0x00003188,0x00003189,0x80,DrawBalloon__3C2DFR9CViewDatai
CODE_11_views_2d.bin,0x000031FD,0x000031FE,0x00,DrawBalloonPost__3C2DFR9CViewDatai
CODE_11_views_2d.bin,0x000032C9,0x000032CA,0x00,DrawTrampoline__3C2DFR9CViewData
CODE_11_views_2d.bin,0x000033D2,0x000033D3,0x80,DrawMover__3C2DFR9CViewData
CODE_11_views_2d.bin,0x00003594,0x00003595,0x80,DrawSlinky__3C2DFR9CViewData
CODE_11_views_2d.bin,0x000036BA,0x000036BB,0x80,DrawPaintGun__3C2DFR9CViewData
CODE_11_views_2d.bin,0x00003766,0x00003767,0x80,DrawLaserFire__3C2DFR9CViewData
CODE_11_views_2d.bin,0x00003864,0x00003865,0x80,DrawLaser__3C2DFR9CViewData
CODE_11_views_2d.bin,0x0000395B,0x0000395C,0x00,DrawDuplicator__3C2DFR9CViewData
CODE_11_views_2d.bin,0x00003A2E,0x00003A2F,0x80,DrawCrate__3C2DFR9CViewDatai
CODE_11_views_2d.bin,0x00003AAA,0x00003AAB,0x80,DrawTimeBonus__3C2DFR9CViewData
CODE_11_views_2d.bin,0x00003D5C,0x00003D5D,0x80,DrawCatapult__3C2DFR9CViewDatai
CODE_11_views_2d.bin,0x00003E4E,0x00003E4F,0x80,DrawSheep__3C2DFR9CViewDatai
CODE_11_views_2d.bin,0x00003F38,0x00003F39,0x80,DrawBall__3C2DFR9CViewData
CODE_11_views_2d.bin,0x00003FAA,0x00003FAB,0x80,DrawKey__3C2DFR9CViewDatai
CODE_11_views_2d.bin,0x0000407C,0x0000407D,0x80,DrawMine__3C2DFR9CViewData
CODE_11_views_2d.bin,0x000042DC,0x000042DD,0x80,DrawDoor__3C2DFR9CViewData
CODE_11_views_2d.bin,0x000043EC,0x000043ED,0x80,DrawSwitch__3C2DFR9CViewData
CODE_11_views_2d.bin,0x000044B1,0x000044B2,0x00,DrawFlag__3C2DFR9CViewData11eObjectType
CODE_11_views_2d.bin,0x0000452C,0x0000452D,0x80,DrawBonus__3C2DFR9CViewData
CODE_11_views_2d.bin,0x0000485A,0x0000485B,0x80,DrawTrapDoor__3C2DFR9CViewData
CODE_11_views_2d.bin,0x00004C46,0x00004C47,0x80,DrawObject__3C2DFR9CViewData
CODE_11_views_2d.bin,0x00004ECA,0x00004ECB,0x80,SetOrigin__3C2DFv
CODE_11_views_2d.bin,0x0000572E,0x0000572F,0x80,DrawObjects__3C2DFv
CODE_11_views_2d.bin,0x000057F0,0x000057F1,0x80,DrawDemo__3C2DFv
CODE_11_views_2d.bin,0x00005900,0x00005901,0x80,DrawTime__3C2DFv
CODE_11_views_2d.bin,0x0000591C,0x0000591D,0x80,DrawPaused__3C2DFv
CODE_11_views_2d.bin,0x00005A20,0x00005A21,0x80,DrawScore__3C2DFv
CODE_11_views_2d.bin,0x00005A4C,0x00005A4D,0x80,ViewDataCmp__FPCvPCv
CODE_11_views_2d.bin,0x00005AEE,0x00005AEF,0x80,SortViewData__3C2DFv
CODE_11_views_2d.bin,0x00005F90,0x00005F91,0x80,Draw__3C2DFRC7CVSRect
CODE_11_views_2d.bin,0x00005FF2,0x00005FF3,0x80,ReplaceBackground__3C2DFv
CODE_11_views_2d.bin,0x0000603C,0x0000603D,0x80,ResetPrimitives__3C2DFv
CODE_11_views_2d.bin,0x0000608E,0x0000608F,0x80,DrawZBuff_Sprite__3C2DFiUs
CODE_11_views_2d.bin,0x00006190,0x00006191,0x80,DrawZBuff_Anim__3C2DFiUs
CODE_11_views_2d.bin,0x000063FA,0x000063FB,0x80,DrawObjectsZBuff__3C2DFv
CODE_11_views_2d.bin,0x000064AA,0x000064AB,0x80,CalcZValue_Sprite__3C2DFi
CODE_11_views_2d.bin,0x00006729,0x0000672A,0x00,CalcGroundCode__3C2DF11eObjectTypeiiUs
CODE_11_views_2d.bin,0x0000675A,0x0000675B,0x80,InitSpriteGroundLU__3C2DFv
CODE_11_views_2d.bin,0x00006E03,0x00006E04,0x00,__ct__3C2DFP14CMain2DDisplayP3CAIP4CGDIP4CMapRC7CVSRect
CODE_11_views_2d.bin,0x00007092,0x00007093,0x80,__dt__3C2DFv
CODE_11_views_2d.bin,0x00007346,0x00007347,0x80,ShutDown__3C2DFv
CODE_11_views_2d.bin,0x0000742A,0x0000742B,0x80,RegisterRemaps__3C2DFv
CODE_11_views_2d.bin,0x00007476,0x00007477,0x80,UnRegisterRemaps__3C2DFv
CODE_11_views_2d.bin,0x000074A9,0x000074AA,0x00,CursorChangeType__3C2DF18eCursorDisplayTypei
CODE_11_views_2d.bin,0x000077FA,0x000077FB,0x80,OnLoaded__3C2DFv
CODE_11_views_2d.bin,0x00007816,0x00007817,0x80,DoButtons__3C2DFv
CODE_11_views_2d.bin,0x00007832,0x00007833,0x80,OnZoom__3C2DFRC7CVSRect
CODE_11_views_2d.bin,0x0000790A,0x0000790B,0x80,OnSize__3C2DFRC7CVSRect
CODE_11_views_2d.bin,0x000079AA,0x000079AB,0x80,SetUpRemapPalettes__3C2DFv
CODE_11_views_2d.bin,0x000079E4,0x000079E5,0x80,KillRemapPalettes__3C2DFv
CODE_11_views_2d.bin,0x00007A74,0x00007A75,0x80,Restart__3C2DFv
CODE_11_views_2d.bin,0x00007AFA,0x00007AFB,0x80,CheckValidFormGroup__3C2DFv
CODE_11_views_2d.bin,0x00007F34,0x00007F35,0x80,Process__3C2DFv
CODE_11_views_2d.bin,0x00008257,0x00008258,0x00,FindGameObject__3C2DFRC8CVSPointRiUc
CODE_11_views_2d.bin,0x000082AE,0x000082AF,0x80,AddObjectToGroup__3C2DFiUc
CODE_11_views_2d.bin,0x00008340,0x00008341,0x80,FormGroup__3C2DFv
CODE_11_views_2d.bin,0x000083B8,0x000083B9,0x80,MoveGroup__3C2DFRC8CVSPoint
CODE_11_views_2d.bin,0x00008424,0x00008425,0x80,CancelMoves__3C2DFv
CODE_11_views_2d.bin,0x00008488,0x00008489,0x80,NextGroup__3C2DFv
CODE_11_views_2d.bin,0x000084EA,0x000084EB,0x80,PrevGroup__3C2DFv
CODE_11_views_2d.bin,0x00008570,0x00008571,0x80,SelectLemming__3C2DFi
CODE_11_views_2d.bin,0x000085F6,0x000085F7,0x80,SelectObject__3C2DFi
CODE_11_views_2d.bin,0x00008646,0x00008647,0x80,InGroupByObjectNo__3C2DFi
CODE_11_views_2d.bin,0x000086D3,0x000086D4,0x00,RemoveFromGroupByObjectNo__3C2DFi
CODE_11_views_2d.bin,0x00008735,0x00008736,0x00,IsInGrouping__3C2DFP11CGameObject
CODE_11_views_2d.bin,0x000088C5,0x000088C6,0x00,NoStateLeftClick__3C2DFRC8CVSPointRC8CVSPointUcUc
CODE_11_views_2d.bin,0x00008A7B,0x00008A7C,0x00,GroupingLeftClick__3C2DFRC8CVSPointRC8CVSPointUc
CODE_11_views_2d.bin,0x00008B03,0x00008B04,0x00,LeftClick__3C2DFRC8CVSPointRC8CVSPointUcUc
CODE_11_views_2d.bin,0x00008BD1,0x00008BD2,0x00,NoStateRightClick__3C2DFRC8CVSPointRC8CVSPoint
CODE_11_views_2d.bin,0x00008C45,0x00008C46,0x00,RightClick__3C2DFRC8CVSPointRC8CVSPoint
CODE_11_views_2d.bin,0x00008E78,0x00008E79,0x80,ScreenToGame__3C2DFiiRiRi
CODE_11_views_2d.bin,0x00008FE6,0x00008FE7,0x80,ProcessMsg__3C2DFP10tagMESSAGE
CODE_11_views_2d.bin,0x000090B1,0x000090B2,0x00,NewPauseWindow__3C2DF20ePauseWindowMessages
CODE_11_views_2d.bin,0x00009134,0x00009135,0x80,TriggerPause__3C2DFUc
CODE_11_views_2d.bin,0x000091F4,0x000091F5,0x80,SetPause__3C2DFUc
CODE_11_views_2d.bin,0x0000941E,0x0000941F,0x80,SetMouseShape__3C2DFv
CODE_11_views_2d.bin,0x000094FC,0x000094FD,0x80,SendCursorMsg__3C2DFv
CODE_11_views_2d.bin,0x0000956E,0x0000956F,0x80,OnInside__3C2DFRC8CVSPoint
CODE_11_views_2d.bin,0x000095DD,0x000095DE,0x00,OnButtonUp__3C2DFRC8CVSPoint12BUTTON_FLAGS
CODE_11_views_2d.bin,0x00009731,0x00009732,0x00,OnButtonDown__3C2DFRC8CVSPoint12BUTTON_FLAGS
CODE_11_views_2d.bin,0x00009772,0x00009773,0x80,OnPause__3C2DFUc
CODE_11_views_2d.bin,0x000097EC,0x000097ED,0x80,UseBalloon__3C2DFi
CODE_11_views_2d.bin,0x00009851,0x00009852,0x00,UseBalloon__3C2DFP14CPlayerLemming
CODE_11_views_2d.bin,0x00009A16,0x00009A17,0x80,OnDriverChange__3C2DFv
CODE_11_views_2d.bin,0x00009D2A,0x00009D2B,0x80,SetClipSize__3C2DFv
CODE_11_views_2d.bin,0x00009E1B,0x00009E1C,0x00,__ct__20CLemmingAnimsManagerFP4CGDIP14CMain2DDisplayP3CAI
CODE_11_views_2d.bin,0x00009EF8,0x00009EF9,0x80,__dt__20CLemmingAnimsManagerFv
CODE_11_views_2d.bin,0x0000A27D,0x0000A27E,0x00,SetupStyleSensitive__20CLemmingAnimsManagerFv
CODE_11_views_2d.bin,0x0000A8F7,0x0000A8F8,0x00,LoadVrammed__20CLemmingAnimsManagerFv
CODE_11_views_2d.bin,0x0000AD21,0x0000AD22,0x00,LoadMainRammed__20CLemmingAnimsManagerFv
CODE_11_views_2d.bin,0x0000AE1F,0x0000AE20,0x00,Load__20CLemmingAnimsManagerF7GROUNDS
CODE_11_views_2d.bin,0x0000B693,0x0000B694,0x00,Unload__20CLemmingAnimsManagerFv
CODE_11_views_2d.bin,0x0000B6D0,0x0000B6D1,0x80,Draw__20CLemmingAnimsManagerFv
CODE_11_views_2d.bin,0x0000C01D,0x0000C01E,0x00,DrawAnim__20CLemmingAnimsManagerFssUlUlUlP6CRemap
CODE_11_views_2d.bin,0x0000C1A5,0x0000C1A6,0x00,LoadAnimation__20CLemmingAnimsManagerFUl9ANIM_TYPE
CODE_11_views_2d.bin,0x0000C215,0x0000C216,0x00,UpdateNonCacheLoad__20CLemmingAnimsManagerFv
CODE_11_views_2d.bin,0x0000C3AD,0x0000C3AE,0x00,LoadAnimation__20CLemmingAnimsManagerFUlUl9ANIM_TYPE
CODE_11_views_2d.bin,0x0000C43F,0x0000C440,0x00,UnLoadAnimation__20CLemmingAnimsManagerFUl
CODE_11_views_2d.bin,0x0000C4D3,0x0000C4D4,0x00,UnLoadAnimation__20CLemmingAnimsManagerFUlUl
CODE_11_views_2d.bin,0x0000C57B,0x0000C57C,0x00,__ct__17CPanelPauseButtonFP6CPanelRC8CVSPointP7CPVGWndUlUl
CODE_11_views_2d.bin,0x0000C5D7,0x0000C5D8,0x00,OnInside__17CPanelPauseButtonFRC8CVSPoint
CODE_11_views_2d.bin,0x0000C617,0x0000C618,0x00,DrawButton__17CPanelPauseButtonFv
CODE_11_views_2d.bin,0x0000C653,0x0000C654,0x00,OnPaint__17CPanelPauseButtonFRC7CVSRect
CODE_11_views_2d.bin,0x0000C6BB,0x0000C6BC,0x00,OnPressed__17CPanelPauseButtonF12BUTTON_FLAGS
CODE_11_views_2d.bin,0x0000C795,0x0000C796,0x00,OnReleased__17CPanelPauseButtonF12BUTTON_FLAGS
CODE_11_views_2d.bin,0x0000C80F,0x0000C810,0x00,OnExternalButtonUp__17CPanelPauseButtonFRC8CVSPoint12BUTTON_FLAGS
CODE_11_views_2d.bin,0x0000CB39,0x0000CB3A,0x00,__ct__12CPanelButtonFP13CPanelLemmingRC7CVSRectP7CPVGWnd
CODE_11_views_2d.bin,0x0000CC56,0x0000CC57,0x80,__dt__12CPanelButtonFv
CODE_11_views_2d.bin,0x0000CC8F,0x0000CC90,0x00,OnInside__12CPanelButtonFRC8CVSPoint
CODE_11_views_2d.bin,0x0000D126,0x0000D127,0x80,DrawButton__12CPanelButtonFv
CODE_11_views_2d.bin,0x0000D23D,0x0000D23E,0x00,OnPaint__12CPanelButtonFRC7CVSRect
CODE_11_views_2d.bin,0x0000D285,0x0000D286,0x00,OnReleased__12CPanelButtonF12BUTTON_FLAGS
CODE_11_views_2d.bin,0x0000D2E1,0x0000D2E2,0x00,OnExternalButtonUp__12CPanelButtonFRC8CVSPoint12BUTTON_FLAGS
CODE_11_views_2d.bin,0x0000D59B,0x0000D59C,0x00,OnPressed__12CPanelButtonF12BUTTON_FLAGS
CODE_11_views_2d.bin,0x0000D62F,0x0000D630,0x00,Move__13CPanelLemmingFRC8CVSPoint
CODE_11_views_2d.bin,0x0000D73D,0x0000D73E,0x00,__ct__13CPanelLemmingFP14CPlayerLemmingRC8CVSPointP6CPanel
CODE_11_views_2d.bin,0x0000D7BE,0x0000D7BF,0x80,__dt__13CPanelLemmingFv
CODE_11_views_2d.bin,0x0000D920,0x0000D921,0x80,UpdateStatus__13CPanelLemmingFv
CODE_11_views_2d.bin,0x0000DA30,0x0000DA31,0x80,GetPausePos__6CPanelFv
CODE_11_views_2d.bin,0x0000DC30,0x0000DC31,0x80,__ct__6CPanelFP3C2D
CODE_11_views_2d.bin,0x0000DCFE,0x0000DCFF,0x80,__dt__6CPanelFv
CODE_11_views_2d.bin,0x0000DD84,0x0000DD85,0x80,OnSize__6CPanelFv
CODE_11_views_2d.bin,0x0000DDC2,0x0000DDC3,0x80,Process__6CPanelFv
CODE_11_views_2d.bin,0x0000DE14,0x0000DE15,0x80,SetPause__6CPanelFUc
CODE_11_views_2d.bin,0x0000DE48,0x0000DE49,0x80,TranslateKey__6CPanelFUl
CODE_11_views_2d.bin,0x0000DF21,0x0000DF22,0x00,ProcessMsg__6CPanelFP10tagMESSAGE
CODE_11_views_2d.bin,0x0000DFC7,0x0000DFC8,0x00,MouseInPanel__6CPanelFRC8CVSPoint
CODE_11_views_2d.bin,0x0000E00F,0x0000E010,0x00,CursorChangeType__12CPauseWindowF18eCursorDisplayTypei
CODE_11_views_2d.bin,0x0000E1BA,0x0000E1BB,0x80,Initialise__12CPauseWindowFv
CODE_11_views_2d.bin,0x0000E286,0x0000E287,0x80,Load__12CPauseWindowFv
CODE_11_views_2d.bin,0x0000E2E0,0x0000E2E1,0x80,UnLoad__12CPauseWindowFv
CODE_11_views_2d.bin,0x0000E374,0x0000E375,0x80,Restart__12CPauseWindowFv
CODE_11_views_2d.bin,0x0000E6A1,0x0000E6A2,0x00,CreateTheWindow__12CPauseWindowFRC7CVSRect
CODE_11_views_2d.bin,0x0000EE95,0x0000EE96,0x00,CalculateWindow__12CPauseWindowFv
CODE_11_views_2d.bin,0x0000EFDD,0x0000EFDE,0x00,__ct__12CPauseWindowFP19CReceiveWindowStateP7CPVGWnd20ePauseWindowMessages
CODE_11_views_2d.bin,0x0000F190,0x0000F191,0x80,__dt__12CPauseWindowFv
CODE_11_views_2d.bin,0x0000F1FF,0x0000F200,0x00,RegisterRemaps__12CPauseWindowFv
CODE_11_views_2d.bin,0x0000F25D,0x0000F25E,0x00,UnRegisterRemaps__12CPauseWindowFv
CODE_11_views_2d.bin,0x0000F2BE,0x0000F2BF,0x80,Remap__12CPauseWindowFi
CODE_11_views_2d.bin,0x0000F3DF,0x0000F3E0,0x00,OnPaint__12CPauseWindowFRC7CVSRect
CODE_11_views_2d.bin,0x0000F4DF,0x0000F4E0,0x00,OnInside__12CPauseWindowFRC8CVSPoint
CODE_11_views_2d.bin,0x0000F5E1,0x0000F5E2,0x00,OnButtonDown__12CPauseWindowFRC8CVSPoint12BUTTON_FLAGS
CODE_11_views_2d.bin,0x0000F645,0x0000F646,0x00,OnButtonUp__12CPauseWindowFRC8CVSPoint12BUTTON_FLAGS
CODE_11_views_2d.bin,0x0000F6A7,0x0000F6A8,0x00,OnExternalButtonUp__12CPauseWindowFRC8CVSPoint12BUTTON_FLAGS
CODE_11_views_2d.bin,0x0000F875,0x0000F876,0x00,ProcessMsg__12CPauseWindowFP10tagMESSAGE
CODE_11_views_2d.bin,0x0000F8DE,0x0000F8DF,0x80,FreeVram__12CPauseWindowFv
CODE_11_views_2d.bin,0x0000F90D,0x0000F90E,0x00,OnDriverChange__12CPauseWindowFv
CODE_11_views_2d.bin,0x0000F938,0x0000F939,0x80,DumpStrs__9CPBButtonFv
CODE_11_views_2d.bin,0x0000F9C8,0x0000F9C9,0x80,__ct__12CPadToButtonFi
CODE_11_views_2d.bin,0x0000FA42,0x0000FA43,0x80,__dt__12CPadToButtonFv
CODE_11_views_2d.bin,0x0000FB17,0x0000FB18,0x00,ProcessMsg__12CPadToButtonFP10tagMESSAGE
CODE_11_views_2d.bin,0x0000FBBC,0x0000FBBD,0x80,__ct__10CSoundViewFv
CODE_11_views_2d.bin,0x0000FC18,0x0000FC19,0x80,__dt__10CSoundViewFv
CODE_11_views_2d.bin,0x0000FC48,0x0000FC49,0x80,SetEffectsOn__10CSoundViewFUc
CODE_11_views_2d.bin,0x0000FCA7,0x0000FCA8,0x00,PlayEffect__10CSoundViewF12eSoundEffect
CODE_11_views_2d.bin,0x0000FD6C,0x0000FD6D,0x80,SetMusicOn__10CSoundViewFUc
CODE_11_views_2d.bin,0x0000FED7,0x0000FED8,0x00,SoundEffect__10CSoundViewFP9CViewDataiR7AICOORD
CODE_11_views_2d.bin,0x0000FF5D,0x0000FF5E,0x00,UnprepareEffects__10CSoundViewFv
CODE_11_views_2d.bin,0x00010046,0x00010047,0x80,PrepareEffects__10CSoundViewFUs
CODE_11_views_2d.bin,0x000100B0,0x000100B1,0x80,GetnEffects__10CSoundViewFUs
CODE_11_views_2d.bin,0x00010209,0x0001020A,0x00,ChangeState__10CSoundViewFUsP11CLoadUpdate
CODE_11_views_2d.bin,0x00010257,0x00010258,0x00,SetEffectsVolume__10CSoundViewFUc
CODE_11_views_2d.bin,0x0001029C,0x0001029D,0x80,SetMusicVolume__10CSoundViewFUc
CODE_12_UtilMain.bin,0x0000004C,0x0000004D,0x80,NumToolboxTraps__Fv
CODE_12_UtilMain.bin,0x0000007C,0x0000007D,0x80,GetTrapType__Fs
CODE_12_UtilMain.bin,0x000000F0,0x000000F1,0x80,TrapExists__Fs
CODE_12_UtilMain.bin,0x00000146,0x00000147,0x80,GetSystemFolder__FPsPl
CODE_12_UtilMain.bin,0x000001D4,0x000001D5,0x80,GetCPanelFolder__FPsPl
CODE_12_UtilMain.bin,0x00000280,0x00000281,0x80,SearchFolderForDNRP__Fllsl
CODE_12_UtilMain.bin,0x00000348,0x00000349,0x80,OpenOurRF__Fv
CODE_12_UtilMain.bin,0x000003FE,0x000003FF,0x80,OpenResolver
CODE_12_UtilMain.bin,0x00000446,0x00000447,0x80,CloseResolver
CODE_12_UtilMain.bin,0x00000486,0x00000487,0x80,StrToAddr
CODE_12_UtilMain.bin,0x000004C0,0x000004C1,0x80,AddrToStr
CODE_12_UtilMain.bin,0x000004FC,0x000004FD,0x80,AddrToName
